/*
 ***********************************************************************************************************************
 *
 *  Copyright (c) 2025 Advanced Micro Devices, Inc. All Rights Reserved.
 *
 *  Permission is hereby granted, free of charge, to any person obtaining a copy
 *  of this software and associated documentation files (the "Software"), to deal
 *  in the Software without restriction, including without limitation the rights
 *  to use, copy, modify, merge, publish, distribute, sublicense, and/or sell
 *  copies of the Software, and to permit persons to whom the Software is
 *  furnished to do so, subject to the following conditions:
 *
 *  The above copyright notice and this permission notice shall be included in all
 *  copies or substantial portions of the Software.
 *
 *  THE SOFTWARE IS PROVIDED "AS IS", WITHOUT WARRANTY OF ANY KIND, EXPRESS OR
 *  IMPLIED, INCLUDING BUT NOT LIMITED TO THE WARRANTIES OF MERCHANTABILITY,
 *  FITNESS FOR A PARTICULAR PURPOSE AND NONINFRINGEMENT. IN NO EVENT SHALL THE
 *  AUTHORS OR COPYRIGHT HOLDERS BE LIABLE FOR ANY CLAIM, DAMAGES OR OTHER
 *  LIABILITY, WHETHER IN AN ACTION OF CONTRACT, TORT OR OTHERWISE, ARISING FROM,
 *  OUT OF OR IN CONNECTION WITH THE SOFTWARE OR THE USE OR OTHER DEALINGS IN THE
 *  SOFTWARE.
 *
 **********************************************************************************************************************/

#pragma once

#include "pal.h"

namespace GpuUtil
{
namespace Mlaa
{

struct PipelineBinary
{
    const void* pBuffer;
    size_t size;
};

// Mlaa Calc Sep Edge Length compute shader binary
inline constexpr Util::uint8 MlaaCalcSepEdgeLength_Cs_0DCD1401[] =
{
    0x7f, 0x45, 0x4c, 0x46, 0x02, 0x01, 0x01, 0x41, 0x00, 0x00, 0x00, 0x00, 0x00, 0x00, 0x00, 0x00, 0x01, 0x00, 0xe0,
    0x00, 0x01, 0x00, 0x00, 0x00, 0x00, 0x00, 0x00, 0x00, 0x00, 0x00, 0x00, 0x00, 0x00, 0x00, 0x00, 0x00, 0x00, 0x00,
    0x00, 0x00, 0xd0, 0x0a, 0x00, 0x00, 0x00, 0x00, 0x00, 0x00, 0x33, 0x05, 0x00, 0x00, 0x40, 0x00, 0x00, 0x00, 0x00,
    0x00, 0x40, 0x00, 0x08, 0x00, 0x01, 0x00, 0x00, 0x2e, 0x73, 0x68, 0x73, 0x74, 0x72, 0x74, 0x61, 0x62, 0x00, 0x2e,
    0x74, 0x65, 0x78, 0x74, 0x00, 0x2e, 0x64, 0x61, 0x74, 0x61, 0x00, 0x2e, 0x63, 0x6f, 0x6d, 0x6d, 0x65, 0x6e, 0x74,
    0x00, 0x2e, 0x73, 0x74, 0x72, 0x74, 0x61, 0x62, 0x00, 0x2e, 0x73, 0x79, 0x6d, 0x74, 0x61, 0x62, 0x00, 0x2e, 0x6e,
    0x6f, 0x74, 0x65, 0x00, 0x04, 0x40, 0x80, 0xb0, 0x80, 0x1f, 0x86, 0xbe, 0x03, 0x00, 0xa0, 0xbf, 0x02, 0x03, 0x80,
    0xbe, 0x07, 0x03, 0x81, 0xbe, 0x01, 0x00, 0x46, 0xd7, 0x04, 0x06, 0x05, 0x04, 0x00, 0x01, 0x08, 0xf4, 0xa0, 0x00,
    0x00, 0xfa, 0x02, 0x00, 0x46, 0xd7, 0x03, 0x06, 0x01, 0x04, 0x7f, 0xc0, 0x8c, 0xbf, 0xf9, 0x04, 0x8c, 0x7d, 0x05,
    0x82, 0x86, 0x06, 0x06, 0x02, 0x8c, 0x7d, 0x02, 0x6a, 0x6a, 0x87, 0x6a, 0x3c, 0x82, 0xbe, 0x03, 0x01, 0x88, 0xbf,
    0x00, 0x02, 0x0c, 0xf4, 0x40, 0x00, 0x00, 0xfa, 0x00, 0x04, 0x0c, 0xf4, 0x60, 0x00, 0x00, 0xfa, 0x00, 0x06, 0x0c,
    0xf4, 0x80, 0x00, 0x00, 0xfa, 0x7f, 0xc0, 0x8c, 0xbf, 0x0a, 0x11, 0x00, 0xf0, 0x02, 0x00, 0x02, 0x00, 0x01, 0x00,
    0x00, 0x00, 0x0a, 0x11, 0x00, 0xf0, 0x02, 0x05, 0x04, 0x00, 0x01, 0x00, 0x00, 0x00, 0x0a, 0x11, 0x00, 0xf0, 0x02,
    0x06, 0x06, 0x00, 0x01, 0x00, 0x00, 0x00, 0x72, 0x3f, 0x8c, 0xbf, 0x81, 0x00, 0x06, 0x36, 0x82, 0x00, 0x00, 0x36,
    0x70, 0x3f, 0x8c, 0xbf, 0xff, 0x0c, 0x0e, 0x36, 0x00, 0x80, 0x00, 0x00, 0x80, 0x0c, 0x06, 0x7d, 0xff, 0x0a, 0x08,
    0x36, 0x00, 0x80, 0x00, 0x00, 0x03, 0x00, 0x85, 0xd4, 0x03, 0x01, 0x01, 0x00, 0x07, 0x00, 0x85, 0xd4, 0x00, 0x01,
    0x01, 0x00, 0x21, 0x00, 0x82, 0xd4, 0x07, 0x01, 0x01, 0x00, 0x24, 0x00, 0x86, 0xd4, 0x05, 0x01, 0x01, 0x00, 0x20,
    0x00, 0x82, 0xd4, 0x04, 0x01, 0x01, 0x00, 0xf9, 0x02, 0x10, 0x7e, 0x05, 0x06, 0x05, 0x00, 0xf9, 0x02, 0x18, 0x7e,
    0x06, 0x06, 0x05, 0x00, 0xf9, 0x02, 0x06, 0x7e, 0x05, 0x06, 0x04, 0x00, 0xf9, 0x02, 0x00, 0x7e, 0x06, 0x06, 0x04,
    0x00, 0x03, 0x24, 0x22, 0x87, 0x07, 0x6a, 0x24, 0x87, 0x07, 0x21, 0x07, 0x87, 0x03, 0x20, 0x03, 0x87, 0x22, 0x24,
    0x23, 0x88, 0x03, 0x07, 0x6a, 0x88, 0x23, 0x6a, 0x6a, 0x88, 0x6a, 0x3c, 0xa0, 0xbe, 0xb6, 0x00, 0x88, 0xbf, 0x04,
    0x81, 0xa1, 0x84, 0x81, 0x04, 0x25, 0x8f, 0xc1, 0x04, 0x04, 0x8f, 0x21, 0x81, 0x23, 0x8f, 0x21, 0xc2, 0x21, 0x97,
    0x82, 0x23, 0xa3, 0x80, 0x04, 0x04, 0x10, 0x4a, 0x04, 0x02, 0x16, 0x4a, 0x23, 0x04, 0x00, 0x4a, 0x23, 0x02, 0x0e,
    0x4a, 0x21, 0x04, 0x06, 0x4a, 0x80, 0x10, 0x1c, 0x24, 0x80, 0x16, 0x1e, 0x24, 0x80, 0x00, 0x00, 0x24, 0x80, 0x0e,
    0x0e, 0x24, 0x21, 0x02, 0x08, 0x4a, 0x05, 0x1c, 0x20, 0x22, 0x06, 0x1e, 0x1c, 0x22, 0x25, 0x04, 0x1e, 0x4a, 0x25,
    0x02, 0x22, 0x4a, 0x80, 0x06, 0x06, 0x24, 0x05, 0x04, 0x1a, 0x22, 0x05, 0x00, 0x00, 0x22, 0x06, 0x02, 0x12, 0x22,
    0x06, 0x0e, 0x0e, 0x22, 0x80, 0x08, 0x08, 0x24, 0x80, 0x1e, 0x24, 0x24, 0x80, 0x22, 0x26, 0x24, 0x05, 0x06, 0x06,
    0x22, 0x02, 0x00, 0xa1, 0xbf, 0x0a, 0x11, 0x00, 0xf0, 0x00, 0x00, 0x04, 0x00, 0x09, 0x00, 0x00, 0x00, 0x0a, 0x11,
    0x00, 0xf0, 0x03, 0x03, 0x04, 0x00, 0x09, 0x00, 0x00, 0x00, 0x0a, 0x11, 0x00, 0xf0, 0x08, 0x0a, 0x04, 0x00, 0x01,
    0x00, 0x00, 0x00, 0x06, 0x08, 0x08, 0x22, 0x05, 0x24, 0x28, 0x22, 0x06, 0x26, 0x24, 0x22, 0x02, 0x00, 0xa1, 0xbf,
    0x0a, 0x11, 0x00, 0xf0, 0x0d, 0x04, 0x06, 0x00, 0x04, 0x00, 0x00, 0x00, 0x0a, 0x11, 0x00, 0xf0, 0x0d, 0x07, 0x06,
    0x00, 0x07, 0x00, 0x00, 0x00, 0x0a, 0x11, 0x00, 0xf0, 0x02, 0x0c, 0x06, 0x00, 0x0b, 0x00, 0x00, 0x00, 0x03, 0x00,
    0xa1, 0xbf, 0x0a, 0x11, 0x00, 0xf0, 0x10, 0x10, 0x02, 0x00, 0x09, 0x00, 0x00, 0x00, 0x0a, 0x11, 0x00, 0xf0, 0x14,
    0x09, 0x02, 0x00, 0x09, 0x00, 0x00, 0x00, 0x0a, 0x11, 0x00, 0xf0, 0x0d, 0x12, 0x02, 0x00, 0x12, 0x00, 0x00, 0x00,
    0x0a, 0x11, 0x00, 0xf0, 0x0d, 0x0d, 0x02, 0x00, 0x0e, 0x00, 0x00, 0x00, 0x0a, 0x11, 0x00, 0xf0, 0x0f, 0x0e, 0x04,
    0x00, 0x01, 0x00, 0x00, 0x00, 0x0a, 0x11, 0x00, 0xf0, 0x02, 0x13, 0x06, 0x00, 0x11, 0x00, 0x00, 0x00, 0x22, 0x03,
    0xea, 0xbe, 0x80, 0x10, 0x28, 0x4c, 0x05, 0x10, 0x10, 0x26, 0x80, 0x16, 0x2a, 0x4c, 0x06, 0x16, 0x16, 0x26, 0x80,
    0x10, 0x10, 0x4c, 0x80, 0x16, 0x16, 0x4c, 0xf9, 0x10, 0x0a, 0x7d, 0x14, 0x84, 0x06, 0x06, 0x05, 0x1e, 0x10, 0x26,
    0xf9, 0x16, 0x0a, 0x7d, 0x15, 0x88, 0x06, 0x06, 0x06, 0x22, 0x16, 0x26, 0xf9, 0x10, 0x0a, 0x7d, 0x0f, 0x85, 0x06,
    0x06, 0xf9, 0x16, 0x0a, 0x7d, 0x11, 0x86, 0x06, 0x06, 0x7b, 0x3f, 0x8c, 0xbf, 0x09, 0x00, 0x81, 0xd4, 0x00, 0x01,
    0x01, 0x00, 0x7a, 0x3f, 0x8c, 0xbf, 0xff, 0x06, 0x06, 0x36, 0x00, 0x80, 0x00, 0x00, 0x79, 0x3f, 0x8c, 0xbf, 0x0a,
    0x00, 0x48, 0xd5, 0x0a, 0x21, 0x3d, 0x02, 0x0b, 0x00, 0x85, 0xd4, 0x03, 0x01, 0x01, 0x00, 0x25, 0x14, 0x14, 0x4a,
    0x78, 0x3f, 0x8c, 0xbf, 0x0a, 0x00, 0x81, 0xd4, 0x04, 0x01, 0x01, 0x00, 0x77, 0x3f, 0x8c, 0xbf, 0xff, 0x0e, 0x00,
    0x36, 0x00, 0x80, 0x00, 0x00, 0x74, 0x3f, 0x8c, 0xbf, 0x81, 0x12, 0x06, 0x36, 0x73, 0x3f, 0x8c, 0xbf, 0x82, 0x24,
    0x08, 0x36, 0x0c, 0x00, 0x85, 0xd4, 0x00, 0x01, 0x01, 0x00, 0x81, 0x20, 0x00, 0x36, 0x72, 0x3f, 0x8c, 0xbf, 0x82,
    0x1a, 0x0e, 0x36, 0x0e, 0x00, 0x82, 0xd4, 0x03, 0x01, 0x01, 0x00, 0x0f, 0x00, 0x82, 0xd4, 0x04, 0x01, 0x01, 0x00,
    0xff, 0x18, 0x08, 0x36, 0xff, 0x7f, 0x00, 0x00, 0x0d, 0x00, 0x82, 0xd4, 0x00, 0x01, 0x01, 0x00, 0x70, 0x3f, 0x8c,
    0xbf, 0x03, 0x00, 0x48, 0xd5, 0x13, 0x21, 0x3d, 0x02, 0x10, 0x00, 0x82, 0xd4, 0x07, 0x01, 0x01, 0x00, 0xff, 0x1c,
    0x00, 0x36, 0xff, 0x7f, 0x00, 0x00, 0x25, 0x08, 0x08, 0x4a, 0x25, 0x06, 0x06, 0x4a, 0x25, 0x00, 0x00, 0x4a, 0x09,
    0x0d, 0x09, 0x88, 0x0c, 0x10, 0x0c, 0x88, 0x09, 0x04, 0x04, 0x88, 0x0a, 0x0f, 0x09, 0x88, 0x0c, 0x08, 0x08, 0x88,
    0x09, 0x06, 0x06, 0x88, 0x0b, 0x0e, 0x09, 0x88, 0x09, 0x05, 0x05, 0x88, 0xff, 0x03, 0x89, 0xbe, 0x00, 0x80, 0x00,
    0x00, 0xf9, 0x0a, 0x0e, 0x38, 0x09, 0x06, 0x86, 0x05, 0xf9, 0x0c, 0x10, 0x38, 0x09, 0x06, 0x86, 0x05, 0xf9, 0x0a,
    0x16, 0x38, 0x09, 0x06, 0x86, 0x04, 0xf9, 0x0e, 0x0e, 0x02, 0x05, 0x06, 0x05, 0x06, 0x07, 0x03, 0xea, 0xbe, 0xf9,
    0x08, 0x08, 0x02, 0x06, 0x06, 0x04, 0x06, 0x24, 0x03, 0xea, 0xbe, 0xf9, 0x10, 0x10, 0x02, 0x06, 0x06, 0x05, 0x06,
    0x24, 0x03, 0xea, 0xbe, 0xf9, 0x06, 0x06, 0x02, 0x06, 0x06, 0x05, 0x06, 0x03, 0x03, 0xea, 0xbe, 0xf9, 0x16, 0x12,
    0x02, 0x05, 0x06, 0x04, 0x06, 0x03, 0x03, 0xea, 0xbe, 0xf9, 0x00, 0x00, 0x02, 0x05, 0x06, 0x04, 0x06, 0x22, 0x03,
    0xea, 0xbe, 0xf9, 0x14, 0x0a, 0x02, 0x05, 0x06, 0x05, 0x06, 0x07, 0x03, 0xea, 0xbe, 0xf9, 0x0c, 0x16, 0x38, 0x09,
    0x06, 0x86, 0x04, 0x0c, 0x00, 0x01, 0xd5, 0x03, 0x11, 0x1a, 0x00, 0x03, 0x00, 0x01, 0xd5, 0x00, 0x13, 0x16, 0x00,
    0x08, 0x00, 0x01, 0xd5, 0x05, 0x0f, 0x12, 0x00, 0xf9, 0x16, 0x0c, 0x02, 0x06, 0x06, 0x04, 0x06, 0x00, 0x00, 0x01,
    0xd5, 0x04, 0x0d, 0x22, 0x00, 0x20, 0x03, 0xfe, 0xbe, 0x00, 0x01, 0x0c, 0xf4, 0x00, 0x00, 0x00, 0xfa, 0x00, 0x03,
    0x0c, 0xf4, 0x20, 0x00, 0x00, 0xfa, 0x03, 0x00, 0x44, 0xd7, 0x08, 0x07, 0xfe, 0x03, 0x00, 0x01, 0x04, 0x05, 0x07,
    0x00, 0x44, 0xd7, 0x0c, 0x01, 0xfe, 0x03, 0x00, 0x01, 0x04, 0x05, 0x03, 0x03, 0x08, 0x7e, 0x03, 0x03, 0x0a, 0x7e,
    0x03, 0x03, 0x0c, 0x7e, 0x07, 0x03, 0x10, 0x7e, 0x07, 0x03, 0x12, 0x7e, 0x07, 0x03, 0x14, 0x7e, 0x7f, 0xc0, 0x8c,
    0xbf, 0xe3, 0xff, 0xa3, 0xbf, 0x0a, 0x3f, 0x20, 0xf0, 0x02, 0x03, 0x01, 0x00, 0x01, 0x00, 0x00, 0x00, 0x0a, 0x3f,
    0x20, 0xf0, 0x02, 0x07, 0x03, 0x00, 0x01, 0x00, 0x00, 0x00, 0x00, 0x00, 0x81, 0xbf, 0x00, 0x00, 0x9f, 0xbf, 0x00,
    0x00, 0x9f, 0xbf, 0x00, 0x00, 0x9f, 0xbf, 0x00, 0x00, 0x9f, 0xbf, 0x00, 0x00, 0x9f, 0xbf, 0x00, 0x00, 0x9f, 0xbf,
    0x00, 0x00, 0x9f, 0xbf, 0x00, 0x00, 0x9f, 0xbf, 0x00, 0x00, 0x9f, 0xbf, 0x00, 0x00, 0x9f, 0xbf, 0x00, 0x00, 0x9f,
    0xbf, 0x00, 0x00, 0x9f, 0xbf, 0x00, 0x00, 0x9f, 0xbf, 0x00, 0x00, 0x9f, 0xbf, 0x00, 0x00, 0x9f, 0xbf, 0x00, 0x00,
    0x9f, 0xbf, 0x00, 0x00, 0x9f, 0xbf, 0x00, 0x00, 0x9f, 0xbf, 0x00, 0x00, 0x9f, 0xbf, 0x00, 0x00, 0x9f, 0xbf, 0x00,
    0x00, 0x9f, 0xbf, 0x00, 0x00, 0x9f, 0xbf, 0x00, 0x00, 0x9f, 0xbf, 0x00, 0x00, 0x9f, 0xbf, 0x00, 0x00, 0x9f, 0xbf,
    0x00, 0x00, 0x9f, 0xbf, 0x00, 0x00, 0x9f, 0xbf, 0x00, 0x00, 0x9f, 0xbf, 0x00, 0x00, 0x9f, 0xbf, 0x00, 0x00, 0x9f,
    0xbf, 0x00, 0x00, 0x9f, 0xbf, 0x00, 0x00, 0x9f, 0xbf, 0x00, 0x00, 0x9f, 0xbf, 0x00, 0x00, 0x9f, 0xbf, 0x00, 0x00,
    0x9f, 0xbf, 0x00, 0x00, 0x9f, 0xbf, 0x00, 0x00, 0x9f, 0xbf, 0x00, 0x00, 0x9f, 0xbf, 0x00, 0x00, 0x9f, 0xbf, 0x00,
    0x00, 0x9f, 0xbf, 0x00, 0x00, 0x9f, 0xbf, 0x00, 0x00, 0x9f, 0xbf, 0x00, 0x00, 0x9f, 0xbf, 0x00, 0x00, 0x9f, 0xbf,
    0x00, 0x00, 0x9f, 0xbf, 0x00, 0x00, 0x9f, 0xbf, 0x00, 0x00, 0x9f, 0xbf, 0x00, 0x00, 0x9f, 0xbf, 0x00, 0x00, 0x9f,
    0xbf, 0x00, 0x00, 0x9f, 0xbf, 0x00, 0x00, 0x9f, 0xbf, 0x00, 0x00, 0x9f, 0xbf, 0x00, 0x00, 0x9f, 0xbf, 0x00, 0x00,
    0x9f, 0xbf, 0x00, 0x00, 0x9f, 0xbf, 0x00, 0x00, 0x9f, 0xbf, 0x00, 0x00, 0x9f, 0xbf, 0x00, 0x00, 0x9f, 0xbf, 0x00,
    0x00, 0x9f, 0xbf, 0x00, 0x00, 0x9f, 0xbf, 0x00, 0x00, 0x9f, 0xbf, 0x00, 0x00, 0x9f, 0xbf, 0x00, 0x00, 0x9f, 0xbf,
    0x00, 0x00, 0x9f, 0xbf, 0x00, 0x00, 0x00, 0x00, 0x00, 0x00, 0x10, 0x00, 0x00, 0x00, 0x00, 0x00, 0xac, 0xbf, 0x04,
    0x11, 0x47, 0x65, 0x6e, 0x65, 0x72, 0x61, 0x74, 0x65, 0x64, 0x20, 0x62, 0x79, 0x20, 0x74, 0x68, 0x65, 0x20, 0x41,
    0x64, 0x76, 0x61, 0x6e, 0x63, 0x65, 0x64, 0x20, 0x4d, 0x69, 0x63, 0x72, 0x6f, 0x20, 0x44, 0x65, 0x76, 0x69, 0x63,
    0x65, 0x73, 0x2c, 0x20, 0x49, 0x6e, 0x63, 0x2e, 0x2c, 0x20, 0x50, 0x72, 0x6f, 0x70, 0x72, 0x69, 0x65, 0x74, 0x61,
    0x72, 0x79, 0x20, 0x47, 0x50, 0x55, 0x20, 0x53, 0x68, 0x61, 0x64, 0x65, 0x72, 0x20, 0x43, 0x6f, 0x6d, 0x70, 0x69,
    0x6c, 0x65, 0x72, 0x2e, 0x00, 0x00, 0x5f, 0x61, 0x6d, 0x64, 0x67, 0x70, 0x75, 0x5f, 0x63, 0x73, 0x5f, 0x6d, 0x61,
    0x69, 0x6e, 0x00, 0x5f, 0x61, 0x6d, 0x64, 0x67, 0x70, 0x75, 0x5f, 0x63, 0x73, 0x5f, 0x73, 0x68, 0x64, 0x72, 0x5f,
    0x69, 0x6e, 0x74, 0x72, 0x6c, 0x5f, 0x74, 0x62, 0x6c, 0x00, 0x00, 0x00, 0x00, 0x00, 0x00, 0x00, 0x00, 0x00, 0x00,
    0x00, 0x00, 0x00, 0x00, 0x00, 0x00, 0x00, 0x00, 0x00, 0x00, 0x00, 0x00, 0x00, 0x00, 0x00, 0x01, 0x00, 0x00, 0x00,
    0x12, 0x00, 0x02, 0x00, 0x00, 0x00, 0x00, 0x00, 0x00, 0x00, 0x00, 0x00, 0x58, 0x05, 0x00, 0x00, 0x00, 0x00, 0x00,
    0x00, 0x11, 0x00, 0x00, 0x00, 0x11, 0x00, 0x03, 0x00, 0x00, 0x00, 0x00, 0x00, 0x00, 0x00, 0x00, 0x00, 0x10, 0x00,
    0x00, 0x00, 0x00, 0x00, 0x00, 0x00, 0x07, 0x00, 0x00, 0x00, 0x17, 0x04, 0x00, 0x00, 0x20, 0x00, 0x00, 0x00, 0x41,
    0x4d, 0x44, 0x47, 0x50, 0x55, 0x00, 0x00, 0x82, 0xae, 0x61, 0x6d, 0x64, 0x70, 0x61, 0x6c, 0x2e, 0x76, 0x65, 0x72,
    0x73, 0x69, 0x6f, 0x6e, 0x92, 0x03, 0x06, 0xb0, 0x61, 0x6d, 0x64, 0x70, 0x61, 0x6c, 0x2e, 0x70, 0x69, 0x70, 0x65,
    0x6c, 0x69, 0x6e, 0x65, 0x73, 0x91, 0x8b, 0xa5, 0x2e, 0x74, 0x79, 0x70, 0x65, 0xa2, 0x43, 0x73, 0xae, 0x2e, 0x72,
    0x65, 0x73, 0x6f, 0x75, 0x72, 0x63, 0x65, 0x5f, 0x68, 0x61, 0x73, 0x68, 0xcf, 0x9e, 0xbd, 0xe0, 0x73, 0x00, 0x98,
    0xf3, 0x1e, 0xb0, 0x2e, 0x73, 0x70, 0x69, 0x6c, 0x6c, 0x5f, 0x74, 0x68, 0x72, 0x65, 0x73, 0x68, 0x6f, 0x6c, 0x64,
    0xcd, 0xff, 0xff, 0xb0, 0x2e, 0x75, 0x73, 0x65, 0x72, 0x5f, 0x64, 0x61, 0x74, 0x61, 0x5f, 0x6c, 0x69, 0x6d, 0x69,
    0x74, 0x01, 0xa8, 0x2e, 0x73, 0x68, 0x61, 0x64, 0x65, 0x72, 0x73, 0x81, 0xa8, 0x2e, 0x63, 0x6f, 0x6d, 0x70, 0x75,
    0x74, 0x65, 0x83, 0xb0, 0x2e, 0x61, 0x70, 0x69, 0x5f, 0x73, 0x68, 0x61, 0x64, 0x65, 0x72, 0x5f, 0x68, 0x61, 0x73,
    0x68, 0x92, 0xcf, 0xf6, 0xce, 0xcd, 0x8e, 0xdc, 0x35, 0x82, 0xda, 0xcf, 0x58, 0xef, 0x69, 0x13, 0xf5, 0xcc, 0x01,
    0xd9, 0xb1, 0x2e, 0x68, 0x61, 0x72, 0x64, 0x77, 0x61, 0x72, 0x65, 0x5f, 0x6d, 0x61, 0x70, 0x70, 0x69, 0x6e, 0x67,
    0x91, 0xa3, 0x2e, 0x63, 0x73, 0xaf, 0x2e, 0x73, 0x68, 0x61, 0x64, 0x65, 0x72, 0x5f, 0x73, 0x75, 0x62, 0x74, 0x79,
    0x70, 0x65, 0xa7, 0x55, 0x6e, 0x6b, 0x6e, 0x6f, 0x77, 0x6e, 0xb0, 0x2e, 0x68, 0x61, 0x72, 0x64, 0x77, 0x61, 0x72,
    0x65, 0x5f, 0x73, 0x74, 0x61, 0x67, 0x65, 0x73, 0x81, 0xa3, 0x2e, 0x63, 0x73, 0xde, 0x00, 0x1b, 0xb3, 0x2e, 0x65,
    0x6e, 0x74, 0x72, 0x79, 0x5f, 0x70, 0x6f, 0x69, 0x6e, 0x74, 0x5f, 0x73, 0x79, 0x6d, 0x62, 0x6f, 0x6c, 0xaf, 0x5f,
    0x61, 0x6d, 0x64, 0x67, 0x70, 0x75, 0x5f, 0x63, 0x73, 0x5f, 0x6d, 0x61, 0x69, 0x6e, 0xab, 0x2e, 0x73, 0x67, 0x70,
    0x72, 0x5f, 0x63, 0x6f, 0x75, 0x6e, 0x74, 0x26, 0xab, 0x2e, 0x76, 0x67, 0x70, 0x72, 0x5f, 0x63, 0x6f, 0x75, 0x6e,
    0x74, 0x16, 0xa9, 0x2e, 0x6c, 0x64, 0x73, 0x5f, 0x73, 0x69, 0x7a, 0x65, 0x00, 0xb4, 0x2e, 0x73, 0x63, 0x72, 0x61,
    0x74, 0x63, 0x68, 0x5f, 0x6d, 0x65, 0x6d, 0x6f, 0x72, 0x79, 0x5f, 0x73, 0x69, 0x7a, 0x65, 0x00, 0xb4, 0x2e, 0x66,
    0x72, 0x6f, 0x6e, 0x74, 0x65, 0x6e, 0x64, 0x5f, 0x73, 0x74, 0x61, 0x63, 0x6b, 0x5f, 0x73, 0x69, 0x7a, 0x65, 0x00,
    0xb3, 0x2e, 0x62, 0x61, 0x63, 0x6b, 0x65, 0x6e, 0x64, 0x5f, 0x73, 0x74, 0x61, 0x63, 0x6b, 0x5f, 0x73, 0x69, 0x7a,
    0x65, 0x00, 0xb6, 0x2e, 0x70, 0x65, 0x72, 0x66, 0x5f, 0x64, 0x61, 0x74, 0x61, 0x5f, 0x62, 0x75, 0x66, 0x66, 0x65,
    0x72, 0x5f, 0x73, 0x69, 0x7a, 0x65, 0x00, 0xaa, 0x2e, 0x75, 0x73, 0x65, 0x73, 0x5f, 0x75, 0x61, 0x76, 0x73, 0xc3,
    0xac, 0x2e, 0x77, 0x72, 0x69, 0x74, 0x65, 0x73, 0x5f, 0x75, 0x61, 0x76, 0x73, 0xc3, 0xb4, 0x2e, 0x75, 0x73, 0x65,
    0x73, 0x5f, 0x61, 0x70, 0x70, 0x65, 0x6e, 0x64, 0x5f, 0x63, 0x6f, 0x6e, 0x73, 0x75, 0x6d, 0x65, 0xc2, 0xaf, 0x2e,
    0x77, 0x61, 0x76, 0x65, 0x66, 0x72, 0x6f, 0x6e, 0x74, 0x5f, 0x73, 0x69, 0x7a, 0x65, 0x20, 0xb2, 0x2e, 0x75, 0x73,
    0x65, 0x72, 0x5f, 0x64, 0x61, 0x74, 0x61, 0x5f, 0x72, 0x65, 0x67, 0x5f, 0x6d, 0x61, 0x70, 0xdc, 0x00, 0x20, 0xce,
    0xff, 0xff, 0xff, 0xff, 0xce, 0xff, 0xff, 0xff, 0xff, 0x00, 0xce, 0xff, 0xff, 0xff, 0xff, 0xce, 0xff, 0xff, 0xff,
    0xff, 0xce, 0xff, 0xff, 0xff, 0xff, 0xce, 0xff, 0xff, 0xff, 0xff, 0xce, 0xff, 0xff, 0xff, 0xff, 0xce, 0xff, 0xff,
    0xff, 0xff, 0xce, 0xff, 0xff, 0xff, 0xff, 0xce, 0xff, 0xff, 0xff, 0xff, 0xce, 0xff, 0xff, 0xff, 0xff, 0xce, 0xff,
    0xff, 0xff, 0xff, 0xce, 0xff, 0xff, 0xff, 0xff, 0xce, 0xff, 0xff, 0xff, 0xff, 0xce, 0xff, 0xff, 0xff, 0xff, 0xce,
    0xff, 0xff, 0xff, 0xff, 0xce, 0xff, 0xff, 0xff, 0xff, 0xce, 0xff, 0xff, 0xff, 0xff, 0xce, 0xff, 0xff, 0xff, 0xff,
    0xce, 0xff, 0xff, 0xff, 0xff, 0xce, 0xff, 0xff, 0xff, 0xff, 0xce, 0xff, 0xff, 0xff, 0xff, 0xce, 0xff, 0xff, 0xff,
    0xff, 0xce, 0xff, 0xff, 0xff, 0xff, 0xce, 0xff, 0xff, 0xff, 0xff, 0xce, 0xff, 0xff, 0xff, 0xff, 0xce, 0xff, 0xff,
    0xff, 0xff, 0xce, 0xff, 0xff, 0xff, 0xff, 0xce, 0xff, 0xff, 0xff, 0xff, 0xce, 0xff, 0xff, 0xff, 0xff, 0xce, 0xff,
    0xff, 0xff, 0xff, 0xb7, 0x2e, 0x74, 0x68, 0x72, 0x65, 0x61, 0x64, 0x67, 0x72, 0x6f, 0x75, 0x70, 0x5f, 0x64, 0x69,
    0x6d, 0x65, 0x6e, 0x73, 0x69, 0x6f, 0x6e, 0x73, 0x93, 0x08, 0x08, 0x01, 0xab, 0x2e, 0x66, 0x6c, 0x6f, 0x61, 0x74,
    0x5f, 0x6d, 0x6f, 0x64, 0x65, 0xcc, 0xc0, 0xae, 0x2e, 0x66, 0x70, 0x31, 0x36, 0x5f, 0x6f, 0x76, 0x65, 0x72, 0x66,
    0x6c, 0x6f, 0x77, 0xc2, 0xaa, 0x2e, 0x69, 0x65, 0x65, 0x65, 0x5f, 0x6d, 0x6f, 0x64, 0x65, 0xc2, 0xa9, 0x2e, 0x77,
    0x67, 0x70, 0x5f, 0x6d, 0x6f, 0x64, 0x65, 0xc2, 0xac, 0x2e, 0x6d, 0x65, 0x6d, 0x5f, 0x6f, 0x72, 0x64, 0x65, 0x72,
    0x65, 0x64, 0xc2, 0xb1, 0x2e, 0x66, 0x6f, 0x72, 0x77, 0x61, 0x72, 0x64, 0x5f, 0x70, 0x72, 0x6f, 0x67, 0x72, 0x65,
    0x73, 0x73, 0xc2, 0xab, 0x2e, 0x75, 0x73, 0x65, 0x72, 0x5f, 0x73, 0x67, 0x70, 0x72, 0x73, 0x03, 0xa8, 0x2e, 0x65,
    0x78, 0x63, 0x70, 0x5f, 0x65, 0x6e, 0x00, 0xab, 0x2e, 0x73, 0x63, 0x72, 0x61, 0x74, 0x63, 0x68, 0x5f, 0x65, 0x6e,
    0xc2, 0xad, 0x2e, 0x74, 0x72, 0x61, 0x70, 0x5f, 0x70, 0x72, 0x65, 0x73, 0x65, 0x6e, 0x74, 0xc2, 0xb0, 0x2e, 0x73,
    0x68, 0x61, 0x72, 0x65, 0x64, 0x5f, 0x76, 0x67, 0x70, 0x72, 0x5f, 0x63, 0x6e, 0x74, 0x00, 0xad, 0x2e, 0x77, 0x61,
    0x76, 0x65, 0x73, 0x5f, 0x70, 0x65, 0x72, 0x5f, 0x73, 0x65, 0x00, 0xaf, 0x2e, 0x63, 0x68, 0x65, 0x63, 0x6b, 0x73,
    0x75, 0x6d, 0x5f, 0x76, 0x61, 0x6c, 0x75, 0x65, 0xce, 0x87, 0xd8, 0x27, 0x9e, 0xaa, 0x2e, 0x72, 0x65, 0x67, 0x69,
    0x73, 0x74, 0x65, 0x72, 0x73, 0x81, 0xcd, 0x2e, 0x42, 0x00, 0xa5, 0x2e, 0x6e, 0x61, 0x6d, 0x65, 0xb5, 0x4d, 0x6c,
    0x61, 0x61, 0x43, 0x61, 0x6c, 0x63, 0x53, 0x65, 0x70, 0x45, 0x64, 0x67, 0x65, 0x4c, 0x65, 0x6e, 0x67, 0x74, 0x68,
    0xb7, 0x2e, 0x69, 0x6e, 0x74, 0x65, 0x72, 0x6e, 0x61, 0x6c, 0x5f, 0x70, 0x69, 0x70, 0x65, 0x6c, 0x69, 0x6e, 0x65,
    0x5f, 0x68, 0x61, 0x73, 0x68, 0x92, 0xcf, 0xbf, 0xd3, 0x85, 0x98, 0x87, 0xd1, 0x19, 0x25, 0xcf, 0xd6, 0x36, 0xd4,
    0xb8, 0xf0, 0xc5, 0xa1, 0xee, 0xb2, 0x2e, 0x63, 0x6f, 0x6d, 0x70, 0x75, 0x74, 0x65, 0x5f, 0x72, 0x65, 0x67, 0x69,
    0x73, 0x74, 0x65, 0x72, 0x73, 0x85, 0xaf, 0x2e, 0x74, 0x69, 0x64, 0x69, 0x67, 0x5f, 0x63, 0x6f, 0x6d, 0x70, 0x5f,
    0x63, 0x6e, 0x74, 0x01, 0xaa, 0x2e, 0x74, 0x67, 0x69, 0x64, 0x5f, 0x78, 0x5f, 0x65, 0x6e, 0xc3, 0xaa, 0x2e, 0x74,
    0x67, 0x69, 0x64, 0x5f, 0x79, 0x5f, 0x65, 0x6e, 0xc3, 0xaa, 0x2e, 0x74, 0x67, 0x69, 0x64, 0x5f, 0x7a, 0x5f, 0x65,
    0x6e, 0xc2, 0xab, 0x2e, 0x74, 0x67, 0x5f, 0x73, 0x69, 0x7a, 0x65, 0x5f, 0x65, 0x6e, 0xc2, 0xa4, 0x2e, 0x61, 0x70,
    0x69, 0xa7, 0x73, 0x63, 0x70, 0x63, 0x42, 0x6c, 0x64, 0x00, 0x00, 0x00, 0x00, 0x00, 0x00, 0x00, 0x00, 0x00, 0x00,
    0x00, 0x00, 0x00, 0x00, 0x00, 0x00, 0x00, 0x00, 0x00, 0x00, 0x00, 0x00, 0x00, 0x00, 0x00, 0x00, 0x00, 0x00, 0x00,
    0x00, 0x00, 0x00, 0x00, 0x00, 0x00, 0x00, 0x00, 0x00, 0x00, 0x00, 0x00, 0x00, 0x00, 0x00, 0x00, 0x00, 0x00, 0x00,
    0x00, 0x00, 0x00, 0x00, 0x00, 0x00, 0x00, 0x00, 0x00, 0x00, 0x00, 0x00, 0x00, 0x00, 0x00, 0x00, 0x00, 0x00, 0x00,
    0x00, 0x01, 0x00, 0x00, 0x00, 0x03, 0x00, 0x00, 0x00, 0x00, 0x00, 0x00, 0x00, 0x00, 0x00, 0x00, 0x00, 0x00, 0x00,
    0x00, 0x00, 0x00, 0x00, 0x00, 0x00, 0x40, 0x00, 0x00, 0x00, 0x00, 0x00, 0x00, 0x00, 0x36, 0x00, 0x00, 0x00, 0x00,
    0x00, 0x00, 0x00, 0x00, 0x00, 0x00, 0x00, 0x00, 0x00, 0x00, 0x00, 0x00, 0x00, 0x00, 0x00, 0x00, 0x00, 0x00, 0x00,
    0x00, 0x00, 0x00, 0x00, 0x00, 0x00, 0x00, 0x00, 0x0b, 0x00, 0x00, 0x00, 0x01, 0x00, 0x00, 0x00, 0x06, 0x00, 0x00,
    0x00, 0x00, 0x00, 0x00, 0x00, 0x00, 0x00, 0x00, 0x00, 0x00, 0x00, 0x00, 0x00, 0x76, 0x00, 0x00, 0x00, 0x00, 0x00,
    0x00, 0x00, 0x58, 0x05, 0x00, 0x00, 0x00, 0x00, 0x00, 0x00, 0x00, 0x00, 0x00, 0x00, 0x00, 0x00, 0x00, 0x00, 0x00,
    0x01, 0x00, 0x00, 0x00, 0x00, 0x00, 0x00, 0x00, 0x00, 0x00, 0x00, 0x00, 0x00, 0x00, 0x00, 0x11, 0x00, 0x00, 0x00,
    0x01, 0x00, 0x00, 0x00, 0x03, 0x00, 0x00, 0x00, 0x00, 0x00, 0x00, 0x00, 0x00, 0x00, 0x00, 0x00, 0x00, 0x00, 0x00,
    0x00, 0xce, 0x05, 0x00, 0x00, 0x00, 0x00, 0x00, 0x00, 0x10, 0x00, 0x00, 0x00, 0x00, 0x00, 0x00, 0x00, 0x00, 0x00,
    0x00, 0x00, 0x00, 0x00, 0x00, 0x00, 0x20, 0x00, 0x00, 0x00, 0x00, 0x00, 0x00, 0x00, 0x00, 0x00, 0x00, 0x00, 0x00,
    0x00, 0x00, 0x00, 0x17, 0x00, 0x00, 0x00, 0x01, 0x00, 0x00, 0x00, 0x00, 0x00, 0x00, 0x00, 0x00, 0x00, 0x00, 0x00,
    0x00, 0x00, 0x00, 0x00, 0x00, 0x00, 0x00, 0x00, 0xde, 0x05, 0x00, 0x00, 0x00, 0x00, 0x00, 0x00, 0x50, 0x00, 0x00,
    0x00, 0x00, 0x00, 0x00, 0x00, 0x00, 0x00, 0x00, 0x00, 0x00, 0x00, 0x00, 0x00, 0x00, 0x00, 0x00, 0x00, 0x00, 0x00,
    0x00, 0x00, 0x00, 0x00, 0x00, 0x00, 0x00, 0x00, 0x00, 0x00, 0x20, 0x00, 0x00, 0x00, 0x03, 0x00, 0x00, 0x00, 0x00,
    0x00, 0x00, 0x00, 0x00, 0x00, 0x00, 0x00, 0x00, 0x00, 0x00, 0x00, 0x00, 0x00, 0x00, 0x00, 0x2e, 0x06, 0x00, 0x00,
    0x00, 0x00, 0x00, 0x00, 0x2b, 0x00, 0x00, 0x00, 0x00, 0x00, 0x00, 0x00, 0x00, 0x00, 0x00, 0x00, 0x00, 0x00, 0x00,
    0x00, 0x00, 0x00, 0x00, 0x00, 0x00, 0x00, 0x00, 0x00, 0x00, 0x00, 0x00, 0x00, 0x00, 0x00, 0x00, 0x00, 0x28, 0x00,
    0x00, 0x00, 0x02, 0x00, 0x00, 0x00, 0x00, 0x00, 0x00, 0x00, 0x00, 0x00, 0x00, 0x00, 0x00, 0x00, 0x00, 0x00, 0x00,
    0x00, 0x00, 0x00, 0x59, 0x06, 0x00, 0x00, 0x00, 0x00, 0x00, 0x00, 0x48, 0x00, 0x00, 0x00, 0x00, 0x00, 0x00, 0x00,
    0x05, 0x00, 0x00, 0x00, 0x00, 0x00, 0x00, 0x00, 0x00, 0x00, 0x00, 0x00, 0x00, 0x00, 0x00, 0x00, 0x18, 0x00, 0x00,
    0x00, 0x00, 0x00, 0x00, 0x00, 0x30, 0x00, 0x00, 0x00, 0x07, 0x00, 0x00, 0x00, 0x00, 0x00, 0x00, 0x00, 0x00, 0x00,
    0x00, 0x00, 0x00, 0x00, 0x00, 0x00, 0x00, 0x00, 0x00, 0x00, 0xa1, 0x06, 0x00, 0x00, 0x00, 0x00, 0x00, 0x00, 0x2c,
    0x04, 0x00, 0x00, 0x00, 0x00, 0x00, 0x00, 0x00, 0x00, 0x00, 0x00, 0x00, 0x00, 0x00, 0x00, 0x00, 0x00, 0x00, 0x00,
    0x00, 0x00, 0x00, 0x00, 0x00, 0x00, 0x00, 0x00, 0x00, 0x00, 0x00, 0x00,
};

// Mlaa Calc Sep Edge Length Fast compute shader binary
inline constexpr Util::uint8 MlaaCalcSepEdgeLengthFast_Cs_0DCD1401[] =
{
    0x7f, 0x45, 0x4c, 0x46, 0x02, 0x01, 0x01, 0x41, 0x00, 0x00, 0x00, 0x00, 0x00, 0x00, 0x00, 0x00, 0x01, 0x00, 0xe0,
    0x00, 0x01, 0x00, 0x00, 0x00, 0x00, 0x00, 0x00, 0x00, 0x00, 0x00, 0x00, 0x00, 0x00, 0x00, 0x00, 0x00, 0x00, 0x00,
    0x00, 0x00, 0x90, 0x0c, 0x00, 0x00, 0x00, 0x00, 0x00, 0x00, 0x33, 0x05, 0x00, 0x00, 0x40, 0x00, 0x00, 0x00, 0x00,
    0x00, 0x40, 0x00, 0x08, 0x00, 0x01, 0x00, 0x00, 0x2e, 0x73, 0x68, 0x73, 0x74, 0x72, 0x74, 0x61, 0x62, 0x00, 0x2e,
    0x74, 0x65, 0x78, 0x74, 0x00, 0x2e, 0x64, 0x61, 0x74, 0x61, 0x00, 0x2e, 0x63, 0x6f, 0x6d, 0x6d, 0x65, 0x6e, 0x74,
    0x00, 0x2e, 0x73, 0x74, 0x72, 0x74, 0x61, 0x62, 0x00, 0x2e, 0x73, 0x79, 0x6d, 0x74, 0x61, 0x62, 0x00, 0x2e, 0x6e,
    0x6f, 0x74, 0x65, 0x00, 0x04, 0x40, 0x80, 0xb0, 0x03, 0x00, 0x8f, 0xbf, 0x80, 0x1f, 0x86, 0xbe, 0x03, 0x00, 0xa0,
    0xbf, 0x02, 0x03, 0x80, 0xbe, 0x07, 0x03, 0x81, 0xbe, 0x02, 0x00, 0x46, 0xd7, 0x03, 0x06, 0x01, 0x04, 0x80, 0x00,
    0x04, 0xf4, 0x44, 0x00, 0x00, 0xfa, 0x01, 0x00, 0x46, 0xd7, 0x04, 0x06, 0x05, 0x04, 0x7f, 0xc0, 0x8c, 0xbf, 0xf9,
    0x04, 0x8c, 0x7d, 0x02, 0x84, 0x86, 0x06, 0x03, 0x02, 0x8c, 0x7d, 0x04, 0x6a, 0x6a, 0x87, 0x6a, 0x3c, 0x84, 0xbe,
    0x70, 0x01, 0x88, 0xbf, 0x00, 0x02, 0x0c, 0xf4, 0x20, 0x00, 0x00, 0xfa, 0x02, 0x04, 0x00, 0x22, 0x03, 0x02, 0x06,
    0x22, 0x7f, 0xc0, 0x8c, 0xbf, 0x0a, 0x11, 0x00, 0xf0, 0x00, 0x00, 0x02, 0x00, 0x03, 0x00, 0x00, 0x00, 0x70, 0x3f,
    0x8c, 0xbf, 0x83, 0x00, 0x06, 0x36, 0x80, 0x06, 0x8a, 0x7d, 0x6a, 0x3c, 0x85, 0xbe, 0x49, 0x01, 0x88, 0xbf, 0xc1,
    0x04, 0x06, 0x4a, 0xc2, 0x04, 0x0e, 0x4a, 0x02, 0x04, 0x18, 0x26, 0xc3, 0x02, 0x20, 0x4a, 0x81, 0x04, 0x08, 0x4a,
    0x02, 0x06, 0x10, 0x26, 0x03, 0x02, 0x06, 0x26, 0x02, 0x0e, 0x1a, 0x26, 0xc3, 0x04, 0x0e, 0x4a, 0x81, 0x02, 0x0a,
    0x4a, 0x03, 0x20, 0x22, 0x26, 0x02, 0x08, 0x08, 0x26, 0xc1, 0x02, 0x0c, 0x4a, 0x02, 0x0e, 0x20, 0x26, 0x03, 0x0a,
    0x0a, 0x26, 0x82, 0x04, 0x12, 0x4a, 0x82, 0x02, 0x14, 0x4a, 0x03, 0x0c, 0x0c, 0x26, 0xc2, 0x02, 0x16, 0x4a, 0x83,
    0x04, 0x1c, 0x4a, 0x02, 0x12, 0x12, 0x26, 0x03, 0x14, 0x14, 0x26, 0x83, 0x02, 0x1e, 0x4a, 0x03, 0x16, 0x16, 0x26,
    0x02, 0x1c, 0x1c, 0x26, 0x84, 0x04, 0x24, 0x4a, 0xc4, 0x02, 0x28, 0x4a, 0x03, 0x1e, 0x1e, 0x26, 0x84, 0x02, 0x26,
    0x4a, 0xc5, 0x02, 0x30, 0x4a, 0x02, 0x24, 0x24, 0x26, 0x03, 0x28, 0x2a, 0x26, 0xc5, 0x04, 0x28, 0x4a, 0x03, 0x26,
    0x26, 0x26, 0x85, 0x04, 0x2c, 0x4a, 0x03, 0x30, 0x32, 0x26, 0xc6, 0x04, 0x30, 0x4a, 0x02, 0x28, 0x28, 0x26, 0x85,
    0x02, 0x2e, 0x4a, 0x02, 0x2c, 0x2c, 0x26, 0x86, 0x04, 0x34, 0x4a, 0x02, 0x30, 0x30, 0x26, 0xc6, 0x02, 0x38, 0x4a,
    0x03, 0x2e, 0x2e, 0x26, 0x86, 0x02, 0x36, 0x4a, 0x02, 0x34, 0x34, 0x26, 0x87, 0x04, 0x3c, 0x4a, 0x03, 0x38, 0x3a,
    0x26, 0xc7, 0x04, 0x38, 0x4a, 0x03, 0x36, 0x36, 0x26, 0x87, 0x02, 0x3e, 0x4a, 0x02, 0x3c, 0x3c, 0x26, 0xc7, 0x02,
    0x40, 0x4a, 0x02, 0x38, 0x38, 0x26, 0x03, 0x3e, 0x3e, 0x26, 0x03, 0x40, 0x42, 0x26, 0x0b, 0x00, 0xa1, 0xbf, 0x0a,
    0x11, 0x00, 0xf0, 0x08, 0x07, 0x02, 0x00, 0x03, 0x00, 0x00, 0x00, 0x0a, 0x11, 0x00, 0xf0, 0x04, 0x04, 0x02, 0x00,
    0x03, 0x00, 0x00, 0x00, 0x0a, 0x11, 0x00, 0xf0, 0x0c, 0x05, 0x02, 0x00, 0x05, 0x00, 0x00, 0x00, 0x0a, 0x11, 0x00,
    0xf0, 0x0c, 0x06, 0x02, 0x00, 0x06, 0x00, 0x00, 0x00, 0x0a, 0x11, 0x00, 0xf0, 0x0d, 0x0d, 0x02, 0x00, 0x03, 0x00,
    0x00, 0x00, 0x0a, 0x11, 0x00, 0xf0, 0x09, 0x08, 0x02, 0x00, 0x03, 0x00, 0x00, 0x00, 0x0a, 0x11, 0x00, 0xf0, 0x0c,
    0x09, 0x02, 0x00, 0x0a, 0x00, 0x00, 0x00, 0x0a, 0x11, 0x00, 0xf0, 0x0c, 0x0a, 0x02, 0x00, 0x0b, 0x00, 0x00, 0x00,
    0x0a, 0x11, 0x00, 0xf0, 0x10, 0x0b, 0x02, 0x00, 0x03, 0x00, 0x00, 0x00, 0x0a, 0x11, 0x00, 0xf0, 0x0e, 0x0e, 0x02,
    0x00, 0x03, 0x00, 0x00, 0x00, 0x0a, 0x11, 0x00, 0xf0, 0x0c, 0x0f, 0x02, 0x00, 0x0f, 0x00, 0x00, 0x00, 0x0a, 0x11,
    0x00, 0xf0, 0x0c, 0x10, 0x02, 0x00, 0x11, 0x00, 0x00, 0x00, 0xc4, 0x04, 0x22, 0x4a, 0x02, 0x22, 0x22, 0x26, 0x0f,
    0x00, 0xa1, 0xbf, 0x0a, 0x11, 0x00, 0xf0, 0x11, 0x11, 0x02, 0x00, 0x03, 0x00, 0x00, 0x00, 0x0a, 0x11, 0x00, 0xf0,
    0x12, 0x12, 0x02, 0x00, 0x03, 0x00, 0x00, 0x00, 0x0a, 0x11, 0x00, 0xf0, 0x0c, 0x13, 0x02, 0x00, 0x13, 0x00, 0x00,
    0x00, 0x0a, 0x11, 0x00, 0xf0, 0x0c, 0x15, 0x02, 0x00, 0x15, 0x00, 0x00, 0x00, 0x0a, 0x11, 0x00, 0xf0, 0x14, 0x14,
    0x02, 0x00, 0x03, 0x00, 0x00, 0x00, 0x0a, 0x11, 0x00, 0xf0, 0x16, 0x16, 0x02, 0x00, 0x03, 0x00, 0x00, 0x00, 0x0a,
    0x11, 0x00, 0xf0, 0x0c, 0x17, 0x02, 0x00, 0x17, 0x00, 0x00, 0x00, 0x0a, 0x11, 0x00, 0xf0, 0x0c, 0x19, 0x02, 0x00,
    0x19, 0x00, 0x00, 0x00, 0x0a, 0x11, 0x00, 0xf0, 0x18, 0x18, 0x02, 0x00, 0x03, 0x00, 0x00, 0x00, 0x0a, 0x11, 0x00,
    0xf0, 0x1a, 0x1a, 0x02, 0x00, 0x03, 0x00, 0x00, 0x00, 0x0a, 0x11, 0x00, 0xf0, 0x0c, 0x1b, 0x02, 0x00, 0x1b, 0x00,
    0x00, 0x00, 0x0a, 0x11, 0x00, 0xf0, 0x0c, 0x1d, 0x02, 0x00, 0x1d, 0x00, 0x00, 0x00, 0x0a, 0x11, 0x00, 0xf0, 0x1c,
    0x1c, 0x02, 0x00, 0x03, 0x00, 0x00, 0x00, 0x0a, 0x11, 0x00, 0xf0, 0x1e, 0x03, 0x02, 0x00, 0x03, 0x00, 0x00, 0x00,
    0x0a, 0x11, 0x00, 0xf0, 0x0c, 0x1e, 0x02, 0x00, 0x1f, 0x00, 0x00, 0x00, 0x0a, 0x11, 0x00, 0xf0, 0x0c, 0x0c, 0x02,
    0x00, 0x21, 0x00, 0x00, 0x00, 0x00, 0x00, 0x8f, 0xbf, 0x81, 0x00, 0x3e, 0x36, 0x82, 0x00, 0x00, 0x36, 0x02, 0x00,
    0x85, 0xd4, 0x1f, 0x01, 0x01, 0x00, 0x80, 0x00, 0x0a, 0x7d, 0x00, 0x00, 0x01, 0xd5, 0x80, 0x10, 0xa9, 0x01, 0x1f,
    0x00, 0x01, 0xd5, 0x80, 0x10, 0x09, 0x00, 0x7b, 0x7f, 0x8c, 0xbf, 0x07, 0x00, 0x01, 0xd5, 0x80, 0x0e, 0x0a, 0x00,
    0x7a, 0x7f, 0x8c, 0xbf, 0x04, 0x00, 0x01, 0xd5, 0x80, 0x08, 0x0a, 0x00, 0x79, 0x7f, 0x8c, 0xbf, 0x80, 0x0a, 0x0a,
    0x02, 0x78, 0x7f, 0x8c, 0xbf, 0x80, 0x0c, 0x0c, 0x02, 0x81, 0x0e, 0x0e, 0x36, 0x81, 0x08, 0x42, 0x36, 0x82, 0x0a,
    0x08, 0x36, 0x82, 0x0c, 0x40, 0x36, 0x77, 0x7f, 0x8c, 0xbf, 0x07, 0x1b, 0x1a, 0x36, 0x80, 0x0e, 0x04, 0x7d, 0x81,
    0x3e, 0x0a, 0x02, 0x80, 0x42, 0x04, 0x7d, 0x81, 0x3e, 0x0c, 0x02, 0x02, 0x00, 0x85, 0xd4, 0x0d, 0x01, 0x01, 0x00,
    0x80, 0x08, 0x04, 0x7d, 0x81, 0x00, 0x44, 0x02, 0x76, 0x7f, 0x8c, 0xbf, 0x21, 0x11, 0x0e, 0x36, 0x81, 0x0a, 0x10,
    0x4a, 0x1f, 0x0b, 0x0a, 0x38, 0x80, 0x40, 0x04, 0x7d, 0x75, 0x7f, 0x8c, 0xbf, 0x04, 0x13, 0x08, 0x36, 0x74, 0x7f,
    0x8c, 0xbf, 0x20, 0x15, 0x12, 0x36, 0x81, 0x0c, 0x14, 0x4a, 0x1f, 0x0d, 0x40, 0x38, 0x81, 0x44, 0x0c, 0x4a, 0x81,
    0x00, 0x46, 0x02, 0x80, 0x0e, 0x0a, 0x7d, 0x72, 0x7f, 0x8c, 0xbf, 0x07, 0x1d, 0x0e, 0x36, 0x20, 0x15, 0x14, 0x02,
    0x05, 0x00, 0x01, 0xd5, 0x05, 0x11, 0x0a, 0x00, 0x00, 0x45, 0x10, 0x38, 0x80, 0x08, 0x0a, 0x7d, 0x81, 0x46, 0x40,
    0x4a, 0x00, 0x47, 0x44, 0x38, 0x71, 0x7f, 0x8c, 0xbf, 0x04, 0x1f, 0x08, 0x36, 0x08, 0x0d, 0x0c, 0x02, 0x0d, 0x17,
    0x10, 0x36, 0x80, 0x12, 0x0a, 0x7d, 0x70, 0x7f, 0x8c, 0xbf, 0x09, 0x21, 0x16, 0x36, 0x81, 0x0a, 0x12, 0x4a, 0x1f,
    0x0b, 0x1c, 0x38, 0x02, 0x00, 0x85, 0xd4, 0x08, 0x01, 0x01, 0x00, 0x81, 0x14, 0x0a, 0x4a, 0x1f, 0x15, 0x1e, 0x38,
    0x81, 0x0c, 0x1a, 0x4a, 0x00, 0x0d, 0x0c, 0x38, 0x22, 0x41, 0x42, 0x02, 0x80, 0x0e, 0x0a, 0x7d, 0x0f, 0x0b, 0x0a,
    0x02, 0x80, 0x08, 0x0a, 0x7d, 0x06, 0x1b, 0x0c, 0x02, 0x7f, 0x3f, 0x8c, 0xbf, 0x08, 0x23, 0x1a, 0x36, 0x80, 0x16,
    0x0a, 0x7d, 0x7c, 0x3f, 0x8c, 0xbf, 0x0b, 0x2b, 0x10, 0x36, 0x81, 0x42, 0x14, 0x4a, 0x00, 0x43, 0x20, 0x38, 0x07,
    0x25, 0x0e, 0x36, 0x09, 0x00, 0x01, 0xd5, 0x0e, 0x13, 0x0a, 0x00, 0x02, 0x00, 0x85, 0xd4, 0x0d, 0x01, 0x01, 0x00,
    0x04, 0x27, 0x08, 0x36, 0x81, 0x0a, 0x1e, 0x4a, 0x1f, 0x0b, 0x1c, 0x38, 0x81, 0x12, 0x16, 0x4a, 0x1f, 0x13, 0x12,
    0x38, 0x10, 0x15, 0x14, 0x02, 0x80, 0x0e, 0x0a, 0x7d, 0x7a, 0x3f, 0x8c, 0xbf, 0x07, 0x2d, 0x0e, 0x36, 0x05, 0x00,
    0x01, 0xd5, 0x09, 0x17, 0x0a, 0x00, 0x81, 0x0c, 0x16, 0x4a, 0x00, 0x0d, 0x0c, 0x38, 0x0e, 0x1f, 0x12, 0x02, 0x80,
    0x08, 0x0a, 0x7d, 0x81, 0x14, 0x1c, 0x4a, 0x00, 0x15, 0x1e, 0x38, 0x06, 0x17, 0x0c, 0x02, 0x0d, 0x29, 0x16, 0x36,
    0x80, 0x10, 0x0a, 0x7d, 0x81, 0x0a, 0x1a, 0x4a, 0x0f, 0x1d, 0x14, 0x02, 0x1f, 0x0b, 0x1c, 0x38, 0x02, 0x00, 0x85,
    0xd4, 0x0b, 0x01, 0x01, 0x00, 0x77, 0x3f, 0x8c, 0xbf, 0x0b, 0x31, 0x16, 0x36, 0x81, 0x12, 0x1e, 0x4a, 0x1f, 0x13,
    0x0a, 0x38, 0x04, 0x2f, 0x08, 0x36, 0x08, 0x33, 0x10, 0x36, 0x80, 0x0e, 0x0a, 0x7d, 0x05, 0x1f, 0x0a, 0x02, 0x00,
    0x15, 0x1e, 0x38, 0x80, 0x08, 0x0a, 0x7d, 0x75, 0x3f, 0x8c, 0xbf, 0x04, 0x37, 0x08, 0x36, 0x09, 0x00, 0x01, 0xd5,
    0x0e, 0x1b, 0x0a, 0x00, 0x02, 0x00, 0x85, 0xd4, 0x0b, 0x01, 0x01, 0x00, 0x81, 0x0c, 0x1c, 0x4a, 0x00, 0x0d, 0x1a,
    0x38, 0x81, 0x14, 0x0c, 0x4a, 0x0d, 0x1d, 0x14, 0x02, 0x80, 0x10, 0x0a, 0x7d, 0x07, 0x35, 0x1a, 0x36, 0x74, 0x3f,
    0x8c, 0xbf, 0x08, 0x3b, 0x0e, 0x36, 0x81, 0x12, 0x10, 0x4a, 0x1f, 0x13, 0x12, 0x38, 0x0f, 0x0d, 0x0c, 0x02, 0x81,
    0x0a, 0x1c, 0x4a, 0x1f, 0x0b, 0x0a, 0x38, 0x81, 0x14, 0x1e, 0x4a, 0x08, 0x00, 0x01, 0xd5, 0x09, 0x11, 0x0a, 0x00,
    0x00, 0x15, 0x12, 0x38, 0x81, 0x0c, 0x14, 0x4a, 0x00, 0x0d, 0x20, 0x38, 0x80, 0x1a, 0x0a, 0x7d, 0x05, 0x1d, 0x0a,
    0x02, 0x80, 0x08, 0x0a, 0x7d, 0x09, 0x1f, 0x0c, 0x02, 0x80, 0x0e, 0x0a, 0x7d, 0x10, 0x15, 0x12, 0x02, 0x73, 0x3f,
    0x8c, 0xbf, 0x0b, 0x39, 0x14, 0x36, 0x72, 0x3f, 0x8c, 0xbf, 0x0d, 0x07, 0x06, 0x36, 0x71, 0x3f, 0x8c, 0xbf, 0x04,
    0x3d, 0x08, 0x36, 0x70, 0x3f, 0x8c, 0xbf, 0x07, 0x19, 0x0e, 0x36, 0x81, 0x10, 0x16, 0x4a, 0x02, 0x00, 0x85, 0xd4,
    0x0a, 0x01, 0x01, 0x00, 0x03, 0x00, 0x85, 0xd4, 0x03, 0x01, 0x01, 0x00, 0x06, 0x00, 0x85, 0xd4, 0x04, 0x01, 0x01,
    0x00, 0x80, 0x0e, 0x0a, 0x7d, 0x00, 0x13, 0x06, 0x38, 0x81, 0x12, 0x08, 0x4a, 0x00, 0x0d, 0x00, 0x38, 0x81, 0x0c,
    0x0c, 0x4a, 0x1f, 0x0b, 0x0e, 0x38, 0x81, 0x0a, 0x0a, 0x4a, 0x1f, 0x11, 0x12, 0x38, 0x03, 0x09, 0x08, 0x02, 0x05,
    0x00, 0x01, 0xd5, 0x07, 0x0b, 0x0e, 0x00, 0x08, 0x00, 0x01, 0xd5, 0x00, 0x0d, 0x1a, 0x00, 0x06, 0x00, 0x01, 0xd5,
    0x09, 0x17, 0x0a, 0x00, 0x00, 0x00, 0x8f, 0xbf, 0x05, 0x7e, 0x7e, 0x8a, 0x80, 0x02, 0x0c, 0x7e, 0x80, 0x02, 0x10,
    0x7e, 0x80, 0x02, 0x0a, 0x7e, 0x80, 0x02, 0x08, 0x7e, 0x05, 0x03, 0xfe, 0xbe, 0x00, 0x02, 0x0c, 0xf4, 0x00, 0x00,
    0x00, 0xfa, 0x84, 0x0c, 0x00, 0x34, 0x84, 0x10, 0x06, 0x34, 0xff, 0x00, 0x00, 0x36, 0xf0, 0x00, 0x00, 0x00, 0xff,
    0x06, 0x0c, 0x36, 0xf0, 0x00, 0x00, 0x00, 0x03, 0x00, 0x4a, 0xd5, 0x8f, 0x0a, 0x02, 0x04, 0x04, 0x00, 0x4a, 0xd5,
    0x8f, 0x08, 0x1a, 0x04, 0x03, 0x03, 0x0a, 0x7e, 0x03, 0x03, 0x0c, 0x7e, 0x7f, 0xc0, 0x8c, 0xbf, 0xe3, 0xff, 0xa3,
    0xbf, 0x0a, 0x3f, 0x20, 0xf0, 0x02, 0x03, 0x02, 0x00, 0x01, 0x00, 0x00, 0x00, 0x00, 0x00, 0x8f, 0xbf, 0x00, 0x00,
    0x81, 0xbf, 0x00, 0x00, 0x9f, 0xbf, 0x00, 0x00, 0x9f, 0xbf, 0x00, 0x00, 0x9f, 0xbf, 0x00, 0x00, 0x9f, 0xbf, 0x00,
    0x00, 0x9f, 0xbf, 0x00, 0x00, 0x9f, 0xbf, 0x00, 0x00, 0x9f, 0xbf, 0x00, 0x00, 0x9f, 0xbf, 0x00, 0x00, 0x9f, 0xbf,
    0x00, 0x00, 0x9f, 0xbf, 0x00, 0x00, 0x9f, 0xbf, 0x00, 0x00, 0x9f, 0xbf, 0x00, 0x00, 0x9f, 0xbf, 0x00, 0x00, 0x9f,
    0xbf, 0x00, 0x00, 0x9f, 0xbf, 0x00, 0x00, 0x9f, 0xbf, 0x00, 0x00, 0x9f, 0xbf, 0x00, 0x00, 0x9f, 0xbf, 0x00, 0x00,
    0x9f, 0xbf, 0x00, 0x00, 0x9f, 0xbf, 0x00, 0x00, 0x9f, 0xbf, 0x00, 0x00, 0x9f, 0xbf, 0x00, 0x00, 0x9f, 0xbf, 0x00,
    0x00, 0x9f, 0xbf, 0x00, 0x00, 0x9f, 0xbf, 0x00, 0x00, 0x9f, 0xbf, 0x00, 0x00, 0x9f, 0xbf, 0x00, 0x00, 0x9f, 0xbf,
    0x00, 0x00, 0x9f, 0xbf, 0x00, 0x00, 0x9f, 0xbf, 0x00, 0x00, 0x9f, 0xbf, 0x00, 0x00, 0x9f, 0xbf, 0x00, 0x00, 0x9f,
    0xbf, 0x00, 0x00, 0x9f, 0xbf, 0x00, 0x00, 0x9f, 0xbf, 0x00, 0x00, 0x9f, 0xbf, 0x00, 0x00, 0x9f, 0xbf, 0x00, 0x00,
    0x9f, 0xbf, 0x00, 0x00, 0x9f, 0xbf, 0x00, 0x00, 0x9f, 0xbf, 0x00, 0x00, 0x9f, 0xbf, 0x00, 0x00, 0x9f, 0xbf, 0x00,
    0x00, 0x9f, 0xbf, 0x00, 0x00, 0x9f, 0xbf, 0x00, 0x00, 0x9f, 0xbf, 0x00, 0x00, 0x9f, 0xbf, 0x00, 0x00, 0x9f, 0xbf,
    0x00, 0x00, 0x9f, 0xbf, 0x00, 0x00, 0x9f, 0xbf, 0x00, 0x00, 0x9f, 0xbf, 0x00, 0x00, 0x9f, 0xbf, 0x00, 0x00, 0x9f,
    0xbf, 0x00, 0x00, 0x9f, 0xbf, 0x00, 0x00, 0x9f, 0xbf, 0x00, 0x00, 0x9f, 0xbf, 0x00, 0x00, 0x9f, 0xbf, 0x00, 0x00,
    0x9f, 0xbf, 0x00, 0x00, 0x9f, 0xbf, 0x00, 0x00, 0x9f, 0xbf, 0x00, 0x00, 0x9f, 0xbf, 0x00, 0x00, 0x9f, 0xbf, 0x00,
    0x00, 0x9f, 0xbf, 0x00, 0x00, 0x9f, 0xbf, 0x00, 0x00, 0x9f, 0xbf, 0x00, 0x00, 0x00, 0x00, 0x00, 0x00, 0x10, 0x00,
    0x00, 0x00, 0x00, 0x00, 0xac, 0xbf, 0x04, 0x11, 0x47, 0x65, 0x6e, 0x65, 0x72, 0x61, 0x74, 0x65, 0x64, 0x20, 0x62,
    0x79, 0x20, 0x74, 0x68, 0x65, 0x20, 0x41, 0x64, 0x76, 0x61, 0x6e, 0x63, 0x65, 0x64, 0x20, 0x4d, 0x69, 0x63, 0x72,
    0x6f, 0x20, 0x44, 0x65, 0x76, 0x69, 0x63, 0x65, 0x73, 0x2c, 0x20, 0x49, 0x6e, 0x63, 0x2e, 0x2c, 0x20, 0x50, 0x72,
    0x6f, 0x70, 0x72, 0x69, 0x65, 0x74, 0x61, 0x72, 0x79, 0x20, 0x47, 0x50, 0x55, 0x20, 0x53, 0x68, 0x61, 0x64, 0x65,
    0x72, 0x20, 0x43, 0x6f, 0x6d, 0x70, 0x69, 0x6c, 0x65, 0x72, 0x2e, 0x00, 0x00, 0x5f, 0x61, 0x6d, 0x64, 0x67, 0x70,
    0x75, 0x5f, 0x63, 0x73, 0x5f, 0x6d, 0x61, 0x69, 0x6e, 0x00, 0x5f, 0x61, 0x6d, 0x64, 0x67, 0x70, 0x75, 0x5f, 0x63,
    0x73, 0x5f, 0x73, 0x68, 0x64, 0x72, 0x5f, 0x69, 0x6e, 0x74, 0x72, 0x6c, 0x5f, 0x74, 0x62, 0x6c, 0x00, 0x00, 0x00,
    0x00, 0x00, 0x00, 0x00, 0x00, 0x00, 0x00, 0x00, 0x00, 0x00, 0x00, 0x00, 0x00, 0x00, 0x00, 0x00, 0x00, 0x00, 0x00,
    0x00, 0x00, 0x00, 0x01, 0x00, 0x00, 0x00, 0x12, 0x00, 0x02, 0x00, 0x00, 0x00, 0x00, 0x00, 0x00, 0x00, 0x00, 0x00,
    0x14, 0x07, 0x00, 0x00, 0x00, 0x00, 0x00, 0x00, 0x11, 0x00, 0x00, 0x00, 0x11, 0x00, 0x03, 0x00, 0x00, 0x00, 0x00,
    0x00, 0x00, 0x00, 0x00, 0x00, 0x10, 0x00, 0x00, 0x00, 0x00, 0x00, 0x00, 0x00, 0x07, 0x00, 0x00, 0x00, 0x1b, 0x04,
    0x00, 0x00, 0x20, 0x00, 0x00, 0x00, 0x41, 0x4d, 0x44, 0x47, 0x50, 0x55, 0x00, 0x00, 0x82, 0xae, 0x61, 0x6d, 0x64,
    0x70, 0x61, 0x6c, 0x2e, 0x76, 0x65, 0x72, 0x73, 0x69, 0x6f, 0x6e, 0x92, 0x03, 0x06, 0xb0, 0x61, 0x6d, 0x64, 0x70,
    0x61, 0x6c, 0x2e, 0x70, 0x69, 0x70, 0x65, 0x6c, 0x69, 0x6e, 0x65, 0x73, 0x91, 0x8b, 0xa5, 0x2e, 0x74, 0x79, 0x70,
    0x65, 0xa2, 0x43, 0x73, 0xae, 0x2e, 0x72, 0x65, 0x73, 0x6f, 0x75, 0x72, 0x63, 0x65, 0x5f, 0x68, 0x61, 0x73, 0x68,
    0xcf, 0x9d, 0xab, 0x92, 0x5d, 0x0a, 0x7a, 0xaf, 0x2a, 0xb0, 0x2e, 0x73, 0x70, 0x69, 0x6c, 0x6c, 0x5f, 0x74, 0x68,
    0x72, 0x65, 0x73, 0x68, 0x6f, 0x6c, 0x64, 0xcd, 0xff, 0xff, 0xb0, 0x2e, 0x75, 0x73, 0x65, 0x72, 0x5f, 0x64, 0x61,
    0x74, 0x61, 0x5f, 0x6c, 0x69, 0x6d, 0x69, 0x74, 0x01, 0xa8, 0x2e, 0x73, 0x68, 0x61, 0x64, 0x65, 0x72, 0x73, 0x81,
    0xa8, 0x2e, 0x63, 0x6f, 0x6d, 0x70, 0x75, 0x74, 0x65, 0x83, 0xb0, 0x2e, 0x61, 0x70, 0x69, 0x5f, 0x73, 0x68, 0x61,
    0x64, 0x65, 0x72, 0x5f, 0x68, 0x61, 0x73, 0x68, 0x92, 0xcf, 0x95, 0xb6, 0x6b, 0x13, 0x8c, 0x92, 0x44, 0x07, 0xcf,
    0x52, 0x9c, 0xf7, 0xb6, 0x34, 0x11, 0xbb, 0x10, 0xb1, 0x2e, 0x68, 0x61, 0x72, 0x64, 0x77, 0x61, 0x72, 0x65, 0x5f,
    0x6d, 0x61, 0x70, 0x70, 0x69, 0x6e, 0x67, 0x91, 0xa3, 0x2e, 0x63, 0x73, 0xaf, 0x2e, 0x73, 0x68, 0x61, 0x64, 0x65,
    0x72, 0x5f, 0x73, 0x75, 0x62, 0x74, 0x79, 0x70, 0x65, 0xa7, 0x55, 0x6e, 0x6b, 0x6e, 0x6f, 0x77, 0x6e, 0xb0, 0x2e,
    0x68, 0x61, 0x72, 0x64, 0x77, 0x61, 0x72, 0x65, 0x5f, 0x73, 0x74, 0x61, 0x67, 0x65, 0x73, 0x81, 0xa3, 0x2e, 0x63,
    0x73, 0xde, 0x00, 0x1b, 0xb3, 0x2e, 0x65, 0x6e, 0x74, 0x72, 0x79, 0x5f, 0x70, 0x6f, 0x69, 0x6e, 0x74, 0x5f, 0x73,
    0x79, 0x6d, 0x62, 0x6f, 0x6c, 0xaf, 0x5f, 0x61, 0x6d, 0x64, 0x67, 0x70, 0x75, 0x5f, 0x63, 0x73, 0x5f, 0x6d, 0x61,
    0x69, 0x6e, 0xab, 0x2e, 0x73, 0x67, 0x70, 0x72, 0x5f, 0x63, 0x6f, 0x75, 0x6e, 0x74, 0x10, 0xab, 0x2e, 0x76, 0x67,
    0x70, 0x72, 0x5f, 0x63, 0x6f, 0x75, 0x6e, 0x74, 0x24, 0xa9, 0x2e, 0x6c, 0x64, 0x73, 0x5f, 0x73, 0x69, 0x7a, 0x65,
    0x00, 0xb4, 0x2e, 0x73, 0x63, 0x72, 0x61, 0x74, 0x63, 0x68, 0x5f, 0x6d, 0x65, 0x6d, 0x6f, 0x72, 0x79, 0x5f, 0x73,
    0x69, 0x7a, 0x65, 0x00, 0xb4, 0x2e, 0x66, 0x72, 0x6f, 0x6e, 0x74, 0x65, 0x6e, 0x64, 0x5f, 0x73, 0x74, 0x61, 0x63,
    0x6b, 0x5f, 0x73, 0x69, 0x7a, 0x65, 0x00, 0xb3, 0x2e, 0x62, 0x61, 0x63, 0x6b, 0x65, 0x6e, 0x64, 0x5f, 0x73, 0x74,
    0x61, 0x63, 0x6b, 0x5f, 0x73, 0x69, 0x7a, 0x65, 0x00, 0xb6, 0x2e, 0x70, 0x65, 0x72, 0x66, 0x5f, 0x64, 0x61, 0x74,
    0x61, 0x5f, 0x62, 0x75, 0x66, 0x66, 0x65, 0x72, 0x5f, 0x73, 0x69, 0x7a, 0x65, 0x00, 0xaa, 0x2e, 0x75, 0x73, 0x65,
    0x73, 0x5f, 0x75, 0x61, 0x76, 0x73, 0xc3, 0xac, 0x2e, 0x77, 0x72, 0x69, 0x74, 0x65, 0x73, 0x5f, 0x75, 0x61, 0x76,
    0x73, 0xc3, 0xb4, 0x2e, 0x75, 0x73, 0x65, 0x73, 0x5f, 0x61, 0x70, 0x70, 0x65, 0x6e, 0x64, 0x5f, 0x63, 0x6f, 0x6e,
    0x73, 0x75, 0x6d, 0x65, 0xc2, 0xaf, 0x2e, 0x77, 0x61, 0x76, 0x65, 0x66, 0x72, 0x6f, 0x6e, 0x74, 0x5f, 0x73, 0x69,
    0x7a, 0x65, 0x20, 0xb2, 0x2e, 0x75, 0x73, 0x65, 0x72, 0x5f, 0x64, 0x61, 0x74, 0x61, 0x5f, 0x72, 0x65, 0x67, 0x5f,
    0x6d, 0x61, 0x70, 0xdc, 0x00, 0x20, 0xce, 0xff, 0xff, 0xff, 0xff, 0xce, 0xff, 0xff, 0xff, 0xff, 0x00, 0xce, 0xff,
    0xff, 0xff, 0xff, 0xce, 0xff, 0xff, 0xff, 0xff, 0xce, 0xff, 0xff, 0xff, 0xff, 0xce, 0xff, 0xff, 0xff, 0xff, 0xce,
    0xff, 0xff, 0xff, 0xff, 0xce, 0xff, 0xff, 0xff, 0xff, 0xce, 0xff, 0xff, 0xff, 0xff, 0xce, 0xff, 0xff, 0xff, 0xff,
    0xce, 0xff, 0xff, 0xff, 0xff, 0xce, 0xff, 0xff, 0xff, 0xff, 0xce, 0xff, 0xff, 0xff, 0xff, 0xce, 0xff, 0xff, 0xff,
    0xff, 0xce, 0xff, 0xff, 0xff, 0xff, 0xce, 0xff, 0xff, 0xff, 0xff, 0xce, 0xff, 0xff, 0xff, 0xff, 0xce, 0xff, 0xff,
    0xff, 0xff, 0xce, 0xff, 0xff, 0xff, 0xff, 0xce, 0xff, 0xff, 0xff, 0xff, 0xce, 0xff, 0xff, 0xff, 0xff, 0xce, 0xff,
    0xff, 0xff, 0xff, 0xce, 0xff, 0xff, 0xff, 0xff, 0xce, 0xff, 0xff, 0xff, 0xff, 0xce, 0xff, 0xff, 0xff, 0xff, 0xce,
    0xff, 0xff, 0xff, 0xff, 0xce, 0xff, 0xff, 0xff, 0xff, 0xce, 0xff, 0xff, 0xff, 0xff, 0xce, 0xff, 0xff, 0xff, 0xff,
    0xce, 0xff, 0xff, 0xff, 0xff, 0xce, 0xff, 0xff, 0xff, 0xff, 0xb7, 0x2e, 0x74, 0x68, 0x72, 0x65, 0x61, 0x64, 0x67,
    0x72, 0x6f, 0x75, 0x70, 0x5f, 0x64, 0x69, 0x6d, 0x65, 0x6e, 0x73, 0x69, 0x6f, 0x6e, 0x73, 0x93, 0x08, 0x08, 0x01,
    0xab, 0x2e, 0x66, 0x6c, 0x6f, 0x61, 0x74, 0x5f, 0x6d, 0x6f, 0x64, 0x65, 0xcc, 0xc0, 0xae, 0x2e, 0x66, 0x70, 0x31,
    0x36, 0x5f, 0x6f, 0x76, 0x65, 0x72, 0x66, 0x6c, 0x6f, 0x77, 0xc2, 0xaa, 0x2e, 0x69, 0x65, 0x65, 0x65, 0x5f, 0x6d,
    0x6f, 0x64, 0x65, 0xc2, 0xa9, 0x2e, 0x77, 0x67, 0x70, 0x5f, 0x6d, 0x6f, 0x64, 0x65, 0xc2, 0xac, 0x2e, 0x6d, 0x65,
    0x6d, 0x5f, 0x6f, 0x72, 0x64, 0x65, 0x72, 0x65, 0x64, 0xc2, 0xb1, 0x2e, 0x66, 0x6f, 0x72, 0x77, 0x61, 0x72, 0x64,
    0x5f, 0x70, 0x72, 0x6f, 0x67, 0x72, 0x65, 0x73, 0x73, 0xc2, 0xab, 0x2e, 0x75, 0x73, 0x65, 0x72, 0x5f, 0x73, 0x67,
    0x70, 0x72, 0x73, 0x03, 0xa8, 0x2e, 0x65, 0x78, 0x63, 0x70, 0x5f, 0x65, 0x6e, 0x00, 0xab, 0x2e, 0x73, 0x63, 0x72,
    0x61, 0x74, 0x63, 0x68, 0x5f, 0x65, 0x6e, 0xc2, 0xad, 0x2e, 0x74, 0x72, 0x61, 0x70, 0x5f, 0x70, 0x72, 0x65, 0x73,
    0x65, 0x6e, 0x74, 0xc2, 0xb0, 0x2e, 0x73, 0x68, 0x61, 0x72, 0x65, 0x64, 0x5f, 0x76, 0x67, 0x70, 0x72, 0x5f, 0x63,
    0x6e, 0x74, 0x00, 0xad, 0x2e, 0x77, 0x61, 0x76, 0x65, 0x73, 0x5f, 0x70, 0x65, 0x72, 0x5f, 0x73, 0x65, 0x00, 0xaf,
    0x2e, 0x63, 0x68, 0x65, 0x63, 0x6b, 0x73, 0x75, 0x6d, 0x5f, 0x76, 0x61, 0x6c, 0x75, 0x65, 0xce, 0x7f, 0xa9, 0x63,
    0xb2, 0xaa, 0x2e, 0x72, 0x65, 0x67, 0x69, 0x73, 0x74, 0x65, 0x72, 0x73, 0x81, 0xcd, 0x2e, 0x42, 0x00, 0xa5, 0x2e,
    0x6e, 0x61, 0x6d, 0x65, 0xb9, 0x4d, 0x6c, 0x61, 0x61, 0x43, 0x61, 0x6c, 0x63, 0x53, 0x65, 0x70, 0x45, 0x64, 0x67,
    0x65, 0x4c, 0x65, 0x6e, 0x67, 0x74, 0x68, 0x46, 0x61, 0x73, 0x74, 0xb7, 0x2e, 0x69, 0x6e, 0x74, 0x65, 0x72, 0x6e,
    0x61, 0x6c, 0x5f, 0x70, 0x69, 0x70, 0x65, 0x6c, 0x69, 0x6e, 0x65, 0x5f, 0x68, 0x61, 0x73, 0x68, 0x92, 0xcf, 0x1b,
    0x82, 0x04, 0x2d, 0x6d, 0x8a, 0xd5, 0x7b, 0xcf, 0xba, 0x47, 0x1c, 0x17, 0xc2, 0xc6, 0x5a, 0x3a, 0xb2, 0x2e, 0x63,
    0x6f, 0x6d, 0x70, 0x75, 0x74, 0x65, 0x5f, 0x72, 0x65, 0x67, 0x69, 0x73, 0x74, 0x65, 0x72, 0x73, 0x85, 0xaf, 0x2e,
    0x74, 0x69, 0x64, 0x69, 0x67, 0x5f, 0x63, 0x6f, 0x6d, 0x70, 0x5f, 0x63, 0x6e, 0x74, 0x01, 0xaa, 0x2e, 0x74, 0x67,
    0x69, 0x64, 0x5f, 0x78, 0x5f, 0x65, 0x6e, 0xc3, 0xaa, 0x2e, 0x74, 0x67, 0x69, 0x64, 0x5f, 0x79, 0x5f, 0x65, 0x6e,
    0xc3, 0xaa, 0x2e, 0x74, 0x67, 0x69, 0x64, 0x5f, 0x7a, 0x5f, 0x65, 0x6e, 0xc2, 0xab, 0x2e, 0x74, 0x67, 0x5f, 0x73,
    0x69, 0x7a, 0x65, 0x5f, 0x65, 0x6e, 0xc2, 0xa4, 0x2e, 0x61, 0x70, 0x69, 0xa7, 0x73, 0x63, 0x70, 0x63, 0x42, 0x6c,
    0x64, 0x00, 0x00, 0x00, 0x00, 0x00, 0x00, 0x00, 0x00, 0x00, 0x00, 0x00, 0x00, 0x00, 0x00, 0x00, 0x00, 0x00, 0x00,
    0x00, 0x00, 0x00, 0x00, 0x00, 0x00, 0x00, 0x00, 0x00, 0x00, 0x00, 0x00, 0x00, 0x00, 0x00, 0x00, 0x00, 0x00, 0x00,
    0x00, 0x00, 0x00, 0x00, 0x00, 0x00, 0x00, 0x00, 0x00, 0x00, 0x00, 0x00, 0x00, 0x00, 0x00, 0x00, 0x00, 0x00, 0x00,
    0x00, 0x00, 0x00, 0x00, 0x00, 0x00, 0x00, 0x00, 0x00, 0x00, 0x00, 0x00, 0x01, 0x00, 0x00, 0x00, 0x03, 0x00, 0x00,
    0x00, 0x00, 0x00, 0x00, 0x00, 0x00, 0x00, 0x00, 0x00, 0x00, 0x00, 0x00, 0x00, 0x00, 0x00, 0x00, 0x00, 0x40, 0x00,
    0x00, 0x00, 0x00, 0x00, 0x00, 0x00, 0x36, 0x00, 0x00, 0x00, 0x00, 0x00, 0x00, 0x00, 0x00, 0x00, 0x00, 0x00, 0x00,
    0x00, 0x00, 0x00, 0x00, 0x00, 0x00, 0x00, 0x00, 0x00, 0x00, 0x00, 0x00, 0x00, 0x00, 0x00, 0x00, 0x00, 0x00, 0x00,
    0x0b, 0x00, 0x00, 0x00, 0x01, 0x00, 0x00, 0x00, 0x06, 0x00, 0x00, 0x00, 0x00, 0x00, 0x00, 0x00, 0x00, 0x00, 0x00,
    0x00, 0x00, 0x00, 0x00, 0x00, 0x76, 0x00, 0x00, 0x00, 0x00, 0x00, 0x00, 0x00, 0x14, 0x07, 0x00, 0x00, 0x00, 0x00,
    0x00, 0x00, 0x00, 0x00, 0x00, 0x00, 0x00, 0x00, 0x00, 0x00, 0x00, 0x01, 0x00, 0x00, 0x00, 0x00, 0x00, 0x00, 0x00,
    0x00, 0x00, 0x00, 0x00, 0x00, 0x00, 0x00, 0x11, 0x00, 0x00, 0x00, 0x01, 0x00, 0x00, 0x00, 0x03, 0x00, 0x00, 0x00,
    0x00, 0x00, 0x00, 0x00, 0x00, 0x00, 0x00, 0x00, 0x00, 0x00, 0x00, 0x00, 0x8a, 0x07, 0x00, 0x00, 0x00, 0x00, 0x00,
    0x00, 0x10, 0x00, 0x00, 0x00, 0x00, 0x00, 0x00, 0x00, 0x00, 0x00, 0x00, 0x00, 0x00, 0x00, 0x00, 0x00, 0x20, 0x00,
    0x00, 0x00, 0x00, 0x00, 0x00, 0x00, 0x00, 0x00, 0x00, 0x00, 0x00, 0x00, 0x00, 0x00, 0x17, 0x00, 0x00, 0x00, 0x01,
    0x00, 0x00, 0x00, 0x00, 0x00, 0x00, 0x00, 0x00, 0x00, 0x00, 0x00, 0x00, 0x00, 0x00, 0x00, 0x00, 0x00, 0x00, 0x00,
    0x9a, 0x07, 0x00, 0x00, 0x00, 0x00, 0x00, 0x00, 0x50, 0x00, 0x00, 0x00, 0x00, 0x00, 0x00, 0x00, 0x00, 0x00, 0x00,
    0x00, 0x00, 0x00, 0x00, 0x00, 0x00, 0x00, 0x00, 0x00, 0x00, 0x00, 0x00, 0x00, 0x00, 0x00, 0x00, 0x00, 0x00, 0x00,
    0x00, 0x00, 0x20, 0x00, 0x00, 0x00, 0x03, 0x00, 0x00, 0x00, 0x00, 0x00, 0x00, 0x00, 0x00, 0x00, 0x00, 0x00, 0x00,
    0x00, 0x00, 0x00, 0x00, 0x00, 0x00, 0x00, 0xea, 0x07, 0x00, 0x00, 0x00, 0x00, 0x00, 0x00, 0x2b, 0x00, 0x00, 0x00,
    0x00, 0x00, 0x00, 0x00, 0x00, 0x00, 0x00, 0x00, 0x00, 0x00, 0x00, 0x00, 0x00, 0x00, 0x00, 0x00, 0x00, 0x00, 0x00,
    0x00, 0x00, 0x00, 0x00, 0x00, 0x00, 0x00, 0x00, 0x00, 0x28, 0x00, 0x00, 0x00, 0x02, 0x00, 0x00, 0x00, 0x00, 0x00,
    0x00, 0x00, 0x00, 0x00, 0x00, 0x00, 0x00, 0x00, 0x00, 0x00, 0x00, 0x00, 0x00, 0x00, 0x15, 0x08, 0x00, 0x00, 0x00,
    0x00, 0x00, 0x00, 0x48, 0x00, 0x00, 0x00, 0x00, 0x00, 0x00, 0x00, 0x05, 0x00, 0x00, 0x00, 0x00, 0x00, 0x00, 0x00,
    0x00, 0x00, 0x00, 0x00, 0x00, 0x00, 0x00, 0x00, 0x18, 0x00, 0x00, 0x00, 0x00, 0x00, 0x00, 0x00, 0x30, 0x00, 0x00,
    0x00, 0x07, 0x00, 0x00, 0x00, 0x00, 0x00, 0x00, 0x00, 0x00, 0x00, 0x00, 0x00, 0x00, 0x00, 0x00, 0x00, 0x00, 0x00,
    0x00, 0x00, 0x5d, 0x08, 0x00, 0x00, 0x00, 0x00, 0x00, 0x00, 0x30, 0x04, 0x00, 0x00, 0x00, 0x00, 0x00, 0x00, 0x00,
    0x00, 0x00, 0x00, 0x00, 0x00, 0x00, 0x00, 0x00, 0x00, 0x00, 0x00, 0x00, 0x00, 0x00, 0x00, 0x00, 0x00, 0x00, 0x00,
    0x00, 0x00, 0x00, 0x00,
};

// Mlaa Calc Sep Edge Length Initial compute shader binary
inline constexpr Util::uint8 MlaaCalcSepEdgeLengthInitial_Cs_0DCD1401[] =
{
    0x7f, 0x45, 0x4c, 0x46, 0x02, 0x01, 0x01, 0x41, 0x00, 0x00, 0x00, 0x00, 0x00, 0x00, 0x00, 0x00, 0x01, 0x00, 0xe0,
    0x00, 0x01, 0x00, 0x00, 0x00, 0x00, 0x00, 0x00, 0x00, 0x00, 0x00, 0x00, 0x00, 0x00, 0x00, 0x00, 0x00, 0x00, 0x00,
    0x00, 0x00, 0xc8, 0x08, 0x00, 0x00, 0x00, 0x00, 0x00, 0x00, 0x33, 0x05, 0x00, 0x00, 0x40, 0x00, 0x00, 0x00, 0x00,
    0x00, 0x40, 0x00, 0x08, 0x00, 0x01, 0x00, 0x00, 0x2e, 0x73, 0x68, 0x73, 0x74, 0x72, 0x74, 0x61, 0x62, 0x00, 0x2e,
    0x74, 0x65, 0x78, 0x74, 0x00, 0x2e, 0x64, 0x61, 0x74, 0x61, 0x00, 0x2e, 0x63, 0x6f, 0x6d, 0x6d, 0x65, 0x6e, 0x74,
    0x00, 0x2e, 0x73, 0x74, 0x72, 0x74, 0x61, 0x62, 0x00, 0x2e, 0x73, 0x79, 0x6d, 0x74, 0x61, 0x62, 0x00, 0x2e, 0x6e,
    0x6f, 0x74, 0x65, 0x00, 0x04, 0x40, 0x80, 0xb0, 0x80, 0x1f, 0x86, 0xbe, 0x03, 0x00, 0xa0, 0xbf, 0x02, 0x03, 0x80,
    0xbe, 0x07, 0x03, 0x81, 0xbe, 0x05, 0x00, 0x46, 0xd7, 0x04, 0x06, 0x05, 0x04, 0x00, 0x01, 0x08, 0xf4, 0xa0, 0x00,
    0x00, 0xfa, 0x04, 0x00, 0x46, 0xd7, 0x03, 0x06, 0x01, 0x04, 0x7f, 0xc0, 0x8c, 0xbf, 0xf9, 0x08, 0x8c, 0x7d, 0x05,
    0x82, 0x86, 0x06, 0x06, 0x0a, 0x8c, 0x7d, 0x02, 0x6a, 0x6a, 0x87, 0x6a, 0x3c, 0x82, 0xbe, 0x7f, 0x00, 0x88, 0xbf,
    0x00, 0x02, 0x0c, 0xf4, 0x40, 0x00, 0x00, 0xfa, 0x7f, 0xc0, 0x8c, 0xbf, 0x0a, 0x11, 0x00, 0xf0, 0x04, 0x00, 0x02,
    0x00, 0x05, 0x00, 0x00, 0x00, 0x70, 0x3f, 0x8c, 0xbf, 0x83, 0x00, 0x02, 0x36, 0x80, 0x02, 0x0a, 0x7d, 0x6a, 0x3c,
    0x83, 0xbe, 0x56, 0x00, 0x88, 0xbf, 0x81, 0x04, 0x07, 0x8f, 0xc1, 0x04, 0x04, 0x8f, 0x04, 0x08, 0x02, 0x4a, 0x07,
    0x08, 0x04, 0x4a, 0x07, 0x0a, 0x06, 0x4a, 0x04, 0x0a, 0x0c, 0x4a, 0x06, 0x0a, 0x1a, 0x22, 0x80, 0x02, 0x0e, 0x24,
    0x80, 0x04, 0x10, 0x24, 0x80, 0x06, 0x12, 0x24, 0x80, 0x0c, 0x14, 0x24, 0x05, 0x08, 0x16, 0x22, 0x05, 0x0e, 0x0e,
    0x22, 0x05, 0x10, 0x10, 0x22, 0x06, 0x12, 0x12, 0x22, 0x06, 0x14, 0x14, 0x22, 0x03, 0x00, 0xa1, 0xbf, 0x0a, 0x11,
    0x00, 0xf0, 0x07, 0x07, 0x02, 0x00, 0x0d, 0x00, 0x00, 0x00, 0x0a, 0x11, 0x00, 0xf0, 0x08, 0x08, 0x02, 0x00, 0x0d,
    0x00, 0x00, 0x00, 0x0a, 0x11, 0x00, 0xf0, 0x0b, 0x09, 0x02, 0x00, 0x09, 0x00, 0x00, 0x00, 0x0a, 0x11, 0x00, 0xf0,
    0x0b, 0x0a, 0x02, 0x00, 0x0a, 0x00, 0x00, 0x00, 0x05, 0x02, 0x16, 0x26, 0x06, 0x0c, 0x18, 0x26, 0x80, 0x02, 0x02,
    0x4c, 0x81, 0x00, 0x1a, 0x36, 0x82, 0x00, 0x00, 0x36, 0x80, 0x16, 0x16, 0x4c, 0x80, 0x18, 0x18, 0x4c, 0x80, 0x0c,
    0x0c, 0x4c, 0x06, 0x06, 0x1e, 0x26, 0x80, 0x1a, 0x0a, 0x7d, 0xf9, 0x16, 0x0a, 0x7d, 0x01, 0x84, 0x06, 0x06, 0x05,
    0x04, 0x16, 0x26, 0x0d, 0x00, 0x01, 0xd5, 0x80, 0xfe, 0xa9, 0x01, 0x00, 0x80, 0x00, 0x00, 0x0e, 0x00, 0x01, 0xd5,
    0x80, 0x0e, 0xa8, 0x01, 0x80, 0x00, 0x0a, 0x7d, 0x01, 0x00, 0x01, 0xd5, 0x80, 0x0e, 0xa8, 0x01, 0xf9, 0x1e, 0x0a,
    0x7d, 0x03, 0x85, 0x06, 0x06, 0xf9, 0x18, 0x0a, 0x7d, 0x06, 0x87, 0x06, 0x06, 0xf9, 0x16, 0x0a, 0x7d, 0x02, 0x86,
    0x06, 0x06, 0x00, 0x00, 0x01, 0xd5, 0x80, 0xfe, 0xa9, 0x01, 0x00, 0x80, 0x00, 0x00, 0x73, 0x3f, 0x8c, 0xbf, 0x81,
    0x0e, 0x0e, 0x36, 0x72, 0x3f, 0x8c, 0xbf, 0x81, 0x10, 0x06, 0x36, 0x71, 0x3f, 0x8c, 0xbf, 0x82, 0x12, 0x0c, 0x36,
    0x70, 0x3f, 0x8c, 0xbf, 0x82, 0x14, 0x04, 0x36, 0x08, 0x00, 0x82, 0xd4, 0x07, 0x01, 0x01, 0x00, 0x0a, 0x00, 0x82,
    0xd4, 0x03, 0x01, 0x01, 0x00, 0x0b, 0x00, 0x82, 0xd4, 0x06, 0x01, 0x01, 0x00, 0x09, 0x00, 0x82, 0xd4, 0x02, 0x01,
    0x01, 0x00, 0x08, 0x04, 0x04, 0x88, 0x0b, 0x05, 0x05, 0x88, 0x0a, 0x06, 0x06, 0x88, 0x09, 0x07, 0x6a, 0x88, 0x01,
    0x01, 0x06, 0x02, 0x07, 0x00, 0x01, 0xd5, 0x0e, 0x1b, 0x12, 0x00, 0x02, 0x00, 0x01, 0xd5, 0x0e, 0x1b, 0x1a, 0x00,
    0x01, 0x00, 0x01, 0xd5, 0x01, 0x01, 0x16, 0x00, 0x03, 0x7e, 0x7e, 0x8a, 0x80, 0x02, 0x0e, 0x7e, 0x80, 0x02, 0x02,
    0x7e, 0x80, 0x02, 0x04, 0x7e, 0x80, 0x02, 0x06, 0x7e, 0x03, 0x03, 0xfe, 0xbe, 0x00, 0x01, 0x0c, 0xf4, 0x00, 0x00,
    0x00, 0xfa, 0x00, 0x03, 0x0c, 0xf4, 0x20, 0x00, 0x00, 0xfa, 0x00, 0x00, 0x44, 0xd7, 0x07, 0x05, 0xfe, 0x03, 0x00,
    0x01, 0x04, 0x05, 0x06, 0x00, 0x44, 0xd7, 0x01, 0x07, 0xfe, 0x03, 0x00, 0x01, 0x04, 0x05, 0x00, 0x03, 0x02, 0x7e,
    0x00, 0x03, 0x04, 0x7e, 0x00, 0x03, 0x06, 0x7e, 0x06, 0x03, 0x0e, 0x7e, 0x06, 0x03, 0x10, 0x7e, 0x06, 0x03, 0x12,
    0x7e, 0x7f, 0xc0, 0x8c, 0xbf, 0xe3, 0xff, 0xa3, 0xbf, 0x0a, 0x3f, 0x20, 0xf0, 0x04, 0x00, 0x01, 0x00, 0x05, 0x00,
    0x00, 0x00, 0x0a, 0x3f, 0x20, 0xf0, 0x04, 0x06, 0x03, 0x00, 0x05, 0x00, 0x00, 0x00, 0x00, 0x00, 0x81, 0xbf, 0x00,
    0x00, 0x9f, 0xbf, 0x00, 0x00, 0x9f, 0xbf, 0x00, 0x00, 0x9f, 0xbf, 0x00, 0x00, 0x9f, 0xbf, 0x00, 0x00, 0x9f, 0xbf,
    0x00, 0x00, 0x9f, 0xbf, 0x00, 0x00, 0x9f, 0xbf, 0x00, 0x00, 0x9f, 0xbf, 0x00, 0x00, 0x9f, 0xbf, 0x00, 0x00, 0x9f,
    0xbf, 0x00, 0x00, 0x9f, 0xbf, 0x00, 0x00, 0x9f, 0xbf, 0x00, 0x00, 0x9f, 0xbf, 0x00, 0x00, 0x9f, 0xbf, 0x00, 0x00,
    0x9f, 0xbf, 0x00, 0x00, 0x9f, 0xbf, 0x00, 0x00, 0x9f, 0xbf, 0x00, 0x00, 0x9f, 0xbf, 0x00, 0x00, 0x9f, 0xbf, 0x00,
    0x00, 0x9f, 0xbf, 0x00, 0x00, 0x9f, 0xbf, 0x00, 0x00, 0x9f, 0xbf, 0x00, 0x00, 0x9f, 0xbf, 0x00, 0x00, 0x9f, 0xbf,
    0x00, 0x00, 0x9f, 0xbf, 0x00, 0x00, 0x9f, 0xbf, 0x00, 0x00, 0x9f, 0xbf, 0x00, 0x00, 0x9f, 0xbf, 0x00, 0x00, 0x9f,
    0xbf, 0x00, 0x00, 0x9f, 0xbf, 0x00, 0x00, 0x9f, 0xbf, 0x00, 0x00, 0x9f, 0xbf, 0x00, 0x00, 0x9f, 0xbf, 0x00, 0x00,
    0x9f, 0xbf, 0x00, 0x00, 0x9f, 0xbf, 0x00, 0x00, 0x9f, 0xbf, 0x00, 0x00, 0x9f, 0xbf, 0x00, 0x00, 0x9f, 0xbf, 0x00,
    0x00, 0x9f, 0xbf, 0x00, 0x00, 0x9f, 0xbf, 0x00, 0x00, 0x9f, 0xbf, 0x00, 0x00, 0x9f, 0xbf, 0x00, 0x00, 0x9f, 0xbf,
    0x00, 0x00, 0x9f, 0xbf, 0x00, 0x00, 0x9f, 0xbf, 0x00, 0x00, 0x9f, 0xbf, 0x00, 0x00, 0x9f, 0xbf, 0x00, 0x00, 0x9f,
    0xbf, 0x00, 0x00, 0x9f, 0xbf, 0x00, 0x00, 0x9f, 0xbf, 0x00, 0x00, 0x9f, 0xbf, 0x00, 0x00, 0x9f, 0xbf, 0x00, 0x00,
    0x9f, 0xbf, 0x00, 0x00, 0x9f, 0xbf, 0x00, 0x00, 0x9f, 0xbf, 0x00, 0x00, 0x9f, 0xbf, 0x00, 0x00, 0x9f, 0xbf, 0x00,
    0x00, 0x9f, 0xbf, 0x00, 0x00, 0x9f, 0xbf, 0x00, 0x00, 0x9f, 0xbf, 0x00, 0x00, 0x9f, 0xbf, 0x00, 0x00, 0x9f, 0xbf,
    0x00, 0x00, 0x9f, 0xbf, 0x00, 0x00, 0x9f, 0xbf, 0x00, 0x00, 0x00, 0x00, 0x00, 0x00, 0x10, 0x00, 0x00, 0x00, 0x00,
    0x00, 0xac, 0xbf, 0x04, 0x11, 0x47, 0x65, 0x6e, 0x65, 0x72, 0x61, 0x74, 0x65, 0x64, 0x20, 0x62, 0x79, 0x20, 0x74,
    0x68, 0x65, 0x20, 0x41, 0x64, 0x76, 0x61, 0x6e, 0x63, 0x65, 0x64, 0x20, 0x4d, 0x69, 0x63, 0x72, 0x6f, 0x20, 0x44,
    0x65, 0x76, 0x69, 0x63, 0x65, 0x73, 0x2c, 0x20, 0x49, 0x6e, 0x63, 0x2e, 0x2c, 0x20, 0x50, 0x72, 0x6f, 0x70, 0x72,
    0x69, 0x65, 0x74, 0x61, 0x72, 0x79, 0x20, 0x47, 0x50, 0x55, 0x20, 0x53, 0x68, 0x61, 0x64, 0x65, 0x72, 0x20, 0x43,
    0x6f, 0x6d, 0x70, 0x69, 0x6c, 0x65, 0x72, 0x2e, 0x00, 0x00, 0x5f, 0x61, 0x6d, 0x64, 0x67, 0x70, 0x75, 0x5f, 0x63,
    0x73, 0x5f, 0x6d, 0x61, 0x69, 0x6e, 0x00, 0x5f, 0x61, 0x6d, 0x64, 0x67, 0x70, 0x75, 0x5f, 0x63, 0x73, 0x5f, 0x73,
    0x68, 0x64, 0x72, 0x5f, 0x69, 0x6e, 0x74, 0x72, 0x6c, 0x5f, 0x74, 0x62, 0x6c, 0x00, 0x00, 0x00, 0x00, 0x00, 0x00,
    0x00, 0x00, 0x00, 0x00, 0x00, 0x00, 0x00, 0x00, 0x00, 0x00, 0x00, 0x00, 0x00, 0x00, 0x00, 0x00, 0x00, 0x00, 0x00,
    0x01, 0x00, 0x00, 0x00, 0x12, 0x00, 0x02, 0x00, 0x00, 0x00, 0x00, 0x00, 0x00, 0x00, 0x00, 0x00, 0x48, 0x03, 0x00,
    0x00, 0x00, 0x00, 0x00, 0x00, 0x11, 0x00, 0x00, 0x00, 0x11, 0x00, 0x03, 0x00, 0x00, 0x00, 0x00, 0x00, 0x00, 0x00,
    0x00, 0x00, 0x10, 0x00, 0x00, 0x00, 0x00, 0x00, 0x00, 0x00, 0x07, 0x00, 0x00, 0x00, 0x1e, 0x04, 0x00, 0x00, 0x20,
    0x00, 0x00, 0x00, 0x41, 0x4d, 0x44, 0x47, 0x50, 0x55, 0x00, 0x00, 0x82, 0xae, 0x61, 0x6d, 0x64, 0x70, 0x61, 0x6c,
    0x2e, 0x76, 0x65, 0x72, 0x73, 0x69, 0x6f, 0x6e, 0x92, 0x03, 0x06, 0xb0, 0x61, 0x6d, 0x64, 0x70, 0x61, 0x6c, 0x2e,
    0x70, 0x69, 0x70, 0x65, 0x6c, 0x69, 0x6e, 0x65, 0x73, 0x91, 0x8b, 0xa5, 0x2e, 0x74, 0x79, 0x70, 0x65, 0xa2, 0x43,
    0x73, 0xae, 0x2e, 0x72, 0x65, 0x73, 0x6f, 0x75, 0x72, 0x63, 0x65, 0x5f, 0x68, 0x61, 0x73, 0x68, 0xcf, 0x9e, 0xbd,
    0xe0, 0x73, 0x00, 0x98, 0xf3, 0x1e, 0xb0, 0x2e, 0x73, 0x70, 0x69, 0x6c, 0x6c, 0x5f, 0x74, 0x68, 0x72, 0x65, 0x73,
    0x68, 0x6f, 0x6c, 0x64, 0xcd, 0xff, 0xff, 0xb0, 0x2e, 0x75, 0x73, 0x65, 0x72, 0x5f, 0x64, 0x61, 0x74, 0x61, 0x5f,
    0x6c, 0x69, 0x6d, 0x69, 0x74, 0x01, 0xa8, 0x2e, 0x73, 0x68, 0x61, 0x64, 0x65, 0x72, 0x73, 0x81, 0xa8, 0x2e, 0x63,
    0x6f, 0x6d, 0x70, 0x75, 0x74, 0x65, 0x83, 0xb0, 0x2e, 0x61, 0x70, 0x69, 0x5f, 0x73, 0x68, 0x61, 0x64, 0x65, 0x72,
    0x5f, 0x68, 0x61, 0x73, 0x68, 0x92, 0xcf, 0xfa, 0xbd, 0x40, 0x62, 0x7e, 0xdd, 0xdb, 0x6b, 0xcf, 0xbd, 0xdd, 0xee,
    0xf8, 0x82, 0xa8, 0x11, 0xfe, 0xb1, 0x2e, 0x68, 0x61, 0x72, 0x64, 0x77, 0x61, 0x72, 0x65, 0x5f, 0x6d, 0x61, 0x70,
    0x70, 0x69, 0x6e, 0x67, 0x91, 0xa3, 0x2e, 0x63, 0x73, 0xaf, 0x2e, 0x73, 0x68, 0x61, 0x64, 0x65, 0x72, 0x5f, 0x73,
    0x75, 0x62, 0x74, 0x79, 0x70, 0x65, 0xa7, 0x55, 0x6e, 0x6b, 0x6e, 0x6f, 0x77, 0x6e, 0xb0, 0x2e, 0x68, 0x61, 0x72,
    0x64, 0x77, 0x61, 0x72, 0x65, 0x5f, 0x73, 0x74, 0x61, 0x67, 0x65, 0x73, 0x81, 0xa3, 0x2e, 0x63, 0x73, 0xde, 0x00,
    0x1b, 0xb3, 0x2e, 0x65, 0x6e, 0x74, 0x72, 0x79, 0x5f, 0x70, 0x6f, 0x69, 0x6e, 0x74, 0x5f, 0x73, 0x79, 0x6d, 0x62,
    0x6f, 0x6c, 0xaf, 0x5f, 0x61, 0x6d, 0x64, 0x67, 0x70, 0x75, 0x5f, 0x63, 0x73, 0x5f, 0x6d, 0x61, 0x69, 0x6e, 0xab,
    0x2e, 0x73, 0x67, 0x70, 0x72, 0x5f, 0x63, 0x6f, 0x75, 0x6e, 0x74, 0x14, 0xab, 0x2e, 0x76, 0x67, 0x70, 0x72, 0x5f,
    0x63, 0x6f, 0x75, 0x6e, 0x74, 0x10, 0xa9, 0x2e, 0x6c, 0x64, 0x73, 0x5f, 0x73, 0x69, 0x7a, 0x65, 0x00, 0xb4, 0x2e,
    0x73, 0x63, 0x72, 0x61, 0x74, 0x63, 0x68, 0x5f, 0x6d, 0x65, 0x6d, 0x6f, 0x72, 0x79, 0x5f, 0x73, 0x69, 0x7a, 0x65,
    0x00, 0xb4, 0x2e, 0x66, 0x72, 0x6f, 0x6e, 0x74, 0x65, 0x6e, 0x64, 0x5f, 0x73, 0x74, 0x61, 0x63, 0x6b, 0x5f, 0x73,
    0x69, 0x7a, 0x65, 0x00, 0xb3, 0x2e, 0x62, 0x61, 0x63, 0x6b, 0x65, 0x6e, 0x64, 0x5f, 0x73, 0x74, 0x61, 0x63, 0x6b,
    0x5f, 0x73, 0x69, 0x7a, 0x65, 0x00, 0xb6, 0x2e, 0x70, 0x65, 0x72, 0x66, 0x5f, 0x64, 0x61, 0x74, 0x61, 0x5f, 0x62,
    0x75, 0x66, 0x66, 0x65, 0x72, 0x5f, 0x73, 0x69, 0x7a, 0x65, 0x00, 0xaa, 0x2e, 0x75, 0x73, 0x65, 0x73, 0x5f, 0x75,
    0x61, 0x76, 0x73, 0xc3, 0xac, 0x2e, 0x77, 0x72, 0x69, 0x74, 0x65, 0x73, 0x5f, 0x75, 0x61, 0x76, 0x73, 0xc3, 0xb4,
    0x2e, 0x75, 0x73, 0x65, 0x73, 0x5f, 0x61, 0x70, 0x70, 0x65, 0x6e, 0x64, 0x5f, 0x63, 0x6f, 0x6e, 0x73, 0x75, 0x6d,
    0x65, 0xc2, 0xaf, 0x2e, 0x77, 0x61, 0x76, 0x65, 0x66, 0x72, 0x6f, 0x6e, 0x74, 0x5f, 0x73, 0x69, 0x7a, 0x65, 0x20,
    0xb2, 0x2e, 0x75, 0x73, 0x65, 0x72, 0x5f, 0x64, 0x61, 0x74, 0x61, 0x5f, 0x72, 0x65, 0x67, 0x5f, 0x6d, 0x61, 0x70,
    0xdc, 0x00, 0x20, 0xce, 0xff, 0xff, 0xff, 0xff, 0xce, 0xff, 0xff, 0xff, 0xff, 0x00, 0xce, 0xff, 0xff, 0xff, 0xff,
    0xce, 0xff, 0xff, 0xff, 0xff, 0xce, 0xff, 0xff, 0xff, 0xff, 0xce, 0xff, 0xff, 0xff, 0xff, 0xce, 0xff, 0xff, 0xff,
    0xff, 0xce, 0xff, 0xff, 0xff, 0xff, 0xce, 0xff, 0xff, 0xff, 0xff, 0xce, 0xff, 0xff, 0xff, 0xff, 0xce, 0xff, 0xff,
    0xff, 0xff, 0xce, 0xff, 0xff, 0xff, 0xff, 0xce, 0xff, 0xff, 0xff, 0xff, 0xce, 0xff, 0xff, 0xff, 0xff, 0xce, 0xff,
    0xff, 0xff, 0xff, 0xce, 0xff, 0xff, 0xff, 0xff, 0xce, 0xff, 0xff, 0xff, 0xff, 0xce, 0xff, 0xff, 0xff, 0xff, 0xce,
    0xff, 0xff, 0xff, 0xff, 0xce, 0xff, 0xff, 0xff, 0xff, 0xce, 0xff, 0xff, 0xff, 0xff, 0xce, 0xff, 0xff, 0xff, 0xff,
    0xce, 0xff, 0xff, 0xff, 0xff, 0xce, 0xff, 0xff, 0xff, 0xff, 0xce, 0xff, 0xff, 0xff, 0xff, 0xce, 0xff, 0xff, 0xff,
    0xff, 0xce, 0xff, 0xff, 0xff, 0xff, 0xce, 0xff, 0xff, 0xff, 0xff, 0xce, 0xff, 0xff, 0xff, 0xff, 0xce, 0xff, 0xff,
    0xff, 0xff, 0xce, 0xff, 0xff, 0xff, 0xff, 0xb7, 0x2e, 0x74, 0x68, 0x72, 0x65, 0x61, 0x64, 0x67, 0x72, 0x6f, 0x75,
    0x70, 0x5f, 0x64, 0x69, 0x6d, 0x65, 0x6e, 0x73, 0x69, 0x6f, 0x6e, 0x73, 0x93, 0x08, 0x08, 0x01, 0xab, 0x2e, 0x66,
    0x6c, 0x6f, 0x61, 0x74, 0x5f, 0x6d, 0x6f, 0x64, 0x65, 0xcc, 0xc0, 0xae, 0x2e, 0x66, 0x70, 0x31, 0x36, 0x5f, 0x6f,
    0x76, 0x65, 0x72, 0x66, 0x6c, 0x6f, 0x77, 0xc2, 0xaa, 0x2e, 0x69, 0x65, 0x65, 0x65, 0x5f, 0x6d, 0x6f, 0x64, 0x65,
    0xc2, 0xa9, 0x2e, 0x77, 0x67, 0x70, 0x5f, 0x6d, 0x6f, 0x64, 0x65, 0xc2, 0xac, 0x2e, 0x6d, 0x65, 0x6d, 0x5f, 0x6f,
    0x72, 0x64, 0x65, 0x72, 0x65, 0x64, 0xc2, 0xb1, 0x2e, 0x66, 0x6f, 0x72, 0x77, 0x61, 0x72, 0x64, 0x5f, 0x70, 0x72,
    0x6f, 0x67, 0x72, 0x65, 0x73, 0x73, 0xc2, 0xab, 0x2e, 0x75, 0x73, 0x65, 0x72, 0x5f, 0x73, 0x67, 0x70, 0x72, 0x73,
    0x03, 0xa8, 0x2e, 0x65, 0x78, 0x63, 0x70, 0x5f, 0x65, 0x6e, 0x00, 0xab, 0x2e, 0x73, 0x63, 0x72, 0x61, 0x74, 0x63,
    0x68, 0x5f, 0x65, 0x6e, 0xc2, 0xad, 0x2e, 0x74, 0x72, 0x61, 0x70, 0x5f, 0x70, 0x72, 0x65, 0x73, 0x65, 0x6e, 0x74,
    0xc2, 0xb0, 0x2e, 0x73, 0x68, 0x61, 0x72, 0x65, 0x64, 0x5f, 0x76, 0x67, 0x70, 0x72, 0x5f, 0x63, 0x6e, 0x74, 0x00,
    0xad, 0x2e, 0x77, 0x61, 0x76, 0x65, 0x73, 0x5f, 0x70, 0x65, 0x72, 0x5f, 0x73, 0x65, 0x00, 0xaf, 0x2e, 0x63, 0x68,
    0x65, 0x63, 0x6b, 0x73, 0x75, 0x6d, 0x5f, 0x76, 0x61, 0x6c, 0x75, 0x65, 0xce, 0xbb, 0x15, 0x64, 0x0f, 0xaa, 0x2e,
    0x72, 0x65, 0x67, 0x69, 0x73, 0x74, 0x65, 0x72, 0x73, 0x81, 0xcd, 0x2e, 0x42, 0x00, 0xa5, 0x2e, 0x6e, 0x61, 0x6d,
    0x65, 0xbc, 0x4d, 0x6c, 0x61, 0x61, 0x43, 0x61, 0x6c, 0x63, 0x53, 0x65, 0x70, 0x45, 0x64, 0x67, 0x65, 0x4c, 0x65,
    0x6e, 0x67, 0x74, 0x68, 0x49, 0x6e, 0x69, 0x74, 0x69, 0x61, 0x6c, 0xb7, 0x2e, 0x69, 0x6e, 0x74, 0x65, 0x72, 0x6e,
    0x61, 0x6c, 0x5f, 0x70, 0x69, 0x70, 0x65, 0x6c, 0x69, 0x6e, 0x65, 0x5f, 0x68, 0x61, 0x73, 0x68, 0x92, 0xcf, 0xe7,
    0x91, 0x67, 0x97, 0xfa, 0x8e, 0x55, 0x62, 0xcf, 0xdb, 0xa7, 0x54, 0xd1, 0x70, 0x9b, 0x6f, 0x78, 0xb2, 0x2e, 0x63,
    0x6f, 0x6d, 0x70, 0x75, 0x74, 0x65, 0x5f, 0x72, 0x65, 0x67, 0x69, 0x73, 0x74, 0x65, 0x72, 0x73, 0x85, 0xaf, 0x2e,
    0x74, 0x69, 0x64, 0x69, 0x67, 0x5f, 0x63, 0x6f, 0x6d, 0x70, 0x5f, 0x63, 0x6e, 0x74, 0x01, 0xaa, 0x2e, 0x74, 0x67,
    0x69, 0x64, 0x5f, 0x78, 0x5f, 0x65, 0x6e, 0xc3, 0xaa, 0x2e, 0x74, 0x67, 0x69, 0x64, 0x5f, 0x79, 0x5f, 0x65, 0x6e,
    0xc3, 0xaa, 0x2e, 0x74, 0x67, 0x69, 0x64, 0x5f, 0x7a, 0x5f, 0x65, 0x6e, 0xc2, 0xab, 0x2e, 0x74, 0x67, 0x5f, 0x73,
    0x69, 0x7a, 0x65, 0x5f, 0x65, 0x6e, 0xc2, 0xa4, 0x2e, 0x61, 0x70, 0x69, 0xa7, 0x73, 0x63, 0x70, 0x63, 0x42, 0x6c,
    0x64, 0x00, 0x00, 0x00, 0x00, 0x00, 0x00, 0x00, 0x00, 0x00, 0x00, 0x00, 0x00, 0x00, 0x00, 0x00, 0x00, 0x00, 0x00,
    0x00, 0x00, 0x00, 0x00, 0x00, 0x00, 0x00, 0x00, 0x00, 0x00, 0x00, 0x00, 0x00, 0x00, 0x00, 0x00, 0x00, 0x00, 0x00,
    0x00, 0x00, 0x00, 0x00, 0x00, 0x00, 0x00, 0x00, 0x00, 0x00, 0x00, 0x00, 0x00, 0x00, 0x00, 0x00, 0x00, 0x00, 0x00,
    0x00, 0x00, 0x00, 0x00, 0x00, 0x00, 0x00, 0x00, 0x00, 0x00, 0x00, 0x00, 0x00, 0x01, 0x00, 0x00, 0x00, 0x03, 0x00,
    0x00, 0x00, 0x00, 0x00, 0x00, 0x00, 0x00, 0x00, 0x00, 0x00, 0x00, 0x00, 0x00, 0x00, 0x00, 0x00, 0x00, 0x00, 0x40,
    0x00, 0x00, 0x00, 0x00, 0x00, 0x00, 0x00, 0x36, 0x00, 0x00, 0x00, 0x00, 0x00, 0x00, 0x00, 0x00, 0x00, 0x00, 0x00,
    0x00, 0x00, 0x00, 0x00, 0x00, 0x00, 0x00, 0x00, 0x00, 0x00, 0x00, 0x00, 0x00, 0x00, 0x00, 0x00, 0x00, 0x00, 0x00,
    0x00, 0x0b, 0x00, 0x00, 0x00, 0x01, 0x00, 0x00, 0x00, 0x06, 0x00, 0x00, 0x00, 0x00, 0x00, 0x00, 0x00, 0x00, 0x00,
    0x00, 0x00, 0x00, 0x00, 0x00, 0x00, 0x76, 0x00, 0x00, 0x00, 0x00, 0x00, 0x00, 0x00, 0x48, 0x03, 0x00, 0x00, 0x00,
    0x00, 0x00, 0x00, 0x00, 0x00, 0x00, 0x00, 0x00, 0x00, 0x00, 0x00, 0x00, 0x01, 0x00, 0x00, 0x00, 0x00, 0x00, 0x00,
    0x00, 0x00, 0x00, 0x00, 0x00, 0x00, 0x00, 0x00, 0x11, 0x00, 0x00, 0x00, 0x01, 0x00, 0x00, 0x00, 0x03, 0x00, 0x00,
    0x00, 0x00, 0x00, 0x00, 0x00, 0x00, 0x00, 0x00, 0x00, 0x00, 0x00, 0x00, 0x00, 0xbe, 0x03, 0x00, 0x00, 0x00, 0x00,
    0x00, 0x00, 0x10, 0x00, 0x00, 0x00, 0x00, 0x00, 0x00, 0x00, 0x00, 0x00, 0x00, 0x00, 0x00, 0x00, 0x00, 0x00, 0x20,
    0x00, 0x00, 0x00, 0x00, 0x00, 0x00, 0x00, 0x00, 0x00, 0x00, 0x00, 0x00, 0x00, 0x00, 0x00, 0x17, 0x00, 0x00, 0x00,
    0x01, 0x00, 0x00, 0x00, 0x00, 0x00, 0x00, 0x00, 0x00, 0x00, 0x00, 0x00, 0x00, 0x00, 0x00, 0x00, 0x00, 0x00, 0x00,
    0x00, 0xce, 0x03, 0x00, 0x00, 0x00, 0x00, 0x00, 0x00, 0x50, 0x00, 0x00, 0x00, 0x00, 0x00, 0x00, 0x00, 0x00, 0x00,
    0x00, 0x00, 0x00, 0x00, 0x00, 0x00, 0x00, 0x00, 0x00, 0x00, 0x00, 0x00, 0x00, 0x00, 0x00, 0x00, 0x00, 0x00, 0x00,
    0x00, 0x00, 0x00, 0x20, 0x00, 0x00, 0x00, 0x03, 0x00, 0x00, 0x00, 0x00, 0x00, 0x00, 0x00, 0x00, 0x00, 0x00, 0x00,
    0x00, 0x00, 0x00, 0x00, 0x00, 0x00, 0x00, 0x00, 0x1e, 0x04, 0x00, 0x00, 0x00, 0x00, 0x00, 0x00, 0x2b, 0x00, 0x00,
    0x00, 0x00, 0x00, 0x00, 0x00, 0x00, 0x00, 0x00, 0x00, 0x00, 0x00, 0x00, 0x00, 0x00, 0x00, 0x00, 0x00, 0x00, 0x00,
    0x00, 0x00, 0x00, 0x00, 0x00, 0x00, 0x00, 0x00, 0x00, 0x00, 0x28, 0x00, 0x00, 0x00, 0x02, 0x00, 0x00, 0x00, 0x00,
    0x00, 0x00, 0x00, 0x00, 0x00, 0x00, 0x00, 0x00, 0x00, 0x00, 0x00, 0x00, 0x00, 0x00, 0x00, 0x49, 0x04, 0x00, 0x00,
    0x00, 0x00, 0x00, 0x00, 0x48, 0x00, 0x00, 0x00, 0x00, 0x00, 0x00, 0x00, 0x05, 0x00, 0x00, 0x00, 0x00, 0x00, 0x00,
    0x00, 0x00, 0x00, 0x00, 0x00, 0x00, 0x00, 0x00, 0x00, 0x18, 0x00, 0x00, 0x00, 0x00, 0x00, 0x00, 0x00, 0x30, 0x00,
    0x00, 0x00, 0x07, 0x00, 0x00, 0x00, 0x00, 0x00, 0x00, 0x00, 0x00, 0x00, 0x00, 0x00, 0x00, 0x00, 0x00, 0x00, 0x00,
    0x00, 0x00, 0x00, 0x91, 0x04, 0x00, 0x00, 0x00, 0x00, 0x00, 0x00, 0x34, 0x04, 0x00, 0x00, 0x00, 0x00, 0x00, 0x00,
    0x00, 0x00, 0x00, 0x00, 0x00, 0x00, 0x00, 0x00, 0x00, 0x00, 0x00, 0x00, 0x00, 0x00, 0x00, 0x00, 0x00, 0x00, 0x00,
    0x00, 0x00, 0x00, 0x00, 0x00,
};

// Mlaa Final Blend compute shader binary
inline constexpr Util::uint8 MlaaFinalBlend_Cs_0DCD1401[] =
{
    0x7f, 0x45, 0x4c, 0x46, 0x02, 0x01, 0x01, 0x41, 0x00, 0x00, 0x00, 0x00, 0x00, 0x00, 0x00, 0x00, 0x01, 0x00, 0xe0,
    0x00, 0x01, 0x00, 0x00, 0x00, 0x00, 0x00, 0x00, 0x00, 0x00, 0x00, 0x00, 0x00, 0x00, 0x00, 0x00, 0x00, 0x00, 0x00,
    0x00, 0x00, 0x20, 0x0f, 0x00, 0x00, 0x00, 0x00, 0x00, 0x00, 0x33, 0x05, 0x00, 0x00, 0x40, 0x00, 0x00, 0x00, 0x00,
    0x00, 0x40, 0x00, 0x08, 0x00, 0x01, 0x00, 0x00, 0x2e, 0x73, 0x68, 0x73, 0x74, 0x72, 0x74, 0x61, 0x62, 0x00, 0x2e,
    0x74, 0x65, 0x78, 0x74, 0x00, 0x2e, 0x64, 0x61, 0x74, 0x61, 0x00, 0x2e, 0x63, 0x6f, 0x6d, 0x6d, 0x65, 0x6e, 0x74,
    0x00, 0x2e, 0x73, 0x74, 0x72, 0x74, 0x61, 0x62, 0x00, 0x2e, 0x73, 0x79, 0x6d, 0x74, 0x61, 0x62, 0x00, 0x2e, 0x6e,
    0x6f, 0x74, 0x65, 0x00, 0x04, 0x40, 0x80, 0xb0, 0x80, 0x1f, 0x86, 0xbe, 0x03, 0x00, 0xa0, 0xbf, 0x02, 0x03, 0x80,
    0xbe, 0x07, 0x03, 0x81, 0xbe, 0x00, 0x00, 0x46, 0xd7, 0x03, 0x06, 0x01, 0x04, 0x80, 0x00, 0x04, 0xf4, 0x84, 0x00,
    0x00, 0xfa, 0x01, 0x00, 0x46, 0xd7, 0x04, 0x06, 0x05, 0x04, 0x7f, 0xc0, 0x8c, 0xbf, 0xf9, 0x00, 0x8c, 0x7d, 0x02,
    0x82, 0x86, 0x06, 0x03, 0x02, 0x8c, 0x7d, 0x02, 0x6a, 0x6a, 0x87, 0x6a, 0x3c, 0x82, 0xbe, 0x19, 0x02, 0x88, 0xbf,
    0x00, 0x01, 0x0c, 0xf4, 0x40, 0x00, 0x00, 0xfa, 0x00, 0x03, 0x0c, 0xf4, 0x20, 0x00, 0x00, 0xfa, 0x7f, 0xc0, 0x8c,
    0xbf, 0x0a, 0x11, 0x00, 0xf0, 0x00, 0x02, 0x01, 0x00, 0x01, 0x00, 0x00, 0x00, 0x0a, 0x1f, 0x00, 0xf0, 0x00, 0x1e,
    0x03, 0x00, 0x01, 0x00, 0x00, 0x00, 0x71, 0x3f, 0x8c, 0xbf, 0xff, 0x04, 0x06, 0x36, 0x00, 0x80, 0x00, 0x80, 0x80,
    0x06, 0x8a, 0x7d, 0x6a, 0x3c, 0x83, 0xbe, 0x77, 0x00, 0x88, 0xbf, 0x09, 0x00, 0x48, 0xd5, 0x02, 0x21, 0x3d, 0x02,
    0xc1, 0x12, 0x06, 0x4c, 0xff, 0x04, 0x16, 0x36, 0xff, 0x7f, 0x00, 0x00, 0x00, 0x13, 0x04, 0x4c, 0xc1, 0x02, 0x14,
    0x4a, 0x00, 0x07, 0x06, 0x4a, 0x00, 0x17, 0x08, 0x4a, 0x81, 0x08, 0x18, 0x4a, 0x04, 0x00, 0xa1, 0xbf, 0x0a, 0x1f,
    0x00, 0xf0, 0x00, 0x0d, 0x03, 0x00, 0x0a, 0x00, 0x00, 0x00, 0x0a, 0x17, 0x00, 0xf0, 0x02, 0x12, 0x03, 0x00, 0x01,
    0x00, 0x00, 0x00, 0x0a, 0x17, 0x00, 0xf0, 0x03, 0x15, 0x03, 0x00, 0x01, 0x00, 0x00, 0x00, 0x0a, 0x17, 0x00, 0xf0,
    0x04, 0x02, 0x03, 0x00, 0x01, 0x00, 0x00, 0x00, 0x0a, 0x17, 0x00, 0xf0, 0x0c, 0x18, 0x03, 0x00, 0x01, 0x00, 0x00,
    0x00, 0x09, 0x17, 0x14, 0x4a, 0x81, 0x14, 0x16, 0x4a, 0x0b, 0x0b, 0x16, 0x7e, 0x09, 0x0b, 0x12, 0x7e, 0x72, 0x3f,
    0x8c, 0xbf, 0x12, 0x2b, 0x18, 0x08, 0x13, 0x2d, 0x22, 0x08, 0x14, 0x2f, 0x24, 0x08, 0x0b, 0x55, 0x26, 0x7e, 0x0b,
    0x13, 0x28, 0x08, 0x14, 0x01, 0x04, 0xd4, 0x0c, 0xff, 0x01, 0x00, 0x00, 0x00, 0x80, 0x3d, 0x16, 0x01, 0x04, 0xd4,
    0x11, 0xff, 0x01, 0x00, 0x00, 0x00, 0x80, 0x3d, 0x15, 0x01, 0x04, 0xd4, 0x12, 0xff, 0x01, 0x00, 0x00, 0x00, 0x80,
    0x3d, 0x14, 0x16, 0x6a, 0x88, 0x15, 0x6a, 0x6a, 0x88, 0xf3, 0x28, 0x18, 0x06, 0x11, 0x00, 0x01, 0xd5, 0x80, 0x82,
    0xa9, 0x01, 0x0c, 0x00, 0x41, 0xd5, 0x13, 0x19, 0xc6, 0x03, 0x12, 0x00, 0x41, 0xd5, 0x13, 0x29, 0xc6, 0x03, 0x70,
    0x3f, 0x8c, 0xbf, 0x02, 0x31, 0x04, 0x08, 0x03, 0x33, 0x06, 0x08, 0x11, 0x00, 0x4a, 0xd5, 0x81, 0x22, 0x0a, 0x02,
    0x13, 0x00, 0x01, 0xd5, 0x80, 0x02, 0xa9, 0x01, 0x0c, 0x03, 0x03, 0xd5, 0x12, 0x19, 0x02, 0x18, 0x14, 0x01, 0x04,
    0xd4, 0x02, 0xff, 0x01, 0x00, 0x00, 0x00, 0x80, 0x3d, 0x6a, 0x01, 0x04, 0xd4, 0x03, 0xff, 0x01, 0x00, 0x00, 0x00,
    0x80, 0x3d, 0x04, 0x35, 0x04, 0x08, 0x14, 0x6a, 0x14, 0x88, 0x6a, 0x01, 0x04, 0xd4, 0x02, 0xff, 0x01, 0x00, 0x00,
    0x00, 0x80, 0x3d, 0x1e, 0x1b, 0x04, 0x0a, 0x1f, 0x1d, 0x06, 0x0a, 0x20, 0x1f, 0x1a, 0x0a, 0x21, 0x21, 0x1c, 0x0a,
    0x6a, 0x14, 0x6a, 0x88, 0x04, 0x00, 0x62, 0xd7, 0x0b, 0x83, 0x01, 0x00, 0x13, 0x23, 0x16, 0x02, 0x0f, 0x00, 0x41,
    0xd5, 0x0c, 0x05, 0x7a, 0x04, 0x10, 0x00, 0x41, 0xd5, 0x0c, 0x07, 0x7e, 0x04, 0x11, 0x00, 0x41, 0xd5, 0x0c, 0x1b,
    0x82, 0x04, 0x12, 0x00, 0x41, 0xd5, 0x0c, 0x1d, 0x86, 0x04, 0x14, 0x00, 0x82, 0xd4, 0x0b, 0x05, 0x01, 0x00, 0xf9,
    0x08, 0x0c, 0x7c, 0x09, 0x96, 0x06, 0x06, 0x15, 0x00, 0x82, 0xd4, 0x0b, 0x03, 0x01, 0x00, 0x04, 0x13, 0x0c, 0x7c,
    0x14, 0x16, 0x14, 0x87, 0x15, 0x6a, 0x6a, 0x87, 0x14, 0x6a, 0x14, 0x88, 0x83, 0x16, 0x04, 0x7d, 0x6a, 0x14, 0x6a,
    0x88, 0x02, 0x3d, 0x04, 0x40, 0x00, 0x00, 0x00, 0x3e, 0x03, 0x3f, 0x06, 0x40, 0x00, 0x00, 0x00, 0x3e, 0x0d, 0x41,
    0x08, 0x40, 0x00, 0x00, 0x00, 0x3e, 0x0e, 0x43, 0x12, 0x40, 0x00, 0x00, 0x00, 0x3e, 0x1e, 0x1f, 0x0a, 0x02, 0x21,
    0x25, 0x10, 0x02, 0x20, 0x23, 0x0e, 0x02, 0x1f, 0x21, 0x0c, 0x02, 0x80, 0x14, 0x0a, 0x7d, 0x02, 0x0b, 0x3c, 0x02,
    0x09, 0x11, 0x42, 0x02, 0x04, 0x0f, 0x40, 0x02, 0x03, 0x0d, 0x3e, 0x02, 0x03, 0x03, 0xfe, 0xbe, 0x81, 0x02, 0x12,
    0x4a, 0xe3, 0xff, 0xa3, 0xbf, 0x0a, 0x11, 0x00, 0xf0, 0x00, 0x04, 0x01, 0x00, 0x09, 0x00, 0x00, 0x00, 0x70, 0x3f,
    0x8c, 0xbf, 0xff, 0x08, 0x0c, 0x36, 0x00, 0x80, 0x00, 0x80, 0x80, 0x0c, 0x8a, 0x7d, 0x03, 0x6a, 0x7e, 0x87, 0x76,
    0x00, 0x88, 0xbf, 0x06, 0x00, 0x48, 0xd5, 0x04, 0x21, 0x3d, 0x02, 0xc1, 0x0c, 0x14, 0x4c, 0xff, 0x08, 0x16, 0x36,
    0xff, 0x7f, 0x00, 0x00, 0x00, 0x0d, 0x08, 0x4c, 0x00, 0x15, 0x10, 0x4a, 0x00, 0x17, 0x14, 0x4a, 0x81, 0x14, 0x18,
    0x4a, 0x04, 0x00, 0xa1, 0xbf, 0x0a, 0x1f, 0x00, 0xf0, 0x00, 0x0e, 0x03, 0x00, 0x09, 0x00, 0x00, 0x00, 0x0a, 0x17,
    0x00, 0xf0, 0x04, 0x12, 0x03, 0x00, 0x09, 0x00, 0x00, 0x00, 0x0a, 0x17, 0x00, 0xf0, 0x08, 0x15, 0x03, 0x00, 0x09,
    0x00, 0x00, 0x00, 0x0a, 0x17, 0x00, 0xf0, 0x0a, 0x18, 0x03, 0x00, 0x09, 0x00, 0x00, 0x00, 0x0a, 0x17, 0x00, 0xf0,
    0x0c, 0x08, 0x03, 0x00, 0x09, 0x00, 0x00, 0x00, 0x06, 0x17, 0x08, 0x4a, 0x81, 0x08, 0x16, 0x4a, 0x0b, 0x0b, 0x16,
    0x7e, 0x06, 0x0b, 0x0c, 0x7e, 0x72, 0x3f, 0x8c, 0xbf, 0x12, 0x2b, 0x18, 0x08, 0x13, 0x2d, 0x1a, 0x08, 0x14, 0x2f,
    0x24, 0x08, 0x0b, 0x55, 0x26, 0x7e, 0x0b, 0x0d, 0x28, 0x08, 0x04, 0x01, 0x04, 0xd4, 0x0c, 0xff, 0x01, 0x00, 0x00,
    0x00, 0x80, 0x3d, 0x06, 0x01, 0x04, 0xd4, 0x0d, 0xff, 0x01, 0x00, 0x00, 0x00, 0x80, 0x3d, 0x05, 0x01, 0x04, 0xd4,
    0x12, 0xff, 0x01, 0x00, 0x00, 0x00, 0x80, 0x3d, 0x04, 0x06, 0x6a, 0x88, 0x05, 0x6a, 0x6a, 0x88, 0xf3, 0x28, 0x18,
    0x06, 0x0d, 0x00, 0x01, 0xd5, 0x80, 0x82, 0xa9, 0x01, 0x0c, 0x00, 0x41, 0xd5, 0x13, 0x19, 0xc6, 0x03, 0x12, 0x00,
    0x41, 0xd5, 0x13, 0x29, 0xc6, 0x03, 0x70, 0x3f, 0x8c, 0xbf, 0x18, 0x11, 0x10, 0x08, 0x19, 0x13, 0x12, 0x08, 0x0d,
    0x00, 0x4a, 0xd5, 0x81, 0x1a, 0x0a, 0x02, 0x13, 0x00, 0x01, 0xd5, 0x80, 0x02, 0xa9, 0x01, 0x0c, 0x03, 0x03, 0xd5,
    0x12, 0x19, 0x02, 0x18, 0x04, 0x01, 0x04, 0xd4, 0x08, 0xff, 0x01, 0x00, 0x00, 0x00, 0x80, 0x3d, 0x6a, 0x01, 0x04,
    0xd4, 0x09, 0xff, 0x01, 0x00, 0x00, 0x00, 0x80, 0x3d, 0x1a, 0x15, 0x10, 0x08, 0x04, 0x6a, 0x04, 0x88, 0x6a, 0x01,
    0x04, 0xd4, 0x08, 0xff, 0x01, 0x00, 0x00, 0x00, 0x80, 0x3d, 0x1e, 0x1d, 0x12, 0x0a, 0x1f, 0x1f, 0x1e, 0x0a, 0x20,
    0x21, 0x2a, 0x0a, 0x21, 0x23, 0x14, 0x0a, 0x6a, 0x04, 0x6a, 0x88, 0x08, 0x00, 0x62, 0xd7, 0x0b, 0x83, 0x01, 0x00,
    0x13, 0x1b, 0x16, 0x02, 0x0d, 0x00, 0x41, 0xd5, 0x0c, 0x13, 0x7a, 0x04, 0x10, 0x00, 0x41, 0xd5, 0x0c, 0x1f, 0x7e,
    0x04, 0x11, 0x00, 0x41, 0xd5, 0x0c, 0x2b, 0x82, 0x04, 0x0c, 0x00, 0x41, 0xd5, 0x0c, 0x15, 0x86, 0x04, 0x04, 0x00,
    0x82, 0xd4, 0x0b, 0x05, 0x01, 0x00, 0xf9, 0x0c, 0x0c, 0x7c, 0x08, 0x86, 0x06, 0x06, 0x05, 0x00, 0x82, 0xd4, 0x0b,
    0x03, 0x01, 0x00, 0x06, 0x11, 0x0c, 0x7c, 0x04, 0x06, 0x04, 0x87, 0x05, 0x6a, 0x6a, 0x87, 0x04, 0x6a, 0x04, 0x88,
    0x80, 0x16, 0x04, 0x7d, 0x6a, 0x04, 0x6a, 0x88, 0x09, 0x3d, 0x0c, 0x40, 0x00, 0x00, 0x00, 0x3e, 0x0f, 0x3f, 0x12,
    0x40, 0x00, 0x00, 0x00, 0x3e, 0x15, 0x41, 0x10, 0x40, 0x00, 0x00, 0x00, 0x3e, 0x0a, 0x43, 0x14, 0x40, 0x00, 0x00,
    0x00, 0x3e, 0x1e, 0x1b, 0x06, 0x02, 0x21, 0x19, 0x0a, 0x02, 0x20, 0x23, 0x0e, 0x02, 0x1f, 0x21, 0x04, 0x02, 0x80,
    0x08, 0x0a, 0x7d, 0x06, 0x07, 0x3c, 0x02, 0x0a, 0x0b, 0x42, 0x02, 0x08, 0x0f, 0x40, 0x02, 0x09, 0x05, 0x3e, 0x02,
    0x03, 0x03, 0xfe, 0xbe, 0x00, 0x01, 0x0c, 0xf4, 0x60, 0x00, 0x00, 0xfa, 0x7f, 0xc0, 0x8c, 0xbf, 0xe3, 0xff, 0xa3,
    0xbf, 0x0a, 0x11, 0x00, 0xf0, 0x00, 0x04, 0x01, 0x00, 0x01, 0x00, 0x00, 0x00, 0x70, 0x3f, 0x8c, 0xbf, 0xff, 0x08,
    0x0c, 0x36, 0x00, 0x80, 0x00, 0x80, 0x80, 0x0c, 0x8a, 0x7d, 0x6a, 0x3c, 0x83, 0xbe, 0x77, 0x00, 0x88, 0xbf, 0x06,
    0x00, 0x48, 0xd5, 0x04, 0x21, 0x3d, 0x02, 0xff, 0x08, 0x08, 0x36, 0xff, 0x7f, 0x00, 0x00, 0x06, 0x03, 0x12, 0x4a,
    0x81, 0x00, 0x10, 0x4a, 0x0a, 0x00, 0x6d, 0xd7, 0x06, 0x03, 0x06, 0x02, 0x01, 0x09, 0x16, 0x4c, 0xc1, 0x16, 0x1a,
    0x4a, 0x04, 0x00, 0xa1, 0xbf, 0x0a, 0x1f, 0x00, 0xf0, 0x08, 0x0e, 0x03, 0x00, 0x01, 0x00, 0x00, 0x00, 0x0a, 0x17,
    0x00, 0xf0, 0x00, 0x12, 0x03, 0x00, 0x09, 0x00, 0x00, 0x00, 0x0a, 0x17, 0x00, 0xf0, 0x00, 0x15, 0x03, 0x00, 0x0a,
    0x00, 0x00, 0x00, 0x0a, 0x17, 0x00, 0xf0, 0x00, 0x08, 0x03, 0x00, 0x0b, 0x00, 0x00, 0x00, 0x0a, 0x17, 0x00, 0xf0,
    0x00, 0x0b, 0x03, 0x00, 0x0d, 0x00, 0x00, 0x00, 0x06, 0x09, 0x08, 0x4a, 0x81, 0x08, 0x30, 0x4a, 0x18, 0x0b, 0x30,
    0x7e, 0x06, 0x0b, 0x0c, 0x7e, 0x72, 0x3f, 0x8c, 0xbf, 0x12, 0x2b, 0x24, 0x08, 0x13, 0x2d, 0x26, 0x08, 0x14, 0x2f,
    0x28, 0x08, 0x18, 0x55, 0x2a, 0x7e, 0x18, 0x0d, 0x2c, 0x08, 0x14, 0x01, 0x04, 0xd4, 0x12, 0xff, 0x01, 0x00, 0x00,
    0x00, 0x80, 0x3d, 0x16, 0x01, 0x04, 0xd4, 0x13, 0xff, 0x01, 0x00, 0x00, 0x00, 0x80, 0x3d, 0x15, 0x01, 0x04, 0xd4,
    0x14, 0xff, 0x01, 0x00, 0x00, 0x00, 0x80, 0x3d, 0x14, 0x16, 0x6a, 0x88, 0x15, 0x6a, 0x6a, 0x88, 0xf3, 0x2c, 0x24,
    0x06, 0x13, 0x00, 0x01, 0xd5, 0x80, 0x82, 0xa9, 0x01, 0x14, 0x00, 0x41, 0xd5, 0x15, 0x25, 0xc6, 0x03, 0x12, 0x00,
    0x41, 0xd5, 0x15, 0x2d, 0xc6, 0x03, 0x70, 0x3f, 0x8c, 0xbf, 0x08, 0x17, 0x10, 0x08, 0x09, 0x19, 0x12, 0x08, 0x0b,
    0x00, 0x4a, 0xd5, 0x81, 0x26, 0x0a, 0x02, 0x0c, 0x00, 0x01, 0xd5, 0x80, 0x02, 0xa9, 0x01, 0x14, 0x03, 0x03, 0xd5,
    0x12, 0x29, 0x02, 0x18, 0x14, 0x01, 0x04, 0xd4, 0x08, 0xff, 0x01, 0x00, 0x00, 0x00, 0x80, 0x3d, 0x6a, 0x01, 0x04,
    0xd4, 0x09, 0xff, 0x01, 0x00, 0x00, 0x00, 0x80, 0x3d, 0x0a, 0x1b, 0x10, 0x08, 0x14, 0x6a, 0x14, 0x88, 0x6a, 0x01,
    0x04, 0xd4, 0x08, 0xff, 0x01, 0x00, 0x00, 0x00, 0x80, 0x3d, 0x1e, 0x1d, 0x12, 0x0a, 0x1f, 0x1f, 0x1e, 0x0a, 0x20,
    0x21, 0x1a, 0x0a, 0x21, 0x23, 0x14, 0x0a, 0x6a, 0x14, 0x6a, 0x88, 0x08, 0x00, 0x62, 0xd7, 0x18, 0x83, 0x01, 0x00,
    0x0c, 0x17, 0x16, 0x02, 0x0e, 0x00, 0x41, 0xd5, 0x14, 0x13, 0x7a, 0x04, 0x0c, 0x00, 0x41, 0xd5, 0x14, 0x1f, 0x7e,
    0x04, 0x10, 0x00, 0x41, 0xd5, 0x14, 0x1b, 0x82, 0x04, 0x12, 0x00, 0x41, 0xd5, 0x14, 0x15, 0x86, 0x04, 0x14, 0x00,
    0x82, 0xd4, 0x0b, 0x05, 0x01, 0x00, 0xf9, 0x10, 0x0c, 0x7c, 0x06, 0x96, 0x06, 0x06, 0x15, 0x00, 0x82, 0xd4, 0x0b,
    0x03, 0x01, 0x00, 0x08, 0x0d, 0x0c, 0x7c, 0x14, 0x16, 0x14, 0x87, 0x15, 0x6a, 0x6a, 0x87, 0x14, 0x6a, 0x14, 0x88,
    0x83, 0x16, 0x04, 0x7d, 0x6a, 0x14, 0x6a, 0x88, 0x09, 0x3d, 0x0c, 0x40, 0x00, 0x00, 0x00, 0x3e, 0x0f, 0x3f, 0x12,
    0x40, 0x00, 0x00, 0x00, 0x3e, 0x0d, 0x41, 0x10, 0x40, 0x00, 0x00, 0x00, 0x3e, 0x0a, 0x43, 0x14, 0x40, 0x00, 0x00,
    0x00, 0x3e, 0x1e, 0x1d, 0x06, 0x02, 0x21, 0x25, 0x0a, 0x02, 0x20, 0x21, 0x0e, 0x02, 0x1f, 0x19, 0x04, 0x02, 0x80,
    0x08, 0x0a, 0x7d, 0x06, 0x07, 0x3c, 0x02, 0x0a, 0x0b, 0x42, 0x02, 0x08, 0x0f, 0x40, 0x02, 0x09, 0x05, 0x3e, 0x02,
    0x03, 0x03, 0xfe, 0xbe, 0xc1, 0x00, 0x0c, 0x4a, 0xe3, 0xff, 0xa3, 0xbf, 0x0a, 0x11, 0x00, 0xf0, 0x06, 0x04, 0x01,
    0x00, 0x01, 0x00, 0x00, 0x00, 0x70, 0x3f, 0x8c, 0xbf, 0xff, 0x08, 0x10, 0x36, 0x00, 0x80, 0x00, 0x80, 0x80, 0x10,
    0x8a, 0x7d, 0x03, 0x6a, 0x7e, 0x87, 0x76, 0x00, 0x88, 0xbf, 0x08, 0x00, 0x48, 0xd5, 0x04, 0x21, 0x3d, 0x02, 0xff,
    0x08, 0x16, 0x36, 0xff, 0x7f, 0x00, 0x00, 0x08, 0x03, 0x08, 0x4a, 0x09, 0x00, 0x6d, 0xd7, 0x08, 0x03, 0x06, 0x02,
    0x01, 0x17, 0x18, 0x4c, 0xc1, 0x18, 0x1a, 0x4a, 0x04, 0x00, 0xa1, 0xbf, 0x0a, 0x1f, 0x00, 0xf0, 0x06, 0x0e, 0x03,
    0x00, 0x01, 0x00, 0x00, 0x00, 0x0a, 0x17, 0x00, 0xf0, 0x06, 0x12, 0x03, 0x00, 0x04, 0x00, 0x00, 0x00, 0x0a, 0x17,
    0x00, 0xf0, 0x06, 0x15, 0x03, 0x00, 0x09, 0x00, 0x00, 0x00, 0x0a, 0x17, 0x00, 0xf0, 0x06, 0x18, 0x03, 0x00, 0x0c,
    0x00, 0x00, 0x00, 0x0a, 0x17, 0x00, 0xf0, 0x06, 0x1b, 0x03, 0x00, 0x0d, 0x00, 0x00, 0x00, 0x08, 0x17, 0x08, 0x4a,
    0x81, 0x08, 0x0c, 0x4a, 0x06, 0x0b, 0x12, 0x7e, 0x08, 0x0b, 0x0c, 0x7e, 0x72, 0x3f, 0x8c, 0xbf, 0x12, 0x2b, 0x10,
    0x08, 0x13, 0x2d, 0x14, 0x08, 0x14, 0x2f, 0x16, 0x08, 0x09, 0x55, 0x1a, 0x7e, 0x09, 0x0d, 0x18, 0x08, 0x04, 0x01,
    0x04, 0xd4, 0x08, 0xff, 0x01, 0x00, 0x00, 0x00, 0x80, 0x3d, 0x06, 0x01, 0x04, 0xd4, 0x0a, 0xff, 0x01, 0x00, 0x00,
    0x00, 0x80, 0x3d, 0x05, 0x01, 0x04, 0xd4, 0x0b, 0xff, 0x01, 0x00, 0x00, 0x00, 0x80, 0x3d, 0x04, 0x06, 0x6a, 0x88,
    0x05, 0x6a, 0x6a, 0x88, 0xf3, 0x18, 0x10, 0x06, 0x0a, 0x00, 0x01, 0xd5, 0x80, 0x82, 0xa9, 0x01, 0x08, 0x00, 0x41,
    0xd5, 0x0d, 0x11, 0xc6, 0x03, 0x0b, 0x00, 0x41, 0xd5, 0x0d, 0x19, 0xc6, 0x03, 0x70, 0x3f, 0x8c, 0xbf, 0x18, 0x37,
    0x18, 0x08, 0x19, 0x39, 0x1a, 0x08, 0x13, 0x00, 0x4a, 0xd5, 0x81, 0x14, 0x0a, 0x02, 0x0a, 0x00, 0x01, 0xd5, 0x80,
    0x02, 0xa9, 0x01, 0x08, 0x03, 0x03, 0xd5, 0x0b, 0x11, 0x02, 0x18, 0x04, 0x01, 0x04, 0xd4, 0x0c, 0xff, 0x01, 0x00,
    0x00, 0x00, 0x80, 0x3d, 0x6a, 0x01, 0x04, 0xd4, 0x0d, 0xff, 0x01, 0x00, 0x00, 0x00, 0x80, 0x3d, 0x1a, 0x3b, 0x16,
    0x08, 0x04, 0x6a, 0x04, 0x88, 0x6a, 0x01, 0x04, 0xd4, 0x0b, 0xff, 0x01, 0x00, 0x00, 0x00, 0x80, 0x3d, 0x1e, 0x1d,
    0x1a, 0x0a, 0x1f, 0x1f, 0x16, 0x0a, 0x20, 0x21, 0x2a, 0x0a, 0x21, 0x23, 0x1c, 0x0a, 0x6a, 0x04, 0x6a, 0x88, 0x09,
    0x00, 0x62, 0xd7, 0x09, 0x83, 0x01, 0x00, 0x0a, 0x27, 0x14, 0x02, 0x11, 0x00, 0x41, 0xd5, 0x08, 0x1b, 0x7a, 0x04,
    0x0c, 0x00, 0x41, 0xd5, 0x08, 0x17, 0x7e, 0x04, 0x10, 0x00, 0x41, 0xd5, 0x08, 0x2b, 0x82, 0x04, 0x08, 0x00, 0x41,
    0xd5, 0x08, 0x1d, 0x86, 0x04, 0x04, 0x00, 0x82, 0xd4, 0x0a, 0x05, 0x01, 0x00, 0xf9, 0x0c, 0x0c, 0x7c, 0x09, 0x86,
    0x06, 0x06, 0x05, 0x00, 0x82, 0xd4, 0x0a, 0x03, 0x01, 0x00, 0x06, 0x13, 0x0c, 0x7c, 0x04, 0x06, 0x04, 0x87, 0x05,
    0x6a, 0x6a, 0x87, 0x04, 0x6a, 0x04, 0x88, 0x80, 0x14, 0x04, 0x7d, 0x6a, 0x04, 0x6a, 0x88, 0x0d, 0x3d, 0x0c, 0x40,
    0x00, 0x00, 0x00, 0x3e, 0x0b, 0x3f, 0x12, 0x40, 0x00, 0x00, 0x00, 0x3e, 0x15, 0x41, 0x16, 0x40, 0x00, 0x00, 0x00,
    0x3e, 0x0e, 0x43, 0x14, 0x40, 0x00, 0x00, 0x00, 0x3e, 0x1e, 0x23, 0x06, 0x02, 0x21, 0x11, 0x0a, 0x02, 0x20, 0x21,
    0x10, 0x02, 0x1f, 0x19, 0x04, 0x02, 0x80, 0x08, 0x0a, 0x7d, 0x06, 0x07, 0x3c, 0x02, 0x0a, 0x0b, 0x42, 0x02, 0x0b,
    0x11, 0x40, 0x02, 0x09, 0x05, 0x3e, 0x02, 0x03, 0x03, 0xfe, 0xbe, 0x00, 0x01, 0x0c, 0xf4, 0x00, 0x00, 0x00, 0xfa,
    0x7f, 0xc0, 0x8c, 0xbf, 0xe3, 0xff, 0xa3, 0xbf, 0x0a, 0x3f, 0x20, 0xf0, 0x00, 0x1e, 0x01, 0x00, 0x01, 0x00, 0x00,
    0x00, 0x00, 0x00, 0x81, 0xbf, 0x00, 0x00, 0x9f, 0xbf, 0x00, 0x00, 0x9f, 0xbf, 0x00, 0x00, 0x9f, 0xbf, 0x00, 0x00,
    0x9f, 0xbf, 0x00, 0x00, 0x9f, 0xbf, 0x00, 0x00, 0x9f, 0xbf, 0x00, 0x00, 0x9f, 0xbf, 0x00, 0x00, 0x9f, 0xbf, 0x00,
    0x00, 0x9f, 0xbf, 0x00, 0x00, 0x9f, 0xbf, 0x00, 0x00, 0x9f, 0xbf, 0x00, 0x00, 0x9f, 0xbf, 0x00, 0x00, 0x9f, 0xbf,
    0x00, 0x00, 0x9f, 0xbf, 0x00, 0x00, 0x9f, 0xbf, 0x00, 0x00, 0x9f, 0xbf, 0x00, 0x00, 0x9f, 0xbf, 0x00, 0x00, 0x9f,
    0xbf, 0x00, 0x00, 0x9f, 0xbf, 0x00, 0x00, 0x9f, 0xbf, 0x00, 0x00, 0x9f, 0xbf, 0x00, 0x00, 0x9f, 0xbf, 0x00, 0x00,
    0x9f, 0xbf, 0x00, 0x00, 0x9f, 0xbf, 0x00, 0x00, 0x9f, 0xbf, 0x00, 0x00, 0x9f, 0xbf, 0x00, 0x00, 0x9f, 0xbf, 0x00,
    0x00, 0x9f, 0xbf, 0x00, 0x00, 0x9f, 0xbf, 0x00, 0x00, 0x9f, 0xbf, 0x00, 0x00, 0x9f, 0xbf, 0x00, 0x00, 0x9f, 0xbf,
    0x00, 0x00, 0x9f, 0xbf, 0x00, 0x00, 0x9f, 0xbf, 0x00, 0x00, 0x9f, 0xbf, 0x00, 0x00, 0x9f, 0xbf, 0x00, 0x00, 0x9f,
    0xbf, 0x00, 0x00, 0x9f, 0xbf, 0x00, 0x00, 0x9f, 0xbf, 0x00, 0x00, 0x9f, 0xbf, 0x00, 0x00, 0x9f, 0xbf, 0x00, 0x00,
    0x9f, 0xbf, 0x00, 0x00, 0x9f, 0xbf, 0x00, 0x00, 0x9f, 0xbf, 0x00, 0x00, 0x9f, 0xbf, 0x00, 0x00, 0x9f, 0xbf, 0x00,
    0x00, 0x9f, 0xbf, 0x00, 0x00, 0x9f, 0xbf, 0x00, 0x00, 0x9f, 0xbf, 0x00, 0x00, 0x9f, 0xbf, 0x00, 0x00, 0x9f, 0xbf,
    0x00, 0x00, 0x9f, 0xbf, 0x00, 0x00, 0x9f, 0xbf, 0x00, 0x00, 0x9f, 0xbf, 0x00, 0x00, 0x9f, 0xbf, 0x00, 0x00, 0x9f,
    0xbf, 0x00, 0x00, 0x9f, 0xbf, 0x00, 0x00, 0x9f, 0xbf, 0x00, 0x00, 0x9f, 0xbf, 0x00, 0x00, 0x9f, 0xbf, 0x00, 0x00,
    0x9f, 0xbf, 0x00, 0x00, 0x9f, 0xbf, 0x00, 0x00, 0x9f, 0xbf, 0x00, 0x00, 0x9f, 0xbf, 0x00, 0x00, 0x00, 0x00, 0x00,
    0x00, 0x10, 0x00, 0x00, 0x00, 0x00, 0x00, 0xac, 0xbf, 0x04, 0x11, 0x47, 0x65, 0x6e, 0x65, 0x72, 0x61, 0x74, 0x65,
    0x64, 0x20, 0x62, 0x79, 0x20, 0x74, 0x68, 0x65, 0x20, 0x41, 0x64, 0x76, 0x61, 0x6e, 0x63, 0x65, 0x64, 0x20, 0x4d,
    0x69, 0x63, 0x72, 0x6f, 0x20, 0x44, 0x65, 0x76, 0x69, 0x63, 0x65, 0x73, 0x2c, 0x20, 0x49, 0x6e, 0x63, 0x2e, 0x2c,
    0x20, 0x50, 0x72, 0x6f, 0x70, 0x72, 0x69, 0x65, 0x74, 0x61, 0x72, 0x79, 0x20, 0x47, 0x50, 0x55, 0x20, 0x53, 0x68,
    0x61, 0x64, 0x65, 0x72, 0x20, 0x43, 0x6f, 0x6d, 0x70, 0x69, 0x6c, 0x65, 0x72, 0x2e, 0x00, 0x00, 0x5f, 0x61, 0x6d,
    0x64, 0x67, 0x70, 0x75, 0x5f, 0x63, 0x73, 0x5f, 0x6d, 0x61, 0x69, 0x6e, 0x00, 0x5f, 0x61, 0x6d, 0x64, 0x67, 0x70,
    0x75, 0x5f, 0x63, 0x73, 0x5f, 0x73, 0x68, 0x64, 0x72, 0x5f, 0x69, 0x6e, 0x74, 0x72, 0x6c, 0x5f, 0x74, 0x62, 0x6c,
    0x00, 0x00, 0x00, 0x00, 0x00, 0x00, 0x00, 0x00, 0x00, 0x00, 0x00, 0x00, 0x00, 0x00, 0x00, 0x00, 0x00, 0x00, 0x00,
    0x00, 0x00, 0x00, 0x00, 0x00, 0x00, 0x01, 0x00, 0x00, 0x00, 0x12, 0x00, 0x02, 0x00, 0x00, 0x00, 0x00, 0x00, 0x00,
    0x00, 0x00, 0x00, 0xb0, 0x09, 0x00, 0x00, 0x00, 0x00, 0x00, 0x00, 0x11, 0x00, 0x00, 0x00, 0x11, 0x00, 0x03, 0x00,
    0x00, 0x00, 0x00, 0x00, 0x00, 0x00, 0x00, 0x00, 0x10, 0x00, 0x00, 0x00, 0x00, 0x00, 0x00, 0x00, 0x07, 0x00, 0x00,
    0x00, 0x10, 0x04, 0x00, 0x00, 0x20, 0x00, 0x00, 0x00, 0x41, 0x4d, 0x44, 0x47, 0x50, 0x55, 0x00, 0x00, 0x82, 0xae,
    0x61, 0x6d, 0x64, 0x70, 0x61, 0x6c, 0x2e, 0x76, 0x65, 0x72, 0x73, 0x69, 0x6f, 0x6e, 0x92, 0x03, 0x06, 0xb0, 0x61,
    0x6d, 0x64, 0x70, 0x61, 0x6c, 0x2e, 0x70, 0x69, 0x70, 0x65, 0x6c, 0x69, 0x6e, 0x65, 0x73, 0x91, 0x8b, 0xa5, 0x2e,
    0x74, 0x79, 0x70, 0x65, 0xa2, 0x43, 0x73, 0xae, 0x2e, 0x72, 0x65, 0x73, 0x6f, 0x75, 0x72, 0x63, 0x65, 0x5f, 0x68,
    0x61, 0x73, 0x68, 0xcf, 0xd5, 0x3b, 0x56, 0xf8, 0x53, 0xfa, 0x64, 0x4e, 0xb0, 0x2e, 0x73, 0x70, 0x69, 0x6c, 0x6c,
    0x5f, 0x74, 0x68, 0x72, 0x65, 0x73, 0x68, 0x6f, 0x6c, 0x64, 0xcd, 0xff, 0xff, 0xb0, 0x2e, 0x75, 0x73, 0x65, 0x72,
    0x5f, 0x64, 0x61, 0x74, 0x61, 0x5f, 0x6c, 0x69, 0x6d, 0x69, 0x74, 0x01, 0xa8, 0x2e, 0x73, 0x68, 0x61, 0x64, 0x65,
    0x72, 0x73, 0x81, 0xa8, 0x2e, 0x63, 0x6f, 0x6d, 0x70, 0x75, 0x74, 0x65, 0x83, 0xb0, 0x2e, 0x61, 0x70, 0x69, 0x5f,
    0x73, 0x68, 0x61, 0x64, 0x65, 0x72, 0x5f, 0x68, 0x61, 0x73, 0x68, 0x92, 0xcf, 0xce, 0xca, 0xe8, 0xd6, 0x79, 0xa0,
    0x8e, 0x33, 0xcf, 0x74, 0x05, 0x57, 0x7c, 0xd4, 0x4f, 0xf4, 0xf0, 0xb1, 0x2e, 0x68, 0x61, 0x72, 0x64, 0x77, 0x61,
    0x72, 0x65, 0x5f, 0x6d, 0x61, 0x70, 0x70, 0x69, 0x6e, 0x67, 0x91, 0xa3, 0x2e, 0x63, 0x73, 0xaf, 0x2e, 0x73, 0x68,
    0x61, 0x64, 0x65, 0x72, 0x5f, 0x73, 0x75, 0x62, 0x74, 0x79, 0x70, 0x65, 0xa7, 0x55, 0x6e, 0x6b, 0x6e, 0x6f, 0x77,
    0x6e, 0xb0, 0x2e, 0x68, 0x61, 0x72, 0x64, 0x77, 0x61, 0x72, 0x65, 0x5f, 0x73, 0x74, 0x61, 0x67, 0x65, 0x73, 0x81,
    0xa3, 0x2e, 0x63, 0x73, 0xde, 0x00, 0x1b, 0xb3, 0x2e, 0x65, 0x6e, 0x74, 0x72, 0x79, 0x5f, 0x70, 0x6f, 0x69, 0x6e,
    0x74, 0x5f, 0x73, 0x79, 0x6d, 0x62, 0x6f, 0x6c, 0xaf, 0x5f, 0x61, 0x6d, 0x64, 0x67, 0x70, 0x75, 0x5f, 0x63, 0x73,
    0x5f, 0x6d, 0x61, 0x69, 0x6e, 0xab, 0x2e, 0x73, 0x67, 0x70, 0x72, 0x5f, 0x63, 0x6f, 0x75, 0x6e, 0x74, 0x17, 0xab,
    0x2e, 0x76, 0x67, 0x70, 0x72, 0x5f, 0x63, 0x6f, 0x75, 0x6e, 0x74, 0x22, 0xa9, 0x2e, 0x6c, 0x64, 0x73, 0x5f, 0x73,
    0x69, 0x7a, 0x65, 0x00, 0xb4, 0x2e, 0x73, 0x63, 0x72, 0x61, 0x74, 0x63, 0x68, 0x5f, 0x6d, 0x65, 0x6d, 0x6f, 0x72,
    0x79, 0x5f, 0x73, 0x69, 0x7a, 0x65, 0x00, 0xb4, 0x2e, 0x66, 0x72, 0x6f, 0x6e, 0x74, 0x65, 0x6e, 0x64, 0x5f, 0x73,
    0x74, 0x61, 0x63, 0x6b, 0x5f, 0x73, 0x69, 0x7a, 0x65, 0x00, 0xb3, 0x2e, 0x62, 0x61, 0x63, 0x6b, 0x65, 0x6e, 0x64,
    0x5f, 0x73, 0x74, 0x61, 0x63, 0x6b, 0x5f, 0x73, 0x69, 0x7a, 0x65, 0x00, 0xb6, 0x2e, 0x70, 0x65, 0x72, 0x66, 0x5f,
    0x64, 0x61, 0x74, 0x61, 0x5f, 0x62, 0x75, 0x66, 0x66, 0x65, 0x72, 0x5f, 0x73, 0x69, 0x7a, 0x65, 0x00, 0xaa, 0x2e,
    0x75, 0x73, 0x65, 0x73, 0x5f, 0x75, 0x61, 0x76, 0x73, 0xc3, 0xac, 0x2e, 0x77, 0x72, 0x69, 0x74, 0x65, 0x73, 0x5f,
    0x75, 0x61, 0x76, 0x73, 0xc3, 0xb4, 0x2e, 0x75, 0x73, 0x65, 0x73, 0x5f, 0x61, 0x70, 0x70, 0x65, 0x6e, 0x64, 0x5f,
    0x63, 0x6f, 0x6e, 0x73, 0x75, 0x6d, 0x65, 0xc2, 0xaf, 0x2e, 0x77, 0x61, 0x76, 0x65, 0x66, 0x72, 0x6f, 0x6e, 0x74,
    0x5f, 0x73, 0x69, 0x7a, 0x65, 0x20, 0xb2, 0x2e, 0x75, 0x73, 0x65, 0x72, 0x5f, 0x64, 0x61, 0x74, 0x61, 0x5f, 0x72,
    0x65, 0x67, 0x5f, 0x6d, 0x61, 0x70, 0xdc, 0x00, 0x20, 0xce, 0xff, 0xff, 0xff, 0xff, 0xce, 0xff, 0xff, 0xff, 0xff,
    0x00, 0xce, 0xff, 0xff, 0xff, 0xff, 0xce, 0xff, 0xff, 0xff, 0xff, 0xce, 0xff, 0xff, 0xff, 0xff, 0xce, 0xff, 0xff,
    0xff, 0xff, 0xce, 0xff, 0xff, 0xff, 0xff, 0xce, 0xff, 0xff, 0xff, 0xff, 0xce, 0xff, 0xff, 0xff, 0xff, 0xce, 0xff,
    0xff, 0xff, 0xff, 0xce, 0xff, 0xff, 0xff, 0xff, 0xce, 0xff, 0xff, 0xff, 0xff, 0xce, 0xff, 0xff, 0xff, 0xff, 0xce,
    0xff, 0xff, 0xff, 0xff, 0xce, 0xff, 0xff, 0xff, 0xff, 0xce, 0xff, 0xff, 0xff, 0xff, 0xce, 0xff, 0xff, 0xff, 0xff,
    0xce, 0xff, 0xff, 0xff, 0xff, 0xce, 0xff, 0xff, 0xff, 0xff, 0xce, 0xff, 0xff, 0xff, 0xff, 0xce, 0xff, 0xff, 0xff,
    0xff, 0xce, 0xff, 0xff, 0xff, 0xff, 0xce, 0xff, 0xff, 0xff, 0xff, 0xce, 0xff, 0xff, 0xff, 0xff, 0xce, 0xff, 0xff,
    0xff, 0xff, 0xce, 0xff, 0xff, 0xff, 0xff, 0xce, 0xff, 0xff, 0xff, 0xff, 0xce, 0xff, 0xff, 0xff, 0xff, 0xce, 0xff,
    0xff, 0xff, 0xff, 0xce, 0xff, 0xff, 0xff, 0xff, 0xce, 0xff, 0xff, 0xff, 0xff, 0xb7, 0x2e, 0x74, 0x68, 0x72, 0x65,
    0x61, 0x64, 0x67, 0x72, 0x6f, 0x75, 0x70, 0x5f, 0x64, 0x69, 0x6d, 0x65, 0x6e, 0x73, 0x69, 0x6f, 0x6e, 0x73, 0x93,
    0x08, 0x08, 0x01, 0xab, 0x2e, 0x66, 0x6c, 0x6f, 0x61, 0x74, 0x5f, 0x6d, 0x6f, 0x64, 0x65, 0xcc, 0xc0, 0xae, 0x2e,
    0x66, 0x70, 0x31, 0x36, 0x5f, 0x6f, 0x76, 0x65, 0x72, 0x66, 0x6c, 0x6f, 0x77, 0xc2, 0xaa, 0x2e, 0x69, 0x65, 0x65,
    0x65, 0x5f, 0x6d, 0x6f, 0x64, 0x65, 0xc2, 0xa9, 0x2e, 0x77, 0x67, 0x70, 0x5f, 0x6d, 0x6f, 0x64, 0x65, 0xc2, 0xac,
    0x2e, 0x6d, 0x65, 0x6d, 0x5f, 0x6f, 0x72, 0x64, 0x65, 0x72, 0x65, 0x64, 0xc2, 0xb1, 0x2e, 0x66, 0x6f, 0x72, 0x77,
    0x61, 0x72, 0x64, 0x5f, 0x70, 0x72, 0x6f, 0x67, 0x72, 0x65, 0x73, 0x73, 0xc2, 0xab, 0x2e, 0x75, 0x73, 0x65, 0x72,
    0x5f, 0x73, 0x67, 0x70, 0x72, 0x73, 0x03, 0xa8, 0x2e, 0x65, 0x78, 0x63, 0x70, 0x5f, 0x65, 0x6e, 0x00, 0xab, 0x2e,
    0x73, 0x63, 0x72, 0x61, 0x74, 0x63, 0x68, 0x5f, 0x65, 0x6e, 0xc2, 0xad, 0x2e, 0x74, 0x72, 0x61, 0x70, 0x5f, 0x70,
    0x72, 0x65, 0x73, 0x65, 0x6e, 0x74, 0xc2, 0xb0, 0x2e, 0x73, 0x68, 0x61, 0x72, 0x65, 0x64, 0x5f, 0x76, 0x67, 0x70,
    0x72, 0x5f, 0x63, 0x6e, 0x74, 0x00, 0xad, 0x2e, 0x77, 0x61, 0x76, 0x65, 0x73, 0x5f, 0x70, 0x65, 0x72, 0x5f, 0x73,
    0x65, 0x00, 0xaf, 0x2e, 0x63, 0x68, 0x65, 0x63, 0x6b, 0x73, 0x75, 0x6d, 0x5f, 0x76, 0x61, 0x6c, 0x75, 0x65, 0xce,
    0x17, 0x20, 0xc5, 0x69, 0xaa, 0x2e, 0x72, 0x65, 0x67, 0x69, 0x73, 0x74, 0x65, 0x72, 0x73, 0x81, 0xcd, 0x2e, 0x42,
    0x00, 0xa5, 0x2e, 0x6e, 0x61, 0x6d, 0x65, 0xae, 0x4d, 0x6c, 0x61, 0x61, 0x46, 0x69, 0x6e, 0x61, 0x6c, 0x42, 0x6c,
    0x65, 0x6e, 0x64, 0xb7, 0x2e, 0x69, 0x6e, 0x74, 0x65, 0x72, 0x6e, 0x61, 0x6c, 0x5f, 0x70, 0x69, 0x70, 0x65, 0x6c,
    0x69, 0x6e, 0x65, 0x5f, 0x68, 0x61, 0x73, 0x68, 0x92, 0xcf, 0xdc, 0x75, 0xd2, 0x2a, 0x41, 0x83, 0xb1, 0xab, 0xcf,
    0x23, 0x19, 0x47, 0xa5, 0x89, 0x45, 0x20, 0x05, 0xb2, 0x2e, 0x63, 0x6f, 0x6d, 0x70, 0x75, 0x74, 0x65, 0x5f, 0x72,
    0x65, 0x67, 0x69, 0x73, 0x74, 0x65, 0x72, 0x73, 0x85, 0xaf, 0x2e, 0x74, 0x69, 0x64, 0x69, 0x67, 0x5f, 0x63, 0x6f,
    0x6d, 0x70, 0x5f, 0x63, 0x6e, 0x74, 0x01, 0xaa, 0x2e, 0x74, 0x67, 0x69, 0x64, 0x5f, 0x78, 0x5f, 0x65, 0x6e, 0xc3,
    0xaa, 0x2e, 0x74, 0x67, 0x69, 0x64, 0x5f, 0x79, 0x5f, 0x65, 0x6e, 0xc3, 0xaa, 0x2e, 0x74, 0x67, 0x69, 0x64, 0x5f,
    0x7a, 0x5f, 0x65, 0x6e, 0xc2, 0xab, 0x2e, 0x74, 0x67, 0x5f, 0x73, 0x69, 0x7a, 0x65, 0x5f, 0x65, 0x6e, 0xc2, 0xa4,
    0x2e, 0x61, 0x70, 0x69, 0xa7, 0x73, 0x63, 0x70, 0x63, 0x42, 0x6c, 0x64, 0x00, 0x00, 0x00, 0x00, 0x00, 0x00, 0x00,
    0x00, 0x00, 0x00, 0x00, 0x00, 0x00, 0x00, 0x00, 0x00, 0x00, 0x00, 0x00, 0x00, 0x00, 0x00, 0x00, 0x00, 0x00, 0x00,
    0x00, 0x00, 0x00, 0x00, 0x00, 0x00, 0x00, 0x00, 0x00, 0x00, 0x00, 0x00, 0x00, 0x00, 0x00, 0x00, 0x00, 0x00, 0x00,
    0x00, 0x00, 0x00, 0x00, 0x00, 0x00, 0x00, 0x00, 0x00, 0x00, 0x00, 0x00, 0x00, 0x00, 0x00, 0x00, 0x00, 0x00, 0x00,
    0x00, 0x00, 0x00, 0x01, 0x00, 0x00, 0x00, 0x03, 0x00, 0x00, 0x00, 0x00, 0x00, 0x00, 0x00, 0x00, 0x00, 0x00, 0x00,
    0x00, 0x00, 0x00, 0x00, 0x00, 0x00, 0x00, 0x00, 0x40, 0x00, 0x00, 0x00, 0x00, 0x00, 0x00, 0x00, 0x36, 0x00, 0x00,
    0x00, 0x00, 0x00, 0x00, 0x00, 0x00, 0x00, 0x00, 0x00, 0x00, 0x00, 0x00, 0x00, 0x00, 0x00, 0x00, 0x00, 0x00, 0x00,
    0x00, 0x00, 0x00, 0x00, 0x00, 0x00, 0x00, 0x00, 0x00, 0x00, 0x0b, 0x00, 0x00, 0x00, 0x01, 0x00, 0x00, 0x00, 0x06,
    0x00, 0x00, 0x00, 0x00, 0x00, 0x00, 0x00, 0x00, 0x00, 0x00, 0x00, 0x00, 0x00, 0x00, 0x00, 0x76, 0x00, 0x00, 0x00,
    0x00, 0x00, 0x00, 0x00, 0xb0, 0x09, 0x00, 0x00, 0x00, 0x00, 0x00, 0x00, 0x00, 0x00, 0x00, 0x00, 0x00, 0x00, 0x00,
    0x00, 0x00, 0x01, 0x00, 0x00, 0x00, 0x00, 0x00, 0x00, 0x00, 0x00, 0x00, 0x00, 0x00, 0x00, 0x00, 0x00, 0x11, 0x00,
    0x00, 0x00, 0x01, 0x00, 0x00, 0x00, 0x03, 0x00, 0x00, 0x00, 0x00, 0x00, 0x00, 0x00, 0x00, 0x00, 0x00, 0x00, 0x00,
    0x00, 0x00, 0x00, 0x26, 0x0a, 0x00, 0x00, 0x00, 0x00, 0x00, 0x00, 0x10, 0x00, 0x00, 0x00, 0x00, 0x00, 0x00, 0x00,
    0x00, 0x00, 0x00, 0x00, 0x00, 0x00, 0x00, 0x00, 0x20, 0x00, 0x00, 0x00, 0x00, 0x00, 0x00, 0x00, 0x00, 0x00, 0x00,
    0x00, 0x00, 0x00, 0x00, 0x00, 0x17, 0x00, 0x00, 0x00, 0x01, 0x00, 0x00, 0x00, 0x00, 0x00, 0x00, 0x00, 0x00, 0x00,
    0x00, 0x00, 0x00, 0x00, 0x00, 0x00, 0x00, 0x00, 0x00, 0x00, 0x36, 0x0a, 0x00, 0x00, 0x00, 0x00, 0x00, 0x00, 0x50,
    0x00, 0x00, 0x00, 0x00, 0x00, 0x00, 0x00, 0x00, 0x00, 0x00, 0x00, 0x00, 0x00, 0x00, 0x00, 0x00, 0x00, 0x00, 0x00,
    0x00, 0x00, 0x00, 0x00, 0x00, 0x00, 0x00, 0x00, 0x00, 0x00, 0x00, 0x00, 0x20, 0x00, 0x00, 0x00, 0x03, 0x00, 0x00,
    0x00, 0x00, 0x00, 0x00, 0x00, 0x00, 0x00, 0x00, 0x00, 0x00, 0x00, 0x00, 0x00, 0x00, 0x00, 0x00, 0x00, 0x86, 0x0a,
    0x00, 0x00, 0x00, 0x00, 0x00, 0x00, 0x2b, 0x00, 0x00, 0x00, 0x00, 0x00, 0x00, 0x00, 0x00, 0x00, 0x00, 0x00, 0x00,
    0x00, 0x00, 0x00, 0x00, 0x00, 0x00, 0x00, 0x00, 0x00, 0x00, 0x00, 0x00, 0x00, 0x00, 0x00, 0x00, 0x00, 0x00, 0x00,
    0x28, 0x00, 0x00, 0x00, 0x02, 0x00, 0x00, 0x00, 0x00, 0x00, 0x00, 0x00, 0x00, 0x00, 0x00, 0x00, 0x00, 0x00, 0x00,
    0x00, 0x00, 0x00, 0x00, 0x00, 0xb1, 0x0a, 0x00, 0x00, 0x00, 0x00, 0x00, 0x00, 0x48, 0x00, 0x00, 0x00, 0x00, 0x00,
    0x00, 0x00, 0x05, 0x00, 0x00, 0x00, 0x00, 0x00, 0x00, 0x00, 0x00, 0x00, 0x00, 0x00, 0x00, 0x00, 0x00, 0x00, 0x18,
    0x00, 0x00, 0x00, 0x00, 0x00, 0x00, 0x00, 0x30, 0x00, 0x00, 0x00, 0x07, 0x00, 0x00, 0x00, 0x00, 0x00, 0x00, 0x00,
    0x00, 0x00, 0x00, 0x00, 0x00, 0x00, 0x00, 0x00, 0x00, 0x00, 0x00, 0x00, 0xf9, 0x0a, 0x00, 0x00, 0x00, 0x00, 0x00,
    0x00, 0x24, 0x04, 0x00, 0x00, 0x00, 0x00, 0x00, 0x00, 0x00, 0x00, 0x00, 0x00, 0x00, 0x00, 0x00, 0x00, 0x00, 0x00,
    0x00, 0x00, 0x00, 0x00, 0x00, 0x00, 0x00, 0x00, 0x00, 0x00, 0x00, 0x00, 0x00, 0x00,
};

// Mlaa Final Blend Fast compute shader binary
inline constexpr Util::uint8 MlaaFinalBlendFast_Cs_0DCD1401[] =
{
    0x7f, 0x45, 0x4c, 0x46, 0x02, 0x01, 0x01, 0x41, 0x00, 0x00, 0x00, 0x00, 0x00, 0x00, 0x00, 0x00, 0x01, 0x00, 0xe0,
    0x00, 0x01, 0x00, 0x00, 0x00, 0x00, 0x00, 0x00, 0x00, 0x00, 0x00, 0x00, 0x00, 0x00, 0x00, 0x00, 0x00, 0x00, 0x00,
    0x00, 0x00, 0x98, 0x0f, 0x00, 0x00, 0x00, 0x00, 0x00, 0x00, 0x33, 0x05, 0x00, 0x00, 0x40, 0x00, 0x00, 0x00, 0x00,
    0x00, 0x40, 0x00, 0x08, 0x00, 0x01, 0x00, 0x00, 0x2e, 0x73, 0x68, 0x73, 0x74, 0x72, 0x74, 0x61, 0x62, 0x00, 0x2e,
    0x74, 0x65, 0x78, 0x74, 0x00, 0x2e, 0x64, 0x61, 0x74, 0x61, 0x00, 0x2e, 0x63, 0x6f, 0x6d, 0x6d, 0x65, 0x6e, 0x74,
    0x00, 0x2e, 0x73, 0x74, 0x72, 0x74, 0x61, 0x62, 0x00, 0x2e, 0x73, 0x79, 0x6d, 0x74, 0x61, 0x62, 0x00, 0x2e, 0x6e,
    0x6f, 0x74, 0x65, 0x00, 0x04, 0x40, 0x80, 0xb0, 0x80, 0x1f, 0x86, 0xbe, 0x03, 0x00, 0xa0, 0xbf, 0x02, 0x03, 0x80,
    0xbe, 0x07, 0x03, 0x81, 0xbe, 0x00, 0x00, 0x46, 0xd7, 0x03, 0x06, 0x01, 0x04, 0x80, 0x00, 0x04, 0xf4, 0x64, 0x00,
    0x00, 0xfa, 0x03, 0x00, 0x46, 0xd7, 0x04, 0x06, 0x05, 0x04, 0x7f, 0xc0, 0x8c, 0xbf, 0xf9, 0x00, 0x8c, 0x7d, 0x02,
    0x84, 0x86, 0x06, 0x03, 0x06, 0x8c, 0x7d, 0x04, 0x6a, 0x6a, 0x87, 0x6a, 0x3c, 0x84, 0xbe, 0x36, 0x02, 0x88, 0xbf,
    0x00, 0x02, 0x0c, 0xf4, 0x20, 0x00, 0x00, 0xfa, 0x00, 0x04, 0x0c, 0xf4, 0x40, 0x00, 0x00, 0xfa, 0x02, 0x00, 0x04,
    0x22, 0x03, 0x06, 0x08, 0x22, 0x7f, 0xc0, 0x8c, 0xbf, 0x0a, 0x1f, 0x00, 0xf0, 0x02, 0x21, 0x02, 0x00, 0x04, 0x00,
    0x00, 0x00, 0x0a, 0x13, 0x00, 0xf0, 0x02, 0x05, 0x04, 0x00, 0x04, 0x00, 0x00, 0x00, 0x70, 0x3f, 0x8c, 0xbf, 0x80,
    0x0a, 0x8a, 0x7d, 0x6a, 0x3c, 0x85, 0xbe, 0x82, 0x00, 0x88, 0xbf, 0xff, 0x0a, 0x02, 0x36, 0x80, 0x00, 0x00, 0x00,
    0x0b, 0x00, 0x48, 0xd5, 0x05, 0x09, 0x0d, 0x02, 0x88, 0x0a, 0x18, 0x36, 0x87, 0x0a, 0x1c, 0x36, 0x03, 0x06, 0x26,
    0x26, 0x80, 0x02, 0x0a, 0x7d, 0x88, 0x16, 0x02, 0x02, 0x80, 0x18, 0x0a, 0x7d, 0x88, 0x1c, 0x1e, 0x02, 0xc1, 0x06,
    0x18, 0x4a, 0x81, 0x02, 0x1a, 0x4a, 0x00, 0x03, 0x0a, 0x4c, 0x00, 0x1f, 0x20, 0x4a, 0x11, 0x00, 0x6d, 0xd7, 0x0f,
    0x01, 0x06, 0x02, 0x80, 0x18, 0x18, 0x24, 0x00, 0x1b, 0x1a, 0x4c, 0x02, 0x0a, 0x0a, 0x26, 0x02, 0x20, 0x20, 0x26,
    0x02, 0x22, 0x22, 0x26, 0x03, 0x18, 0x18, 0x22, 0x02, 0x1a, 0x1a, 0x26, 0x04, 0x00, 0xa1, 0xbf, 0x0a, 0x17, 0x00,
    0xf0, 0x02, 0x14, 0x02, 0x00, 0x0c, 0x00, 0x00, 0x00, 0x0a, 0x17, 0x00, 0xf0, 0x05, 0x18, 0x02, 0x00, 0x13, 0x00,
    0x00, 0x00, 0x0a, 0x17, 0x00, 0xf0, 0x0d, 0x1b, 0x02, 0x00, 0x13, 0x00, 0x00, 0x00, 0x0a, 0x17, 0x00, 0xf0, 0x10,
    0x1e, 0x02, 0x00, 0x13, 0x00, 0x00, 0x00, 0x0a, 0x17, 0x00, 0xf0, 0x11, 0x11, 0x02, 0x00, 0x13, 0x00, 0x00, 0x00,
    0x05, 0x00, 0x6d, 0xd7, 0x01, 0x1f, 0x06, 0x02, 0x01, 0x0d, 0x1e, 0x7e, 0x05, 0x0d, 0x0a, 0x7e, 0x05, 0x55, 0x20,
    0x7e, 0x05, 0x1f, 0x2e, 0x08, 0x05, 0x00, 0x62, 0xd7, 0x05, 0x83, 0x01, 0x00, 0x72, 0x3f, 0x8c, 0xbf, 0x18, 0x37,
    0x02, 0x08, 0x19, 0x39, 0x18, 0x08, 0x1a, 0x3b, 0x1a, 0x08, 0xf3, 0x2e, 0x34, 0x06, 0x06, 0x01, 0x04, 0xd4, 0x01,
    0xff, 0x01, 0x00, 0x00, 0x00, 0x80, 0x3d, 0x18, 0x01, 0x04, 0xd4, 0x0c, 0xff, 0x01, 0x00, 0x00, 0x00, 0x80, 0x3d,
    0x07, 0x01, 0x04, 0xd4, 0x0d, 0xff, 0x01, 0x00, 0x00, 0x00, 0x80, 0x3d, 0x0d, 0x00, 0x41, 0xd5, 0x10, 0x35, 0xc6,
    0x03, 0x0c, 0x00, 0x41, 0xd5, 0x10, 0x2f, 0xc6, 0x03, 0x70, 0x3f, 0x8c, 0xbf, 0x1e, 0x23, 0x20, 0x08, 0x1f, 0x25,
    0x22, 0x08, 0x22, 0x2b, 0x34, 0x0a, 0x17, 0x03, 0x03, 0xd5, 0x0c, 0x1b, 0x02, 0x18, 0x20, 0x27, 0x18, 0x08, 0x21,
    0x29, 0x1a, 0x0a, 0x06, 0x18, 0x6a, 0x88, 0x06, 0x01, 0x04, 0xd4, 0x10, 0xff, 0x01, 0x00, 0x00, 0x00, 0x80, 0x3d,
    0xf9, 0x0a, 0x0c, 0x7c, 0x0f, 0x98, 0x06, 0x06, 0x07, 0x6a, 0x6a, 0x88, 0x01, 0x00, 0x01, 0xd5, 0x80, 0x82, 0xa9,
    0x01, 0x12, 0x00, 0x01, 0xd5, 0x80, 0x02, 0xa9, 0x01, 0x6a, 0x01, 0x04, 0xd4, 0x11, 0xff, 0x01, 0x00, 0x00, 0x00,
    0x80, 0x3d, 0x11, 0x00, 0x41, 0xd5, 0x17, 0x1b, 0x86, 0x04, 0x01, 0x00, 0x4a, 0xd5, 0x81, 0x02, 0x0a, 0x02, 0x06,
    0x6a, 0x06, 0x88, 0x6a, 0x01, 0x04, 0xd4, 0x0c, 0xff, 0x01, 0x00, 0x00, 0x00, 0x80, 0x3d, 0x23, 0x2d, 0x18, 0x0a,
    0x10, 0x00, 0x41, 0xd5, 0x17, 0x19, 0x8e, 0x04, 0x0c, 0x47, 0x18, 0x40, 0x00, 0x00, 0x00, 0x3e, 0x6a, 0x06, 0x6a,
    0x88, 0x12, 0x03, 0x02, 0x02, 0x05, 0x1f, 0x0c, 0x7c, 0x12, 0x00, 0x41, 0xd5, 0x17, 0x35, 0x8a, 0x04, 0x0d, 0x43,
    0x0a, 0x40, 0x00, 0x00, 0x00, 0x3e, 0x06, 0x00, 0x82, 0xd4, 0x01, 0x05, 0x01, 0x00, 0x07, 0x00, 0x82, 0xd4, 0x01,
    0x03, 0x01, 0x00, 0x06, 0x18, 0x06, 0x87, 0x07, 0x6a, 0x6a, 0x87, 0x06, 0x6a, 0x06, 0x88, 0x83, 0x02, 0x04, 0x7d,
    0x0b, 0x1d, 0x02, 0x4a, 0x1a, 0x45, 0x16, 0x40, 0x00, 0x00, 0x00, 0x3e, 0x6a, 0x06, 0x06, 0x88, 0x80, 0x02, 0x0a,
    0x7d, 0x0e, 0x00, 0x01, 0xd5, 0x21, 0x23, 0x1a, 0x00, 0x07, 0x00, 0x01, 0xd5, 0x23, 0x21, 0x1a, 0x00, 0x01, 0x00,
    0x01, 0xd5, 0x22, 0x25, 0x1a, 0x00, 0x05, 0x1d, 0x42, 0x02, 0x0c, 0x0f, 0x46, 0x02, 0x0b, 0x03, 0x44, 0x02, 0x05,
    0x03, 0xfe, 0xbe, 0x81, 0x06, 0x0a, 0x4a, 0x03, 0x0a, 0x12, 0x22, 0xe3, 0xff, 0xa3, 0xbf, 0x0a, 0x11, 0x00, 0xf0,
    0x02, 0x0b, 0x04, 0x00, 0x09, 0x00, 0x00, 0x00, 0x70, 0x3f, 0x8c, 0xbf, 0x80, 0x16, 0x8a, 0x7d, 0x05, 0x6a, 0x7e,
    0x87, 0x7f, 0x00, 0x88, 0xbf, 0xff, 0x16, 0x18, 0x36, 0x80, 0x00, 0x00, 0x00, 0x0e, 0x00, 0x48, 0xd5, 0x0b, 0x09,
    0x0d, 0x02, 0x80, 0x18, 0x0a, 0x7d, 0x88, 0x1c, 0x1a, 0x02, 0x81, 0x1a, 0x1e, 0x4a, 0x88, 0x16, 0x18, 0x36, 0x87,
    0x16, 0x16, 0x36, 0x00, 0x1b, 0x20, 0x4c, 0x00, 0x1f, 0x1e, 0x4c, 0x80, 0x18, 0x0a, 0x7d, 0x88, 0x16, 0x26, 0x02,
    0x02, 0x20, 0x18, 0x26, 0x03, 0x0a, 0x24, 0x26, 0x02, 0x1e, 0x0a, 0x26, 0x00, 0x27, 0x1e, 0x4a, 0x10, 0x00, 0x6d,
    0xd7, 0x13, 0x01, 0x06, 0x02, 0x02, 0x1e, 0x22, 0x26, 0x02, 0x20, 0x20, 0x26, 0x04, 0x00, 0xa1, 0xbf, 0x0a, 0x17,
    0x00, 0xf0, 0x02, 0x15, 0x02, 0x00, 0x09, 0x00, 0x00, 0x00, 0x0a, 0x17, 0x00, 0xf0, 0x0c, 0x18, 0x02, 0x00, 0x12,
    0x00, 0x00, 0x00, 0x0a, 0x17, 0x00, 0xf0, 0x05, 0x1b, 0x02, 0x00, 0x12, 0x00, 0x00, 0x00, 0x0a, 0x17, 0x00, 0xf0,
    0x11, 0x1e, 0x02, 0x00, 0x12, 0x00, 0x00, 0x00, 0x0a, 0x17, 0x00, 0xf0, 0x10, 0x0f, 0x02, 0x00, 0x12, 0x00, 0x00,
    0x00, 0x02, 0x00, 0x6d, 0xd7, 0x13, 0x1b, 0x06, 0x02, 0x02, 0x0d, 0x04, 0x7e, 0x0d, 0x0d, 0x0a, 0x7e, 0x72, 0x3f,
    0x8c, 0xbf, 0x18, 0x37, 0x12, 0x08, 0x19, 0x39, 0x18, 0x08, 0x1a, 0x3b, 0x1a, 0x08, 0x02, 0x55, 0x26, 0x7e, 0x02,
    0x0b, 0x24, 0x08, 0x06, 0x01, 0x04, 0xd4, 0x09, 0xff, 0x01, 0x00, 0x00, 0x00, 0x80, 0x3d, 0x18, 0x01, 0x04, 0xd4,
    0x0c, 0xff, 0x01, 0x00, 0x00, 0x00, 0x80, 0x3d, 0x07, 0x01, 0x04, 0xd4, 0x0d, 0xff, 0x01, 0x00, 0x00, 0x00, 0x80,
    0x3d, 0x06, 0x18, 0x6a, 0x88, 0x07, 0x6a, 0x6a, 0x88, 0xf3, 0x24, 0x18, 0x06, 0x09, 0x00, 0x01, 0xd5, 0x80, 0x82,
    0xa9, 0x01, 0x0d, 0x00, 0x41, 0xd5, 0x13, 0x19, 0xc6, 0x03, 0x0c, 0x00, 0x41, 0xd5, 0x13, 0x25, 0xc6, 0x03, 0x70,
    0x3f, 0x8c, 0xbf, 0x1e, 0x1f, 0x1e, 0x08, 0x1f, 0x21, 0x20, 0x08, 0x09, 0x00, 0x4a, 0xd5, 0x81, 0x12, 0x0a, 0x02,
    0x12, 0x00, 0x01, 0xd5, 0x80, 0x02, 0xa9, 0x01, 0x0d, 0x03, 0x03, 0xd5, 0x0c, 0x1b, 0x02, 0x18, 0x06, 0x01, 0x04,
    0xd4, 0x0f, 0xff, 0x01, 0x00, 0x00, 0x00, 0x80, 0x3d, 0x6a, 0x01, 0x04, 0xd4, 0x10, 0xff, 0x01, 0x00, 0x00, 0x00,
    0x80, 0x3d, 0x20, 0x23, 0x18, 0x08, 0x06, 0x6a, 0x06, 0x88, 0x6a, 0x01, 0x04, 0xd4, 0x0c, 0xff, 0x01, 0x00, 0x00,
    0x00, 0x80, 0x3d, 0x21, 0x2b, 0x1e, 0x0a, 0x22, 0x2d, 0x18, 0x0a, 0x23, 0x2f, 0x2c, 0x0a, 0x6a, 0x06, 0x6a, 0x88,
    0x02, 0x00, 0x62, 0xd7, 0x02, 0x83, 0x01, 0x00, 0x12, 0x13, 0x12, 0x02, 0x12, 0x00, 0x41, 0xd5, 0x0d, 0x1f, 0x86,
    0x04, 0x10, 0x00, 0x41, 0xd5, 0x0d, 0x19, 0x8a, 0x04, 0x0d, 0x00, 0x41, 0xd5, 0x0d, 0x2d, 0x8e, 0x04, 0x06, 0x00,
    0x82, 0xd4, 0x09, 0x05, 0x01, 0x00, 0xf9, 0x0a, 0x0c, 0x7c, 0x02, 0x98, 0x06, 0x06, 0x07, 0x00, 0x82, 0xd4, 0x09,
    0x03, 0x01, 0x00, 0x05, 0x05, 0x0c, 0x7c, 0x06, 0x18, 0x06, 0x87, 0x07, 0x6a, 0x6a, 0x87, 0x06, 0x6a, 0x06, 0x88,
    0x80, 0x12, 0x04, 0x7d, 0x6a, 0x06, 0x06, 0x88, 0x0e, 0x17, 0x04, 0x4a, 0x0f, 0x43, 0x0a, 0x40, 0x00, 0x00, 0x00,
    0x3e, 0x0c, 0x45, 0x12, 0x40, 0x00, 0x00, 0x00, 0x3e, 0x16, 0x47, 0x16, 0x40, 0x00, 0x00, 0x00, 0x3e, 0x0c, 0x00,
    0x01, 0xd5, 0x21, 0x25, 0x1a, 0x00, 0x80, 0x04, 0x0a, 0x7d, 0x01, 0x00, 0x01, 0xd5, 0x23, 0x1b, 0x1a, 0x00, 0x02,
    0x00, 0x01, 0xd5, 0x22, 0x21, 0x1a, 0x00, 0x05, 0x19, 0x42, 0x02, 0x09, 0x05, 0x44, 0x02, 0x0b, 0x03, 0x46, 0x02,
    0x05, 0x03, 0xfe, 0xbe, 0x80, 0x0c, 0x8a, 0x7d, 0x05, 0x6a, 0x7e, 0x87, 0x82, 0x00, 0x88, 0xbf, 0xff, 0x0c, 0x0a,
    0x36, 0x80, 0x00, 0x00, 0x00, 0x08, 0x00, 0x48, 0xd5, 0x06, 0x09, 0x0d, 0x02, 0x88, 0x0c, 0x12, 0x36, 0x80, 0x0a,
    0x0a, 0x7d, 0x88, 0x10, 0x18, 0x02, 0x80, 0x12, 0x0a, 0x7d, 0x87, 0x0c, 0x0a, 0x36, 0x88, 0x0a, 0x0c, 0x02, 0x03,
    0x19, 0x12, 0x4a, 0x0b, 0x00, 0x6d, 0xd7, 0x0c, 0x07, 0x06, 0x02, 0x02, 0x00, 0x1a, 0x26, 0x03, 0x12, 0x1c, 0x26,
    0x03, 0x16, 0x16, 0x26, 0x81, 0x00, 0x12, 0x4a, 0x81, 0x0c, 0x20, 0x4a, 0x03, 0x0d, 0x1e, 0x4c, 0x02, 0x12, 0x12,
    0x22, 0x03, 0x21, 0x20, 0x4c, 0x03, 0x1e, 0x1e, 0x26, 0x03, 0x20, 0x20, 0x26, 0xe3, 0xff, 0xa3, 0xbf, 0x04, 0x00,
    0xa1, 0xbf, 0x0a, 0x17, 0x00, 0xf0, 0x09, 0x11, 0x02, 0x00, 0x04, 0x00, 0x00, 0x00, 0x0a, 0x17, 0x00, 0xf0, 0x0d,
    0x14, 0x02, 0x00, 0x0e, 0x00, 0x00, 0x00, 0x0a, 0x17, 0x00, 0xf0, 0x0d, 0x17, 0x02, 0x00, 0x0b, 0x00, 0x00, 0x00,
    0x0a, 0x17, 0x00, 0xf0, 0x0d, 0x1a, 0x02, 0x00, 0x0f, 0x00, 0x00, 0x00, 0x0a, 0x17, 0x00, 0xf0, 0x0d, 0x0d, 0x02,
    0x00, 0x10, 0x00, 0x00, 0x00, 0x06, 0x00, 0x6d, 0xd7, 0x06, 0x19, 0x06, 0x02, 0x06, 0x0d, 0x0c, 0x7e, 0x0c, 0x0d,
    0x16, 0x7e, 0x72, 0x3f, 0x8c, 0xbf, 0x14, 0x2f, 0x12, 0x08, 0x15, 0x31, 0x18, 0x08, 0x16, 0x33, 0x20, 0x08, 0x06,
    0x55, 0x2a, 0x7e, 0x06, 0x17, 0x28, 0x08, 0x06, 0x01, 0x04, 0xd4, 0x09, 0xff, 0x01, 0x00, 0x00, 0x00, 0x80, 0x3d,
    0x18, 0x01, 0x04, 0xd4, 0x0c, 0xff, 0x01, 0x00, 0x00, 0x00, 0x80, 0x3d, 0x07, 0x01, 0x04, 0xd4, 0x10, 0xff, 0x01,
    0x00, 0x00, 0x00, 0x80, 0x3d, 0x06, 0x18, 0x6a, 0x88, 0x07, 0x6a, 0x6a, 0x88, 0xf3, 0x28, 0x18, 0x06, 0x09, 0x00,
    0x01, 0xd5, 0x80, 0x82, 0xa9, 0x01, 0x0c, 0x00, 0x41, 0xd5, 0x15, 0x19, 0xc6, 0x03, 0x15, 0x00, 0x41, 0xd5, 0x15,
    0x29, 0xc6, 0x03, 0x70, 0x3f, 0x8c, 0xbf, 0x1a, 0x1b, 0x1a, 0x08, 0x1b, 0x1d, 0x1c, 0x08, 0x09, 0x00, 0x4a, 0xd5,
    0x81, 0x12, 0x0a, 0x02, 0x10, 0x00, 0x01, 0xd5, 0x80, 0x02, 0xa9, 0x01, 0x17, 0x03, 0x03, 0xd5, 0x15, 0x19, 0x02,
    0x18, 0x06, 0x01, 0x04, 0xd4, 0x0d, 0xff, 0x01, 0x00, 0x00, 0x00, 0x80, 0x3d, 0x6a, 0x01, 0x04, 0xd4, 0x0e, 0xff,
    0x01, 0x00, 0x00, 0x00, 0x80, 0x3d, 0x1c, 0x1f, 0x18, 0x08, 0x06, 0x6a, 0x06, 0x88, 0x6a, 0x01, 0x04, 0xd4, 0x0c,
    0xff, 0x01, 0x00, 0x00, 0x00, 0x80, 0x3d, 0x21, 0x23, 0x1c, 0x0a, 0x22, 0x25, 0x18, 0x0a, 0x23, 0x27, 0x1a, 0x0a,
    0x6a, 0x06, 0x6a, 0x88, 0x06, 0x00, 0x62, 0xd7, 0x06, 0x83, 0x01, 0x00, 0x10, 0x13, 0x12, 0x02, 0x0f, 0x00, 0x41,
    0xd5, 0x17, 0x1d, 0x86, 0x04, 0x10, 0x00, 0x41, 0xd5, 0x17, 0x19, 0x8a, 0x04, 0x11, 0x00, 0x41, 0xd5, 0x17, 0x1b,
    0x8e, 0x04, 0x06, 0x00, 0x82, 0xd4, 0x09, 0x05, 0x01, 0x00, 0xf9, 0x0c, 0x0c, 0x7c, 0x0b, 0x98, 0x06, 0x06, 0x07,
    0x00, 0x82, 0xd4, 0x09, 0x03, 0x01, 0x00, 0x06, 0x17, 0x0c, 0x7c, 0x06, 0x18, 0x06, 0x87, 0x07, 0x6a, 0x6a, 0x87,
    0x06, 0x6a, 0x06, 0x88, 0x83, 0x12, 0x04, 0x7d, 0x6a, 0x06, 0x06, 0x88, 0x08, 0x0b, 0x0a, 0x4a, 0x0e, 0x43, 0x0c,
    0x40, 0x00, 0x00, 0x00, 0x3e, 0x0c, 0x45, 0x10, 0x40, 0x00, 0x00, 0x00, 0x3e, 0x0d, 0x47, 0x12, 0x40, 0x00, 0x00,
    0x00, 0x3e, 0x01, 0x00, 0x01, 0xd5, 0x21, 0x1f, 0x1a, 0x00, 0x80, 0x0a, 0x0a, 0x7d, 0x07, 0x00, 0x01, 0xd5, 0x23,
    0x23, 0x1a, 0x00, 0x02, 0x00, 0x01, 0xd5, 0x22, 0x21, 0x1a, 0x00, 0x06, 0x03, 0x42, 0x02, 0x08, 0x05, 0x44, 0x02,
    0x09, 0x0f, 0x46, 0x02, 0x05, 0x03, 0xfe, 0xbe, 0xc1, 0x00, 0x0a, 0x4a, 0x80, 0x0a, 0x0e, 0x24, 0x02, 0x0e, 0x0e,
    0x22, 0xe3, 0xff, 0xa3, 0xbf, 0x0a, 0x12, 0x00, 0xf0, 0x07, 0x08, 0x04, 0x00, 0x04, 0x00, 0x00, 0x00, 0x70, 0x3f,
    0x8c, 0xbf, 0x80, 0x10, 0x8a, 0x7d, 0x05, 0x6a, 0x7e, 0x87, 0x7f, 0x00, 0x88, 0xbf, 0xff, 0x10, 0x12, 0x36, 0x80,
    0x00, 0x00, 0x00, 0x0b, 0x00, 0x48, 0xd5, 0x08, 0x09, 0x0d, 0x02, 0x88, 0x10, 0x18, 0x36, 0x87, 0x10, 0x10, 0x36,
    0x02, 0x0a, 0x0a, 0x26, 0x80, 0x12, 0x0a, 0x7d, 0x88, 0x16, 0x1c, 0x02, 0x80, 0x18, 0x0a, 0x7d, 0x88, 0x10, 0x12,
    0x02, 0x03, 0x1d, 0x18, 0x4a, 0x0d, 0x00, 0x6d, 0xd7, 0x0e, 0x07, 0x06, 0x02, 0x03, 0x13, 0x20, 0x4c, 0x03, 0x18,
    0x18, 0x26, 0x03, 0x1a, 0x1e, 0x26, 0x81, 0x12, 0x1a, 0x4a, 0x03, 0x20, 0x20, 0x26, 0x03, 0x1b, 0x1a, 0x4c, 0x03,
    0x1a, 0x24, 0x26, 0x04, 0x00, 0xa1, 0xbf, 0x0a, 0x17, 0x00, 0xf0, 0x07, 0x13, 0x02, 0x00, 0x04, 0x00, 0x00, 0x00,
    0x0a, 0x17, 0x00, 0xf0, 0x05, 0x16, 0x02, 0x00, 0x0c, 0x00, 0x00, 0x00, 0x0a, 0x17, 0x00, 0xf0, 0x05, 0x19, 0x02,
    0x00, 0x0f, 0x00, 0x00, 0x00, 0x0a, 0x17, 0x00, 0xf0, 0x05, 0x1c, 0x02, 0x00, 0x10, 0x00, 0x00, 0x00, 0x0a, 0x17,
    0x00, 0xf0, 0x05, 0x0f, 0x02, 0x00, 0x12, 0x00, 0x00, 0x00, 0x0e, 0x0d, 0x0a, 0x7e, 0x04, 0x00, 0x6d, 0xd7, 0x0e,
    0x13, 0x06, 0x02, 0x04, 0x0d, 0x08, 0x7e, 0x04, 0x55, 0x1a, 0x7e, 0x04, 0x0b, 0x1c, 0x08, 0x04, 0x00, 0x62, 0xd7,
    0x04, 0x83, 0x01, 0x00, 0x72, 0x3f, 0x8c, 0xbf, 0x16, 0x33, 0x0e, 0x08, 0x17, 0x35, 0x12, 0x08, 0x18, 0x37, 0x18,
    0x08, 0x02, 0x01, 0x04, 0xd4, 0x07, 0xff, 0x01, 0x00, 0x00, 0x00, 0x80, 0x3d, 0x06, 0x01, 0x04, 0xd4, 0x09, 0xff,
    0x01, 0x00, 0x00, 0x00, 0x80, 0x3d, 0x03, 0x01, 0x04, 0xd4, 0x0c, 0xff, 0x01, 0x00, 0x00, 0x00, 0x80, 0x3d, 0xf3,
    0x1c, 0x18, 0x06, 0x0e, 0x00, 0x41, 0xd5, 0x0d, 0x1d, 0xc6, 0x03, 0x09, 0x00, 0x41, 0xd5, 0x0d, 0x19, 0xc6, 0x03,
    0x70, 0x3f, 0x8c, 0xbf, 0x1c, 0x1f, 0x18, 0x08, 0x1d, 0x21, 0x1a, 0x08, 0x0f, 0x03, 0x03, 0xd5, 0x0e, 0x13, 0x02,
    0x18, 0x1e, 0x23, 0x12, 0x08, 0x21, 0x27, 0x1c, 0x0a, 0x02, 0x06, 0x6a, 0x88, 0x02, 0x01, 0x04, 0xd4, 0x0c, 0xff,
    0x01, 0x00, 0x00, 0x00, 0x80, 0x3d, 0xf9, 0x0a, 0x0c, 0x7c, 0x04, 0x86, 0x06, 0x06, 0x22, 0x29, 0x18, 0x0a, 0x12,
    0x00, 0x41, 0xd5, 0x0f, 0x1d, 0x86, 0x04, 0x03, 0x6a, 0x6a, 0x88, 0x07, 0x00, 0x01, 0xd5, 0x80, 0x82, 0xa9, 0x01,
    0x10, 0x00, 0x01, 0xd5, 0x80, 0x02, 0xa9, 0x01, 0x6a, 0x01, 0x04, 0xd4, 0x0d, 0xff, 0x01, 0x00, 0x00, 0x00, 0x80,
    0x3d, 0x07, 0x00, 0x4a, 0xd5, 0x81, 0x0e, 0x0a, 0x02, 0x02, 0x6a, 0x02, 0x88, 0x6a, 0x01, 0x04, 0xd4, 0x09, 0xff,
    0x01, 0x00, 0x00, 0x00, 0x80, 0x3d, 0x23, 0x2b, 0x12, 0x0a, 0x0d, 0x00, 0x41, 0xd5, 0x0f, 0x13, 0x8e, 0x04, 0x6a,
    0x02, 0x6a, 0x88, 0x10, 0x0f, 0x0e, 0x02, 0x05, 0x09, 0x0c, 0x7c, 0x10, 0x00, 0x41, 0xd5, 0x0f, 0x19, 0x8a, 0x04,
    0x0b, 0x11, 0x08, 0x4a, 0x0c, 0x45, 0x0a, 0x40, 0x00, 0x00, 0x00, 0x3e, 0x02, 0x00, 0x82, 0xd4, 0x07, 0x05, 0x01,
    0x00, 0x03, 0x00, 0x82, 0xd4, 0x07, 0x03, 0x01, 0x00, 0x09, 0x47, 0x10, 0x40, 0x00, 0x00, 0x00, 0x3e, 0x02, 0x06,
    0x02, 0x87, 0x03, 0x6a, 0x6a, 0x87, 0x02, 0x6a, 0x02, 0x88, 0x80, 0x0e, 0x04, 0x7d, 0x0e, 0x43, 0x0e, 0x40, 0x00,
    0x00, 0x00, 0x3e, 0x6a, 0x02, 0x02, 0x88, 0x80, 0x08, 0x0a, 0x7d, 0x01, 0x00, 0x01, 0xd5, 0x21, 0x25, 0x0a, 0x00,
    0x06, 0x00, 0x01, 0xd5, 0x23, 0x1b, 0x0a, 0x00, 0x02, 0x00, 0x01, 0xd5, 0x22, 0x21, 0x0a, 0x00, 0x07, 0x03, 0x42,
    0x02, 0x08, 0x0d, 0x46, 0x02, 0x05, 0x05, 0x44, 0x02, 0x05, 0x03, 0xfe, 0xbe, 0x00, 0x02, 0x0c, 0xf4, 0x00, 0x00,
    0x00, 0xfa, 0x7f, 0xc0, 0x8c, 0xbf, 0xe3, 0xff, 0xa3, 0xbf, 0x0a, 0x3f, 0x20, 0xf0, 0x00, 0x21, 0x02, 0x00, 0x03,
    0x00, 0x00, 0x00, 0x00, 0x00, 0x81, 0xbf, 0x00, 0x00, 0x9f, 0xbf, 0x00, 0x00, 0x9f, 0xbf, 0x00, 0x00, 0x9f, 0xbf,
    0x00, 0x00, 0x9f, 0xbf, 0x00, 0x00, 0x9f, 0xbf, 0x00, 0x00, 0x9f, 0xbf, 0x00, 0x00, 0x9f, 0xbf, 0x00, 0x00, 0x9f,
    0xbf, 0x00, 0x00, 0x9f, 0xbf, 0x00, 0x00, 0x9f, 0xbf, 0x00, 0x00, 0x9f, 0xbf, 0x00, 0x00, 0x9f, 0xbf, 0x00, 0x00,
    0x9f, 0xbf, 0x00, 0x00, 0x9f, 0xbf, 0x00, 0x00, 0x9f, 0xbf, 0x00, 0x00, 0x9f, 0xbf, 0x00, 0x00, 0x9f, 0xbf, 0x00,
    0x00, 0x9f, 0xbf, 0x00, 0x00, 0x9f, 0xbf, 0x00, 0x00, 0x9f, 0xbf, 0x00, 0x00, 0x9f, 0xbf, 0x00, 0x00, 0x9f, 0xbf,
    0x00, 0x00, 0x9f, 0xbf, 0x00, 0x00, 0x9f, 0xbf, 0x00, 0x00, 0x9f, 0xbf, 0x00, 0x00, 0x9f, 0xbf, 0x00, 0x00, 0x9f,
    0xbf, 0x00, 0x00, 0x9f, 0xbf, 0x00, 0x00, 0x9f, 0xbf, 0x00, 0x00, 0x9f, 0xbf, 0x00, 0x00, 0x9f, 0xbf, 0x00, 0x00,
    0x9f, 0xbf, 0x00, 0x00, 0x9f, 0xbf, 0x00, 0x00, 0x9f, 0xbf, 0x00, 0x00, 0x9f, 0xbf, 0x00, 0x00, 0x9f, 0xbf, 0x00,
    0x00, 0x9f, 0xbf, 0x00, 0x00, 0x9f, 0xbf, 0x00, 0x00, 0x9f, 0xbf, 0x00, 0x00, 0x9f, 0xbf, 0x00, 0x00, 0x9f, 0xbf,
    0x00, 0x00, 0x9f, 0xbf, 0x00, 0x00, 0x9f, 0xbf, 0x00, 0x00, 0x9f, 0xbf, 0x00, 0x00, 0x9f, 0xbf, 0x00, 0x00, 0x9f,
    0xbf, 0x00, 0x00, 0x9f, 0xbf, 0x00, 0x00, 0x9f, 0xbf, 0x00, 0x00, 0x9f, 0xbf, 0x00, 0x00, 0x9f, 0xbf, 0x00, 0x00,
    0x9f, 0xbf, 0x00, 0x00, 0x9f, 0xbf, 0x00, 0x00, 0x9f, 0xbf, 0x00, 0x00, 0x9f, 0xbf, 0x00, 0x00, 0x9f, 0xbf, 0x00,
    0x00, 0x9f, 0xbf, 0x00, 0x00, 0x9f, 0xbf, 0x00, 0x00, 0x9f, 0xbf, 0x00, 0x00, 0x9f, 0xbf, 0x00, 0x00, 0x9f, 0xbf,
    0x00, 0x00, 0x9f, 0xbf, 0x00, 0x00, 0x9f, 0xbf, 0x00, 0x00, 0x9f, 0xbf, 0x00, 0x00, 0x9f, 0xbf, 0x00, 0x00, 0x00,
    0x00, 0x00, 0x00, 0x10, 0x00, 0x00, 0x00, 0x00, 0x00, 0xac, 0xbf, 0x04, 0x11, 0x47, 0x65, 0x6e, 0x65, 0x72, 0x61,
    0x74, 0x65, 0x64, 0x20, 0x62, 0x79, 0x20, 0x74, 0x68, 0x65, 0x20, 0x41, 0x64, 0x76, 0x61, 0x6e, 0x63, 0x65, 0x64,
    0x20, 0x4d, 0x69, 0x63, 0x72, 0x6f, 0x20, 0x44, 0x65, 0x76, 0x69, 0x63, 0x65, 0x73, 0x2c, 0x20, 0x49, 0x6e, 0x63,
    0x2e, 0x2c, 0x20, 0x50, 0x72, 0x6f, 0x70, 0x72, 0x69, 0x65, 0x74, 0x61, 0x72, 0x79, 0x20, 0x47, 0x50, 0x55, 0x20,
    0x53, 0x68, 0x61, 0x64, 0x65, 0x72, 0x20, 0x43, 0x6f, 0x6d, 0x70, 0x69, 0x6c, 0x65, 0x72, 0x2e, 0x00, 0x00, 0x5f,
    0x61, 0x6d, 0x64, 0x67, 0x70, 0x75, 0x5f, 0x63, 0x73, 0x5f, 0x6d, 0x61, 0x69, 0x6e, 0x00, 0x5f, 0x61, 0x6d, 0x64,
    0x67, 0x70, 0x75, 0x5f, 0x63, 0x73, 0x5f, 0x73, 0x68, 0x64, 0x72, 0x5f, 0x69, 0x6e, 0x74, 0x72, 0x6c, 0x5f, 0x74,
    0x62, 0x6c, 0x00, 0x00, 0x00, 0x00, 0x00, 0x00, 0x00, 0x00, 0x00, 0x00, 0x00, 0x00, 0x00, 0x00, 0x00, 0x00, 0x00,
    0x00, 0x00, 0x00, 0x00, 0x00, 0x00, 0x00, 0x00, 0x01, 0x00, 0x00, 0x00, 0x12, 0x00, 0x02, 0x00, 0x00, 0x00, 0x00,
    0x00, 0x00, 0x00, 0x00, 0x00, 0x24, 0x0a, 0x00, 0x00, 0x00, 0x00, 0x00, 0x00, 0x11, 0x00, 0x00, 0x00, 0x11, 0x00,
    0x03, 0x00, 0x00, 0x00, 0x00, 0x00, 0x00, 0x00, 0x00, 0x00, 0x10, 0x00, 0x00, 0x00, 0x00, 0x00, 0x00, 0x00, 0x07,
    0x00, 0x00, 0x00, 0x14, 0x04, 0x00, 0x00, 0x20, 0x00, 0x00, 0x00, 0x41, 0x4d, 0x44, 0x47, 0x50, 0x55, 0x00, 0x00,
    0x82, 0xae, 0x61, 0x6d, 0x64, 0x70, 0x61, 0x6c, 0x2e, 0x76, 0x65, 0x72, 0x73, 0x69, 0x6f, 0x6e, 0x92, 0x03, 0x06,
    0xb0, 0x61, 0x6d, 0x64, 0x70, 0x61, 0x6c, 0x2e, 0x70, 0x69, 0x70, 0x65, 0x6c, 0x69, 0x6e, 0x65, 0x73, 0x91, 0x8b,
    0xa5, 0x2e, 0x74, 0x79, 0x70, 0x65, 0xa2, 0x43, 0x73, 0xae, 0x2e, 0x72, 0x65, 0x73, 0x6f, 0x75, 0x72, 0x63, 0x65,
    0x5f, 0x68, 0x61, 0x73, 0x68, 0xcf, 0x72, 0xca, 0x76, 0xf7, 0x66, 0xe5, 0xac, 0x79, 0xb0, 0x2e, 0x73, 0x70, 0x69,
    0x6c, 0x6c, 0x5f, 0x74, 0x68, 0x72, 0x65, 0x73, 0x68, 0x6f, 0x6c, 0x64, 0xcd, 0xff, 0xff, 0xb0, 0x2e, 0x75, 0x73,
    0x65, 0x72, 0x5f, 0x64, 0x61, 0x74, 0x61, 0x5f, 0x6c, 0x69, 0x6d, 0x69, 0x74, 0x01, 0xa8, 0x2e, 0x73, 0x68, 0x61,
    0x64, 0x65, 0x72, 0x73, 0x81, 0xa8, 0x2e, 0x63, 0x6f, 0x6d, 0x70, 0x75, 0x74, 0x65, 0x83, 0xb0, 0x2e, 0x61, 0x70,
    0x69, 0x5f, 0x73, 0x68, 0x61, 0x64, 0x65, 0x72, 0x5f, 0x68, 0x61, 0x73, 0x68, 0x92, 0xcf, 0x08, 0xc5, 0xab, 0x4a,
    0x96, 0xa2, 0x76, 0x23, 0xcf, 0x6f, 0x86, 0xd9, 0xda, 0xcb, 0x99, 0xb6, 0x93, 0xb1, 0x2e, 0x68, 0x61, 0x72, 0x64,
    0x77, 0x61, 0x72, 0x65, 0x5f, 0x6d, 0x61, 0x70, 0x70, 0x69, 0x6e, 0x67, 0x91, 0xa3, 0x2e, 0x63, 0x73, 0xaf, 0x2e,
    0x73, 0x68, 0x61, 0x64, 0x65, 0x72, 0x5f, 0x73, 0x75, 0x62, 0x74, 0x79, 0x70, 0x65, 0xa7, 0x55, 0x6e, 0x6b, 0x6e,
    0x6f, 0x77, 0x6e, 0xb0, 0x2e, 0x68, 0x61, 0x72, 0x64, 0x77, 0x61, 0x72, 0x65, 0x5f, 0x73, 0x74, 0x61, 0x67, 0x65,
    0x73, 0x81, 0xa3, 0x2e, 0x63, 0x73, 0xde, 0x00, 0x1b, 0xb3, 0x2e, 0x65, 0x6e, 0x74, 0x72, 0x79, 0x5f, 0x70, 0x6f,
    0x69, 0x6e, 0x74, 0x5f, 0x73, 0x79, 0x6d, 0x62, 0x6f, 0x6c, 0xaf, 0x5f, 0x61, 0x6d, 0x64, 0x67, 0x70, 0x75, 0x5f,
    0x63, 0x73, 0x5f, 0x6d, 0x61, 0x69, 0x6e, 0xab, 0x2e, 0x73, 0x67, 0x70, 0x72, 0x5f, 0x63, 0x6f, 0x75, 0x6e, 0x74,
    0x19, 0xab, 0x2e, 0x76, 0x67, 0x70, 0x72, 0x5f, 0x63, 0x6f, 0x75, 0x6e, 0x74, 0x25, 0xa9, 0x2e, 0x6c, 0x64, 0x73,
    0x5f, 0x73, 0x69, 0x7a, 0x65, 0x00, 0xb4, 0x2e, 0x73, 0x63, 0x72, 0x61, 0x74, 0x63, 0x68, 0x5f, 0x6d, 0x65, 0x6d,
    0x6f, 0x72, 0x79, 0x5f, 0x73, 0x69, 0x7a, 0x65, 0x00, 0xb4, 0x2e, 0x66, 0x72, 0x6f, 0x6e, 0x74, 0x65, 0x6e, 0x64,
    0x5f, 0x73, 0x74, 0x61, 0x63, 0x6b, 0x5f, 0x73, 0x69, 0x7a, 0x65, 0x00, 0xb3, 0x2e, 0x62, 0x61, 0x63, 0x6b, 0x65,
    0x6e, 0x64, 0x5f, 0x73, 0x74, 0x61, 0x63, 0x6b, 0x5f, 0x73, 0x69, 0x7a, 0x65, 0x00, 0xb6, 0x2e, 0x70, 0x65, 0x72,
    0x66, 0x5f, 0x64, 0x61, 0x74, 0x61, 0x5f, 0x62, 0x75, 0x66, 0x66, 0x65, 0x72, 0x5f, 0x73, 0x69, 0x7a, 0x65, 0x00,
    0xaa, 0x2e, 0x75, 0x73, 0x65, 0x73, 0x5f, 0x75, 0x61, 0x76, 0x73, 0xc3, 0xac, 0x2e, 0x77, 0x72, 0x69, 0x74, 0x65,
    0x73, 0x5f, 0x75, 0x61, 0x76, 0x73, 0xc3, 0xb4, 0x2e, 0x75, 0x73, 0x65, 0x73, 0x5f, 0x61, 0x70, 0x70, 0x65, 0x6e,
    0x64, 0x5f, 0x63, 0x6f, 0x6e, 0x73, 0x75, 0x6d, 0x65, 0xc2, 0xaf, 0x2e, 0x77, 0x61, 0x76, 0x65, 0x66, 0x72, 0x6f,
    0x6e, 0x74, 0x5f, 0x73, 0x69, 0x7a, 0x65, 0x20, 0xb2, 0x2e, 0x75, 0x73, 0x65, 0x72, 0x5f, 0x64, 0x61, 0x74, 0x61,
    0x5f, 0x72, 0x65, 0x67, 0x5f, 0x6d, 0x61, 0x70, 0xdc, 0x00, 0x20, 0xce, 0xff, 0xff, 0xff, 0xff, 0xce, 0xff, 0xff,
    0xff, 0xff, 0x00, 0xce, 0xff, 0xff, 0xff, 0xff, 0xce, 0xff, 0xff, 0xff, 0xff, 0xce, 0xff, 0xff, 0xff, 0xff, 0xce,
    0xff, 0xff, 0xff, 0xff, 0xce, 0xff, 0xff, 0xff, 0xff, 0xce, 0xff, 0xff, 0xff, 0xff, 0xce, 0xff, 0xff, 0xff, 0xff,
    0xce, 0xff, 0xff, 0xff, 0xff, 0xce, 0xff, 0xff, 0xff, 0xff, 0xce, 0xff, 0xff, 0xff, 0xff, 0xce, 0xff, 0xff, 0xff,
    0xff, 0xce, 0xff, 0xff, 0xff, 0xff, 0xce, 0xff, 0xff, 0xff, 0xff, 0xce, 0xff, 0xff, 0xff, 0xff, 0xce, 0xff, 0xff,
    0xff, 0xff, 0xce, 0xff, 0xff, 0xff, 0xff, 0xce, 0xff, 0xff, 0xff, 0xff, 0xce, 0xff, 0xff, 0xff, 0xff, 0xce, 0xff,
    0xff, 0xff, 0xff, 0xce, 0xff, 0xff, 0xff, 0xff, 0xce, 0xff, 0xff, 0xff, 0xff, 0xce, 0xff, 0xff, 0xff, 0xff, 0xce,
    0xff, 0xff, 0xff, 0xff, 0xce, 0xff, 0xff, 0xff, 0xff, 0xce, 0xff, 0xff, 0xff, 0xff, 0xce, 0xff, 0xff, 0xff, 0xff,
    0xce, 0xff, 0xff, 0xff, 0xff, 0xce, 0xff, 0xff, 0xff, 0xff, 0xce, 0xff, 0xff, 0xff, 0xff, 0xb7, 0x2e, 0x74, 0x68,
    0x72, 0x65, 0x61, 0x64, 0x67, 0x72, 0x6f, 0x75, 0x70, 0x5f, 0x64, 0x69, 0x6d, 0x65, 0x6e, 0x73, 0x69, 0x6f, 0x6e,
    0x73, 0x93, 0x08, 0x08, 0x01, 0xab, 0x2e, 0x66, 0x6c, 0x6f, 0x61, 0x74, 0x5f, 0x6d, 0x6f, 0x64, 0x65, 0xcc, 0xc0,
    0xae, 0x2e, 0x66, 0x70, 0x31, 0x36, 0x5f, 0x6f, 0x76, 0x65, 0x72, 0x66, 0x6c, 0x6f, 0x77, 0xc2, 0xaa, 0x2e, 0x69,
    0x65, 0x65, 0x65, 0x5f, 0x6d, 0x6f, 0x64, 0x65, 0xc2, 0xa9, 0x2e, 0x77, 0x67, 0x70, 0x5f, 0x6d, 0x6f, 0x64, 0x65,
    0xc2, 0xac, 0x2e, 0x6d, 0x65, 0x6d, 0x5f, 0x6f, 0x72, 0x64, 0x65, 0x72, 0x65, 0x64, 0xc2, 0xb1, 0x2e, 0x66, 0x6f,
    0x72, 0x77, 0x61, 0x72, 0x64, 0x5f, 0x70, 0x72, 0x6f, 0x67, 0x72, 0x65, 0x73, 0x73, 0xc2, 0xab, 0x2e, 0x75, 0x73,
    0x65, 0x72, 0x5f, 0x73, 0x67, 0x70, 0x72, 0x73, 0x03, 0xa8, 0x2e, 0x65, 0x78, 0x63, 0x70, 0x5f, 0x65, 0x6e, 0x00,
    0xab, 0x2e, 0x73, 0x63, 0x72, 0x61, 0x74, 0x63, 0x68, 0x5f, 0x65, 0x6e, 0xc2, 0xad, 0x2e, 0x74, 0x72, 0x61, 0x70,
    0x5f, 0x70, 0x72, 0x65, 0x73, 0x65, 0x6e, 0x74, 0xc2, 0xb0, 0x2e, 0x73, 0x68, 0x61, 0x72, 0x65, 0x64, 0x5f, 0x76,
    0x67, 0x70, 0x72, 0x5f, 0x63, 0x6e, 0x74, 0x00, 0xad, 0x2e, 0x77, 0x61, 0x76, 0x65, 0x73, 0x5f, 0x70, 0x65, 0x72,
    0x5f, 0x73, 0x65, 0x00, 0xaf, 0x2e, 0x63, 0x68, 0x65, 0x63, 0x6b, 0x73, 0x75, 0x6d, 0x5f, 0x76, 0x61, 0x6c, 0x75,
    0x65, 0xce, 0x3a, 0x78, 0xb2, 0x20, 0xaa, 0x2e, 0x72, 0x65, 0x67, 0x69, 0x73, 0x74, 0x65, 0x72, 0x73, 0x81, 0xcd,
    0x2e, 0x42, 0x00, 0xa5, 0x2e, 0x6e, 0x61, 0x6d, 0x65, 0xb2, 0x4d, 0x6c, 0x61, 0x61, 0x46, 0x69, 0x6e, 0x61, 0x6c,
    0x42, 0x6c, 0x65, 0x6e, 0x64, 0x46, 0x61, 0x73, 0x74, 0xb7, 0x2e, 0x69, 0x6e, 0x74, 0x65, 0x72, 0x6e, 0x61, 0x6c,
    0x5f, 0x70, 0x69, 0x70, 0x65, 0x6c, 0x69, 0x6e, 0x65, 0x5f, 0x68, 0x61, 0x73, 0x68, 0x92, 0xcf, 0x70, 0x98, 0xee,
    0x9f, 0x80, 0x13, 0x4b, 0x84, 0xcf, 0x11, 0xad, 0xf7, 0x27, 0xfb, 0xd5, 0x20, 0x13, 0xb2, 0x2e, 0x63, 0x6f, 0x6d,
    0x70, 0x75, 0x74, 0x65, 0x5f, 0x72, 0x65, 0x67, 0x69, 0x73, 0x74, 0x65, 0x72, 0x73, 0x85, 0xaf, 0x2e, 0x74, 0x69,
    0x64, 0x69, 0x67, 0x5f, 0x63, 0x6f, 0x6d, 0x70, 0x5f, 0x63, 0x6e, 0x74, 0x01, 0xaa, 0x2e, 0x74, 0x67, 0x69, 0x64,
    0x5f, 0x78, 0x5f, 0x65, 0x6e, 0xc3, 0xaa, 0x2e, 0x74, 0x67, 0x69, 0x64, 0x5f, 0x79, 0x5f, 0x65, 0x6e, 0xc3, 0xaa,
    0x2e, 0x74, 0x67, 0x69, 0x64, 0x5f, 0x7a, 0x5f, 0x65, 0x6e, 0xc2, 0xab, 0x2e, 0x74, 0x67, 0x5f, 0x73, 0x69, 0x7a,
    0x65, 0x5f, 0x65, 0x6e, 0xc2, 0xa4, 0x2e, 0x61, 0x70, 0x69, 0xa7, 0x73, 0x63, 0x70, 0x63, 0x42, 0x6c, 0x64, 0x00,
    0x00, 0x00, 0x00, 0x00, 0x00, 0x00, 0x00, 0x00, 0x00, 0x00, 0x00, 0x00, 0x00, 0x00, 0x00, 0x00, 0x00, 0x00, 0x00,
    0x00, 0x00, 0x00, 0x00, 0x00, 0x00, 0x00, 0x00, 0x00, 0x00, 0x00, 0x00, 0x00, 0x00, 0x00, 0x00, 0x00, 0x00, 0x00,
    0x00, 0x00, 0x00, 0x00, 0x00, 0x00, 0x00, 0x00, 0x00, 0x00, 0x00, 0x00, 0x00, 0x00, 0x00, 0x00, 0x00, 0x00, 0x00,
    0x00, 0x00, 0x00, 0x00, 0x00, 0x00, 0x00, 0x00, 0x00, 0x01, 0x00, 0x00, 0x00, 0x03, 0x00, 0x00, 0x00, 0x00, 0x00,
    0x00, 0x00, 0x00, 0x00, 0x00, 0x00, 0x00, 0x00, 0x00, 0x00, 0x00, 0x00, 0x00, 0x00, 0x40, 0x00, 0x00, 0x00, 0x00,
    0x00, 0x00, 0x00, 0x36, 0x00, 0x00, 0x00, 0x00, 0x00, 0x00, 0x00, 0x00, 0x00, 0x00, 0x00, 0x00, 0x00, 0x00, 0x00,
    0x00, 0x00, 0x00, 0x00, 0x00, 0x00, 0x00, 0x00, 0x00, 0x00, 0x00, 0x00, 0x00, 0x00, 0x00, 0x00, 0x0b, 0x00, 0x00,
    0x00, 0x01, 0x00, 0x00, 0x00, 0x06, 0x00, 0x00, 0x00, 0x00, 0x00, 0x00, 0x00, 0x00, 0x00, 0x00, 0x00, 0x00, 0x00,
    0x00, 0x00, 0x76, 0x00, 0x00, 0x00, 0x00, 0x00, 0x00, 0x00, 0x24, 0x0a, 0x00, 0x00, 0x00, 0x00, 0x00, 0x00, 0x00,
    0x00, 0x00, 0x00, 0x00, 0x00, 0x00, 0x00, 0x00, 0x01, 0x00, 0x00, 0x00, 0x00, 0x00, 0x00, 0x00, 0x00, 0x00, 0x00,
    0x00, 0x00, 0x00, 0x00, 0x11, 0x00, 0x00, 0x00, 0x01, 0x00, 0x00, 0x00, 0x03, 0x00, 0x00, 0x00, 0x00, 0x00, 0x00,
    0x00, 0x00, 0x00, 0x00, 0x00, 0x00, 0x00, 0x00, 0x00, 0x9a, 0x0a, 0x00, 0x00, 0x00, 0x00, 0x00, 0x00, 0x10, 0x00,
    0x00, 0x00, 0x00, 0x00, 0x00, 0x00, 0x00, 0x00, 0x00, 0x00, 0x00, 0x00, 0x00, 0x00, 0x20, 0x00, 0x00, 0x00, 0x00,
    0x00, 0x00, 0x00, 0x00, 0x00, 0x00, 0x00, 0x00, 0x00, 0x00, 0x00, 0x17, 0x00, 0x00, 0x00, 0x01, 0x00, 0x00, 0x00,
    0x00, 0x00, 0x00, 0x00, 0x00, 0x00, 0x00, 0x00, 0x00, 0x00, 0x00, 0x00, 0x00, 0x00, 0x00, 0x00, 0xaa, 0x0a, 0x00,
    0x00, 0x00, 0x00, 0x00, 0x00, 0x50, 0x00, 0x00, 0x00, 0x00, 0x00, 0x00, 0x00, 0x00, 0x00, 0x00, 0x00, 0x00, 0x00,
    0x00, 0x00, 0x00, 0x00, 0x00, 0x00, 0x00, 0x00, 0x00, 0x00, 0x00, 0x00, 0x00, 0x00, 0x00, 0x00, 0x00, 0x00, 0x20,
    0x00, 0x00, 0x00, 0x03, 0x00, 0x00, 0x00, 0x00, 0x00, 0x00, 0x00, 0x00, 0x00, 0x00, 0x00, 0x00, 0x00, 0x00, 0x00,
    0x00, 0x00, 0x00, 0x00, 0xfa, 0x0a, 0x00, 0x00, 0x00, 0x00, 0x00, 0x00, 0x2b, 0x00, 0x00, 0x00, 0x00, 0x00, 0x00,
    0x00, 0x00, 0x00, 0x00, 0x00, 0x00, 0x00, 0x00, 0x00, 0x00, 0x00, 0x00, 0x00, 0x00, 0x00, 0x00, 0x00, 0x00, 0x00,
    0x00, 0x00, 0x00, 0x00, 0x00, 0x00, 0x28, 0x00, 0x00, 0x00, 0x02, 0x00, 0x00, 0x00, 0x00, 0x00, 0x00, 0x00, 0x00,
    0x00, 0x00, 0x00, 0x00, 0x00, 0x00, 0x00, 0x00, 0x00, 0x00, 0x00, 0x25, 0x0b, 0x00, 0x00, 0x00, 0x00, 0x00, 0x00,
    0x48, 0x00, 0x00, 0x00, 0x00, 0x00, 0x00, 0x00, 0x05, 0x00, 0x00, 0x00, 0x00, 0x00, 0x00, 0x00, 0x00, 0x00, 0x00,
    0x00, 0x00, 0x00, 0x00, 0x00, 0x18, 0x00, 0x00, 0x00, 0x00, 0x00, 0x00, 0x00, 0x30, 0x00, 0x00, 0x00, 0x07, 0x00,
    0x00, 0x00, 0x00, 0x00, 0x00, 0x00, 0x00, 0x00, 0x00, 0x00, 0x00, 0x00, 0x00, 0x00, 0x00, 0x00, 0x00, 0x00, 0x6d,
    0x0b, 0x00, 0x00, 0x00, 0x00, 0x00, 0x00, 0x28, 0x04, 0x00, 0x00, 0x00, 0x00, 0x00, 0x00, 0x00, 0x00, 0x00, 0x00,
    0x00, 0x00, 0x00, 0x00, 0x00, 0x00, 0x00, 0x00, 0x00, 0x00, 0x00, 0x00, 0x00, 0x00, 0x00, 0x00, 0x00, 0x00, 0x00,
    0x00,
};

// Mlaa Find Sep Edge compute shader binary
inline constexpr Util::uint8 MlaaFindSepEdge_Cs_0DCD1401[] =
{
    0x7f, 0x45, 0x4c, 0x46, 0x02, 0x01, 0x01, 0x41, 0x00, 0x00, 0x00, 0x00, 0x00, 0x00, 0x00, 0x00, 0x01, 0x00, 0xe0,
    0x00, 0x01, 0x00, 0x00, 0x00, 0x00, 0x00, 0x00, 0x00, 0x00, 0x00, 0x00, 0x00, 0x00, 0x00, 0x00, 0x00, 0x00, 0x00,
    0x00, 0x00, 0xcc, 0x07, 0x00, 0x00, 0x00, 0x00, 0x00, 0x00, 0x33, 0x05, 0x00, 0x00, 0x40, 0x00, 0x00, 0x00, 0x00,
    0x00, 0x40, 0x00, 0x08, 0x00, 0x01, 0x00, 0x00, 0x2e, 0x73, 0x68, 0x73, 0x74, 0x72, 0x74, 0x61, 0x62, 0x00, 0x2e,
    0x74, 0x65, 0x78, 0x74, 0x00, 0x2e, 0x64, 0x61, 0x74, 0x61, 0x00, 0x2e, 0x63, 0x6f, 0x6d, 0x6d, 0x65, 0x6e, 0x74,
    0x00, 0x2e, 0x73, 0x74, 0x72, 0x74, 0x61, 0x62, 0x00, 0x2e, 0x73, 0x79, 0x6d, 0x74, 0x61, 0x62, 0x00, 0x2e, 0x6e,
    0x6f, 0x74, 0x65, 0x00, 0x04, 0x40, 0x80, 0xb0, 0x80, 0x1f, 0x86, 0xbe, 0x03, 0x00, 0xa0, 0xbf, 0x02, 0x03, 0x80,
    0xbe, 0x07, 0x03, 0x81, 0xbe, 0x06, 0x00, 0x46, 0xd7, 0x03, 0x06, 0x01, 0x04, 0x80, 0x00, 0x04, 0xf4, 0x44, 0x00,
    0x00, 0xfa, 0x0a, 0x00, 0x46, 0xd7, 0x04, 0x06, 0x05, 0x04, 0x7f, 0xc0, 0x8c, 0xbf, 0xf9, 0x0c, 0x8c, 0x7d, 0x02,
    0x84, 0x86, 0x06, 0x03, 0x14, 0x8c, 0x7d, 0x04, 0x6a, 0x6a, 0x87, 0x6a, 0x3c, 0x84, 0xbe, 0x43, 0x00, 0x88, 0xbf,
    0x00, 0x02, 0x0c, 0xf4, 0x20, 0x00, 0x00, 0xfa, 0x00, 0x04, 0x0c, 0xf4, 0x00, 0x00, 0x00, 0xfa, 0xc1, 0x14, 0x00,
    0x4a, 0x80, 0x00, 0x00, 0x24, 0x02, 0x0c, 0x06, 0x22, 0x03, 0x14, 0x10, 0x22, 0x03, 0x00, 0x08, 0x22, 0x81, 0x0c,
    0x00, 0x4a, 0x02, 0x00, 0x0e, 0x22, 0x7f, 0xc0, 0x8c, 0xbf, 0x02, 0x00, 0xa1, 0xbf, 0x0a, 0x17, 0x00, 0xf0, 0x03,
    0x00, 0x02, 0x00, 0x08, 0x00, 0x00, 0x00, 0x0a, 0x17, 0x00, 0xf0, 0x03, 0x03, 0x02, 0x00, 0x04, 0x00, 0x00, 0x00,
    0x0a, 0x17, 0x00, 0xf0, 0x07, 0x07, 0x02, 0x00, 0x08, 0x00, 0x00, 0x00, 0x71, 0x3f, 0x8c, 0xbf, 0x00, 0x07, 0x06,
    0x08, 0x01, 0x09, 0x08, 0x08, 0x02, 0x0b, 0x0a, 0x08, 0x80, 0x03, 0xfd, 0xbe, 0x00, 0x01, 0x04, 0xd4, 0x03, 0xff,
    0x01, 0x00, 0x00, 0x00, 0x80, 0x3d, 0x02, 0x01, 0x04, 0xd4, 0x04, 0xff, 0x01, 0x00, 0x00, 0x00, 0x80, 0x3d, 0x80,
    0x03, 0xfd, 0xbe, 0x01, 0x01, 0x04, 0xd4, 0x05, 0xff, 0x01, 0x00, 0x00, 0x00, 0x80, 0x3d, 0x00, 0x02, 0x6a, 0x88,
    0x01, 0x6a, 0x6a, 0x88, 0x03, 0x00, 0x01, 0xd5, 0x80, 0x82, 0xa9, 0x01, 0x70, 0x3f, 0x8c, 0xbf, 0x00, 0x0f, 0x00,
    0x08, 0x01, 0x11, 0x02, 0x08, 0x02, 0x13, 0x04, 0x08, 0x04, 0x00, 0x01, 0xd5, 0x80, 0x02, 0xa9, 0x01, 0x03, 0x00,
    0x4a, 0xd5, 0x81, 0x06, 0x0a, 0x02, 0x00, 0x01, 0x04, 0xd4, 0x00, 0xff, 0x01, 0x00, 0x00, 0x00, 0x80, 0x3d, 0x02,
    0x01, 0x04, 0xd4, 0x01, 0xff, 0x01, 0x00, 0x00, 0x00, 0x80, 0x3d, 0x01, 0x01, 0x04, 0xd4, 0x02, 0xff, 0x01, 0x00,
    0x00, 0x00, 0x80, 0x3d, 0x00, 0x02, 0x6a, 0x88, 0x01, 0x6a, 0x6a, 0x88, 0x04, 0x07, 0x00, 0x02, 0x00, 0x03, 0x02,
    0x7e, 0x00, 0x03, 0x04, 0x7e, 0x00, 0x03, 0x06, 0x7e, 0x0a, 0x3f, 0x20, 0xf0, 0x06, 0x00, 0x04, 0x00, 0x0a, 0x00,
    0x00, 0x00, 0x00, 0x00, 0x81, 0xbf, 0x00, 0x00, 0x9f, 0xbf, 0x00, 0x00, 0x9f, 0xbf, 0x00, 0x00, 0x9f, 0xbf, 0x00,
    0x00, 0x9f, 0xbf, 0x00, 0x00, 0x9f, 0xbf, 0x00, 0x00, 0x9f, 0xbf, 0x00, 0x00, 0x9f, 0xbf, 0x00, 0x00, 0x9f, 0xbf,
    0x00, 0x00, 0x9f, 0xbf, 0x00, 0x00, 0x9f, 0xbf, 0x00, 0x00, 0x9f, 0xbf, 0x00, 0x00, 0x9f, 0xbf, 0x00, 0x00, 0x9f,
    0xbf, 0x00, 0x00, 0x9f, 0xbf, 0x00, 0x00, 0x9f, 0xbf, 0x00, 0x00, 0x9f, 0xbf, 0x00, 0x00, 0x9f, 0xbf, 0x00, 0x00,
    0x9f, 0xbf, 0x00, 0x00, 0x9f, 0xbf, 0x00, 0x00, 0x9f, 0xbf, 0x00, 0x00, 0x9f, 0xbf, 0x00, 0x00, 0x9f, 0xbf, 0x00,
    0x00, 0x9f, 0xbf, 0x00, 0x00, 0x9f, 0xbf, 0x00, 0x00, 0x9f, 0xbf, 0x00, 0x00, 0x9f, 0xbf, 0x00, 0x00, 0x9f, 0xbf,
    0x00, 0x00, 0x9f, 0xbf, 0x00, 0x00, 0x9f, 0xbf, 0x00, 0x00, 0x9f, 0xbf, 0x00, 0x00, 0x9f, 0xbf, 0x00, 0x00, 0x9f,
    0xbf, 0x00, 0x00, 0x9f, 0xbf, 0x00, 0x00, 0x9f, 0xbf, 0x00, 0x00, 0x9f, 0xbf, 0x00, 0x00, 0x9f, 0xbf, 0x00, 0x00,
    0x9f, 0xbf, 0x00, 0x00, 0x9f, 0xbf, 0x00, 0x00, 0x9f, 0xbf, 0x00, 0x00, 0x9f, 0xbf, 0x00, 0x00, 0x9f, 0xbf, 0x00,
    0x00, 0x9f, 0xbf, 0x00, 0x00, 0x9f, 0xbf, 0x00, 0x00, 0x9f, 0xbf, 0x00, 0x00, 0x9f, 0xbf, 0x00, 0x00, 0x9f, 0xbf,
    0x00, 0x00, 0x9f, 0xbf, 0x00, 0x00, 0x9f, 0xbf, 0x00, 0x00, 0x9f, 0xbf, 0x00, 0x00, 0x9f, 0xbf, 0x00, 0x00, 0x9f,
    0xbf, 0x00, 0x00, 0x9f, 0xbf, 0x00, 0x00, 0x9f, 0xbf, 0x00, 0x00, 0x9f, 0xbf, 0x00, 0x00, 0x9f, 0xbf, 0x00, 0x00,
    0x9f, 0xbf, 0x00, 0x00, 0x9f, 0xbf, 0x00, 0x00, 0x9f, 0xbf, 0x00, 0x00, 0x9f, 0xbf, 0x00, 0x00, 0x9f, 0xbf, 0x00,
    0x00, 0x9f, 0xbf, 0x00, 0x00, 0x9f, 0xbf, 0x00, 0x00, 0x9f, 0xbf, 0x00, 0x00, 0x9f, 0xbf, 0x00, 0x00, 0x00, 0x00,
    0x00, 0x00, 0x10, 0x00, 0x00, 0x00, 0x00, 0x00, 0xac, 0xbf, 0x04, 0x11, 0x47, 0x65, 0x6e, 0x65, 0x72, 0x61, 0x74,
    0x65, 0x64, 0x20, 0x62, 0x79, 0x20, 0x74, 0x68, 0x65, 0x20, 0x41, 0x64, 0x76, 0x61, 0x6e, 0x63, 0x65, 0x64, 0x20,
    0x4d, 0x69, 0x63, 0x72, 0x6f, 0x20, 0x44, 0x65, 0x76, 0x69, 0x63, 0x65, 0x73, 0x2c, 0x20, 0x49, 0x6e, 0x63, 0x2e,
    0x2c, 0x20, 0x50, 0x72, 0x6f, 0x70, 0x72, 0x69, 0x65, 0x74, 0x61, 0x72, 0x79, 0x20, 0x47, 0x50, 0x55, 0x20, 0x53,
    0x68, 0x61, 0x64, 0x65, 0x72, 0x20, 0x43, 0x6f, 0x6d, 0x70, 0x69, 0x6c, 0x65, 0x72, 0x2e, 0x00, 0x00, 0x5f, 0x61,
    0x6d, 0x64, 0x67, 0x70, 0x75, 0x5f, 0x63, 0x73, 0x5f, 0x6d, 0x61, 0x69, 0x6e, 0x00, 0x5f, 0x61, 0x6d, 0x64, 0x67,
    0x70, 0x75, 0x5f, 0x63, 0x73, 0x5f, 0x73, 0x68, 0x64, 0x72, 0x5f, 0x69, 0x6e, 0x74, 0x72, 0x6c, 0x5f, 0x74, 0x62,
    0x6c, 0x00, 0x00, 0x00, 0x00, 0x00, 0x00, 0x00, 0x00, 0x00, 0x00, 0x00, 0x00, 0x00, 0x00, 0x00, 0x00, 0x00, 0x00,
    0x00, 0x00, 0x00, 0x00, 0x00, 0x00, 0x00, 0x01, 0x00, 0x00, 0x00, 0x12, 0x00, 0x02, 0x00, 0x00, 0x00, 0x00, 0x00,
    0x00, 0x00, 0x00, 0x00, 0x58, 0x02, 0x00, 0x00, 0x00, 0x00, 0x00, 0x00, 0x11, 0x00, 0x00, 0x00, 0x11, 0x00, 0x03,
    0x00, 0x00, 0x00, 0x00, 0x00, 0x00, 0x00, 0x00, 0x00, 0x10, 0x00, 0x00, 0x00, 0x00, 0x00, 0x00, 0x00, 0x07, 0x00,
    0x00, 0x00, 0x11, 0x04, 0x00, 0x00, 0x20, 0x00, 0x00, 0x00, 0x41, 0x4d, 0x44, 0x47, 0x50, 0x55, 0x00, 0x00, 0x82,
    0xae, 0x61, 0x6d, 0x64, 0x70, 0x61, 0x6c, 0x2e, 0x76, 0x65, 0x72, 0x73, 0x69, 0x6f, 0x6e, 0x92, 0x03, 0x06, 0xb0,
    0x61, 0x6d, 0x64, 0x70, 0x61, 0x6c, 0x2e, 0x70, 0x69, 0x70, 0x65, 0x6c, 0x69, 0x6e, 0x65, 0x73, 0x91, 0x8b, 0xa5,
    0x2e, 0x74, 0x79, 0x70, 0x65, 0xa2, 0x43, 0x73, 0xae, 0x2e, 0x72, 0x65, 0x73, 0x6f, 0x75, 0x72, 0x63, 0x65, 0x5f,
    0x68, 0x61, 0x73, 0x68, 0xcf, 0x9d, 0xab, 0x92, 0x5d, 0x0a, 0x7a, 0xaf, 0x2a, 0xb0, 0x2e, 0x73, 0x70, 0x69, 0x6c,
    0x6c, 0x5f, 0x74, 0x68, 0x72, 0x65, 0x73, 0x68, 0x6f, 0x6c, 0x64, 0xcd, 0xff, 0xff, 0xb0, 0x2e, 0x75, 0x73, 0x65,
    0x72, 0x5f, 0x64, 0x61, 0x74, 0x61, 0x5f, 0x6c, 0x69, 0x6d, 0x69, 0x74, 0x01, 0xa8, 0x2e, 0x73, 0x68, 0x61, 0x64,
    0x65, 0x72, 0x73, 0x81, 0xa8, 0x2e, 0x63, 0x6f, 0x6d, 0x70, 0x75, 0x74, 0x65, 0x83, 0xb0, 0x2e, 0x61, 0x70, 0x69,
    0x5f, 0x73, 0x68, 0x61, 0x64, 0x65, 0x72, 0x5f, 0x68, 0x61, 0x73, 0x68, 0x92, 0xcf, 0xe2, 0xc3, 0xfc, 0x66, 0xc2,
    0xf3, 0xc5, 0x82, 0xcf, 0xe7, 0xf0, 0xaa, 0xac, 0xd5, 0x4e, 0x46, 0x5e, 0xb1, 0x2e, 0x68, 0x61, 0x72, 0x64, 0x77,
    0x61, 0x72, 0x65, 0x5f, 0x6d, 0x61, 0x70, 0x70, 0x69, 0x6e, 0x67, 0x91, 0xa3, 0x2e, 0x63, 0x73, 0xaf, 0x2e, 0x73,
    0x68, 0x61, 0x64, 0x65, 0x72, 0x5f, 0x73, 0x75, 0x62, 0x74, 0x79, 0x70, 0x65, 0xa7, 0x55, 0x6e, 0x6b, 0x6e, 0x6f,
    0x77, 0x6e, 0xb0, 0x2e, 0x68, 0x61, 0x72, 0x64, 0x77, 0x61, 0x72, 0x65, 0x5f, 0x73, 0x74, 0x61, 0x67, 0x65, 0x73,
    0x81, 0xa3, 0x2e, 0x63, 0x73, 0xde, 0x00, 0x1b, 0xb3, 0x2e, 0x65, 0x6e, 0x74, 0x72, 0x79, 0x5f, 0x70, 0x6f, 0x69,
    0x6e, 0x74, 0x5f, 0x73, 0x79, 0x6d, 0x62, 0x6f, 0x6c, 0xaf, 0x5f, 0x61, 0x6d, 0x64, 0x67, 0x70, 0x75, 0x5f, 0x63,
    0x73, 0x5f, 0x6d, 0x61, 0x69, 0x6e, 0xab, 0x2e, 0x73, 0x67, 0x70, 0x72, 0x5f, 0x63, 0x6f, 0x75, 0x6e, 0x74, 0x18,
    0xab, 0x2e, 0x76, 0x67, 0x70, 0x72, 0x5f, 0x63, 0x6f, 0x75, 0x6e, 0x74, 0x0b, 0xa9, 0x2e, 0x6c, 0x64, 0x73, 0x5f,
    0x73, 0x69, 0x7a, 0x65, 0x00, 0xb4, 0x2e, 0x73, 0x63, 0x72, 0x61, 0x74, 0x63, 0x68, 0x5f, 0x6d, 0x65, 0x6d, 0x6f,
    0x72, 0x79, 0x5f, 0x73, 0x69, 0x7a, 0x65, 0x00, 0xb4, 0x2e, 0x66, 0x72, 0x6f, 0x6e, 0x74, 0x65, 0x6e, 0x64, 0x5f,
    0x73, 0x74, 0x61, 0x63, 0x6b, 0x5f, 0x73, 0x69, 0x7a, 0x65, 0x00, 0xb3, 0x2e, 0x62, 0x61, 0x63, 0x6b, 0x65, 0x6e,
    0x64, 0x5f, 0x73, 0x74, 0x61, 0x63, 0x6b, 0x5f, 0x73, 0x69, 0x7a, 0x65, 0x00, 0xb6, 0x2e, 0x70, 0x65, 0x72, 0x66,
    0x5f, 0x64, 0x61, 0x74, 0x61, 0x5f, 0x62, 0x75, 0x66, 0x66, 0x65, 0x72, 0x5f, 0x73, 0x69, 0x7a, 0x65, 0x00, 0xaa,
    0x2e, 0x75, 0x73, 0x65, 0x73, 0x5f, 0x75, 0x61, 0x76, 0x73, 0xc3, 0xac, 0x2e, 0x77, 0x72, 0x69, 0x74, 0x65, 0x73,
    0x5f, 0x75, 0x61, 0x76, 0x73, 0xc3, 0xb4, 0x2e, 0x75, 0x73, 0x65, 0x73, 0x5f, 0x61, 0x70, 0x70, 0x65, 0x6e, 0x64,
    0x5f, 0x63, 0x6f, 0x6e, 0x73, 0x75, 0x6d, 0x65, 0xc2, 0xaf, 0x2e, 0x77, 0x61, 0x76, 0x65, 0x66, 0x72, 0x6f, 0x6e,
    0x74, 0x5f, 0x73, 0x69, 0x7a, 0x65, 0x20, 0xb2, 0x2e, 0x75, 0x73, 0x65, 0x72, 0x5f, 0x64, 0x61, 0x74, 0x61, 0x5f,
    0x72, 0x65, 0x67, 0x5f, 0x6d, 0x61, 0x70, 0xdc, 0x00, 0x20, 0xce, 0xff, 0xff, 0xff, 0xff, 0xce, 0xff, 0xff, 0xff,
    0xff, 0x00, 0xce, 0xff, 0xff, 0xff, 0xff, 0xce, 0xff, 0xff, 0xff, 0xff, 0xce, 0xff, 0xff, 0xff, 0xff, 0xce, 0xff,
    0xff, 0xff, 0xff, 0xce, 0xff, 0xff, 0xff, 0xff, 0xce, 0xff, 0xff, 0xff, 0xff, 0xce, 0xff, 0xff, 0xff, 0xff, 0xce,
    0xff, 0xff, 0xff, 0xff, 0xce, 0xff, 0xff, 0xff, 0xff, 0xce, 0xff, 0xff, 0xff, 0xff, 0xce, 0xff, 0xff, 0xff, 0xff,
    0xce, 0xff, 0xff, 0xff, 0xff, 0xce, 0xff, 0xff, 0xff, 0xff, 0xce, 0xff, 0xff, 0xff, 0xff, 0xce, 0xff, 0xff, 0xff,
    0xff, 0xce, 0xff, 0xff, 0xff, 0xff, 0xce, 0xff, 0xff, 0xff, 0xff, 0xce, 0xff, 0xff, 0xff, 0xff, 0xce, 0xff, 0xff,
    0xff, 0xff, 0xce, 0xff, 0xff, 0xff, 0xff, 0xce, 0xff, 0xff, 0xff, 0xff, 0xce, 0xff, 0xff, 0xff, 0xff, 0xce, 0xff,
    0xff, 0xff, 0xff, 0xce, 0xff, 0xff, 0xff, 0xff, 0xce, 0xff, 0xff, 0xff, 0xff, 0xce, 0xff, 0xff, 0xff, 0xff, 0xce,
    0xff, 0xff, 0xff, 0xff, 0xce, 0xff, 0xff, 0xff, 0xff, 0xce, 0xff, 0xff, 0xff, 0xff, 0xb7, 0x2e, 0x74, 0x68, 0x72,
    0x65, 0x61, 0x64, 0x67, 0x72, 0x6f, 0x75, 0x70, 0x5f, 0x64, 0x69, 0x6d, 0x65, 0x6e, 0x73, 0x69, 0x6f, 0x6e, 0x73,
    0x93, 0x08, 0x08, 0x01, 0xab, 0x2e, 0x66, 0x6c, 0x6f, 0x61, 0x74, 0x5f, 0x6d, 0x6f, 0x64, 0x65, 0xcc, 0xc0, 0xae,
    0x2e, 0x66, 0x70, 0x31, 0x36, 0x5f, 0x6f, 0x76, 0x65, 0x72, 0x66, 0x6c, 0x6f, 0x77, 0xc2, 0xaa, 0x2e, 0x69, 0x65,
    0x65, 0x65, 0x5f, 0x6d, 0x6f, 0x64, 0x65, 0xc2, 0xa9, 0x2e, 0x77, 0x67, 0x70, 0x5f, 0x6d, 0x6f, 0x64, 0x65, 0xc2,
    0xac, 0x2e, 0x6d, 0x65, 0x6d, 0x5f, 0x6f, 0x72, 0x64, 0x65, 0x72, 0x65, 0x64, 0xc2, 0xb1, 0x2e, 0x66, 0x6f, 0x72,
    0x77, 0x61, 0x72, 0x64, 0x5f, 0x70, 0x72, 0x6f, 0x67, 0x72, 0x65, 0x73, 0x73, 0xc2, 0xab, 0x2e, 0x75, 0x73, 0x65,
    0x72, 0x5f, 0x73, 0x67, 0x70, 0x72, 0x73, 0x03, 0xa8, 0x2e, 0x65, 0x78, 0x63, 0x70, 0x5f, 0x65, 0x6e, 0x00, 0xab,
    0x2e, 0x73, 0x63, 0x72, 0x61, 0x74, 0x63, 0x68, 0x5f, 0x65, 0x6e, 0xc2, 0xad, 0x2e, 0x74, 0x72, 0x61, 0x70, 0x5f,
    0x70, 0x72, 0x65, 0x73, 0x65, 0x6e, 0x74, 0xc2, 0xb0, 0x2e, 0x73, 0x68, 0x61, 0x72, 0x65, 0x64, 0x5f, 0x76, 0x67,
    0x70, 0x72, 0x5f, 0x63, 0x6e, 0x74, 0x00, 0xad, 0x2e, 0x77, 0x61, 0x76, 0x65, 0x73, 0x5f, 0x70, 0x65, 0x72, 0x5f,
    0x73, 0x65, 0x00, 0xaf, 0x2e, 0x63, 0x68, 0x65, 0x63, 0x6b, 0x73, 0x75, 0x6d, 0x5f, 0x76, 0x61, 0x6c, 0x75, 0x65,
    0xce, 0x12, 0x8e, 0xd5, 0x16, 0xaa, 0x2e, 0x72, 0x65, 0x67, 0x69, 0x73, 0x74, 0x65, 0x72, 0x73, 0x81, 0xcd, 0x2e,
    0x42, 0x00, 0xa5, 0x2e, 0x6e, 0x61, 0x6d, 0x65, 0xaf, 0x4d, 0x6c, 0x61, 0x61, 0x46, 0x69, 0x6e, 0x64, 0x53, 0x65,
    0x70, 0x45, 0x64, 0x67, 0x65, 0xb7, 0x2e, 0x69, 0x6e, 0x74, 0x65, 0x72, 0x6e, 0x61, 0x6c, 0x5f, 0x70, 0x69, 0x70,
    0x65, 0x6c, 0x69, 0x6e, 0x65, 0x5f, 0x68, 0x61, 0x73, 0x68, 0x92, 0xcf, 0xff, 0x85, 0xe9, 0x25, 0x15, 0xfa, 0xf1,
    0x04, 0xcf, 0xcb, 0xd7, 0xce, 0x87, 0x33, 0x03, 0x82, 0xbe, 0xb2, 0x2e, 0x63, 0x6f, 0x6d, 0x70, 0x75, 0x74, 0x65,
    0x5f, 0x72, 0x65, 0x67, 0x69, 0x73, 0x74, 0x65, 0x72, 0x73, 0x85, 0xaf, 0x2e, 0x74, 0x69, 0x64, 0x69, 0x67, 0x5f,
    0x63, 0x6f, 0x6d, 0x70, 0x5f, 0x63, 0x6e, 0x74, 0x01, 0xaa, 0x2e, 0x74, 0x67, 0x69, 0x64, 0x5f, 0x78, 0x5f, 0x65,
    0x6e, 0xc3, 0xaa, 0x2e, 0x74, 0x67, 0x69, 0x64, 0x5f, 0x79, 0x5f, 0x65, 0x6e, 0xc3, 0xaa, 0x2e, 0x74, 0x67, 0x69,
    0x64, 0x5f, 0x7a, 0x5f, 0x65, 0x6e, 0xc2, 0xab, 0x2e, 0x74, 0x67, 0x5f, 0x73, 0x69, 0x7a, 0x65, 0x5f, 0x65, 0x6e,
    0xc2, 0xa4, 0x2e, 0x61, 0x70, 0x69, 0xa7, 0x73, 0x63, 0x70, 0x63, 0x42, 0x6c, 0x64, 0x00, 0x00, 0x00, 0x00, 0x00,
    0x00, 0x00, 0x00, 0x00, 0x00, 0x00, 0x00, 0x00, 0x00, 0x00, 0x00, 0x00, 0x00, 0x00, 0x00, 0x00, 0x00, 0x00, 0x00,
    0x00, 0x00, 0x00, 0x00, 0x00, 0x00, 0x00, 0x00, 0x00, 0x00, 0x00, 0x00, 0x00, 0x00, 0x00, 0x00, 0x00, 0x00, 0x00,
    0x00, 0x00, 0x00, 0x00, 0x00, 0x00, 0x00, 0x00, 0x00, 0x00, 0x00, 0x00, 0x00, 0x00, 0x00, 0x00, 0x00, 0x00, 0x00,
    0x00, 0x00, 0x00, 0x00, 0x00, 0x00, 0x00, 0x00, 0x01, 0x00, 0x00, 0x00, 0x03, 0x00, 0x00, 0x00, 0x00, 0x00, 0x00,
    0x00, 0x00, 0x00, 0x00, 0x00, 0x00, 0x00, 0x00, 0x00, 0x00, 0x00, 0x00, 0x00, 0x40, 0x00, 0x00, 0x00, 0x00, 0x00,
    0x00, 0x00, 0x36, 0x00, 0x00, 0x00, 0x00, 0x00, 0x00, 0x00, 0x00, 0x00, 0x00, 0x00, 0x00, 0x00, 0x00, 0x00, 0x00,
    0x00, 0x00, 0x00, 0x00, 0x00, 0x00, 0x00, 0x00, 0x00, 0x00, 0x00, 0x00, 0x00, 0x00, 0x00, 0x0b, 0x00, 0x00, 0x00,
    0x01, 0x00, 0x00, 0x00, 0x06, 0x00, 0x00, 0x00, 0x00, 0x00, 0x00, 0x00, 0x00, 0x00, 0x00, 0x00, 0x00, 0x00, 0x00,
    0x00, 0x76, 0x00, 0x00, 0x00, 0x00, 0x00, 0x00, 0x00, 0x58, 0x02, 0x00, 0x00, 0x00, 0x00, 0x00, 0x00, 0x00, 0x00,
    0x00, 0x00, 0x00, 0x00, 0x00, 0x00, 0x00, 0x01, 0x00, 0x00, 0x00, 0x00, 0x00, 0x00, 0x00, 0x00, 0x00, 0x00, 0x00,
    0x00, 0x00, 0x00, 0x11, 0x00, 0x00, 0x00, 0x01, 0x00, 0x00, 0x00, 0x03, 0x00, 0x00, 0x00, 0x00, 0x00, 0x00, 0x00,
    0x00, 0x00, 0x00, 0x00, 0x00, 0x00, 0x00, 0x00, 0xce, 0x02, 0x00, 0x00, 0x00, 0x00, 0x00, 0x00, 0x10, 0x00, 0x00,
    0x00, 0x00, 0x00, 0x00, 0x00, 0x00, 0x00, 0x00, 0x00, 0x00, 0x00, 0x00, 0x00, 0x20, 0x00, 0x00, 0x00, 0x00, 0x00,
    0x00, 0x00, 0x00, 0x00, 0x00, 0x00, 0x00, 0x00, 0x00, 0x00, 0x17, 0x00, 0x00, 0x00, 0x01, 0x00, 0x00, 0x00, 0x00,
    0x00, 0x00, 0x00, 0x00, 0x00, 0x00, 0x00, 0x00, 0x00, 0x00, 0x00, 0x00, 0x00, 0x00, 0x00, 0xde, 0x02, 0x00, 0x00,
    0x00, 0x00, 0x00, 0x00, 0x50, 0x00, 0x00, 0x00, 0x00, 0x00, 0x00, 0x00, 0x00, 0x00, 0x00, 0x00, 0x00, 0x00, 0x00,
    0x00, 0x00, 0x00, 0x00, 0x00, 0x00, 0x00, 0x00, 0x00, 0x00, 0x00, 0x00, 0x00, 0x00, 0x00, 0x00, 0x00, 0x20, 0x00,
    0x00, 0x00, 0x03, 0x00, 0x00, 0x00, 0x00, 0x00, 0x00, 0x00, 0x00, 0x00, 0x00, 0x00, 0x00, 0x00, 0x00, 0x00, 0x00,
    0x00, 0x00, 0x00, 0x2e, 0x03, 0x00, 0x00, 0x00, 0x00, 0x00, 0x00, 0x2b, 0x00, 0x00, 0x00, 0x00, 0x00, 0x00, 0x00,
    0x00, 0x00, 0x00, 0x00, 0x00, 0x00, 0x00, 0x00, 0x00, 0x00, 0x00, 0x00, 0x00, 0x00, 0x00, 0x00, 0x00, 0x00, 0x00,
    0x00, 0x00, 0x00, 0x00, 0x00, 0x28, 0x00, 0x00, 0x00, 0x02, 0x00, 0x00, 0x00, 0x00, 0x00, 0x00, 0x00, 0x00, 0x00,
    0x00, 0x00, 0x00, 0x00, 0x00, 0x00, 0x00, 0x00, 0x00, 0x00, 0x59, 0x03, 0x00, 0x00, 0x00, 0x00, 0x00, 0x00, 0x48,
    0x00, 0x00, 0x00, 0x00, 0x00, 0x00, 0x00, 0x05, 0x00, 0x00, 0x00, 0x00, 0x00, 0x00, 0x00, 0x00, 0x00, 0x00, 0x00,
    0x00, 0x00, 0x00, 0x00, 0x18, 0x00, 0x00, 0x00, 0x00, 0x00, 0x00, 0x00, 0x30, 0x00, 0x00, 0x00, 0x07, 0x00, 0x00,
    0x00, 0x00, 0x00, 0x00, 0x00, 0x00, 0x00, 0x00, 0x00, 0x00, 0x00, 0x00, 0x00, 0x00, 0x00, 0x00, 0x00, 0xa1, 0x03,
    0x00, 0x00, 0x00, 0x00, 0x00, 0x00, 0x28, 0x04, 0x00, 0x00, 0x00, 0x00, 0x00, 0x00, 0x00, 0x00, 0x00, 0x00, 0x00,
    0x00, 0x00, 0x00, 0x00, 0x00, 0x00, 0x00, 0x00, 0x00, 0x00, 0x00, 0x00, 0x00, 0x00, 0x00, 0x00, 0x00, 0x00, 0x00,
};

// Mlaa Calc Sep Edge Length compute shader binary
inline constexpr Util::uint8 MlaaCalcSepEdgeLength_Cs_857A9C8A[] =
{
    0x7f, 0x45, 0x4c, 0x46, 0x02, 0x01, 0x01, 0x41, 0x00, 0x00, 0x00, 0x00, 0x00, 0x00, 0x00, 0x00, 0x01, 0x00, 0xe0,
    0x00, 0x01, 0x00, 0x00, 0x00, 0x00, 0x00, 0x00, 0x00, 0x00, 0x00, 0x00, 0x00, 0x00, 0x00, 0x00, 0x00, 0x00, 0x00,
    0x00, 0x00, 0x38, 0x0b, 0x00, 0x00, 0x00, 0x00, 0x00, 0x00, 0x36, 0x05, 0x00, 0x00, 0x40, 0x00, 0x00, 0x00, 0x00,
    0x00, 0x40, 0x00, 0x08, 0x00, 0x01, 0x00, 0x00, 0x2e, 0x73, 0x68, 0x73, 0x74, 0x72, 0x74, 0x61, 0x62, 0x00, 0x2e,
    0x74, 0x65, 0x78, 0x74, 0x00, 0x2e, 0x64, 0x61, 0x74, 0x61, 0x00, 0x2e, 0x63, 0x6f, 0x6d, 0x6d, 0x65, 0x6e, 0x74,
    0x00, 0x2e, 0x73, 0x74, 0x72, 0x74, 0x61, 0x62, 0x00, 0x2e, 0x73, 0x79, 0x6d, 0x74, 0x61, 0x62, 0x00, 0x2e, 0x6e,
    0x6f, 0x74, 0x65, 0x00, 0x04, 0x40, 0x80, 0xb0, 0x80, 0x1f, 0x86, 0xbe, 0x03, 0x00, 0xa0, 0xbf, 0x02, 0x03, 0x80,
    0xbe, 0x07, 0x03, 0x81, 0xbe, 0x01, 0x00, 0x46, 0xd7, 0x04, 0x06, 0x05, 0x04, 0x00, 0x01, 0x08, 0xf4, 0xa0, 0x00,
    0x00, 0xfa, 0x02, 0x00, 0x46, 0xd7, 0x03, 0x06, 0x01, 0x04, 0x7f, 0xc0, 0x8c, 0xbf, 0xf9, 0x04, 0x8c, 0x7d, 0x05,
    0x82, 0x86, 0x06, 0x06, 0x02, 0x8c, 0x7d, 0x02, 0x6a, 0x6a, 0x87, 0x6a, 0x3c, 0x82, 0xbe, 0x1d, 0x01, 0x88, 0xbf,
    0x00, 0x02, 0x0c, 0xf4, 0x40, 0x00, 0x00, 0xfa, 0x00, 0x04, 0x0c, 0xf4, 0x60, 0x00, 0x00, 0xfa, 0x00, 0x06, 0x0c,
    0xf4, 0x80, 0x00, 0x00, 0xfa, 0x7f, 0xc0, 0x8c, 0xbf, 0x0e, 0xff, 0x26, 0x8a, 0x00, 0x00, 0x10, 0x00, 0x08, 0x03,
    0xa0, 0xbe, 0x09, 0x03, 0xa1, 0xbe, 0x0a, 0x03, 0xa2, 0xbe, 0x0b, 0x03, 0xa3, 0xbe, 0x0c, 0x03, 0xa4, 0xbe, 0x0d,
    0x03, 0xa5, 0xbe, 0x0f, 0x03, 0xa7, 0xbe, 0x16, 0xff, 0x0e, 0x8a, 0x00, 0x00, 0x10, 0x00, 0x10, 0x03, 0x88, 0xbe,
    0x11, 0x03, 0x89, 0xbe, 0x12, 0x03, 0x8a, 0xbe, 0x13, 0x03, 0x8b, 0xbe, 0x14, 0x03, 0x8c, 0xbe, 0x15, 0x03, 0x8d,
    0xbe, 0x17, 0x03, 0x8f, 0xbe, 0x1e, 0xff, 0x16, 0x8a, 0x00, 0x00, 0x10, 0x00, 0x18, 0x03, 0x90, 0xbe, 0x19, 0x03,
    0x91, 0xbe, 0x1a, 0x03, 0x92, 0xbe, 0x1b, 0x03, 0x93, 0xbe, 0x1c, 0x03, 0x94, 0xbe, 0x1d, 0x03, 0x95, 0xbe, 0x1f,
    0x03, 0x97, 0xbe, 0x0a, 0x11, 0x00, 0xf0, 0x02, 0x00, 0x08, 0x00, 0x01, 0x00, 0x00, 0x00, 0x0a, 0x11, 0x00, 0xf0,
    0x02, 0x05, 0x02, 0x00, 0x01, 0x00, 0x00, 0x00, 0x0a, 0x11, 0x00, 0xf0, 0x02, 0x06, 0x04, 0x00, 0x01, 0x00, 0x00,
    0x00, 0x72, 0x3f, 0x8c, 0xbf, 0x81, 0x00, 0x06, 0x36, 0x82, 0x00, 0x00, 0x36, 0x70, 0x3f, 0x8c, 0xbf, 0x1a, 0x00,
    0x86, 0xd4, 0x06, 0x01, 0x01, 0x00, 0xff, 0x0a, 0x08, 0x36, 0x00, 0x80, 0x00, 0x00, 0x19, 0x00, 0x86, 0xd4, 0x05,
    0x01, 0x01, 0x00, 0x07, 0x00, 0x85, 0xd4, 0x03, 0x01, 0x01, 0x00, 0x03, 0x00, 0x85, 0xd4, 0x00, 0x01, 0x01, 0x00,
    0xff, 0x0c, 0x00, 0x36, 0x00, 0x80, 0x00, 0x00, 0x18, 0x00, 0x82, 0xd4, 0x04, 0x01, 0x01, 0x00, 0xf9, 0x02, 0x10,
    0x7e, 0x05, 0x06, 0x05, 0x00, 0xf9, 0x02, 0x18, 0x7e, 0x06, 0x06, 0x05, 0x00, 0xf9, 0x02, 0x06, 0x7e, 0x05, 0x06,
    0x04, 0x00, 0x80, 0x00, 0x04, 0x7d, 0xf9, 0x02, 0x00, 0x7e, 0x06, 0x06, 0x04, 0x00, 0x07, 0x19, 0x19, 0x87, 0x07,
    0x18, 0x07, 0x87, 0x03, 0x6a, 0x1b, 0x87, 0x03, 0x1a, 0x03, 0x87, 0x07, 0x1b, 0x6a, 0x88, 0x19, 0x03, 0x1a, 0x88,
    0x1a, 0x6a, 0x6a, 0x88, 0x6a, 0x3c, 0x98, 0xbe, 0xb6, 0x00, 0x88, 0xbf, 0x04, 0x81, 0x9a, 0x84, 0x81, 0x04, 0x1d,
    0x8f, 0xc1, 0x04, 0x04, 0x8f, 0x1a, 0x81, 0x1c, 0x8f, 0x1a, 0xc2, 0x1a, 0x97, 0x82, 0x1c, 0x9c, 0x80, 0x04, 0x04,
    0x10, 0x4a, 0x04, 0x02, 0x16, 0x4a, 0x1c, 0x04, 0x00, 0x4a, 0x1c, 0x02, 0x0e, 0x4a, 0x1a, 0x04, 0x06, 0x4a, 0x80,
    0x10, 0x1c, 0x24, 0x80, 0x16, 0x1e, 0x24, 0x80, 0x00, 0x00, 0x24, 0x80, 0x0e, 0x0e, 0x24, 0x1a, 0x02, 0x08, 0x4a,
    0x05, 0x1c, 0x20, 0x22, 0x06, 0x1e, 0x1c, 0x22, 0x1d, 0x04, 0x1e, 0x4a, 0x1d, 0x02, 0x22, 0x4a, 0x80, 0x06, 0x06,
    0x24, 0x05, 0x04, 0x1a, 0x22, 0x05, 0x00, 0x00, 0x22, 0x06, 0x02, 0x12, 0x22, 0x06, 0x0e, 0x0e, 0x22, 0x80, 0x08,
    0x08, 0x24, 0x80, 0x1e, 0x24, 0x24, 0x80, 0x22, 0x26, 0x24, 0x05, 0x06, 0x06, 0x22, 0x02, 0x00, 0xa1, 0xbf, 0x0a,
    0x11, 0x00, 0xf0, 0x00, 0x00, 0x02, 0x00, 0x09, 0x00, 0x00, 0x00, 0x0a, 0x11, 0x00, 0xf0, 0x03, 0x03, 0x02, 0x00,
    0x09, 0x00, 0x00, 0x00, 0x0a, 0x11, 0x00, 0xf0, 0x08, 0x0a, 0x02, 0x00, 0x01, 0x00, 0x00, 0x00, 0x06, 0x08, 0x08,
    0x22, 0x05, 0x24, 0x28, 0x22, 0x06, 0x26, 0x24, 0x22, 0x02, 0x00, 0xa1, 0xbf, 0x0a, 0x11, 0x00, 0xf0, 0x0d, 0x04,
    0x04, 0x00, 0x04, 0x00, 0x00, 0x00, 0x0a, 0x11, 0x00, 0xf0, 0x0d, 0x07, 0x04, 0x00, 0x07, 0x00, 0x00, 0x00, 0x0a,
    0x11, 0x00, 0xf0, 0x02, 0x0c, 0x04, 0x00, 0x0b, 0x00, 0x00, 0x00, 0x03, 0x00, 0xa1, 0xbf, 0x0a, 0x11, 0x00, 0xf0,
    0x10, 0x10, 0x08, 0x00, 0x09, 0x00, 0x00, 0x00, 0x0a, 0x11, 0x00, 0xf0, 0x14, 0x09, 0x08, 0x00, 0x09, 0x00, 0x00,
    0x00, 0x0a, 0x11, 0x00, 0xf0, 0x0d, 0x12, 0x08, 0x00, 0x12, 0x00, 0x00, 0x00, 0x0a, 0x11, 0x00, 0xf0, 0x0d, 0x0d,
    0x08, 0x00, 0x0e, 0x00, 0x00, 0x00, 0x0a, 0x11, 0x00, 0xf0, 0x0f, 0x0e, 0x02, 0x00, 0x01, 0x00, 0x00, 0x00, 0x0a,
    0x11, 0x00, 0xf0, 0x02, 0x13, 0x04, 0x00, 0x11, 0x00, 0x00, 0x00, 0x19, 0x03, 0xea, 0xbe, 0x80, 0x10, 0x28, 0x4c,
    0x05, 0x10, 0x10, 0x26, 0x80, 0x16, 0x2a, 0x4c, 0x06, 0x16, 0x16, 0x26, 0x80, 0x10, 0x10, 0x4c, 0x80, 0x16, 0x16,
    0x4c, 0xf9, 0x10, 0x0a, 0x7d, 0x14, 0x84, 0x06, 0x06, 0x05, 0x1e, 0x10, 0x26, 0xf9, 0x16, 0x0a, 0x7d, 0x15, 0x88,
    0x06, 0x06, 0x06, 0x22, 0x16, 0x26, 0xf9, 0x10, 0x0a, 0x7d, 0x0f, 0x85, 0x06, 0x06, 0xf9, 0x16, 0x0a, 0x7d, 0x11,
    0x86, 0x06, 0x06, 0x7b, 0x3f, 0x8c, 0xbf, 0x09, 0x00, 0x81, 0xd4, 0x00, 0x01, 0x01, 0x00, 0x7a, 0x3f, 0x8c, 0xbf,
    0xff, 0x06, 0x06, 0x36, 0x00, 0x80, 0x00, 0x00, 0x79, 0x3f, 0x8c, 0xbf, 0x0a, 0x00, 0x48, 0xd5, 0x0a, 0x21, 0x3d,
    0x02, 0x0b, 0x00, 0x85, 0xd4, 0x03, 0x01, 0x01, 0x00, 0x1d, 0x14, 0x14, 0x4a, 0x78, 0x3f, 0x8c, 0xbf, 0x0a, 0x00,
    0x81, 0xd4, 0x04, 0x01, 0x01, 0x00, 0x77, 0x3f, 0x8c, 0xbf, 0xff, 0x0e, 0x00, 0x36, 0x00, 0x80, 0x00, 0x00, 0x74,
    0x3f, 0x8c, 0xbf, 0x81, 0x12, 0x06, 0x36, 0x73, 0x3f, 0x8c, 0xbf, 0x82, 0x24, 0x08, 0x36, 0x0c, 0x00, 0x85, 0xd4,
    0x00, 0x01, 0x01, 0x00, 0x81, 0x20, 0x00, 0x36, 0x72, 0x3f, 0x8c, 0xbf, 0x82, 0x1a, 0x0e, 0x36, 0x0e, 0x00, 0x82,
    0xd4, 0x03, 0x01, 0x01, 0x00, 0x0f, 0x00, 0x82, 0xd4, 0x04, 0x01, 0x01, 0x00, 0xff, 0x18, 0x08, 0x36, 0xff, 0x7f,
    0x00, 0x00, 0x0d, 0x00, 0x82, 0xd4, 0x00, 0x01, 0x01, 0x00, 0x70, 0x3f, 0x8c, 0xbf, 0x03, 0x00, 0x48, 0xd5, 0x13,
    0x21, 0x3d, 0x02, 0x10, 0x00, 0x82, 0xd4, 0x07, 0x01, 0x01, 0x00, 0xff, 0x1c, 0x00, 0x36, 0xff, 0x7f, 0x00, 0x00,
    0x1d, 0x08, 0x08, 0x4a, 0x1d, 0x06, 0x06, 0x4a, 0x1d, 0x00, 0x00, 0x4a, 0x09, 0x0d, 0x09, 0x88, 0x0c, 0x10, 0x0c,
    0x88, 0x09, 0x04, 0x04, 0x88, 0x0a, 0x0f, 0x09, 0x88, 0x0c, 0x08, 0x08, 0x88, 0x09, 0x06, 0x06, 0x88, 0x0b, 0x0e,
    0x09, 0x88, 0x09, 0x05, 0x05, 0x88, 0xff, 0x03, 0x89, 0xbe, 0x00, 0x80, 0x00, 0x00, 0xf9, 0x0a, 0x0e, 0x38, 0x09,
    0x06, 0x86, 0x05, 0xf9, 0x0c, 0x10, 0x38, 0x09, 0x06, 0x86, 0x05, 0xf9, 0x0a, 0x16, 0x38, 0x09, 0x06, 0x86, 0x04,
    0xf9, 0x0e, 0x0e, 0x02, 0x05, 0x06, 0x05, 0x06, 0x1b, 0x03, 0xea, 0xbe, 0xf9, 0x08, 0x08, 0x02, 0x06, 0x06, 0x04,
    0x06, 0x03, 0x03, 0xea, 0xbe, 0xf9, 0x10, 0x10, 0x02, 0x06, 0x06, 0x05, 0x06, 0x03, 0x03, 0xea, 0xbe, 0xf9, 0x06,
    0x06, 0x02, 0x06, 0x06, 0x05, 0x06, 0x07, 0x03, 0xea, 0xbe, 0xf9, 0x16, 0x12, 0x02, 0x05, 0x06, 0x04, 0x06, 0x07,
    0x03, 0xea, 0xbe, 0xf9, 0x00, 0x00, 0x02, 0x05, 0x06, 0x04, 0x06, 0x19, 0x03, 0xea, 0xbe, 0xf9, 0x14, 0x0a, 0x02,
    0x05, 0x06, 0x05, 0x06, 0x1b, 0x03, 0xea, 0xbe, 0xf9, 0x0c, 0x16, 0x38, 0x09, 0x06, 0x86, 0x04, 0x0c, 0x00, 0x01,
    0xd5, 0x03, 0x11, 0x1a, 0x00, 0x03, 0x00, 0x01, 0xd5, 0x00, 0x13, 0x16, 0x00, 0x08, 0x00, 0x01, 0xd5, 0x05, 0x0f,
    0x12, 0x00, 0xf9, 0x16, 0x0c, 0x02, 0x06, 0x06, 0x04, 0x06, 0x00, 0x00, 0x01, 0xd5, 0x04, 0x0d, 0x22, 0x00, 0x18,
    0x03, 0xfe, 0xbe, 0x00, 0x01, 0x0c, 0xf4, 0x00, 0x00, 0x00, 0xfa, 0x00, 0x03, 0x0c, 0xf4, 0x20, 0x00, 0x00, 0xfa,
    0x03, 0x00, 0x44, 0xd7, 0x08, 0x07, 0xfe, 0x03, 0x00, 0x01, 0x04, 0x05, 0x07, 0x00, 0x44, 0xd7, 0x0c, 0x01, 0xfe,
    0x03, 0x00, 0x01, 0x04, 0x05, 0x03, 0x03, 0x08, 0x7e, 0x03, 0x03, 0x0a, 0x7e, 0x03, 0x03, 0x0c, 0x7e, 0x07, 0x03,
    0x10, 0x7e, 0x07, 0x03, 0x12, 0x7e, 0x07, 0x03, 0x14, 0x7e, 0x7f, 0xc0, 0x8c, 0xbf, 0x0a, 0x3f, 0x20, 0xf0, 0x02,
    0x03, 0x01, 0x00, 0x01, 0x00, 0x00, 0x00, 0x0a, 0x3f, 0x20, 0xf0, 0x02, 0x07, 0x03, 0x00, 0x01, 0x00, 0x00, 0x00,
    0x00, 0x00, 0x81, 0xbf, 0x00, 0x00, 0x9f, 0xbf, 0x00, 0x00, 0x9f, 0xbf, 0x00, 0x00, 0x9f, 0xbf, 0x00, 0x00, 0x9f,
    0xbf, 0x00, 0x00, 0x9f, 0xbf, 0x00, 0x00, 0x9f, 0xbf, 0x00, 0x00, 0x9f, 0xbf, 0x00, 0x00, 0x9f, 0xbf, 0x00, 0x00,
    0x9f, 0xbf, 0x00, 0x00, 0x9f, 0xbf, 0x00, 0x00, 0x9f, 0xbf, 0x00, 0x00, 0x9f, 0xbf, 0x00, 0x00, 0x9f, 0xbf, 0x00,
    0x00, 0x9f, 0xbf, 0x00, 0x00, 0x9f, 0xbf, 0x00, 0x00, 0x9f, 0xbf, 0x00, 0x00, 0x9f, 0xbf, 0x00, 0x00, 0x9f, 0xbf,
    0x00, 0x00, 0x9f, 0xbf, 0x00, 0x00, 0x9f, 0xbf, 0x00, 0x00, 0x9f, 0xbf, 0x00, 0x00, 0x9f, 0xbf, 0x00, 0x00, 0x9f,
    0xbf, 0x00, 0x00, 0x9f, 0xbf, 0x00, 0x00, 0x9f, 0xbf, 0x00, 0x00, 0x9f, 0xbf, 0x00, 0x00, 0x9f, 0xbf, 0x00, 0x00,
    0x9f, 0xbf, 0x00, 0x00, 0x9f, 0xbf, 0x00, 0x00, 0x9f, 0xbf, 0x00, 0x00, 0x9f, 0xbf, 0x00, 0x00, 0x9f, 0xbf, 0x00,
    0x00, 0x9f, 0xbf, 0x00, 0x00, 0x9f, 0xbf, 0x00, 0x00, 0x9f, 0xbf, 0x00, 0x00, 0x9f, 0xbf, 0x00, 0x00, 0x9f, 0xbf,
    0x00, 0x00, 0x9f, 0xbf, 0x00, 0x00, 0x9f, 0xbf, 0x00, 0x00, 0x9f, 0xbf, 0x00, 0x00, 0x9f, 0xbf, 0x00, 0x00, 0x9f,
    0xbf, 0x00, 0x00, 0x9f, 0xbf, 0x00, 0x00, 0x9f, 0xbf, 0x00, 0x00, 0x9f, 0xbf, 0x00, 0x00, 0x9f, 0xbf, 0x00, 0x00,
    0x9f, 0xbf, 0x00, 0x00, 0x9f, 0xbf, 0x00, 0x00, 0x9f, 0xbf, 0x00, 0x00, 0x9f, 0xbf, 0x00, 0x00, 0x9f, 0xbf, 0x00,
    0x00, 0x9f, 0xbf, 0x00, 0x00, 0x9f, 0xbf, 0x00, 0x00, 0x9f, 0xbf, 0x00, 0x00, 0x9f, 0xbf, 0x00, 0x00, 0x9f, 0xbf,
    0x00, 0x00, 0x9f, 0xbf, 0x00, 0x00, 0x9f, 0xbf, 0x00, 0x00, 0x9f, 0xbf, 0x00, 0x00, 0x9f, 0xbf, 0x00, 0x00, 0x9f,
    0xbf, 0x00, 0x00, 0x9f, 0xbf, 0x00, 0x00, 0x9f, 0xbf, 0x00, 0x00, 0x9f, 0xbf, 0x00, 0x00, 0x00, 0x00, 0x00, 0x00,
    0x10, 0x00, 0x00, 0x00, 0x00, 0x00, 0xac, 0xbf, 0x04, 0x11, 0x47, 0x65, 0x6e, 0x65, 0x72, 0x61, 0x74, 0x65, 0x64,
    0x20, 0x62, 0x79, 0x20, 0x74, 0x68, 0x65, 0x20, 0x41, 0x64, 0x76, 0x61, 0x6e, 0x63, 0x65, 0x64, 0x20, 0x4d, 0x69,
    0x63, 0x72, 0x6f, 0x20, 0x44, 0x65, 0x76, 0x69, 0x63, 0x65, 0x73, 0x2c, 0x20, 0x49, 0x6e, 0x63, 0x2e, 0x2c, 0x20,
    0x50, 0x72, 0x6f, 0x70, 0x72, 0x69, 0x65, 0x74, 0x61, 0x72, 0x79, 0x20, 0x47, 0x50, 0x55, 0x20, 0x53, 0x68, 0x61,
    0x64, 0x65, 0x72, 0x20, 0x43, 0x6f, 0x6d, 0x70, 0x69, 0x6c, 0x65, 0x72, 0x2e, 0x00, 0x00, 0x5f, 0x61, 0x6d, 0x64,
    0x67, 0x70, 0x75, 0x5f, 0x63, 0x73, 0x5f, 0x6d, 0x61, 0x69, 0x6e, 0x00, 0x5f, 0x61, 0x6d, 0x64, 0x67, 0x70, 0x75,
    0x5f, 0x63, 0x73, 0x5f, 0x73, 0x68, 0x64, 0x72, 0x5f, 0x69, 0x6e, 0x74, 0x72, 0x6c, 0x5f, 0x74, 0x62, 0x6c, 0x00,
    0x00, 0x00, 0x00, 0x00, 0x00, 0x00, 0x00, 0x00, 0x00, 0x00, 0x00, 0x00, 0x00, 0x00, 0x00, 0x00, 0x00, 0x00, 0x00,
    0x00, 0x00, 0x00, 0x00, 0x00, 0x01, 0x00, 0x00, 0x00, 0x12, 0x00, 0x02, 0x00, 0x00, 0x00, 0x00, 0x00, 0x00, 0x00,
    0x00, 0x00, 0xc0, 0x05, 0x00, 0x00, 0x00, 0x00, 0x00, 0x00, 0x11, 0x00, 0x00, 0x00, 0x11, 0x00, 0x03, 0x00, 0x00,
    0x00, 0x00, 0x00, 0x00, 0x00, 0x00, 0x00, 0x10, 0x00, 0x00, 0x00, 0x00, 0x00, 0x00, 0x00, 0x07, 0x00, 0x00, 0x00,
    0x17, 0x04, 0x00, 0x00, 0x20, 0x00, 0x00, 0x00, 0x41, 0x4d, 0x44, 0x47, 0x50, 0x55, 0x00, 0x00, 0x82, 0xae, 0x61,
    0x6d, 0x64, 0x70, 0x61, 0x6c, 0x2e, 0x76, 0x65, 0x72, 0x73, 0x69, 0x6f, 0x6e, 0x92, 0x03, 0x06, 0xb0, 0x61, 0x6d,
    0x64, 0x70, 0x61, 0x6c, 0x2e, 0x70, 0x69, 0x70, 0x65, 0x6c, 0x69, 0x6e, 0x65, 0x73, 0x91, 0x8b, 0xa5, 0x2e, 0x74,
    0x79, 0x70, 0x65, 0xa2, 0x43, 0x73, 0xae, 0x2e, 0x72, 0x65, 0x73, 0x6f, 0x75, 0x72, 0x63, 0x65, 0x5f, 0x68, 0x61,
    0x73, 0x68, 0xcf, 0x9e, 0xbd, 0xe0, 0x73, 0x00, 0x98, 0xf3, 0x1e, 0xb0, 0x2e, 0x73, 0x70, 0x69, 0x6c, 0x6c, 0x5f,
    0x74, 0x68, 0x72, 0x65, 0x73, 0x68, 0x6f, 0x6c, 0x64, 0xcd, 0xff, 0xff, 0xb0, 0x2e, 0x75, 0x73, 0x65, 0x72, 0x5f,
    0x64, 0x61, 0x74, 0x61, 0x5f, 0x6c, 0x69, 0x6d, 0x69, 0x74, 0x01, 0xa8, 0x2e, 0x73, 0x68, 0x61, 0x64, 0x65, 0x72,
    0x73, 0x81, 0xa8, 0x2e, 0x63, 0x6f, 0x6d, 0x70, 0x75, 0x74, 0x65, 0x83, 0xb0, 0x2e, 0x61, 0x70, 0x69, 0x5f, 0x73,
    0x68, 0x61, 0x64, 0x65, 0x72, 0x5f, 0x68, 0x61, 0x73, 0x68, 0x92, 0xcf, 0xf6, 0xce, 0xcd, 0x8e, 0xdc, 0x35, 0x82,
    0xda, 0xcf, 0x58, 0xef, 0x69, 0x13, 0xf5, 0xcc, 0x01, 0xd9, 0xb1, 0x2e, 0x68, 0x61, 0x72, 0x64, 0x77, 0x61, 0x72,
    0x65, 0x5f, 0x6d, 0x61, 0x70, 0x70, 0x69, 0x6e, 0x67, 0x91, 0xa3, 0x2e, 0x63, 0x73, 0xaf, 0x2e, 0x73, 0x68, 0x61,
    0x64, 0x65, 0x72, 0x5f, 0x73, 0x75, 0x62, 0x74, 0x79, 0x70, 0x65, 0xa7, 0x55, 0x6e, 0x6b, 0x6e, 0x6f, 0x77, 0x6e,
    0xb0, 0x2e, 0x68, 0x61, 0x72, 0x64, 0x77, 0x61, 0x72, 0x65, 0x5f, 0x73, 0x74, 0x61, 0x67, 0x65, 0x73, 0x81, 0xa3,
    0x2e, 0x63, 0x73, 0xde, 0x00, 0x1b, 0xb3, 0x2e, 0x65, 0x6e, 0x74, 0x72, 0x79, 0x5f, 0x70, 0x6f, 0x69, 0x6e, 0x74,
    0x5f, 0x73, 0x79, 0x6d, 0x62, 0x6f, 0x6c, 0xaf, 0x5f, 0x61, 0x6d, 0x64, 0x67, 0x70, 0x75, 0x5f, 0x63, 0x73, 0x5f,
    0x6d, 0x61, 0x69, 0x6e, 0xab, 0x2e, 0x73, 0x67, 0x70, 0x72, 0x5f, 0x63, 0x6f, 0x75, 0x6e, 0x74, 0x28, 0xab, 0x2e,
    0x76, 0x67, 0x70, 0x72, 0x5f, 0x63, 0x6f, 0x75, 0x6e, 0x74, 0x16, 0xa9, 0x2e, 0x6c, 0x64, 0x73, 0x5f, 0x73, 0x69,
    0x7a, 0x65, 0x00, 0xb4, 0x2e, 0x73, 0x63, 0x72, 0x61, 0x74, 0x63, 0x68, 0x5f, 0x6d, 0x65, 0x6d, 0x6f, 0x72, 0x79,
    0x5f, 0x73, 0x69, 0x7a, 0x65, 0x00, 0xb4, 0x2e, 0x66, 0x72, 0x6f, 0x6e, 0x74, 0x65, 0x6e, 0x64, 0x5f, 0x73, 0x74,
    0x61, 0x63, 0x6b, 0x5f, 0x73, 0x69, 0x7a, 0x65, 0x00, 0xb3, 0x2e, 0x62, 0x61, 0x63, 0x6b, 0x65, 0x6e, 0x64, 0x5f,
    0x73, 0x74, 0x61, 0x63, 0x6b, 0x5f, 0x73, 0x69, 0x7a, 0x65, 0x00, 0xb6, 0x2e, 0x70, 0x65, 0x72, 0x66, 0x5f, 0x64,
    0x61, 0x74, 0x61, 0x5f, 0x62, 0x75, 0x66, 0x66, 0x65, 0x72, 0x5f, 0x73, 0x69, 0x7a, 0x65, 0x00, 0xaa, 0x2e, 0x75,
    0x73, 0x65, 0x73, 0x5f, 0x75, 0x61, 0x76, 0x73, 0xc3, 0xac, 0x2e, 0x77, 0x72, 0x69, 0x74, 0x65, 0x73, 0x5f, 0x75,
    0x61, 0x76, 0x73, 0xc3, 0xb4, 0x2e, 0x75, 0x73, 0x65, 0x73, 0x5f, 0x61, 0x70, 0x70, 0x65, 0x6e, 0x64, 0x5f, 0x63,
    0x6f, 0x6e, 0x73, 0x75, 0x6d, 0x65, 0xc2, 0xaf, 0x2e, 0x77, 0x61, 0x76, 0x65, 0x66, 0x72, 0x6f, 0x6e, 0x74, 0x5f,
    0x73, 0x69, 0x7a, 0x65, 0x20, 0xb2, 0x2e, 0x75, 0x73, 0x65, 0x72, 0x5f, 0x64, 0x61, 0x74, 0x61, 0x5f, 0x72, 0x65,
    0x67, 0x5f, 0x6d, 0x61, 0x70, 0xdc, 0x00, 0x20, 0xce, 0xff, 0xff, 0xff, 0xff, 0xce, 0xff, 0xff, 0xff, 0xff, 0x00,
    0xce, 0xff, 0xff, 0xff, 0xff, 0xce, 0xff, 0xff, 0xff, 0xff, 0xce, 0xff, 0xff, 0xff, 0xff, 0xce, 0xff, 0xff, 0xff,
    0xff, 0xce, 0xff, 0xff, 0xff, 0xff, 0xce, 0xff, 0xff, 0xff, 0xff, 0xce, 0xff, 0xff, 0xff, 0xff, 0xce, 0xff, 0xff,
    0xff, 0xff, 0xce, 0xff, 0xff, 0xff, 0xff, 0xce, 0xff, 0xff, 0xff, 0xff, 0xce, 0xff, 0xff, 0xff, 0xff, 0xce, 0xff,
    0xff, 0xff, 0xff, 0xce, 0xff, 0xff, 0xff, 0xff, 0xce, 0xff, 0xff, 0xff, 0xff, 0xce, 0xff, 0xff, 0xff, 0xff, 0xce,
    0xff, 0xff, 0xff, 0xff, 0xce, 0xff, 0xff, 0xff, 0xff, 0xce, 0xff, 0xff, 0xff, 0xff, 0xce, 0xff, 0xff, 0xff, 0xff,
    0xce, 0xff, 0xff, 0xff, 0xff, 0xce, 0xff, 0xff, 0xff, 0xff, 0xce, 0xff, 0xff, 0xff, 0xff, 0xce, 0xff, 0xff, 0xff,
    0xff, 0xce, 0xff, 0xff, 0xff, 0xff, 0xce, 0xff, 0xff, 0xff, 0xff, 0xce, 0xff, 0xff, 0xff, 0xff, 0xce, 0xff, 0xff,
    0xff, 0xff, 0xce, 0xff, 0xff, 0xff, 0xff, 0xce, 0xff, 0xff, 0xff, 0xff, 0xb7, 0x2e, 0x74, 0x68, 0x72, 0x65, 0x61,
    0x64, 0x67, 0x72, 0x6f, 0x75, 0x70, 0x5f, 0x64, 0x69, 0x6d, 0x65, 0x6e, 0x73, 0x69, 0x6f, 0x6e, 0x73, 0x93, 0x08,
    0x08, 0x01, 0xab, 0x2e, 0x66, 0x6c, 0x6f, 0x61, 0x74, 0x5f, 0x6d, 0x6f, 0x64, 0x65, 0xcc, 0xc0, 0xae, 0x2e, 0x66,
    0x70, 0x31, 0x36, 0x5f, 0x6f, 0x76, 0x65, 0x72, 0x66, 0x6c, 0x6f, 0x77, 0xc2, 0xaa, 0x2e, 0x69, 0x65, 0x65, 0x65,
    0x5f, 0x6d, 0x6f, 0x64, 0x65, 0xc2, 0xa9, 0x2e, 0x77, 0x67, 0x70, 0x5f, 0x6d, 0x6f, 0x64, 0x65, 0xc2, 0xac, 0x2e,
    0x6d, 0x65, 0x6d, 0x5f, 0x6f, 0x72, 0x64, 0x65, 0x72, 0x65, 0x64, 0xc2, 0xb1, 0x2e, 0x66, 0x6f, 0x72, 0x77, 0x61,
    0x72, 0x64, 0x5f, 0x70, 0x72, 0x6f, 0x67, 0x72, 0x65, 0x73, 0x73, 0xc2, 0xab, 0x2e, 0x75, 0x73, 0x65, 0x72, 0x5f,
    0x73, 0x67, 0x70, 0x72, 0x73, 0x03, 0xa8, 0x2e, 0x65, 0x78, 0x63, 0x70, 0x5f, 0x65, 0x6e, 0x00, 0xab, 0x2e, 0x73,
    0x63, 0x72, 0x61, 0x74, 0x63, 0x68, 0x5f, 0x65, 0x6e, 0xc2, 0xad, 0x2e, 0x74, 0x72, 0x61, 0x70, 0x5f, 0x70, 0x72,
    0x65, 0x73, 0x65, 0x6e, 0x74, 0xc2, 0xb0, 0x2e, 0x73, 0x68, 0x61, 0x72, 0x65, 0x64, 0x5f, 0x76, 0x67, 0x70, 0x72,
    0x5f, 0x63, 0x6e, 0x74, 0x00, 0xad, 0x2e, 0x77, 0x61, 0x76, 0x65, 0x73, 0x5f, 0x70, 0x65, 0x72, 0x5f, 0x73, 0x65,
    0x00, 0xaf, 0x2e, 0x63, 0x68, 0x65, 0x63, 0x6b, 0x73, 0x75, 0x6d, 0x5f, 0x76, 0x61, 0x6c, 0x75, 0x65, 0xce, 0x87,
    0xd8, 0x27, 0x9e, 0xaa, 0x2e, 0x72, 0x65, 0x67, 0x69, 0x73, 0x74, 0x65, 0x72, 0x73, 0x81, 0xcd, 0x2e, 0x42, 0x00,
    0xa5, 0x2e, 0x6e, 0x61, 0x6d, 0x65, 0xb5, 0x4d, 0x6c, 0x61, 0x61, 0x43, 0x61, 0x6c, 0x63, 0x53, 0x65, 0x70, 0x45,
    0x64, 0x67, 0x65, 0x4c, 0x65, 0x6e, 0x67, 0x74, 0x68, 0xb7, 0x2e, 0x69, 0x6e, 0x74, 0x65, 0x72, 0x6e, 0x61, 0x6c,
    0x5f, 0x70, 0x69, 0x70, 0x65, 0x6c, 0x69, 0x6e, 0x65, 0x5f, 0x68, 0x61, 0x73, 0x68, 0x92, 0xcf, 0xbf, 0xd3, 0x85,
    0x98, 0x87, 0xd1, 0x19, 0x25, 0xcf, 0x2e, 0x29, 0x42, 0x61, 0x6d, 0xf6, 0x5d, 0x61, 0xb2, 0x2e, 0x63, 0x6f, 0x6d,
    0x70, 0x75, 0x74, 0x65, 0x5f, 0x72, 0x65, 0x67, 0x69, 0x73, 0x74, 0x65, 0x72, 0x73, 0x85, 0xaf, 0x2e, 0x74, 0x69,
    0x64, 0x69, 0x67, 0x5f, 0x63, 0x6f, 0x6d, 0x70, 0x5f, 0x63, 0x6e, 0x74, 0x01, 0xaa, 0x2e, 0x74, 0x67, 0x69, 0x64,
    0x5f, 0x78, 0x5f, 0x65, 0x6e, 0xc3, 0xaa, 0x2e, 0x74, 0x67, 0x69, 0x64, 0x5f, 0x79, 0x5f, 0x65, 0x6e, 0xc3, 0xaa,
    0x2e, 0x74, 0x67, 0x69, 0x64, 0x5f, 0x7a, 0x5f, 0x65, 0x6e, 0xc2, 0xab, 0x2e, 0x74, 0x67, 0x5f, 0x73, 0x69, 0x7a,
    0x65, 0x5f, 0x65, 0x6e, 0xc2, 0xa4, 0x2e, 0x61, 0x70, 0x69, 0xa7, 0x73, 0x63, 0x70, 0x63, 0x42, 0x6c, 0x64, 0x00,
    0x00, 0x00, 0x00, 0x00, 0x00, 0x00, 0x00, 0x00, 0x00, 0x00, 0x00, 0x00, 0x00, 0x00, 0x00, 0x00, 0x00, 0x00, 0x00,
    0x00, 0x00, 0x00, 0x00, 0x00, 0x00, 0x00, 0x00, 0x00, 0x00, 0x00, 0x00, 0x00, 0x00, 0x00, 0x00, 0x00, 0x00, 0x00,
    0x00, 0x00, 0x00, 0x00, 0x00, 0x00, 0x00, 0x00, 0x00, 0x00, 0x00, 0x00, 0x00, 0x00, 0x00, 0x00, 0x00, 0x00, 0x00,
    0x00, 0x00, 0x00, 0x00, 0x00, 0x00, 0x00, 0x00, 0x00, 0x00, 0x01, 0x00, 0x00, 0x00, 0x03, 0x00, 0x00, 0x00, 0x00,
    0x00, 0x00, 0x00, 0x00, 0x00, 0x00, 0x00, 0x00, 0x00, 0x00, 0x00, 0x00, 0x00, 0x00, 0x00, 0x40, 0x00, 0x00, 0x00,
    0x00, 0x00, 0x00, 0x00, 0x36, 0x00, 0x00, 0x00, 0x00, 0x00, 0x00, 0x00, 0x00, 0x00, 0x00, 0x00, 0x00, 0x00, 0x00,
    0x00, 0x00, 0x00, 0x00, 0x00, 0x00, 0x00, 0x00, 0x00, 0x00, 0x00, 0x00, 0x00, 0x00, 0x00, 0x00, 0x00, 0x0b, 0x00,
    0x00, 0x00, 0x01, 0x00, 0x00, 0x00, 0x06, 0x00, 0x00, 0x00, 0x00, 0x00, 0x00, 0x00, 0x00, 0x00, 0x00, 0x00, 0x00,
    0x00, 0x00, 0x00, 0x76, 0x00, 0x00, 0x00, 0x00, 0x00, 0x00, 0x00, 0xc0, 0x05, 0x00, 0x00, 0x00, 0x00, 0x00, 0x00,
    0x00, 0x00, 0x00, 0x00, 0x00, 0x00, 0x00, 0x00, 0x00, 0x01, 0x00, 0x00, 0x00, 0x00, 0x00, 0x00, 0x00, 0x00, 0x00,
    0x00, 0x00, 0x00, 0x00, 0x00, 0x11, 0x00, 0x00, 0x00, 0x01, 0x00, 0x00, 0x00, 0x03, 0x00, 0x00, 0x00, 0x00, 0x00,
    0x00, 0x00, 0x00, 0x00, 0x00, 0x00, 0x00, 0x00, 0x00, 0x00, 0x36, 0x06, 0x00, 0x00, 0x00, 0x00, 0x00, 0x00, 0x10,
    0x00, 0x00, 0x00, 0x00, 0x00, 0x00, 0x00, 0x00, 0x00, 0x00, 0x00, 0x00, 0x00, 0x00, 0x00, 0x20, 0x00, 0x00, 0x00,
    0x00, 0x00, 0x00, 0x00, 0x00, 0x00, 0x00, 0x00, 0x00, 0x00, 0x00, 0x00, 0x17, 0x00, 0x00, 0x00, 0x01, 0x00, 0x00,
    0x00, 0x00, 0x00, 0x00, 0x00, 0x00, 0x00, 0x00, 0x00, 0x00, 0x00, 0x00, 0x00, 0x00, 0x00, 0x00, 0x00, 0x46, 0x06,
    0x00, 0x00, 0x00, 0x00, 0x00, 0x00, 0x50, 0x00, 0x00, 0x00, 0x00, 0x00, 0x00, 0x00, 0x00, 0x00, 0x00, 0x00, 0x00,
    0x00, 0x00, 0x00, 0x00, 0x00, 0x00, 0x00, 0x00, 0x00, 0x00, 0x00, 0x00, 0x00, 0x00, 0x00, 0x00, 0x00, 0x00, 0x00,
    0x20, 0x00, 0x00, 0x00, 0x03, 0x00, 0x00, 0x00, 0x00, 0x00, 0x00, 0x00, 0x00, 0x00, 0x00, 0x00, 0x00, 0x00, 0x00,
    0x00, 0x00, 0x00, 0x00, 0x00, 0x96, 0x06, 0x00, 0x00, 0x00, 0x00, 0x00, 0x00, 0x2b, 0x00, 0x00, 0x00, 0x00, 0x00,
    0x00, 0x00, 0x00, 0x00, 0x00, 0x00, 0x00, 0x00, 0x00, 0x00, 0x00, 0x00, 0x00, 0x00, 0x00, 0x00, 0x00, 0x00, 0x00,
    0x00, 0x00, 0x00, 0x00, 0x00, 0x00, 0x00, 0x28, 0x00, 0x00, 0x00, 0x02, 0x00, 0x00, 0x00, 0x00, 0x00, 0x00, 0x00,
    0x00, 0x00, 0x00, 0x00, 0x00, 0x00, 0x00, 0x00, 0x00, 0x00, 0x00, 0x00, 0xc1, 0x06, 0x00, 0x00, 0x00, 0x00, 0x00,
    0x00, 0x48, 0x00, 0x00, 0x00, 0x00, 0x00, 0x00, 0x00, 0x05, 0x00, 0x00, 0x00, 0x00, 0x00, 0x00, 0x00, 0x00, 0x00,
    0x00, 0x00, 0x00, 0x00, 0x00, 0x00, 0x18, 0x00, 0x00, 0x00, 0x00, 0x00, 0x00, 0x00, 0x30, 0x00, 0x00, 0x00, 0x07,
    0x00, 0x00, 0x00, 0x00, 0x00, 0x00, 0x00, 0x00, 0x00, 0x00, 0x00, 0x00, 0x00, 0x00, 0x00, 0x00, 0x00, 0x00, 0x00,
    0x09, 0x07, 0x00, 0x00, 0x00, 0x00, 0x00, 0x00, 0x2c, 0x04, 0x00, 0x00, 0x00, 0x00, 0x00, 0x00, 0x00, 0x00, 0x00,
    0x00, 0x00, 0x00, 0x00, 0x00, 0x00, 0x00, 0x00, 0x00, 0x00, 0x00, 0x00, 0x00, 0x00, 0x00, 0x00, 0x00, 0x00, 0x00,
    0x00, 0x00,
};

// Mlaa Calc Sep Edge Length Fast compute shader binary
inline constexpr Util::uint8 MlaaCalcSepEdgeLengthFast_Cs_857A9C8A[] =
{
    0x7f, 0x45, 0x4c, 0x46, 0x02, 0x01, 0x01, 0x41, 0x00, 0x00, 0x00, 0x00, 0x00, 0x00, 0x00, 0x00, 0x01, 0x00, 0xe0,
    0x00, 0x01, 0x00, 0x00, 0x00, 0x00, 0x00, 0x00, 0x00, 0x00, 0x00, 0x00, 0x00, 0x00, 0x00, 0x00, 0x00, 0x00, 0x00,
    0x00, 0x00, 0x98, 0x0c, 0x00, 0x00, 0x00, 0x00, 0x00, 0x00, 0x36, 0x05, 0x00, 0x00, 0x40, 0x00, 0x00, 0x00, 0x00,
    0x00, 0x40, 0x00, 0x08, 0x00, 0x01, 0x00, 0x00, 0x2e, 0x73, 0x68, 0x73, 0x74, 0x72, 0x74, 0x61, 0x62, 0x00, 0x2e,
    0x74, 0x65, 0x78, 0x74, 0x00, 0x2e, 0x64, 0x61, 0x74, 0x61, 0x00, 0x2e, 0x63, 0x6f, 0x6d, 0x6d, 0x65, 0x6e, 0x74,
    0x00, 0x2e, 0x73, 0x74, 0x72, 0x74, 0x61, 0x62, 0x00, 0x2e, 0x73, 0x79, 0x6d, 0x74, 0x61, 0x62, 0x00, 0x2e, 0x6e,
    0x6f, 0x74, 0x65, 0x00, 0x04, 0x40, 0x80, 0xb0, 0x03, 0x00, 0x8f, 0xbf, 0x80, 0x1f, 0x86, 0xbe, 0x03, 0x00, 0xa0,
    0xbf, 0x02, 0x03, 0x80, 0xbe, 0x07, 0x03, 0x81, 0xbe, 0x02, 0x00, 0x46, 0xd7, 0x03, 0x06, 0x01, 0x04, 0x80, 0x00,
    0x04, 0xf4, 0x44, 0x00, 0x00, 0xfa, 0x01, 0x00, 0x46, 0xd7, 0x04, 0x06, 0x05, 0x04, 0x7f, 0xc0, 0x8c, 0xbf, 0xf9,
    0x04, 0x8c, 0x7d, 0x02, 0x84, 0x86, 0x06, 0x03, 0x02, 0x8c, 0x7d, 0x04, 0x6a, 0x6a, 0x87, 0x6a, 0x3c, 0x84, 0xbe,
    0x72, 0x01, 0x88, 0xbf, 0x00, 0x02, 0x0c, 0xf4, 0x20, 0x00, 0x00, 0xfa, 0x02, 0x04, 0x00, 0x22, 0x03, 0x02, 0x06,
    0x22, 0x7f, 0xc0, 0x8c, 0xbf, 0x0e, 0xff, 0x0e, 0x8a, 0x00, 0x00, 0x10, 0x00, 0x0a, 0x11, 0x00, 0xf0, 0x00, 0x00,
    0x02, 0x00, 0x03, 0x00, 0x00, 0x00, 0x70, 0x3f, 0x8c, 0xbf, 0x83, 0x00, 0x06, 0x36, 0x7e, 0x03, 0x85, 0xbe, 0x7e,
    0x00, 0xd5, 0xd4, 0x03, 0x01, 0x01, 0x00, 0x49, 0x01, 0x88, 0xbf, 0xc1, 0x04, 0x06, 0x4a, 0xc2, 0x04, 0x0e, 0x4a,
    0x02, 0x04, 0x18, 0x26, 0xc3, 0x02, 0x20, 0x4a, 0x81, 0x04, 0x08, 0x4a, 0x02, 0x06, 0x10, 0x26, 0x03, 0x02, 0x06,
    0x26, 0x02, 0x0e, 0x1a, 0x26, 0xc3, 0x04, 0x0e, 0x4a, 0x81, 0x02, 0x0a, 0x4a, 0x03, 0x20, 0x22, 0x26, 0x02, 0x08,
    0x08, 0x26, 0xc1, 0x02, 0x0c, 0x4a, 0x02, 0x0e, 0x20, 0x26, 0x03, 0x0a, 0x0a, 0x26, 0x82, 0x04, 0x12, 0x4a, 0x82,
    0x02, 0x14, 0x4a, 0x03, 0x0c, 0x0c, 0x26, 0xc2, 0x02, 0x16, 0x4a, 0x83, 0x04, 0x1c, 0x4a, 0x02, 0x12, 0x12, 0x26,
    0x03, 0x14, 0x14, 0x26, 0x83, 0x02, 0x1e, 0x4a, 0x03, 0x16, 0x16, 0x26, 0x02, 0x1c, 0x1c, 0x26, 0x84, 0x04, 0x24,
    0x4a, 0xc4, 0x02, 0x28, 0x4a, 0x03, 0x1e, 0x1e, 0x26, 0x84, 0x02, 0x26, 0x4a, 0xc5, 0x02, 0x30, 0x4a, 0x02, 0x24,
    0x24, 0x26, 0x03, 0x28, 0x2a, 0x26, 0xc5, 0x04, 0x28, 0x4a, 0x03, 0x26, 0x26, 0x26, 0x85, 0x04, 0x2c, 0x4a, 0x03,
    0x30, 0x32, 0x26, 0xc6, 0x04, 0x30, 0x4a, 0x02, 0x28, 0x28, 0x26, 0x85, 0x02, 0x2e, 0x4a, 0x02, 0x2c, 0x2c, 0x26,
    0x86, 0x04, 0x34, 0x4a, 0x02, 0x30, 0x30, 0x26, 0xc6, 0x02, 0x38, 0x4a, 0x03, 0x2e, 0x2e, 0x26, 0x86, 0x02, 0x36,
    0x4a, 0x02, 0x34, 0x34, 0x26, 0x87, 0x04, 0x3c, 0x4a, 0x03, 0x38, 0x3a, 0x26, 0xc7, 0x04, 0x38, 0x4a, 0x03, 0x36,
    0x36, 0x26, 0x87, 0x02, 0x3e, 0x4a, 0x02, 0x3c, 0x3c, 0x26, 0xc7, 0x02, 0x40, 0x4a, 0x02, 0x38, 0x38, 0x26, 0x03,
    0x3e, 0x3e, 0x26, 0x03, 0x40, 0x42, 0x26, 0x0b, 0x00, 0xa1, 0xbf, 0x0a, 0x11, 0x00, 0xf0, 0x08, 0x07, 0x02, 0x00,
    0x03, 0x00, 0x00, 0x00, 0x0a, 0x11, 0x00, 0xf0, 0x04, 0x04, 0x02, 0x00, 0x03, 0x00, 0x00, 0x00, 0x0a, 0x11, 0x00,
    0xf0, 0x0c, 0x05, 0x02, 0x00, 0x05, 0x00, 0x00, 0x00, 0x0a, 0x11, 0x00, 0xf0, 0x0c, 0x06, 0x02, 0x00, 0x06, 0x00,
    0x00, 0x00, 0x0a, 0x11, 0x00, 0xf0, 0x0d, 0x0d, 0x02, 0x00, 0x03, 0x00, 0x00, 0x00, 0x0a, 0x11, 0x00, 0xf0, 0x09,
    0x08, 0x02, 0x00, 0x03, 0x00, 0x00, 0x00, 0x0a, 0x11, 0x00, 0xf0, 0x0c, 0x09, 0x02, 0x00, 0x0a, 0x00, 0x00, 0x00,
    0x0a, 0x11, 0x00, 0xf0, 0x0c, 0x0a, 0x02, 0x00, 0x0b, 0x00, 0x00, 0x00, 0x0a, 0x11, 0x00, 0xf0, 0x10, 0x0b, 0x02,
    0x00, 0x03, 0x00, 0x00, 0x00, 0x0a, 0x11, 0x00, 0xf0, 0x0e, 0x0e, 0x02, 0x00, 0x03, 0x00, 0x00, 0x00, 0x0a, 0x11,
    0x00, 0xf0, 0x0c, 0x0f, 0x02, 0x00, 0x0f, 0x00, 0x00, 0x00, 0x0a, 0x11, 0x00, 0xf0, 0x0c, 0x10, 0x02, 0x00, 0x11,
    0x00, 0x00, 0x00, 0xc4, 0x04, 0x22, 0x4a, 0x02, 0x22, 0x22, 0x26, 0x0f, 0x00, 0xa1, 0xbf, 0x0a, 0x11, 0x00, 0xf0,
    0x11, 0x11, 0x02, 0x00, 0x03, 0x00, 0x00, 0x00, 0x0a, 0x11, 0x00, 0xf0, 0x12, 0x12, 0x02, 0x00, 0x03, 0x00, 0x00,
    0x00, 0x0a, 0x11, 0x00, 0xf0, 0x0c, 0x13, 0x02, 0x00, 0x13, 0x00, 0x00, 0x00, 0x0a, 0x11, 0x00, 0xf0, 0x0c, 0x15,
    0x02, 0x00, 0x15, 0x00, 0x00, 0x00, 0x0a, 0x11, 0x00, 0xf0, 0x14, 0x14, 0x02, 0x00, 0x03, 0x00, 0x00, 0x00, 0x0a,
    0x11, 0x00, 0xf0, 0x16, 0x16, 0x02, 0x00, 0x03, 0x00, 0x00, 0x00, 0x0a, 0x11, 0x00, 0xf0, 0x0c, 0x17, 0x02, 0x00,
    0x17, 0x00, 0x00, 0x00, 0x0a, 0x11, 0x00, 0xf0, 0x0c, 0x19, 0x02, 0x00, 0x19, 0x00, 0x00, 0x00, 0x0a, 0x11, 0x00,
    0xf0, 0x18, 0x18, 0x02, 0x00, 0x03, 0x00, 0x00, 0x00, 0x0a, 0x11, 0x00, 0xf0, 0x1a, 0x1a, 0x02, 0x00, 0x03, 0x00,
    0x00, 0x00, 0x0a, 0x11, 0x00, 0xf0, 0x0c, 0x1b, 0x02, 0x00, 0x1b, 0x00, 0x00, 0x00, 0x0a, 0x11, 0x00, 0xf0, 0x0c,
    0x1d, 0x02, 0x00, 0x1d, 0x00, 0x00, 0x00, 0x0a, 0x11, 0x00, 0xf0, 0x1c, 0x1c, 0x02, 0x00, 0x03, 0x00, 0x00, 0x00,
    0x0a, 0x11, 0x00, 0xf0, 0x1e, 0x03, 0x02, 0x00, 0x03, 0x00, 0x00, 0x00, 0x0a, 0x11, 0x00, 0xf0, 0x0c, 0x1e, 0x02,
    0x00, 0x1f, 0x00, 0x00, 0x00, 0x0a, 0x11, 0x00, 0xf0, 0x0c, 0x0c, 0x02, 0x00, 0x21, 0x00, 0x00, 0x00, 0x00, 0x00,
    0x8f, 0xbf, 0x81, 0x00, 0x3e, 0x36, 0x82, 0x00, 0x00, 0x36, 0x02, 0x00, 0x85, 0xd4, 0x1f, 0x01, 0x01, 0x00, 0x80,
    0x00, 0x0a, 0x7d, 0x00, 0x00, 0x01, 0xd5, 0x80, 0x10, 0xa9, 0x01, 0x1f, 0x00, 0x01, 0xd5, 0x80, 0x10, 0x09, 0x00,
    0x7b, 0x7f, 0x8c, 0xbf, 0x07, 0x00, 0x01, 0xd5, 0x80, 0x0e, 0x0a, 0x00, 0x7a, 0x7f, 0x8c, 0xbf, 0x04, 0x00, 0x01,
    0xd5, 0x80, 0x08, 0x0a, 0x00, 0x79, 0x7f, 0x8c, 0xbf, 0x80, 0x0a, 0x0a, 0x02, 0x78, 0x7f, 0x8c, 0xbf, 0x80, 0x0c,
    0x0c, 0x02, 0x81, 0x0e, 0x0e, 0x36, 0x81, 0x08, 0x42, 0x36, 0x82, 0x0a, 0x08, 0x36, 0x82, 0x0c, 0x40, 0x36, 0x77,
    0x7f, 0x8c, 0xbf, 0x07, 0x1b, 0x1a, 0x36, 0x80, 0x0e, 0x04, 0x7d, 0x81, 0x3e, 0x0a, 0x02, 0x80, 0x42, 0x04, 0x7d,
    0x81, 0x3e, 0x0c, 0x02, 0x02, 0x00, 0x85, 0xd4, 0x0d, 0x01, 0x01, 0x00, 0x80, 0x08, 0x04, 0x7d, 0x81, 0x00, 0x44,
    0x02, 0x76, 0x7f, 0x8c, 0xbf, 0x21, 0x11, 0x0e, 0x36, 0x81, 0x0a, 0x10, 0x4a, 0x1f, 0x0b, 0x0a, 0x38, 0x80, 0x40,
    0x04, 0x7d, 0x75, 0x7f, 0x8c, 0xbf, 0x04, 0x13, 0x08, 0x36, 0x74, 0x7f, 0x8c, 0xbf, 0x20, 0x15, 0x12, 0x36, 0x81,
    0x0c, 0x14, 0x4a, 0x1f, 0x0d, 0x40, 0x38, 0x81, 0x44, 0x0c, 0x4a, 0x81, 0x00, 0x46, 0x02, 0x80, 0x0e, 0x0a, 0x7d,
    0x72, 0x7f, 0x8c, 0xbf, 0x07, 0x1d, 0x0e, 0x36, 0x20, 0x15, 0x14, 0x02, 0x05, 0x00, 0x01, 0xd5, 0x05, 0x11, 0x0a,
    0x00, 0x00, 0x45, 0x10, 0x38, 0x80, 0x08, 0x0a, 0x7d, 0x81, 0x46, 0x40, 0x4a, 0x00, 0x47, 0x44, 0x38, 0x71, 0x7f,
    0x8c, 0xbf, 0x04, 0x1f, 0x08, 0x36, 0x08, 0x0d, 0x0c, 0x02, 0x0d, 0x17, 0x10, 0x36, 0x80, 0x12, 0x0a, 0x7d, 0x70,
    0x7f, 0x8c, 0xbf, 0x09, 0x21, 0x16, 0x36, 0x81, 0x0a, 0x12, 0x4a, 0x1f, 0x0b, 0x1c, 0x38, 0x02, 0x00, 0x85, 0xd4,
    0x08, 0x01, 0x01, 0x00, 0x81, 0x14, 0x0a, 0x4a, 0x1f, 0x15, 0x1e, 0x38, 0x81, 0x0c, 0x1a, 0x4a, 0x00, 0x0d, 0x0c,
    0x38, 0x22, 0x41, 0x42, 0x02, 0x80, 0x0e, 0x0a, 0x7d, 0x0f, 0x0b, 0x0a, 0x02, 0x80, 0x08, 0x0a, 0x7d, 0x06, 0x1b,
    0x0c, 0x02, 0x7f, 0x3f, 0x8c, 0xbf, 0x08, 0x23, 0x1a, 0x36, 0x80, 0x16, 0x0a, 0x7d, 0x7c, 0x3f, 0x8c, 0xbf, 0x0b,
    0x2b, 0x10, 0x36, 0x81, 0x42, 0x14, 0x4a, 0x00, 0x43, 0x20, 0x38, 0x07, 0x25, 0x0e, 0x36, 0x09, 0x00, 0x01, 0xd5,
    0x0e, 0x13, 0x0a, 0x00, 0x02, 0x00, 0x85, 0xd4, 0x0d, 0x01, 0x01, 0x00, 0x04, 0x27, 0x08, 0x36, 0x81, 0x0a, 0x1e,
    0x4a, 0x1f, 0x0b, 0x1c, 0x38, 0x81, 0x12, 0x16, 0x4a, 0x1f, 0x13, 0x12, 0x38, 0x10, 0x15, 0x14, 0x02, 0x80, 0x0e,
    0x0a, 0x7d, 0x7a, 0x3f, 0x8c, 0xbf, 0x07, 0x2d, 0x0e, 0x36, 0x05, 0x00, 0x01, 0xd5, 0x09, 0x17, 0x0a, 0x00, 0x81,
    0x0c, 0x16, 0x4a, 0x00, 0x0d, 0x0c, 0x38, 0x0e, 0x1f, 0x12, 0x02, 0x80, 0x08, 0x0a, 0x7d, 0x81, 0x14, 0x1c, 0x4a,
    0x00, 0x15, 0x1e, 0x38, 0x06, 0x17, 0x0c, 0x02, 0x0d, 0x29, 0x16, 0x36, 0x80, 0x10, 0x0a, 0x7d, 0x81, 0x0a, 0x1a,
    0x4a, 0x0f, 0x1d, 0x14, 0x02, 0x1f, 0x0b, 0x1c, 0x38, 0x02, 0x00, 0x85, 0xd4, 0x0b, 0x01, 0x01, 0x00, 0x77, 0x3f,
    0x8c, 0xbf, 0x0b, 0x31, 0x16, 0x36, 0x81, 0x12, 0x1e, 0x4a, 0x1f, 0x13, 0x0a, 0x38, 0x04, 0x2f, 0x08, 0x36, 0x08,
    0x33, 0x10, 0x36, 0x80, 0x0e, 0x0a, 0x7d, 0x05, 0x1f, 0x0a, 0x02, 0x00, 0x15, 0x1e, 0x38, 0x80, 0x08, 0x0a, 0x7d,
    0x75, 0x3f, 0x8c, 0xbf, 0x04, 0x37, 0x08, 0x36, 0x09, 0x00, 0x01, 0xd5, 0x0e, 0x1b, 0x0a, 0x00, 0x02, 0x00, 0x85,
    0xd4, 0x0b, 0x01, 0x01, 0x00, 0x81, 0x0c, 0x1c, 0x4a, 0x00, 0x0d, 0x1a, 0x38, 0x81, 0x14, 0x0c, 0x4a, 0x0d, 0x1d,
    0x14, 0x02, 0x80, 0x10, 0x0a, 0x7d, 0x07, 0x35, 0x1a, 0x36, 0x74, 0x3f, 0x8c, 0xbf, 0x08, 0x3b, 0x0e, 0x36, 0x81,
    0x12, 0x10, 0x4a, 0x1f, 0x13, 0x12, 0x38, 0x0f, 0x0d, 0x0c, 0x02, 0x81, 0x0a, 0x1c, 0x4a, 0x1f, 0x0b, 0x0a, 0x38,
    0x81, 0x14, 0x1e, 0x4a, 0x08, 0x00, 0x01, 0xd5, 0x09, 0x11, 0x0a, 0x00, 0x00, 0x15, 0x12, 0x38, 0x81, 0x0c, 0x14,
    0x4a, 0x00, 0x0d, 0x20, 0x38, 0x80, 0x1a, 0x0a, 0x7d, 0x05, 0x1d, 0x0a, 0x02, 0x80, 0x08, 0x0a, 0x7d, 0x09, 0x1f,
    0x0c, 0x02, 0x80, 0x0e, 0x0a, 0x7d, 0x10, 0x15, 0x12, 0x02, 0x73, 0x3f, 0x8c, 0xbf, 0x0b, 0x39, 0x14, 0x36, 0x72,
    0x3f, 0x8c, 0xbf, 0x0d, 0x07, 0x06, 0x36, 0x71, 0x3f, 0x8c, 0xbf, 0x04, 0x3d, 0x08, 0x36, 0x70, 0x3f, 0x8c, 0xbf,
    0x07, 0x19, 0x0e, 0x36, 0x81, 0x10, 0x16, 0x4a, 0x02, 0x00, 0x85, 0xd4, 0x0a, 0x01, 0x01, 0x00, 0x03, 0x00, 0x85,
    0xd4, 0x03, 0x01, 0x01, 0x00, 0x06, 0x00, 0x85, 0xd4, 0x04, 0x01, 0x01, 0x00, 0x80, 0x0e, 0x0a, 0x7d, 0x00, 0x13,
    0x06, 0x38, 0x81, 0x12, 0x08, 0x4a, 0x00, 0x0d, 0x00, 0x38, 0x81, 0x0c, 0x0c, 0x4a, 0x1f, 0x0b, 0x0e, 0x38, 0x81,
    0x0a, 0x0a, 0x4a, 0x1f, 0x11, 0x12, 0x38, 0x03, 0x09, 0x08, 0x02, 0x05, 0x00, 0x01, 0xd5, 0x07, 0x0b, 0x0e, 0x00,
    0x08, 0x00, 0x01, 0xd5, 0x00, 0x0d, 0x1a, 0x00, 0x06, 0x00, 0x01, 0xd5, 0x09, 0x17, 0x0a, 0x00, 0x00, 0x00, 0x8f,
    0xbf, 0x05, 0x7e, 0x7e, 0x8a, 0x80, 0x02, 0x0c, 0x7e, 0x80, 0x02, 0x10, 0x7e, 0x80, 0x02, 0x0a, 0x7e, 0x80, 0x02,
    0x08, 0x7e, 0x05, 0x03, 0xfe, 0xbe, 0x00, 0x02, 0x0c, 0xf4, 0x00, 0x00, 0x00, 0xfa, 0x84, 0x0c, 0x00, 0x34, 0x84,
    0x10, 0x06, 0x34, 0xff, 0x00, 0x00, 0x36, 0xf0, 0x00, 0x00, 0x00, 0xff, 0x06, 0x0c, 0x36, 0xf0, 0x00, 0x00, 0x00,
    0x03, 0x00, 0x4a, 0xd5, 0x8f, 0x0a, 0x02, 0x04, 0x04, 0x00, 0x4a, 0xd5, 0x8f, 0x08, 0x1a, 0x04, 0x03, 0x03, 0x0a,
    0x7e, 0x03, 0x03, 0x0c, 0x7e, 0x7f, 0xc0, 0x8c, 0xbf, 0x0a, 0x3f, 0x20, 0xf0, 0x02, 0x03, 0x02, 0x00, 0x01, 0x00,
    0x00, 0x00, 0x00, 0x00, 0x8f, 0xbf, 0x00, 0x00, 0x81, 0xbf, 0x00, 0x00, 0x9f, 0xbf, 0x00, 0x00, 0x9f, 0xbf, 0x00,
    0x00, 0x9f, 0xbf, 0x00, 0x00, 0x9f, 0xbf, 0x00, 0x00, 0x9f, 0xbf, 0x00, 0x00, 0x9f, 0xbf, 0x00, 0x00, 0x9f, 0xbf,
    0x00, 0x00, 0x9f, 0xbf, 0x00, 0x00, 0x9f, 0xbf, 0x00, 0x00, 0x9f, 0xbf, 0x00, 0x00, 0x9f, 0xbf, 0x00, 0x00, 0x9f,
    0xbf, 0x00, 0x00, 0x9f, 0xbf, 0x00, 0x00, 0x9f, 0xbf, 0x00, 0x00, 0x9f, 0xbf, 0x00, 0x00, 0x9f, 0xbf, 0x00, 0x00,
    0x9f, 0xbf, 0x00, 0x00, 0x9f, 0xbf, 0x00, 0x00, 0x9f, 0xbf, 0x00, 0x00, 0x9f, 0xbf, 0x00, 0x00, 0x9f, 0xbf, 0x00,
    0x00, 0x9f, 0xbf, 0x00, 0x00, 0x9f, 0xbf, 0x00, 0x00, 0x9f, 0xbf, 0x00, 0x00, 0x9f, 0xbf, 0x00, 0x00, 0x9f, 0xbf,
    0x00, 0x00, 0x9f, 0xbf, 0x00, 0x00, 0x9f, 0xbf, 0x00, 0x00, 0x9f, 0xbf, 0x00, 0x00, 0x9f, 0xbf, 0x00, 0x00, 0x9f,
    0xbf, 0x00, 0x00, 0x9f, 0xbf, 0x00, 0x00, 0x9f, 0xbf, 0x00, 0x00, 0x9f, 0xbf, 0x00, 0x00, 0x9f, 0xbf, 0x00, 0x00,
    0x9f, 0xbf, 0x00, 0x00, 0x9f, 0xbf, 0x00, 0x00, 0x9f, 0xbf, 0x00, 0x00, 0x9f, 0xbf, 0x00, 0x00, 0x9f, 0xbf, 0x00,
    0x00, 0x9f, 0xbf, 0x00, 0x00, 0x9f, 0xbf, 0x00, 0x00, 0x9f, 0xbf, 0x00, 0x00, 0x9f, 0xbf, 0x00, 0x00, 0x9f, 0xbf,
    0x00, 0x00, 0x9f, 0xbf, 0x00, 0x00, 0x9f, 0xbf, 0x00, 0x00, 0x9f, 0xbf, 0x00, 0x00, 0x9f, 0xbf, 0x00, 0x00, 0x9f,
    0xbf, 0x00, 0x00, 0x9f, 0xbf, 0x00, 0x00, 0x9f, 0xbf, 0x00, 0x00, 0x9f, 0xbf, 0x00, 0x00, 0x9f, 0xbf, 0x00, 0x00,
    0x9f, 0xbf, 0x00, 0x00, 0x9f, 0xbf, 0x00, 0x00, 0x9f, 0xbf, 0x00, 0x00, 0x9f, 0xbf, 0x00, 0x00, 0x9f, 0xbf, 0x00,
    0x00, 0x9f, 0xbf, 0x00, 0x00, 0x9f, 0xbf, 0x00, 0x00, 0x9f, 0xbf, 0x00, 0x00, 0x9f, 0xbf, 0x00, 0x00, 0x9f, 0xbf,
    0x00, 0x00, 0x00, 0x00, 0x00, 0x00, 0x10, 0x00, 0x00, 0x00, 0x00, 0x00, 0xac, 0xbf, 0x04, 0x11, 0x47, 0x65, 0x6e,
    0x65, 0x72, 0x61, 0x74, 0x65, 0x64, 0x20, 0x62, 0x79, 0x20, 0x74, 0x68, 0x65, 0x20, 0x41, 0x64, 0x76, 0x61, 0x6e,
    0x63, 0x65, 0x64, 0x20, 0x4d, 0x69, 0x63, 0x72, 0x6f, 0x20, 0x44, 0x65, 0x76, 0x69, 0x63, 0x65, 0x73, 0x2c, 0x20,
    0x49, 0x6e, 0x63, 0x2e, 0x2c, 0x20, 0x50, 0x72, 0x6f, 0x70, 0x72, 0x69, 0x65, 0x74, 0x61, 0x72, 0x79, 0x20, 0x47,
    0x50, 0x55, 0x20, 0x53, 0x68, 0x61, 0x64, 0x65, 0x72, 0x20, 0x43, 0x6f, 0x6d, 0x70, 0x69, 0x6c, 0x65, 0x72, 0x2e,
    0x00, 0x00, 0x5f, 0x61, 0x6d, 0x64, 0x67, 0x70, 0x75, 0x5f, 0x63, 0x73, 0x5f, 0x6d, 0x61, 0x69, 0x6e, 0x00, 0x5f,
    0x61, 0x6d, 0x64, 0x67, 0x70, 0x75, 0x5f, 0x63, 0x73, 0x5f, 0x73, 0x68, 0x64, 0x72, 0x5f, 0x69, 0x6e, 0x74, 0x72,
    0x6c, 0x5f, 0x74, 0x62, 0x6c, 0x00, 0x00, 0x00, 0x00, 0x00, 0x00, 0x00, 0x00, 0x00, 0x00, 0x00, 0x00, 0x00, 0x00,
    0x00, 0x00, 0x00, 0x00, 0x00, 0x00, 0x00, 0x00, 0x00, 0x00, 0x00, 0x01, 0x00, 0x00, 0x00, 0x12, 0x00, 0x02, 0x00,
    0x00, 0x00, 0x00, 0x00, 0x00, 0x00, 0x00, 0x00, 0x1c, 0x07, 0x00, 0x00, 0x00, 0x00, 0x00, 0x00, 0x11, 0x00, 0x00,
    0x00, 0x11, 0x00, 0x03, 0x00, 0x00, 0x00, 0x00, 0x00, 0x00, 0x00, 0x00, 0x00, 0x10, 0x00, 0x00, 0x00, 0x00, 0x00,
    0x00, 0x00, 0x07, 0x00, 0x00, 0x00, 0x1b, 0x04, 0x00, 0x00, 0x20, 0x00, 0x00, 0x00, 0x41, 0x4d, 0x44, 0x47, 0x50,
    0x55, 0x00, 0x00, 0x82, 0xae, 0x61, 0x6d, 0x64, 0x70, 0x61, 0x6c, 0x2e, 0x76, 0x65, 0x72, 0x73, 0x69, 0x6f, 0x6e,
    0x92, 0x03, 0x06, 0xb0, 0x61, 0x6d, 0x64, 0x70, 0x61, 0x6c, 0x2e, 0x70, 0x69, 0x70, 0x65, 0x6c, 0x69, 0x6e, 0x65,
    0x73, 0x91, 0x8b, 0xa5, 0x2e, 0x74, 0x79, 0x70, 0x65, 0xa2, 0x43, 0x73, 0xae, 0x2e, 0x72, 0x65, 0x73, 0x6f, 0x75,
    0x72, 0x63, 0x65, 0x5f, 0x68, 0x61, 0x73, 0x68, 0xcf, 0x9d, 0xab, 0x92, 0x5d, 0x0a, 0x7a, 0xaf, 0x2a, 0xb0, 0x2e,
    0x73, 0x70, 0x69, 0x6c, 0x6c, 0x5f, 0x74, 0x68, 0x72, 0x65, 0x73, 0x68, 0x6f, 0x6c, 0x64, 0xcd, 0xff, 0xff, 0xb0,
    0x2e, 0x75, 0x73, 0x65, 0x72, 0x5f, 0x64, 0x61, 0x74, 0x61, 0x5f, 0x6c, 0x69, 0x6d, 0x69, 0x74, 0x01, 0xa8, 0x2e,
    0x73, 0x68, 0x61, 0x64, 0x65, 0x72, 0x73, 0x81, 0xa8, 0x2e, 0x63, 0x6f, 0x6d, 0x70, 0x75, 0x74, 0x65, 0x83, 0xb0,
    0x2e, 0x61, 0x70, 0x69, 0x5f, 0x73, 0x68, 0x61, 0x64, 0x65, 0x72, 0x5f, 0x68, 0x61, 0x73, 0x68, 0x92, 0xcf, 0x95,
    0xb6, 0x6b, 0x13, 0x8c, 0x92, 0x44, 0x07, 0xcf, 0x52, 0x9c, 0xf7, 0xb6, 0x34, 0x11, 0xbb, 0x10, 0xb1, 0x2e, 0x68,
    0x61, 0x72, 0x64, 0x77, 0x61, 0x72, 0x65, 0x5f, 0x6d, 0x61, 0x70, 0x70, 0x69, 0x6e, 0x67, 0x91, 0xa3, 0x2e, 0x63,
    0x73, 0xaf, 0x2e, 0x73, 0x68, 0x61, 0x64, 0x65, 0x72, 0x5f, 0x73, 0x75, 0x62, 0x74, 0x79, 0x70, 0x65, 0xa7, 0x55,
    0x6e, 0x6b, 0x6e, 0x6f, 0x77, 0x6e, 0xb0, 0x2e, 0x68, 0x61, 0x72, 0x64, 0x77, 0x61, 0x72, 0x65, 0x5f, 0x73, 0x74,
    0x61, 0x67, 0x65, 0x73, 0x81, 0xa3, 0x2e, 0x63, 0x73, 0xde, 0x00, 0x1b, 0xb3, 0x2e, 0x65, 0x6e, 0x74, 0x72, 0x79,
    0x5f, 0x70, 0x6f, 0x69, 0x6e, 0x74, 0x5f, 0x73, 0x79, 0x6d, 0x62, 0x6f, 0x6c, 0xaf, 0x5f, 0x61, 0x6d, 0x64, 0x67,
    0x70, 0x75, 0x5f, 0x63, 0x73, 0x5f, 0x6d, 0x61, 0x69, 0x6e, 0xab, 0x2e, 0x73, 0x67, 0x70, 0x72, 0x5f, 0x63, 0x6f,
    0x75, 0x6e, 0x74, 0x10, 0xab, 0x2e, 0x76, 0x67, 0x70, 0x72, 0x5f, 0x63, 0x6f, 0x75, 0x6e, 0x74, 0x24, 0xa9, 0x2e,
    0x6c, 0x64, 0x73, 0x5f, 0x73, 0x69, 0x7a, 0x65, 0x00, 0xb4, 0x2e, 0x73, 0x63, 0x72, 0x61, 0x74, 0x63, 0x68, 0x5f,
    0x6d, 0x65, 0x6d, 0x6f, 0x72, 0x79, 0x5f, 0x73, 0x69, 0x7a, 0x65, 0x00, 0xb4, 0x2e, 0x66, 0x72, 0x6f, 0x6e, 0x74,
    0x65, 0x6e, 0x64, 0x5f, 0x73, 0x74, 0x61, 0x63, 0x6b, 0x5f, 0x73, 0x69, 0x7a, 0x65, 0x00, 0xb3, 0x2e, 0x62, 0x61,
    0x63, 0x6b, 0x65, 0x6e, 0x64, 0x5f, 0x73, 0x74, 0x61, 0x63, 0x6b, 0x5f, 0x73, 0x69, 0x7a, 0x65, 0x00, 0xb6, 0x2e,
    0x70, 0x65, 0x72, 0x66, 0x5f, 0x64, 0x61, 0x74, 0x61, 0x5f, 0x62, 0x75, 0x66, 0x66, 0x65, 0x72, 0x5f, 0x73, 0x69,
    0x7a, 0x65, 0x00, 0xaa, 0x2e, 0x75, 0x73, 0x65, 0x73, 0x5f, 0x75, 0x61, 0x76, 0x73, 0xc3, 0xac, 0x2e, 0x77, 0x72,
    0x69, 0x74, 0x65, 0x73, 0x5f, 0x75, 0x61, 0x76, 0x73, 0xc3, 0xb4, 0x2e, 0x75, 0x73, 0x65, 0x73, 0x5f, 0x61, 0x70,
    0x70, 0x65, 0x6e, 0x64, 0x5f, 0x63, 0x6f, 0x6e, 0x73, 0x75, 0x6d, 0x65, 0xc2, 0xaf, 0x2e, 0x77, 0x61, 0x76, 0x65,
    0x66, 0x72, 0x6f, 0x6e, 0x74, 0x5f, 0x73, 0x69, 0x7a, 0x65, 0x20, 0xb2, 0x2e, 0x75, 0x73, 0x65, 0x72, 0x5f, 0x64,
    0x61, 0x74, 0x61, 0x5f, 0x72, 0x65, 0x67, 0x5f, 0x6d, 0x61, 0x70, 0xdc, 0x00, 0x20, 0xce, 0xff, 0xff, 0xff, 0xff,
    0xce, 0xff, 0xff, 0xff, 0xff, 0x00, 0xce, 0xff, 0xff, 0xff, 0xff, 0xce, 0xff, 0xff, 0xff, 0xff, 0xce, 0xff, 0xff,
    0xff, 0xff, 0xce, 0xff, 0xff, 0xff, 0xff, 0xce, 0xff, 0xff, 0xff, 0xff, 0xce, 0xff, 0xff, 0xff, 0xff, 0xce, 0xff,
    0xff, 0xff, 0xff, 0xce, 0xff, 0xff, 0xff, 0xff, 0xce, 0xff, 0xff, 0xff, 0xff, 0xce, 0xff, 0xff, 0xff, 0xff, 0xce,
    0xff, 0xff, 0xff, 0xff, 0xce, 0xff, 0xff, 0xff, 0xff, 0xce, 0xff, 0xff, 0xff, 0xff, 0xce, 0xff, 0xff, 0xff, 0xff,
    0xce, 0xff, 0xff, 0xff, 0xff, 0xce, 0xff, 0xff, 0xff, 0xff, 0xce, 0xff, 0xff, 0xff, 0xff, 0xce, 0xff, 0xff, 0xff,
    0xff, 0xce, 0xff, 0xff, 0xff, 0xff, 0xce, 0xff, 0xff, 0xff, 0xff, 0xce, 0xff, 0xff, 0xff, 0xff, 0xce, 0xff, 0xff,
    0xff, 0xff, 0xce, 0xff, 0xff, 0xff, 0xff, 0xce, 0xff, 0xff, 0xff, 0xff, 0xce, 0xff, 0xff, 0xff, 0xff, 0xce, 0xff,
    0xff, 0xff, 0xff, 0xce, 0xff, 0xff, 0xff, 0xff, 0xce, 0xff, 0xff, 0xff, 0xff, 0xce, 0xff, 0xff, 0xff, 0xff, 0xb7,
    0x2e, 0x74, 0x68, 0x72, 0x65, 0x61, 0x64, 0x67, 0x72, 0x6f, 0x75, 0x70, 0x5f, 0x64, 0x69, 0x6d, 0x65, 0x6e, 0x73,
    0x69, 0x6f, 0x6e, 0x73, 0x93, 0x08, 0x08, 0x01, 0xab, 0x2e, 0x66, 0x6c, 0x6f, 0x61, 0x74, 0x5f, 0x6d, 0x6f, 0x64,
    0x65, 0xcc, 0xc0, 0xae, 0x2e, 0x66, 0x70, 0x31, 0x36, 0x5f, 0x6f, 0x76, 0x65, 0x72, 0x66, 0x6c, 0x6f, 0x77, 0xc2,
    0xaa, 0x2e, 0x69, 0x65, 0x65, 0x65, 0x5f, 0x6d, 0x6f, 0x64, 0x65, 0xc2, 0xa9, 0x2e, 0x77, 0x67, 0x70, 0x5f, 0x6d,
    0x6f, 0x64, 0x65, 0xc2, 0xac, 0x2e, 0x6d, 0x65, 0x6d, 0x5f, 0x6f, 0x72, 0x64, 0x65, 0x72, 0x65, 0x64, 0xc2, 0xb1,
    0x2e, 0x66, 0x6f, 0x72, 0x77, 0x61, 0x72, 0x64, 0x5f, 0x70, 0x72, 0x6f, 0x67, 0x72, 0x65, 0x73, 0x73, 0xc2, 0xab,
    0x2e, 0x75, 0x73, 0x65, 0x72, 0x5f, 0x73, 0x67, 0x70, 0x72, 0x73, 0x03, 0xa8, 0x2e, 0x65, 0x78, 0x63, 0x70, 0x5f,
    0x65, 0x6e, 0x00, 0xab, 0x2e, 0x73, 0x63, 0x72, 0x61, 0x74, 0x63, 0x68, 0x5f, 0x65, 0x6e, 0xc2, 0xad, 0x2e, 0x74,
    0x72, 0x61, 0x70, 0x5f, 0x70, 0x72, 0x65, 0x73, 0x65, 0x6e, 0x74, 0xc2, 0xb0, 0x2e, 0x73, 0x68, 0x61, 0x72, 0x65,
    0x64, 0x5f, 0x76, 0x67, 0x70, 0x72, 0x5f, 0x63, 0x6e, 0x74, 0x00, 0xad, 0x2e, 0x77, 0x61, 0x76, 0x65, 0x73, 0x5f,
    0x70, 0x65, 0x72, 0x5f, 0x73, 0x65, 0x00, 0xaf, 0x2e, 0x63, 0x68, 0x65, 0x63, 0x6b, 0x73, 0x75, 0x6d, 0x5f, 0x76,
    0x61, 0x6c, 0x75, 0x65, 0xce, 0x7f, 0xa9, 0x63, 0xb2, 0xaa, 0x2e, 0x72, 0x65, 0x67, 0x69, 0x73, 0x74, 0x65, 0x72,
    0x73, 0x81, 0xcd, 0x2e, 0x42, 0x00, 0xa5, 0x2e, 0x6e, 0x61, 0x6d, 0x65, 0xb9, 0x4d, 0x6c, 0x61, 0x61, 0x43, 0x61,
    0x6c, 0x63, 0x53, 0x65, 0x70, 0x45, 0x64, 0x67, 0x65, 0x4c, 0x65, 0x6e, 0x67, 0x74, 0x68, 0x46, 0x61, 0x73, 0x74,
    0xb7, 0x2e, 0x69, 0x6e, 0x74, 0x65, 0x72, 0x6e, 0x61, 0x6c, 0x5f, 0x70, 0x69, 0x70, 0x65, 0x6c, 0x69, 0x6e, 0x65,
    0x5f, 0x68, 0x61, 0x73, 0x68, 0x92, 0xcf, 0x1b, 0x82, 0x04, 0x2d, 0x6d, 0x8a, 0xd5, 0x7b, 0xcf, 0xb6, 0xea, 0x6d,
    0x9a, 0xd1, 0x8e, 0xba, 0x2a, 0xb2, 0x2e, 0x63, 0x6f, 0x6d, 0x70, 0x75, 0x74, 0x65, 0x5f, 0x72, 0x65, 0x67, 0x69,
    0x73, 0x74, 0x65, 0x72, 0x73, 0x85, 0xaf, 0x2e, 0x74, 0x69, 0x64, 0x69, 0x67, 0x5f, 0x63, 0x6f, 0x6d, 0x70, 0x5f,
    0x63, 0x6e, 0x74, 0x01, 0xaa, 0x2e, 0x74, 0x67, 0x69, 0x64, 0x5f, 0x78, 0x5f, 0x65, 0x6e, 0xc3, 0xaa, 0x2e, 0x74,
    0x67, 0x69, 0x64, 0x5f, 0x79, 0x5f, 0x65, 0x6e, 0xc3, 0xaa, 0x2e, 0x74, 0x67, 0x69, 0x64, 0x5f, 0x7a, 0x5f, 0x65,
    0x6e, 0xc2, 0xab, 0x2e, 0x74, 0x67, 0x5f, 0x73, 0x69, 0x7a, 0x65, 0x5f, 0x65, 0x6e, 0xc2, 0xa4, 0x2e, 0x61, 0x70,
    0x69, 0xa7, 0x73, 0x63, 0x70, 0x63, 0x42, 0x6c, 0x64, 0x00, 0x00, 0x00, 0x00, 0x00, 0x00, 0x00, 0x00, 0x00, 0x00,
    0x00, 0x00, 0x00, 0x00, 0x00, 0x00, 0x00, 0x00, 0x00, 0x00, 0x00, 0x00, 0x00, 0x00, 0x00, 0x00, 0x00, 0x00, 0x00,
    0x00, 0x00, 0x00, 0x00, 0x00, 0x00, 0x00, 0x00, 0x00, 0x00, 0x00, 0x00, 0x00, 0x00, 0x00, 0x00, 0x00, 0x00, 0x00,
    0x00, 0x00, 0x00, 0x00, 0x00, 0x00, 0x00, 0x00, 0x00, 0x00, 0x00, 0x00, 0x00, 0x00, 0x00, 0x00, 0x00, 0x00, 0x00,
    0x00, 0x01, 0x00, 0x00, 0x00, 0x03, 0x00, 0x00, 0x00, 0x00, 0x00, 0x00, 0x00, 0x00, 0x00, 0x00, 0x00, 0x00, 0x00,
    0x00, 0x00, 0x00, 0x00, 0x00, 0x00, 0x40, 0x00, 0x00, 0x00, 0x00, 0x00, 0x00, 0x00, 0x36, 0x00, 0x00, 0x00, 0x00,
    0x00, 0x00, 0x00, 0x00, 0x00, 0x00, 0x00, 0x00, 0x00, 0x00, 0x00, 0x00, 0x00, 0x00, 0x00, 0x00, 0x00, 0x00, 0x00,
    0x00, 0x00, 0x00, 0x00, 0x00, 0x00, 0x00, 0x00, 0x0b, 0x00, 0x00, 0x00, 0x01, 0x00, 0x00, 0x00, 0x06, 0x00, 0x00,
    0x00, 0x00, 0x00, 0x00, 0x00, 0x00, 0x00, 0x00, 0x00, 0x00, 0x00, 0x00, 0x00, 0x76, 0x00, 0x00, 0x00, 0x00, 0x00,
    0x00, 0x00, 0x1c, 0x07, 0x00, 0x00, 0x00, 0x00, 0x00, 0x00, 0x00, 0x00, 0x00, 0x00, 0x00, 0x00, 0x00, 0x00, 0x00,
    0x01, 0x00, 0x00, 0x00, 0x00, 0x00, 0x00, 0x00, 0x00, 0x00, 0x00, 0x00, 0x00, 0x00, 0x00, 0x11, 0x00, 0x00, 0x00,
    0x01, 0x00, 0x00, 0x00, 0x03, 0x00, 0x00, 0x00, 0x00, 0x00, 0x00, 0x00, 0x00, 0x00, 0x00, 0x00, 0x00, 0x00, 0x00,
    0x00, 0x92, 0x07, 0x00, 0x00, 0x00, 0x00, 0x00, 0x00, 0x10, 0x00, 0x00, 0x00, 0x00, 0x00, 0x00, 0x00, 0x00, 0x00,
    0x00, 0x00, 0x00, 0x00, 0x00, 0x00, 0x20, 0x00, 0x00, 0x00, 0x00, 0x00, 0x00, 0x00, 0x00, 0x00, 0x00, 0x00, 0x00,
    0x00, 0x00, 0x00, 0x17, 0x00, 0x00, 0x00, 0x01, 0x00, 0x00, 0x00, 0x00, 0x00, 0x00, 0x00, 0x00, 0x00, 0x00, 0x00,
    0x00, 0x00, 0x00, 0x00, 0x00, 0x00, 0x00, 0x00, 0xa2, 0x07, 0x00, 0x00, 0x00, 0x00, 0x00, 0x00, 0x50, 0x00, 0x00,
    0x00, 0x00, 0x00, 0x00, 0x00, 0x00, 0x00, 0x00, 0x00, 0x00, 0x00, 0x00, 0x00, 0x00, 0x00, 0x00, 0x00, 0x00, 0x00,
    0x00, 0x00, 0x00, 0x00, 0x00, 0x00, 0x00, 0x00, 0x00, 0x00, 0x20, 0x00, 0x00, 0x00, 0x03, 0x00, 0x00, 0x00, 0x00,
    0x00, 0x00, 0x00, 0x00, 0x00, 0x00, 0x00, 0x00, 0x00, 0x00, 0x00, 0x00, 0x00, 0x00, 0x00, 0xf2, 0x07, 0x00, 0x00,
    0x00, 0x00, 0x00, 0x00, 0x2b, 0x00, 0x00, 0x00, 0x00, 0x00, 0x00, 0x00, 0x00, 0x00, 0x00, 0x00, 0x00, 0x00, 0x00,
    0x00, 0x00, 0x00, 0x00, 0x00, 0x00, 0x00, 0x00, 0x00, 0x00, 0x00, 0x00, 0x00, 0x00, 0x00, 0x00, 0x00, 0x28, 0x00,
    0x00, 0x00, 0x02, 0x00, 0x00, 0x00, 0x00, 0x00, 0x00, 0x00, 0x00, 0x00, 0x00, 0x00, 0x00, 0x00, 0x00, 0x00, 0x00,
    0x00, 0x00, 0x00, 0x1d, 0x08, 0x00, 0x00, 0x00, 0x00, 0x00, 0x00, 0x48, 0x00, 0x00, 0x00, 0x00, 0x00, 0x00, 0x00,
    0x05, 0x00, 0x00, 0x00, 0x00, 0x00, 0x00, 0x00, 0x00, 0x00, 0x00, 0x00, 0x00, 0x00, 0x00, 0x00, 0x18, 0x00, 0x00,
    0x00, 0x00, 0x00, 0x00, 0x00, 0x30, 0x00, 0x00, 0x00, 0x07, 0x00, 0x00, 0x00, 0x00, 0x00, 0x00, 0x00, 0x00, 0x00,
    0x00, 0x00, 0x00, 0x00, 0x00, 0x00, 0x00, 0x00, 0x00, 0x00, 0x65, 0x08, 0x00, 0x00, 0x00, 0x00, 0x00, 0x00, 0x30,
    0x04, 0x00, 0x00, 0x00, 0x00, 0x00, 0x00, 0x00, 0x00, 0x00, 0x00, 0x00, 0x00, 0x00, 0x00, 0x00, 0x00, 0x00, 0x00,
    0x00, 0x00, 0x00, 0x00, 0x00, 0x00, 0x00, 0x00, 0x00, 0x00, 0x00, 0x00,
};

// Mlaa Calc Sep Edge Length Initial compute shader binary
inline constexpr Util::uint8 MlaaCalcSepEdgeLengthInitial_Cs_857A9C8A[] =
{
    0x7f, 0x45, 0x4c, 0x46, 0x02, 0x01, 0x01, 0x41, 0x00, 0x00, 0x00, 0x00, 0x00, 0x00, 0x00, 0x00, 0x01, 0x00, 0xe0,
    0x00, 0x01, 0x00, 0x00, 0x00, 0x00, 0x00, 0x00, 0x00, 0x00, 0x00, 0x00, 0x00, 0x00, 0x00, 0x00, 0x00, 0x00, 0x00,
    0x00, 0x00, 0xd0, 0x08, 0x00, 0x00, 0x00, 0x00, 0x00, 0x00, 0x36, 0x05, 0x00, 0x00, 0x40, 0x00, 0x00, 0x00, 0x00,
    0x00, 0x40, 0x00, 0x08, 0x00, 0x01, 0x00, 0x00, 0x2e, 0x73, 0x68, 0x73, 0x74, 0x72, 0x74, 0x61, 0x62, 0x00, 0x2e,
    0x74, 0x65, 0x78, 0x74, 0x00, 0x2e, 0x64, 0x61, 0x74, 0x61, 0x00, 0x2e, 0x63, 0x6f, 0x6d, 0x6d, 0x65, 0x6e, 0x74,
    0x00, 0x2e, 0x73, 0x74, 0x72, 0x74, 0x61, 0x62, 0x00, 0x2e, 0x73, 0x79, 0x6d, 0x74, 0x61, 0x62, 0x00, 0x2e, 0x6e,
    0x6f, 0x74, 0x65, 0x00, 0x04, 0x40, 0x80, 0xb0, 0x80, 0x1f, 0x86, 0xbe, 0x03, 0x00, 0xa0, 0xbf, 0x02, 0x03, 0x80,
    0xbe, 0x07, 0x03, 0x81, 0xbe, 0x05, 0x00, 0x46, 0xd7, 0x04, 0x06, 0x05, 0x04, 0x00, 0x01, 0x08, 0xf4, 0xa0, 0x00,
    0x00, 0xfa, 0x04, 0x00, 0x46, 0xd7, 0x03, 0x06, 0x01, 0x04, 0x7f, 0xc0, 0x8c, 0xbf, 0xf9, 0x08, 0x8c, 0x7d, 0x05,
    0x82, 0x86, 0x06, 0x06, 0x0a, 0x8c, 0x7d, 0x02, 0x6a, 0x6a, 0x87, 0x6a, 0x3c, 0x82, 0xbe, 0x81, 0x00, 0x88, 0xbf,
    0x00, 0x02, 0x0c, 0xf4, 0x40, 0x00, 0x00, 0xfa, 0x7f, 0xc0, 0x8c, 0xbf, 0x0e, 0xff, 0x0e, 0x8a, 0x00, 0x00, 0x10,
    0x00, 0x0a, 0x11, 0x00, 0xf0, 0x04, 0x00, 0x02, 0x00, 0x05, 0x00, 0x00, 0x00, 0x70, 0x3f, 0x8c, 0xbf, 0x83, 0x00,
    0x02, 0x36, 0x7e, 0x03, 0x83, 0xbe, 0x7e, 0x00, 0x95, 0xd4, 0x01, 0x01, 0x01, 0x00, 0x56, 0x00, 0x88, 0xbf, 0x81,
    0x04, 0x07, 0x8f, 0xc1, 0x04, 0x04, 0x8f, 0x04, 0x08, 0x02, 0x4a, 0x07, 0x08, 0x04, 0x4a, 0x07, 0x0a, 0x06, 0x4a,
    0x04, 0x0a, 0x0c, 0x4a, 0x06, 0x0a, 0x1a, 0x22, 0x80, 0x02, 0x0e, 0x24, 0x80, 0x04, 0x10, 0x24, 0x80, 0x06, 0x12,
    0x24, 0x80, 0x0c, 0x14, 0x24, 0x05, 0x08, 0x16, 0x22, 0x05, 0x0e, 0x0e, 0x22, 0x05, 0x10, 0x10, 0x22, 0x06, 0x12,
    0x12, 0x22, 0x06, 0x14, 0x14, 0x22, 0x03, 0x00, 0xa1, 0xbf, 0x0a, 0x11, 0x00, 0xf0, 0x07, 0x07, 0x02, 0x00, 0x0d,
    0x00, 0x00, 0x00, 0x0a, 0x11, 0x00, 0xf0, 0x08, 0x08, 0x02, 0x00, 0x0d, 0x00, 0x00, 0x00, 0x0a, 0x11, 0x00, 0xf0,
    0x0b, 0x09, 0x02, 0x00, 0x09, 0x00, 0x00, 0x00, 0x0a, 0x11, 0x00, 0xf0, 0x0b, 0x0a, 0x02, 0x00, 0x0a, 0x00, 0x00,
    0x00, 0x05, 0x02, 0x16, 0x26, 0x06, 0x0c, 0x18, 0x26, 0x80, 0x02, 0x02, 0x4c, 0x81, 0x00, 0x1a, 0x36, 0x82, 0x00,
    0x00, 0x36, 0x80, 0x16, 0x16, 0x4c, 0x80, 0x18, 0x18, 0x4c, 0x80, 0x0c, 0x0c, 0x4c, 0x06, 0x06, 0x1e, 0x26, 0x80,
    0x1a, 0x0a, 0x7d, 0xf9, 0x16, 0x0a, 0x7d, 0x01, 0x84, 0x06, 0x06, 0x05, 0x04, 0x16, 0x26, 0x0d, 0x00, 0x01, 0xd5,
    0x80, 0xfe, 0xa9, 0x01, 0x00, 0x80, 0x00, 0x00, 0x0e, 0x00, 0x01, 0xd5, 0x80, 0x0e, 0xa8, 0x01, 0x80, 0x00, 0x0a,
    0x7d, 0x01, 0x00, 0x01, 0xd5, 0x80, 0x0e, 0xa8, 0x01, 0xf9, 0x1e, 0x0a, 0x7d, 0x03, 0x85, 0x06, 0x06, 0xf9, 0x18,
    0x0a, 0x7d, 0x06, 0x87, 0x06, 0x06, 0xf9, 0x16, 0x0a, 0x7d, 0x02, 0x86, 0x06, 0x06, 0x00, 0x00, 0x01, 0xd5, 0x80,
    0xfe, 0xa9, 0x01, 0x00, 0x80, 0x00, 0x00, 0x73, 0x3f, 0x8c, 0xbf, 0x81, 0x0e, 0x0e, 0x36, 0x72, 0x3f, 0x8c, 0xbf,
    0x81, 0x10, 0x06, 0x36, 0x71, 0x3f, 0x8c, 0xbf, 0x82, 0x12, 0x0c, 0x36, 0x70, 0x3f, 0x8c, 0xbf, 0x82, 0x14, 0x04,
    0x36, 0x08, 0x00, 0x82, 0xd4, 0x07, 0x01, 0x01, 0x00, 0x0a, 0x00, 0x82, 0xd4, 0x03, 0x01, 0x01, 0x00, 0x0b, 0x00,
    0x82, 0xd4, 0x06, 0x01, 0x01, 0x00, 0x09, 0x00, 0x82, 0xd4, 0x02, 0x01, 0x01, 0x00, 0x08, 0x04, 0x04, 0x88, 0x0b,
    0x05, 0x05, 0x88, 0x0a, 0x06, 0x06, 0x88, 0x09, 0x07, 0x6a, 0x88, 0x01, 0x01, 0x06, 0x02, 0x07, 0x00, 0x01, 0xd5,
    0x0e, 0x1b, 0x12, 0x00, 0x02, 0x00, 0x01, 0xd5, 0x0e, 0x1b, 0x1a, 0x00, 0x01, 0x00, 0x01, 0xd5, 0x01, 0x01, 0x16,
    0x00, 0x03, 0x7e, 0x7e, 0x8a, 0x80, 0x02, 0x0e, 0x7e, 0x80, 0x02, 0x02, 0x7e, 0x80, 0x02, 0x04, 0x7e, 0x80, 0x02,
    0x06, 0x7e, 0x03, 0x03, 0xfe, 0xbe, 0x00, 0x01, 0x0c, 0xf4, 0x00, 0x00, 0x00, 0xfa, 0x00, 0x03, 0x0c, 0xf4, 0x20,
    0x00, 0x00, 0xfa, 0x00, 0x00, 0x44, 0xd7, 0x07, 0x05, 0xfe, 0x03, 0x00, 0x01, 0x04, 0x05, 0x06, 0x00, 0x44, 0xd7,
    0x01, 0x07, 0xfe, 0x03, 0x00, 0x01, 0x04, 0x05, 0x00, 0x03, 0x02, 0x7e, 0x00, 0x03, 0x04, 0x7e, 0x00, 0x03, 0x06,
    0x7e, 0x06, 0x03, 0x0e, 0x7e, 0x06, 0x03, 0x10, 0x7e, 0x06, 0x03, 0x12, 0x7e, 0x7f, 0xc0, 0x8c, 0xbf, 0x0a, 0x3f,
    0x20, 0xf0, 0x04, 0x00, 0x01, 0x00, 0x05, 0x00, 0x00, 0x00, 0x0a, 0x3f, 0x20, 0xf0, 0x04, 0x06, 0x03, 0x00, 0x05,
    0x00, 0x00, 0x00, 0x00, 0x00, 0x81, 0xbf, 0x00, 0x00, 0x9f, 0xbf, 0x00, 0x00, 0x9f, 0xbf, 0x00, 0x00, 0x9f, 0xbf,
    0x00, 0x00, 0x9f, 0xbf, 0x00, 0x00, 0x9f, 0xbf, 0x00, 0x00, 0x9f, 0xbf, 0x00, 0x00, 0x9f, 0xbf, 0x00, 0x00, 0x9f,
    0xbf, 0x00, 0x00, 0x9f, 0xbf, 0x00, 0x00, 0x9f, 0xbf, 0x00, 0x00, 0x9f, 0xbf, 0x00, 0x00, 0x9f, 0xbf, 0x00, 0x00,
    0x9f, 0xbf, 0x00, 0x00, 0x9f, 0xbf, 0x00, 0x00, 0x9f, 0xbf, 0x00, 0x00, 0x9f, 0xbf, 0x00, 0x00, 0x9f, 0xbf, 0x00,
    0x00, 0x9f, 0xbf, 0x00, 0x00, 0x9f, 0xbf, 0x00, 0x00, 0x9f, 0xbf, 0x00, 0x00, 0x9f, 0xbf, 0x00, 0x00, 0x9f, 0xbf,
    0x00, 0x00, 0x9f, 0xbf, 0x00, 0x00, 0x9f, 0xbf, 0x00, 0x00, 0x9f, 0xbf, 0x00, 0x00, 0x9f, 0xbf, 0x00, 0x00, 0x9f,
    0xbf, 0x00, 0x00, 0x9f, 0xbf, 0x00, 0x00, 0x9f, 0xbf, 0x00, 0x00, 0x9f, 0xbf, 0x00, 0x00, 0x9f, 0xbf, 0x00, 0x00,
    0x9f, 0xbf, 0x00, 0x00, 0x9f, 0xbf, 0x00, 0x00, 0x9f, 0xbf, 0x00, 0x00, 0x9f, 0xbf, 0x00, 0x00, 0x9f, 0xbf, 0x00,
    0x00, 0x9f, 0xbf, 0x00, 0x00, 0x9f, 0xbf, 0x00, 0x00, 0x9f, 0xbf, 0x00, 0x00, 0x9f, 0xbf, 0x00, 0x00, 0x9f, 0xbf,
    0x00, 0x00, 0x9f, 0xbf, 0x00, 0x00, 0x9f, 0xbf, 0x00, 0x00, 0x9f, 0xbf, 0x00, 0x00, 0x9f, 0xbf, 0x00, 0x00, 0x9f,
    0xbf, 0x00, 0x00, 0x9f, 0xbf, 0x00, 0x00, 0x9f, 0xbf, 0x00, 0x00, 0x9f, 0xbf, 0x00, 0x00, 0x9f, 0xbf, 0x00, 0x00,
    0x9f, 0xbf, 0x00, 0x00, 0x9f, 0xbf, 0x00, 0x00, 0x9f, 0xbf, 0x00, 0x00, 0x9f, 0xbf, 0x00, 0x00, 0x9f, 0xbf, 0x00,
    0x00, 0x9f, 0xbf, 0x00, 0x00, 0x9f, 0xbf, 0x00, 0x00, 0x9f, 0xbf, 0x00, 0x00, 0x9f, 0xbf, 0x00, 0x00, 0x9f, 0xbf,
    0x00, 0x00, 0x9f, 0xbf, 0x00, 0x00, 0x9f, 0xbf, 0x00, 0x00, 0x9f, 0xbf, 0x00, 0x00, 0x9f, 0xbf, 0x00, 0x00, 0x00,
    0x00, 0x00, 0x00, 0x10, 0x00, 0x00, 0x00, 0x00, 0x00, 0xac, 0xbf, 0x04, 0x11, 0x47, 0x65, 0x6e, 0x65, 0x72, 0x61,
    0x74, 0x65, 0x64, 0x20, 0x62, 0x79, 0x20, 0x74, 0x68, 0x65, 0x20, 0x41, 0x64, 0x76, 0x61, 0x6e, 0x63, 0x65, 0x64,
    0x20, 0x4d, 0x69, 0x63, 0x72, 0x6f, 0x20, 0x44, 0x65, 0x76, 0x69, 0x63, 0x65, 0x73, 0x2c, 0x20, 0x49, 0x6e, 0x63,
    0x2e, 0x2c, 0x20, 0x50, 0x72, 0x6f, 0x70, 0x72, 0x69, 0x65, 0x74, 0x61, 0x72, 0x79, 0x20, 0x47, 0x50, 0x55, 0x20,
    0x53, 0x68, 0x61, 0x64, 0x65, 0x72, 0x20, 0x43, 0x6f, 0x6d, 0x70, 0x69, 0x6c, 0x65, 0x72, 0x2e, 0x00, 0x00, 0x5f,
    0x61, 0x6d, 0x64, 0x67, 0x70, 0x75, 0x5f, 0x63, 0x73, 0x5f, 0x6d, 0x61, 0x69, 0x6e, 0x00, 0x5f, 0x61, 0x6d, 0x64,
    0x67, 0x70, 0x75, 0x5f, 0x63, 0x73, 0x5f, 0x73, 0x68, 0x64, 0x72, 0x5f, 0x69, 0x6e, 0x74, 0x72, 0x6c, 0x5f, 0x74,
    0x62, 0x6c, 0x00, 0x00, 0x00, 0x00, 0x00, 0x00, 0x00, 0x00, 0x00, 0x00, 0x00, 0x00, 0x00, 0x00, 0x00, 0x00, 0x00,
    0x00, 0x00, 0x00, 0x00, 0x00, 0x00, 0x00, 0x00, 0x01, 0x00, 0x00, 0x00, 0x12, 0x00, 0x02, 0x00, 0x00, 0x00, 0x00,
    0x00, 0x00, 0x00, 0x00, 0x00, 0x50, 0x03, 0x00, 0x00, 0x00, 0x00, 0x00, 0x00, 0x11, 0x00, 0x00, 0x00, 0x11, 0x00,
    0x03, 0x00, 0x00, 0x00, 0x00, 0x00, 0x00, 0x00, 0x00, 0x00, 0x10, 0x00, 0x00, 0x00, 0x00, 0x00, 0x00, 0x00, 0x07,
    0x00, 0x00, 0x00, 0x1e, 0x04, 0x00, 0x00, 0x20, 0x00, 0x00, 0x00, 0x41, 0x4d, 0x44, 0x47, 0x50, 0x55, 0x00, 0x00,
    0x82, 0xae, 0x61, 0x6d, 0x64, 0x70, 0x61, 0x6c, 0x2e, 0x76, 0x65, 0x72, 0x73, 0x69, 0x6f, 0x6e, 0x92, 0x03, 0x06,
    0xb0, 0x61, 0x6d, 0x64, 0x70, 0x61, 0x6c, 0x2e, 0x70, 0x69, 0x70, 0x65, 0x6c, 0x69, 0x6e, 0x65, 0x73, 0x91, 0x8b,
    0xa5, 0x2e, 0x74, 0x79, 0x70, 0x65, 0xa2, 0x43, 0x73, 0xae, 0x2e, 0x72, 0x65, 0x73, 0x6f, 0x75, 0x72, 0x63, 0x65,
    0x5f, 0x68, 0x61, 0x73, 0x68, 0xcf, 0x9e, 0xbd, 0xe0, 0x73, 0x00, 0x98, 0xf3, 0x1e, 0xb0, 0x2e, 0x73, 0x70, 0x69,
    0x6c, 0x6c, 0x5f, 0x74, 0x68, 0x72, 0x65, 0x73, 0x68, 0x6f, 0x6c, 0x64, 0xcd, 0xff, 0xff, 0xb0, 0x2e, 0x75, 0x73,
    0x65, 0x72, 0x5f, 0x64, 0x61, 0x74, 0x61, 0x5f, 0x6c, 0x69, 0x6d, 0x69, 0x74, 0x01, 0xa8, 0x2e, 0x73, 0x68, 0x61,
    0x64, 0x65, 0x72, 0x73, 0x81, 0xa8, 0x2e, 0x63, 0x6f, 0x6d, 0x70, 0x75, 0x74, 0x65, 0x83, 0xb0, 0x2e, 0x61, 0x70,
    0x69, 0x5f, 0x73, 0x68, 0x61, 0x64, 0x65, 0x72, 0x5f, 0x68, 0x61, 0x73, 0x68, 0x92, 0xcf, 0xfa, 0xbd, 0x40, 0x62,
    0x7e, 0xdd, 0xdb, 0x6b, 0xcf, 0xbd, 0xdd, 0xee, 0xf8, 0x82, 0xa8, 0x11, 0xfe, 0xb1, 0x2e, 0x68, 0x61, 0x72, 0x64,
    0x77, 0x61, 0x72, 0x65, 0x5f, 0x6d, 0x61, 0x70, 0x70, 0x69, 0x6e, 0x67, 0x91, 0xa3, 0x2e, 0x63, 0x73, 0xaf, 0x2e,
    0x73, 0x68, 0x61, 0x64, 0x65, 0x72, 0x5f, 0x73, 0x75, 0x62, 0x74, 0x79, 0x70, 0x65, 0xa7, 0x55, 0x6e, 0x6b, 0x6e,
    0x6f, 0x77, 0x6e, 0xb0, 0x2e, 0x68, 0x61, 0x72, 0x64, 0x77, 0x61, 0x72, 0x65, 0x5f, 0x73, 0x74, 0x61, 0x67, 0x65,
    0x73, 0x81, 0xa3, 0x2e, 0x63, 0x73, 0xde, 0x00, 0x1b, 0xb3, 0x2e, 0x65, 0x6e, 0x74, 0x72, 0x79, 0x5f, 0x70, 0x6f,
    0x69, 0x6e, 0x74, 0x5f, 0x73, 0x79, 0x6d, 0x62, 0x6f, 0x6c, 0xaf, 0x5f, 0x61, 0x6d, 0x64, 0x67, 0x70, 0x75, 0x5f,
    0x63, 0x73, 0x5f, 0x6d, 0x61, 0x69, 0x6e, 0xab, 0x2e, 0x73, 0x67, 0x70, 0x72, 0x5f, 0x63, 0x6f, 0x75, 0x6e, 0x74,
    0x14, 0xab, 0x2e, 0x76, 0x67, 0x70, 0x72, 0x5f, 0x63, 0x6f, 0x75, 0x6e, 0x74, 0x10, 0xa9, 0x2e, 0x6c, 0x64, 0x73,
    0x5f, 0x73, 0x69, 0x7a, 0x65, 0x00, 0xb4, 0x2e, 0x73, 0x63, 0x72, 0x61, 0x74, 0x63, 0x68, 0x5f, 0x6d, 0x65, 0x6d,
    0x6f, 0x72, 0x79, 0x5f, 0x73, 0x69, 0x7a, 0x65, 0x00, 0xb4, 0x2e, 0x66, 0x72, 0x6f, 0x6e, 0x74, 0x65, 0x6e, 0x64,
    0x5f, 0x73, 0x74, 0x61, 0x63, 0x6b, 0x5f, 0x73, 0x69, 0x7a, 0x65, 0x00, 0xb3, 0x2e, 0x62, 0x61, 0x63, 0x6b, 0x65,
    0x6e, 0x64, 0x5f, 0x73, 0x74, 0x61, 0x63, 0x6b, 0x5f, 0x73, 0x69, 0x7a, 0x65, 0x00, 0xb6, 0x2e, 0x70, 0x65, 0x72,
    0x66, 0x5f, 0x64, 0x61, 0x74, 0x61, 0x5f, 0x62, 0x75, 0x66, 0x66, 0x65, 0x72, 0x5f, 0x73, 0x69, 0x7a, 0x65, 0x00,
    0xaa, 0x2e, 0x75, 0x73, 0x65, 0x73, 0x5f, 0x75, 0x61, 0x76, 0x73, 0xc3, 0xac, 0x2e, 0x77, 0x72, 0x69, 0x74, 0x65,
    0x73, 0x5f, 0x75, 0x61, 0x76, 0x73, 0xc3, 0xb4, 0x2e, 0x75, 0x73, 0x65, 0x73, 0x5f, 0x61, 0x70, 0x70, 0x65, 0x6e,
    0x64, 0x5f, 0x63, 0x6f, 0x6e, 0x73, 0x75, 0x6d, 0x65, 0xc2, 0xaf, 0x2e, 0x77, 0x61, 0x76, 0x65, 0x66, 0x72, 0x6f,
    0x6e, 0x74, 0x5f, 0x73, 0x69, 0x7a, 0x65, 0x20, 0xb2, 0x2e, 0x75, 0x73, 0x65, 0x72, 0x5f, 0x64, 0x61, 0x74, 0x61,
    0x5f, 0x72, 0x65, 0x67, 0x5f, 0x6d, 0x61, 0x70, 0xdc, 0x00, 0x20, 0xce, 0xff, 0xff, 0xff, 0xff, 0xce, 0xff, 0xff,
    0xff, 0xff, 0x00, 0xce, 0xff, 0xff, 0xff, 0xff, 0xce, 0xff, 0xff, 0xff, 0xff, 0xce, 0xff, 0xff, 0xff, 0xff, 0xce,
    0xff, 0xff, 0xff, 0xff, 0xce, 0xff, 0xff, 0xff, 0xff, 0xce, 0xff, 0xff, 0xff, 0xff, 0xce, 0xff, 0xff, 0xff, 0xff,
    0xce, 0xff, 0xff, 0xff, 0xff, 0xce, 0xff, 0xff, 0xff, 0xff, 0xce, 0xff, 0xff, 0xff, 0xff, 0xce, 0xff, 0xff, 0xff,
    0xff, 0xce, 0xff, 0xff, 0xff, 0xff, 0xce, 0xff, 0xff, 0xff, 0xff, 0xce, 0xff, 0xff, 0xff, 0xff, 0xce, 0xff, 0xff,
    0xff, 0xff, 0xce, 0xff, 0xff, 0xff, 0xff, 0xce, 0xff, 0xff, 0xff, 0xff, 0xce, 0xff, 0xff, 0xff, 0xff, 0xce, 0xff,
    0xff, 0xff, 0xff, 0xce, 0xff, 0xff, 0xff, 0xff, 0xce, 0xff, 0xff, 0xff, 0xff, 0xce, 0xff, 0xff, 0xff, 0xff, 0xce,
    0xff, 0xff, 0xff, 0xff, 0xce, 0xff, 0xff, 0xff, 0xff, 0xce, 0xff, 0xff, 0xff, 0xff, 0xce, 0xff, 0xff, 0xff, 0xff,
    0xce, 0xff, 0xff, 0xff, 0xff, 0xce, 0xff, 0xff, 0xff, 0xff, 0xce, 0xff, 0xff, 0xff, 0xff, 0xb7, 0x2e, 0x74, 0x68,
    0x72, 0x65, 0x61, 0x64, 0x67, 0x72, 0x6f, 0x75, 0x70, 0x5f, 0x64, 0x69, 0x6d, 0x65, 0x6e, 0x73, 0x69, 0x6f, 0x6e,
    0x73, 0x93, 0x08, 0x08, 0x01, 0xab, 0x2e, 0x66, 0x6c, 0x6f, 0x61, 0x74, 0x5f, 0x6d, 0x6f, 0x64, 0x65, 0xcc, 0xc0,
    0xae, 0x2e, 0x66, 0x70, 0x31, 0x36, 0x5f, 0x6f, 0x76, 0x65, 0x72, 0x66, 0x6c, 0x6f, 0x77, 0xc2, 0xaa, 0x2e, 0x69,
    0x65, 0x65, 0x65, 0x5f, 0x6d, 0x6f, 0x64, 0x65, 0xc2, 0xa9, 0x2e, 0x77, 0x67, 0x70, 0x5f, 0x6d, 0x6f, 0x64, 0x65,
    0xc2, 0xac, 0x2e, 0x6d, 0x65, 0x6d, 0x5f, 0x6f, 0x72, 0x64, 0x65, 0x72, 0x65, 0x64, 0xc2, 0xb1, 0x2e, 0x66, 0x6f,
    0x72, 0x77, 0x61, 0x72, 0x64, 0x5f, 0x70, 0x72, 0x6f, 0x67, 0x72, 0x65, 0x73, 0x73, 0xc2, 0xab, 0x2e, 0x75, 0x73,
    0x65, 0x72, 0x5f, 0x73, 0x67, 0x70, 0x72, 0x73, 0x03, 0xa8, 0x2e, 0x65, 0x78, 0x63, 0x70, 0x5f, 0x65, 0x6e, 0x00,
    0xab, 0x2e, 0x73, 0x63, 0x72, 0x61, 0x74, 0x63, 0x68, 0x5f, 0x65, 0x6e, 0xc2, 0xad, 0x2e, 0x74, 0x72, 0x61, 0x70,
    0x5f, 0x70, 0x72, 0x65, 0x73, 0x65, 0x6e, 0x74, 0xc2, 0xb0, 0x2e, 0x73, 0x68, 0x61, 0x72, 0x65, 0x64, 0x5f, 0x76,
    0x67, 0x70, 0x72, 0x5f, 0x63, 0x6e, 0x74, 0x00, 0xad, 0x2e, 0x77, 0x61, 0x76, 0x65, 0x73, 0x5f, 0x70, 0x65, 0x72,
    0x5f, 0x73, 0x65, 0x00, 0xaf, 0x2e, 0x63, 0x68, 0x65, 0x63, 0x6b, 0x73, 0x75, 0x6d, 0x5f, 0x76, 0x61, 0x6c, 0x75,
    0x65, 0xce, 0xbb, 0x15, 0x64, 0x0f, 0xaa, 0x2e, 0x72, 0x65, 0x67, 0x69, 0x73, 0x74, 0x65, 0x72, 0x73, 0x81, 0xcd,
    0x2e, 0x42, 0x00, 0xa5, 0x2e, 0x6e, 0x61, 0x6d, 0x65, 0xbc, 0x4d, 0x6c, 0x61, 0x61, 0x43, 0x61, 0x6c, 0x63, 0x53,
    0x65, 0x70, 0x45, 0x64, 0x67, 0x65, 0x4c, 0x65, 0x6e, 0x67, 0x74, 0x68, 0x49, 0x6e, 0x69, 0x74, 0x69, 0x61, 0x6c,
    0xb7, 0x2e, 0x69, 0x6e, 0x74, 0x65, 0x72, 0x6e, 0x61, 0x6c, 0x5f, 0x70, 0x69, 0x70, 0x65, 0x6c, 0x69, 0x6e, 0x65,
    0x5f, 0x68, 0x61, 0x73, 0x68, 0x92, 0xcf, 0xe7, 0x91, 0x67, 0x97, 0xfa, 0x8e, 0x55, 0x62, 0xcf, 0xb9, 0x0e, 0x72,
    0x7a, 0x7e, 0xa0, 0x8d, 0x52, 0xb2, 0x2e, 0x63, 0x6f, 0x6d, 0x70, 0x75, 0x74, 0x65, 0x5f, 0x72, 0x65, 0x67, 0x69,
    0x73, 0x74, 0x65, 0x72, 0x73, 0x85, 0xaf, 0x2e, 0x74, 0x69, 0x64, 0x69, 0x67, 0x5f, 0x63, 0x6f, 0x6d, 0x70, 0x5f,
    0x63, 0x6e, 0x74, 0x01, 0xaa, 0x2e, 0x74, 0x67, 0x69, 0x64, 0x5f, 0x78, 0x5f, 0x65, 0x6e, 0xc3, 0xaa, 0x2e, 0x74,
    0x67, 0x69, 0x64, 0x5f, 0x79, 0x5f, 0x65, 0x6e, 0xc3, 0xaa, 0x2e, 0x74, 0x67, 0x69, 0x64, 0x5f, 0x7a, 0x5f, 0x65,
    0x6e, 0xc2, 0xab, 0x2e, 0x74, 0x67, 0x5f, 0x73, 0x69, 0x7a, 0x65, 0x5f, 0x65, 0x6e, 0xc2, 0xa4, 0x2e, 0x61, 0x70,
    0x69, 0xa7, 0x73, 0x63, 0x70, 0x63, 0x42, 0x6c, 0x64, 0x00, 0x00, 0x00, 0x00, 0x00, 0x00, 0x00, 0x00, 0x00, 0x00,
    0x00, 0x00, 0x00, 0x00, 0x00, 0x00, 0x00, 0x00, 0x00, 0x00, 0x00, 0x00, 0x00, 0x00, 0x00, 0x00, 0x00, 0x00, 0x00,
    0x00, 0x00, 0x00, 0x00, 0x00, 0x00, 0x00, 0x00, 0x00, 0x00, 0x00, 0x00, 0x00, 0x00, 0x00, 0x00, 0x00, 0x00, 0x00,
    0x00, 0x00, 0x00, 0x00, 0x00, 0x00, 0x00, 0x00, 0x00, 0x00, 0x00, 0x00, 0x00, 0x00, 0x00, 0x00, 0x00, 0x00, 0x00,
    0x00, 0x00, 0x01, 0x00, 0x00, 0x00, 0x03, 0x00, 0x00, 0x00, 0x00, 0x00, 0x00, 0x00, 0x00, 0x00, 0x00, 0x00, 0x00,
    0x00, 0x00, 0x00, 0x00, 0x00, 0x00, 0x00, 0x40, 0x00, 0x00, 0x00, 0x00, 0x00, 0x00, 0x00, 0x36, 0x00, 0x00, 0x00,
    0x00, 0x00, 0x00, 0x00, 0x00, 0x00, 0x00, 0x00, 0x00, 0x00, 0x00, 0x00, 0x00, 0x00, 0x00, 0x00, 0x00, 0x00, 0x00,
    0x00, 0x00, 0x00, 0x00, 0x00, 0x00, 0x00, 0x00, 0x00, 0x0b, 0x00, 0x00, 0x00, 0x01, 0x00, 0x00, 0x00, 0x06, 0x00,
    0x00, 0x00, 0x00, 0x00, 0x00, 0x00, 0x00, 0x00, 0x00, 0x00, 0x00, 0x00, 0x00, 0x00, 0x76, 0x00, 0x00, 0x00, 0x00,
    0x00, 0x00, 0x00, 0x50, 0x03, 0x00, 0x00, 0x00, 0x00, 0x00, 0x00, 0x00, 0x00, 0x00, 0x00, 0x00, 0x00, 0x00, 0x00,
    0x00, 0x01, 0x00, 0x00, 0x00, 0x00, 0x00, 0x00, 0x00, 0x00, 0x00, 0x00, 0x00, 0x00, 0x00, 0x00, 0x11, 0x00, 0x00,
    0x00, 0x01, 0x00, 0x00, 0x00, 0x03, 0x00, 0x00, 0x00, 0x00, 0x00, 0x00, 0x00, 0x00, 0x00, 0x00, 0x00, 0x00, 0x00,
    0x00, 0x00, 0xc6, 0x03, 0x00, 0x00, 0x00, 0x00, 0x00, 0x00, 0x10, 0x00, 0x00, 0x00, 0x00, 0x00, 0x00, 0x00, 0x00,
    0x00, 0x00, 0x00, 0x00, 0x00, 0x00, 0x00, 0x20, 0x00, 0x00, 0x00, 0x00, 0x00, 0x00, 0x00, 0x00, 0x00, 0x00, 0x00,
    0x00, 0x00, 0x00, 0x00, 0x17, 0x00, 0x00, 0x00, 0x01, 0x00, 0x00, 0x00, 0x00, 0x00, 0x00, 0x00, 0x00, 0x00, 0x00,
    0x00, 0x00, 0x00, 0x00, 0x00, 0x00, 0x00, 0x00, 0x00, 0xd6, 0x03, 0x00, 0x00, 0x00, 0x00, 0x00, 0x00, 0x50, 0x00,
    0x00, 0x00, 0x00, 0x00, 0x00, 0x00, 0x00, 0x00, 0x00, 0x00, 0x00, 0x00, 0x00, 0x00, 0x00, 0x00, 0x00, 0x00, 0x00,
    0x00, 0x00, 0x00, 0x00, 0x00, 0x00, 0x00, 0x00, 0x00, 0x00, 0x00, 0x20, 0x00, 0x00, 0x00, 0x03, 0x00, 0x00, 0x00,
    0x00, 0x00, 0x00, 0x00, 0x00, 0x00, 0x00, 0x00, 0x00, 0x00, 0x00, 0x00, 0x00, 0x00, 0x00, 0x00, 0x26, 0x04, 0x00,
    0x00, 0x00, 0x00, 0x00, 0x00, 0x2b, 0x00, 0x00, 0x00, 0x00, 0x00, 0x00, 0x00, 0x00, 0x00, 0x00, 0x00, 0x00, 0x00,
    0x00, 0x00, 0x00, 0x00, 0x00, 0x00, 0x00, 0x00, 0x00, 0x00, 0x00, 0x00, 0x00, 0x00, 0x00, 0x00, 0x00, 0x00, 0x28,
    0x00, 0x00, 0x00, 0x02, 0x00, 0x00, 0x00, 0x00, 0x00, 0x00, 0x00, 0x00, 0x00, 0x00, 0x00, 0x00, 0x00, 0x00, 0x00,
    0x00, 0x00, 0x00, 0x00, 0x51, 0x04, 0x00, 0x00, 0x00, 0x00, 0x00, 0x00, 0x48, 0x00, 0x00, 0x00, 0x00, 0x00, 0x00,
    0x00, 0x05, 0x00, 0x00, 0x00, 0x00, 0x00, 0x00, 0x00, 0x00, 0x00, 0x00, 0x00, 0x00, 0x00, 0x00, 0x00, 0x18, 0x00,
    0x00, 0x00, 0x00, 0x00, 0x00, 0x00, 0x30, 0x00, 0x00, 0x00, 0x07, 0x00, 0x00, 0x00, 0x00, 0x00, 0x00, 0x00, 0x00,
    0x00, 0x00, 0x00, 0x00, 0x00, 0x00, 0x00, 0x00, 0x00, 0x00, 0x00, 0x99, 0x04, 0x00, 0x00, 0x00, 0x00, 0x00, 0x00,
    0x34, 0x04, 0x00, 0x00, 0x00, 0x00, 0x00, 0x00, 0x00, 0x00, 0x00, 0x00, 0x00, 0x00, 0x00, 0x00, 0x00, 0x00, 0x00,
    0x00, 0x00, 0x00, 0x00, 0x00, 0x00, 0x00, 0x00, 0x00, 0x00, 0x00, 0x00, 0x00,
};

// Mlaa Final Blend compute shader binary
inline constexpr Util::uint8 MlaaFinalBlend_Cs_857A9C8A[] =
{
    0x7f, 0x45, 0x4c, 0x46, 0x02, 0x01, 0x01, 0x41, 0x00, 0x00, 0x00, 0x00, 0x00, 0x00, 0x00, 0x00, 0x01, 0x00, 0xe0,
    0x00, 0x01, 0x00, 0x00, 0x00, 0x00, 0x00, 0x00, 0x00, 0x00, 0x00, 0x00, 0x00, 0x00, 0x00, 0x00, 0x00, 0x00, 0x00,
    0x00, 0x00, 0x68, 0x0f, 0x00, 0x00, 0x00, 0x00, 0x00, 0x00, 0x36, 0x05, 0x00, 0x00, 0x40, 0x00, 0x00, 0x00, 0x00,
    0x00, 0x40, 0x00, 0x08, 0x00, 0x01, 0x00, 0x00, 0x2e, 0x73, 0x68, 0x73, 0x74, 0x72, 0x74, 0x61, 0x62, 0x00, 0x2e,
    0x74, 0x65, 0x78, 0x74, 0x00, 0x2e, 0x64, 0x61, 0x74, 0x61, 0x00, 0x2e, 0x63, 0x6f, 0x6d, 0x6d, 0x65, 0x6e, 0x74,
    0x00, 0x2e, 0x73, 0x74, 0x72, 0x74, 0x61, 0x62, 0x00, 0x2e, 0x73, 0x79, 0x6d, 0x74, 0x61, 0x62, 0x00, 0x2e, 0x6e,
    0x6f, 0x74, 0x65, 0x00, 0x04, 0x40, 0x80, 0xb0, 0x80, 0x1f, 0x86, 0xbe, 0x03, 0x00, 0xa0, 0xbf, 0x02, 0x03, 0x80,
    0xbe, 0x07, 0x03, 0x81, 0xbe, 0x00, 0x00, 0x46, 0xd7, 0x03, 0x06, 0x01, 0x04, 0x80, 0x00, 0x04, 0xf4, 0x84, 0x00,
    0x00, 0xfa, 0x01, 0x00, 0x46, 0xd7, 0x04, 0x06, 0x05, 0x04, 0x7f, 0xc0, 0x8c, 0xbf, 0xf9, 0x00, 0x8c, 0x7d, 0x02,
    0x82, 0x86, 0x06, 0x03, 0x02, 0x8c, 0x7d, 0x02, 0x6a, 0x6a, 0x87, 0x6a, 0x3c, 0x82, 0xbe, 0x2b, 0x02, 0x88, 0xbf,
    0x00, 0x01, 0x0c, 0xf4, 0x20, 0x00, 0x00, 0xfa, 0x00, 0x03, 0x0c, 0xf4, 0x40, 0x00, 0x00, 0xfa, 0x7f, 0xc0, 0x8c,
    0xbf, 0x0a, 0xff, 0x1a, 0x8a, 0x00, 0x00, 0x10, 0x00, 0x12, 0xff, 0x0a, 0x8a, 0x00, 0x00, 0x10, 0x00, 0x04, 0x03,
    0x94, 0xbe, 0x05, 0x03, 0x95, 0xbe, 0x06, 0x03, 0x96, 0xbe, 0x07, 0x03, 0x97, 0xbe, 0x08, 0x03, 0x98, 0xbe, 0x09,
    0x03, 0x99, 0xbe, 0x0b, 0x03, 0x9b, 0xbe, 0x0c, 0x03, 0x84, 0xbe, 0x0d, 0x03, 0x85, 0xbe, 0x0e, 0x03, 0x86, 0xbe,
    0x0f, 0x03, 0x87, 0xbe, 0x10, 0x03, 0x88, 0xbe, 0x11, 0x03, 0x89, 0xbe, 0x13, 0x03, 0x8b, 0xbe, 0x0a, 0x11, 0x00,
    0xf0, 0x00, 0x02, 0x01, 0x00, 0x01, 0x00, 0x00, 0x00, 0x0a, 0x1f, 0x00, 0xf0, 0x00, 0x1e, 0x05, 0x00, 0x01, 0x00,
    0x00, 0x00, 0x71, 0x3f, 0x8c, 0xbf, 0xff, 0x04, 0x06, 0x36, 0x00, 0x80, 0x00, 0x80, 0x7e, 0x03, 0x83, 0xbe, 0x7e,
    0x00, 0xd5, 0xd4, 0x03, 0x01, 0x01, 0x00, 0x77, 0x00, 0x88, 0xbf, 0x09, 0x00, 0x48, 0xd5, 0x02, 0x21, 0x3d, 0x02,
    0xc1, 0x12, 0x06, 0x4c, 0xff, 0x04, 0x16, 0x36, 0xff, 0x7f, 0x00, 0x00, 0x00, 0x13, 0x04, 0x4c, 0xc1, 0x02, 0x14,
    0x4a, 0x00, 0x07, 0x06, 0x4a, 0x00, 0x17, 0x08, 0x4a, 0x81, 0x08, 0x18, 0x4a, 0x04, 0x00, 0xa1, 0xbf, 0x0a, 0x1f,
    0x00, 0xf0, 0x00, 0x0d, 0x05, 0x00, 0x0a, 0x00, 0x00, 0x00, 0x0a, 0x17, 0x00, 0xf0, 0x02, 0x12, 0x05, 0x00, 0x01,
    0x00, 0x00, 0x00, 0x0a, 0x17, 0x00, 0xf0, 0x03, 0x15, 0x05, 0x00, 0x01, 0x00, 0x00, 0x00, 0x0a, 0x17, 0x00, 0xf0,
    0x04, 0x02, 0x05, 0x00, 0x01, 0x00, 0x00, 0x00, 0x0a, 0x17, 0x00, 0xf0, 0x0c, 0x18, 0x05, 0x00, 0x01, 0x00, 0x00,
    0x00, 0x09, 0x17, 0x14, 0x4a, 0x81, 0x14, 0x16, 0x4a, 0x0b, 0x0b, 0x16, 0x7e, 0x09, 0x0b, 0x12, 0x7e, 0x72, 0x3f,
    0x8c, 0xbf, 0x12, 0x2b, 0x18, 0x08, 0x13, 0x2d, 0x22, 0x08, 0x14, 0x2f, 0x24, 0x08, 0x0b, 0x55, 0x26, 0x7e, 0x0b,
    0x13, 0x28, 0x08, 0x0c, 0x01, 0x04, 0xd4, 0x0c, 0xff, 0x01, 0x00, 0x00, 0x00, 0x80, 0x3d, 0x0e, 0x01, 0x04, 0xd4,
    0x11, 0xff, 0x01, 0x00, 0x00, 0x00, 0x80, 0x3d, 0x0d, 0x01, 0x04, 0xd4, 0x12, 0xff, 0x01, 0x00, 0x00, 0x00, 0x80,
    0x3d, 0x0c, 0x0e, 0x6a, 0x88, 0x0d, 0x6a, 0x6a, 0x88, 0xf3, 0x28, 0x18, 0x06, 0x11, 0x00, 0x01, 0xd5, 0x80, 0x82,
    0xa9, 0x01, 0x0c, 0x00, 0x4b, 0xd5, 0x13, 0x19, 0xc6, 0x03, 0x12, 0x00, 0x4b, 0xd5, 0x13, 0x29, 0xc6, 0x03, 0x70,
    0x3f, 0x8c, 0xbf, 0x02, 0x31, 0x04, 0x08, 0x03, 0x33, 0x06, 0x08, 0x11, 0x00, 0x4a, 0xd5, 0x81, 0x22, 0x0a, 0x02,
    0x13, 0x00, 0x01, 0xd5, 0x80, 0x02, 0xa9, 0x01, 0x0c, 0x03, 0x03, 0xd5, 0x12, 0x19, 0x02, 0x18, 0x0c, 0x01, 0x04,
    0xd4, 0x02, 0xff, 0x01, 0x00, 0x00, 0x00, 0x80, 0x3d, 0x6a, 0x01, 0x04, 0xd4, 0x03, 0xff, 0x01, 0x00, 0x00, 0x00,
    0x80, 0x3d, 0x04, 0x35, 0x04, 0x08, 0x0c, 0x6a, 0x0c, 0x88, 0x6a, 0x01, 0x04, 0xd4, 0x02, 0xff, 0x01, 0x00, 0x00,
    0x00, 0x80, 0x3d, 0x1e, 0x1b, 0x04, 0x0a, 0x1f, 0x1d, 0x06, 0x0a, 0x20, 0x1f, 0x1a, 0x0a, 0x21, 0x21, 0x1c, 0x0a,
    0x6a, 0x0c, 0x6a, 0x88, 0x04, 0x00, 0x62, 0xd7, 0x0b, 0x83, 0x01, 0x00, 0x13, 0x23, 0x16, 0x02, 0x0f, 0x00, 0x4b,
    0xd5, 0x0c, 0x05, 0x7a, 0x04, 0x10, 0x00, 0x4b, 0xd5, 0x0c, 0x07, 0x7e, 0x04, 0x11, 0x00, 0x4b, 0xd5, 0x0c, 0x1b,
    0x82, 0x04, 0x12, 0x00, 0x4b, 0xd5, 0x0c, 0x1d, 0x86, 0x04, 0x0c, 0x00, 0x82, 0xd4, 0x0b, 0x05, 0x01, 0x00, 0xf9,
    0x08, 0x0c, 0x7c, 0x09, 0x8e, 0x06, 0x06, 0x0d, 0x00, 0x82, 0xd4, 0x0b, 0x03, 0x01, 0x00, 0x04, 0x13, 0x0c, 0x7c,
    0x0c, 0x0e, 0x0c, 0x87, 0x0d, 0x6a, 0x6a, 0x87, 0x0c, 0x6a, 0x0c, 0x88, 0x83, 0x16, 0x04, 0x7d, 0x6a, 0x0c, 0x6a,
    0x88, 0x02, 0x3d, 0x04, 0x58, 0x00, 0x00, 0x00, 0x3e, 0x03, 0x3f, 0x06, 0x58, 0x00, 0x00, 0x00, 0x3e, 0x0d, 0x41,
    0x08, 0x58, 0x00, 0x00, 0x00, 0x3e, 0x0e, 0x43, 0x12, 0x58, 0x00, 0x00, 0x00, 0x3e, 0x1e, 0x1f, 0x0a, 0x02, 0x21,
    0x25, 0x10, 0x02, 0x20, 0x23, 0x0e, 0x02, 0x1f, 0x21, 0x0c, 0x02, 0x80, 0x14, 0x0a, 0x7d, 0x02, 0x0b, 0x3c, 0x02,
    0x09, 0x11, 0x42, 0x02, 0x04, 0x0f, 0x40, 0x02, 0x03, 0x0d, 0x3e, 0x02, 0x03, 0x03, 0xfe, 0xbe, 0x81, 0x02, 0x12,
    0x4a, 0x0a, 0x11, 0x00, 0xf0, 0x00, 0x04, 0x01, 0x00, 0x09, 0x00, 0x00, 0x00, 0x70, 0x3f, 0x8c, 0xbf, 0xff, 0x08,
    0x0c, 0x36, 0x00, 0x80, 0x00, 0x80, 0x80, 0x0c, 0x8a, 0x7d, 0x03, 0x6a, 0x7e, 0x87, 0x76, 0x00, 0x88, 0xbf, 0x06,
    0x00, 0x48, 0xd5, 0x04, 0x21, 0x3d, 0x02, 0xc1, 0x0c, 0x14, 0x4c, 0xff, 0x08, 0x16, 0x36, 0xff, 0x7f, 0x00, 0x00,
    0x00, 0x0d, 0x08, 0x4c, 0x00, 0x15, 0x10, 0x4a, 0x00, 0x17, 0x14, 0x4a, 0x81, 0x14, 0x18, 0x4a, 0x04, 0x00, 0xa1,
    0xbf, 0x0a, 0x1f, 0x00, 0xf0, 0x00, 0x0e, 0x05, 0x00, 0x09, 0x00, 0x00, 0x00, 0x0a, 0x17, 0x00, 0xf0, 0x04, 0x12,
    0x05, 0x00, 0x09, 0x00, 0x00, 0x00, 0x0a, 0x17, 0x00, 0xf0, 0x08, 0x15, 0x05, 0x00, 0x09, 0x00, 0x00, 0x00, 0x0a,
    0x17, 0x00, 0xf0, 0x0a, 0x18, 0x05, 0x00, 0x09, 0x00, 0x00, 0x00, 0x0a, 0x17, 0x00, 0xf0, 0x0c, 0x08, 0x05, 0x00,
    0x09, 0x00, 0x00, 0x00, 0x06, 0x17, 0x08, 0x4a, 0x81, 0x08, 0x16, 0x4a, 0x0b, 0x0b, 0x16, 0x7e, 0x06, 0x0b, 0x0c,
    0x7e, 0x72, 0x3f, 0x8c, 0xbf, 0x12, 0x2b, 0x18, 0x08, 0x13, 0x2d, 0x1a, 0x08, 0x14, 0x2f, 0x24, 0x08, 0x0b, 0x55,
    0x26, 0x7e, 0x0b, 0x0d, 0x28, 0x08, 0x04, 0x01, 0x04, 0xd4, 0x0c, 0xff, 0x01, 0x00, 0x00, 0x00, 0x80, 0x3d, 0x06,
    0x01, 0x04, 0xd4, 0x0d, 0xff, 0x01, 0x00, 0x00, 0x00, 0x80, 0x3d, 0x05, 0x01, 0x04, 0xd4, 0x12, 0xff, 0x01, 0x00,
    0x00, 0x00, 0x80, 0x3d, 0x04, 0x06, 0x6a, 0x88, 0x05, 0x6a, 0x6a, 0x88, 0xf3, 0x28, 0x18, 0x06, 0x0d, 0x00, 0x01,
    0xd5, 0x80, 0x82, 0xa9, 0x01, 0x0c, 0x00, 0x4b, 0xd5, 0x13, 0x19, 0xc6, 0x03, 0x12, 0x00, 0x4b, 0xd5, 0x13, 0x29,
    0xc6, 0x03, 0x70, 0x3f, 0x8c, 0xbf, 0x18, 0x11, 0x10, 0x08, 0x19, 0x13, 0x12, 0x08, 0x0d, 0x00, 0x4a, 0xd5, 0x81,
    0x1a, 0x0a, 0x02, 0x13, 0x00, 0x01, 0xd5, 0x80, 0x02, 0xa9, 0x01, 0x0c, 0x03, 0x03, 0xd5, 0x12, 0x19, 0x02, 0x18,
    0x04, 0x01, 0x04, 0xd4, 0x08, 0xff, 0x01, 0x00, 0x00, 0x00, 0x80, 0x3d, 0x6a, 0x01, 0x04, 0xd4, 0x09, 0xff, 0x01,
    0x00, 0x00, 0x00, 0x80, 0x3d, 0x1a, 0x15, 0x10, 0x08, 0x04, 0x6a, 0x04, 0x88, 0x6a, 0x01, 0x04, 0xd4, 0x08, 0xff,
    0x01, 0x00, 0x00, 0x00, 0x80, 0x3d, 0x1e, 0x1d, 0x12, 0x0a, 0x1f, 0x1f, 0x1e, 0x0a, 0x20, 0x21, 0x2a, 0x0a, 0x21,
    0x23, 0x14, 0x0a, 0x6a, 0x04, 0x6a, 0x88, 0x08, 0x00, 0x62, 0xd7, 0x0b, 0x83, 0x01, 0x00, 0x13, 0x1b, 0x16, 0x02,
    0x0d, 0x00, 0x4b, 0xd5, 0x0c, 0x13, 0x7a, 0x04, 0x10, 0x00, 0x4b, 0xd5, 0x0c, 0x1f, 0x7e, 0x04, 0x11, 0x00, 0x4b,
    0xd5, 0x0c, 0x2b, 0x82, 0x04, 0x0c, 0x00, 0x4b, 0xd5, 0x0c, 0x15, 0x86, 0x04, 0x04, 0x00, 0x82, 0xd4, 0x0b, 0x05,
    0x01, 0x00, 0xf9, 0x0c, 0x0c, 0x7c, 0x08, 0x86, 0x06, 0x06, 0x05, 0x00, 0x82, 0xd4, 0x0b, 0x03, 0x01, 0x00, 0x06,
    0x11, 0x0c, 0x7c, 0x04, 0x06, 0x04, 0x87, 0x05, 0x6a, 0x6a, 0x87, 0x04, 0x6a, 0x04, 0x88, 0x80, 0x16, 0x04, 0x7d,
    0x6a, 0x04, 0x6a, 0x88, 0x09, 0x3d, 0x0c, 0x58, 0x00, 0x00, 0x00, 0x3e, 0x0f, 0x3f, 0x12, 0x58, 0x00, 0x00, 0x00,
    0x3e, 0x15, 0x41, 0x10, 0x58, 0x00, 0x00, 0x00, 0x3e, 0x0a, 0x43, 0x14, 0x58, 0x00, 0x00, 0x00, 0x3e, 0x1e, 0x1b,
    0x06, 0x02, 0x21, 0x19, 0x0a, 0x02, 0x20, 0x23, 0x0e, 0x02, 0x1f, 0x21, 0x04, 0x02, 0x80, 0x08, 0x0a, 0x7d, 0x06,
    0x07, 0x3c, 0x02, 0x0a, 0x0b, 0x42, 0x02, 0x08, 0x0f, 0x40, 0x02, 0x09, 0x05, 0x3e, 0x02, 0x03, 0x03, 0xfe, 0xbe,
    0x00, 0x01, 0x0c, 0xf4, 0x60, 0x00, 0x00, 0xfa, 0x7f, 0xc0, 0x8c, 0xbf, 0x0a, 0xff, 0x0a, 0x8a, 0x00, 0x00, 0x10,
    0x00, 0x0a, 0x11, 0x00, 0xf0, 0x00, 0x04, 0x01, 0x00, 0x01, 0x00, 0x00, 0x00, 0x70, 0x3f, 0x8c, 0xbf, 0xff, 0x08,
    0x0c, 0x36, 0x00, 0x80, 0x00, 0x80, 0x7e, 0x03, 0x83, 0xbe, 0x7e, 0x00, 0xd5, 0xd4, 0x06, 0x01, 0x01, 0x00, 0x77,
    0x00, 0x88, 0xbf, 0x06, 0x00, 0x48, 0xd5, 0x04, 0x21, 0x3d, 0x02, 0xff, 0x08, 0x08, 0x36, 0xff, 0x7f, 0x00, 0x00,
    0x06, 0x03, 0x12, 0x4a, 0x81, 0x00, 0x10, 0x4a, 0x0a, 0x00, 0x6d, 0xd7, 0x06, 0x03, 0x06, 0x02, 0x01, 0x09, 0x16,
    0x4c, 0xc1, 0x16, 0x1a, 0x4a, 0x04, 0x00, 0xa1, 0xbf, 0x0a, 0x1f, 0x00, 0xf0, 0x08, 0x0e, 0x05, 0x00, 0x01, 0x00,
    0x00, 0x00, 0x0a, 0x17, 0x00, 0xf0, 0x00, 0x12, 0x05, 0x00, 0x09, 0x00, 0x00, 0x00, 0x0a, 0x17, 0x00, 0xf0, 0x00,
    0x15, 0x05, 0x00, 0x0a, 0x00, 0x00, 0x00, 0x0a, 0x17, 0x00, 0xf0, 0x00, 0x08, 0x05, 0x00, 0x0b, 0x00, 0x00, 0x00,
    0x0a, 0x17, 0x00, 0xf0, 0x00, 0x0b, 0x05, 0x00, 0x0d, 0x00, 0x00, 0x00, 0x06, 0x09, 0x08, 0x4a, 0x81, 0x08, 0x30,
    0x4a, 0x18, 0x0b, 0x30, 0x7e, 0x06, 0x0b, 0x0c, 0x7e, 0x72, 0x3f, 0x8c, 0xbf, 0x12, 0x2b, 0x24, 0x08, 0x13, 0x2d,
    0x26, 0x08, 0x14, 0x2f, 0x28, 0x08, 0x18, 0x55, 0x2a, 0x7e, 0x18, 0x0d, 0x2c, 0x08, 0x0c, 0x01, 0x04, 0xd4, 0x12,
    0xff, 0x01, 0x00, 0x00, 0x00, 0x80, 0x3d, 0x0e, 0x01, 0x04, 0xd4, 0x13, 0xff, 0x01, 0x00, 0x00, 0x00, 0x80, 0x3d,
    0x0d, 0x01, 0x04, 0xd4, 0x14, 0xff, 0x01, 0x00, 0x00, 0x00, 0x80, 0x3d, 0x0c, 0x0e, 0x6a, 0x88, 0x0d, 0x6a, 0x6a,
    0x88, 0xf3, 0x2c, 0x24, 0x06, 0x13, 0x00, 0x01, 0xd5, 0x80, 0x82, 0xa9, 0x01, 0x14, 0x00, 0x4b, 0xd5, 0x15, 0x25,
    0xc6, 0x03, 0x12, 0x00, 0x4b, 0xd5, 0x15, 0x2d, 0xc6, 0x03, 0x70, 0x3f, 0x8c, 0xbf, 0x08, 0x17, 0x10, 0x08, 0x09,
    0x19, 0x12, 0x08, 0x0b, 0x00, 0x4a, 0xd5, 0x81, 0x26, 0x0a, 0x02, 0x0c, 0x00, 0x01, 0xd5, 0x80, 0x02, 0xa9, 0x01,
    0x14, 0x03, 0x03, 0xd5, 0x12, 0x29, 0x02, 0x18, 0x0c, 0x01, 0x04, 0xd4, 0x08, 0xff, 0x01, 0x00, 0x00, 0x00, 0x80,
    0x3d, 0x6a, 0x01, 0x04, 0xd4, 0x09, 0xff, 0x01, 0x00, 0x00, 0x00, 0x80, 0x3d, 0x0a, 0x1b, 0x10, 0x08, 0x0c, 0x6a,
    0x0c, 0x88, 0x6a, 0x01, 0x04, 0xd4, 0x08, 0xff, 0x01, 0x00, 0x00, 0x00, 0x80, 0x3d, 0x1e, 0x1d, 0x12, 0x0a, 0x1f,
    0x1f, 0x1e, 0x0a, 0x20, 0x21, 0x1a, 0x0a, 0x21, 0x23, 0x14, 0x0a, 0x6a, 0x0c, 0x6a, 0x88, 0x08, 0x00, 0x62, 0xd7,
    0x18, 0x83, 0x01, 0x00, 0x0c, 0x17, 0x16, 0x02, 0x0e, 0x00, 0x4b, 0xd5, 0x14, 0x13, 0x7a, 0x04, 0x0c, 0x00, 0x4b,
    0xd5, 0x14, 0x1f, 0x7e, 0x04, 0x10, 0x00, 0x4b, 0xd5, 0x14, 0x1b, 0x82, 0x04, 0x12, 0x00, 0x4b, 0xd5, 0x14, 0x15,
    0x86, 0x04, 0x0c, 0x00, 0x82, 0xd4, 0x0b, 0x05, 0x01, 0x00, 0xf9, 0x10, 0x0c, 0x7c, 0x06, 0x8e, 0x06, 0x06, 0x0d,
    0x00, 0x82, 0xd4, 0x0b, 0x03, 0x01, 0x00, 0x08, 0x0d, 0x0c, 0x7c, 0x0c, 0x0e, 0x0c, 0x87, 0x0d, 0x6a, 0x6a, 0x87,
    0x0c, 0x6a, 0x0c, 0x88, 0x83, 0x16, 0x04, 0x7d, 0x6a, 0x0c, 0x6a, 0x88, 0x09, 0x3d, 0x0c, 0x58, 0x00, 0x00, 0x00,
    0x3e, 0x0f, 0x3f, 0x12, 0x58, 0x00, 0x00, 0x00, 0x3e, 0x0d, 0x41, 0x10, 0x58, 0x00, 0x00, 0x00, 0x3e, 0x0a, 0x43,
    0x14, 0x58, 0x00, 0x00, 0x00, 0x3e, 0x1e, 0x1d, 0x06, 0x02, 0x21, 0x25, 0x0a, 0x02, 0x20, 0x21, 0x0e, 0x02, 0x1f,
    0x19, 0x04, 0x02, 0x80, 0x08, 0x0a, 0x7d, 0x06, 0x07, 0x3c, 0x02, 0x0a, 0x0b, 0x42, 0x02, 0x08, 0x0f, 0x40, 0x02,
    0x09, 0x05, 0x3e, 0x02, 0x03, 0x03, 0xfe, 0xbe, 0xc1, 0x00, 0x0c, 0x4a, 0x0a, 0x11, 0x00, 0xf0, 0x06, 0x04, 0x01,
    0x00, 0x01, 0x00, 0x00, 0x00, 0x70, 0x3f, 0x8c, 0xbf, 0xff, 0x08, 0x10, 0x36, 0x00, 0x80, 0x00, 0x80, 0x80, 0x10,
    0x8a, 0x7d, 0x03, 0x6a, 0x7e, 0x87, 0x76, 0x00, 0x88, 0xbf, 0x08, 0x00, 0x48, 0xd5, 0x04, 0x21, 0x3d, 0x02, 0xff,
    0x08, 0x16, 0x36, 0xff, 0x7f, 0x00, 0x00, 0x08, 0x03, 0x08, 0x4a, 0x09, 0x00, 0x6d, 0xd7, 0x08, 0x03, 0x06, 0x02,
    0x01, 0x17, 0x18, 0x4c, 0xc1, 0x18, 0x1a, 0x4a, 0x04, 0x00, 0xa1, 0xbf, 0x0a, 0x1f, 0x00, 0xf0, 0x06, 0x0e, 0x05,
    0x00, 0x01, 0x00, 0x00, 0x00, 0x0a, 0x17, 0x00, 0xf0, 0x06, 0x12, 0x05, 0x00, 0x04, 0x00, 0x00, 0x00, 0x0a, 0x17,
    0x00, 0xf0, 0x06, 0x15, 0x05, 0x00, 0x09, 0x00, 0x00, 0x00, 0x0a, 0x17, 0x00, 0xf0, 0x06, 0x18, 0x05, 0x00, 0x0c,
    0x00, 0x00, 0x00, 0x0a, 0x17, 0x00, 0xf0, 0x06, 0x1b, 0x05, 0x00, 0x0d, 0x00, 0x00, 0x00, 0x08, 0x17, 0x08, 0x4a,
    0x81, 0x08, 0x0c, 0x4a, 0x06, 0x0b, 0x12, 0x7e, 0x08, 0x0b, 0x0c, 0x7e, 0x72, 0x3f, 0x8c, 0xbf, 0x12, 0x2b, 0x10,
    0x08, 0x13, 0x2d, 0x14, 0x08, 0x14, 0x2f, 0x16, 0x08, 0x09, 0x55, 0x1a, 0x7e, 0x09, 0x0d, 0x18, 0x08, 0x04, 0x01,
    0x04, 0xd4, 0x08, 0xff, 0x01, 0x00, 0x00, 0x00, 0x80, 0x3d, 0x06, 0x01, 0x04, 0xd4, 0x0a, 0xff, 0x01, 0x00, 0x00,
    0x00, 0x80, 0x3d, 0x05, 0x01, 0x04, 0xd4, 0x0b, 0xff, 0x01, 0x00, 0x00, 0x00, 0x80, 0x3d, 0x04, 0x06, 0x6a, 0x88,
    0x05, 0x6a, 0x6a, 0x88, 0xf3, 0x18, 0x10, 0x06, 0x0a, 0x00, 0x01, 0xd5, 0x80, 0x82, 0xa9, 0x01, 0x08, 0x00, 0x4b,
    0xd5, 0x0d, 0x11, 0xc6, 0x03, 0x0b, 0x00, 0x4b, 0xd5, 0x0d, 0x19, 0xc6, 0x03, 0x70, 0x3f, 0x8c, 0xbf, 0x18, 0x37,
    0x18, 0x08, 0x19, 0x39, 0x1a, 0x08, 0x13, 0x00, 0x4a, 0xd5, 0x81, 0x14, 0x0a, 0x02, 0x0a, 0x00, 0x01, 0xd5, 0x80,
    0x02, 0xa9, 0x01, 0x08, 0x03, 0x03, 0xd5, 0x0b, 0x11, 0x02, 0x18, 0x04, 0x01, 0x04, 0xd4, 0x0c, 0xff, 0x01, 0x00,
    0x00, 0x00, 0x80, 0x3d, 0x6a, 0x01, 0x04, 0xd4, 0x0d, 0xff, 0x01, 0x00, 0x00, 0x00, 0x80, 0x3d, 0x1a, 0x3b, 0x16,
    0x08, 0x04, 0x6a, 0x04, 0x88, 0x6a, 0x01, 0x04, 0xd4, 0x0b, 0xff, 0x01, 0x00, 0x00, 0x00, 0x80, 0x3d, 0x1e, 0x1d,
    0x1a, 0x0a, 0x1f, 0x1f, 0x16, 0x0a, 0x20, 0x21, 0x2a, 0x0a, 0x21, 0x23, 0x1c, 0x0a, 0x6a, 0x04, 0x6a, 0x88, 0x09,
    0x00, 0x62, 0xd7, 0x09, 0x83, 0x01, 0x00, 0x0a, 0x27, 0x14, 0x02, 0x11, 0x00, 0x4b, 0xd5, 0x08, 0x1b, 0x7a, 0x04,
    0x0c, 0x00, 0x4b, 0xd5, 0x08, 0x17, 0x7e, 0x04, 0x10, 0x00, 0x4b, 0xd5, 0x08, 0x2b, 0x82, 0x04, 0x08, 0x00, 0x4b,
    0xd5, 0x08, 0x1d, 0x86, 0x04, 0x04, 0x00, 0x82, 0xd4, 0x0a, 0x05, 0x01, 0x00, 0xf9, 0x0c, 0x0c, 0x7c, 0x09, 0x86,
    0x06, 0x06, 0x05, 0x00, 0x82, 0xd4, 0x0a, 0x03, 0x01, 0x00, 0x06, 0x13, 0x0c, 0x7c, 0x04, 0x06, 0x04, 0x87, 0x05,
    0x6a, 0x6a, 0x87, 0x04, 0x6a, 0x04, 0x88, 0x80, 0x14, 0x04, 0x7d, 0x6a, 0x04, 0x6a, 0x88, 0x0d, 0x3d, 0x0c, 0x58,
    0x00, 0x00, 0x00, 0x3e, 0x0b, 0x3f, 0x12, 0x58, 0x00, 0x00, 0x00, 0x3e, 0x15, 0x41, 0x16, 0x58, 0x00, 0x00, 0x00,
    0x3e, 0x0e, 0x43, 0x14, 0x58, 0x00, 0x00, 0x00, 0x3e, 0x1e, 0x23, 0x06, 0x02, 0x21, 0x11, 0x0a, 0x02, 0x20, 0x21,
    0x10, 0x02, 0x1f, 0x19, 0x04, 0x02, 0x80, 0x08, 0x0a, 0x7d, 0x06, 0x07, 0x3c, 0x02, 0x0a, 0x0b, 0x42, 0x02, 0x0b,
    0x11, 0x40, 0x02, 0x09, 0x05, 0x3e, 0x02, 0x03, 0x03, 0xfe, 0xbe, 0x00, 0x01, 0x0c, 0xf4, 0x00, 0x00, 0x00, 0xfa,
    0x7f, 0xc0, 0x8c, 0xbf, 0x0a, 0x3f, 0x20, 0xf0, 0x00, 0x1e, 0x01, 0x00, 0x01, 0x00, 0x00, 0x00, 0x00, 0x00, 0x81,
    0xbf, 0x00, 0x00, 0x9f, 0xbf, 0x00, 0x00, 0x9f, 0xbf, 0x00, 0x00, 0x9f, 0xbf, 0x00, 0x00, 0x9f, 0xbf, 0x00, 0x00,
    0x9f, 0xbf, 0x00, 0x00, 0x9f, 0xbf, 0x00, 0x00, 0x9f, 0xbf, 0x00, 0x00, 0x9f, 0xbf, 0x00, 0x00, 0x9f, 0xbf, 0x00,
    0x00, 0x9f, 0xbf, 0x00, 0x00, 0x9f, 0xbf, 0x00, 0x00, 0x9f, 0xbf, 0x00, 0x00, 0x9f, 0xbf, 0x00, 0x00, 0x9f, 0xbf,
    0x00, 0x00, 0x9f, 0xbf, 0x00, 0x00, 0x9f, 0xbf, 0x00, 0x00, 0x9f, 0xbf, 0x00, 0x00, 0x9f, 0xbf, 0x00, 0x00, 0x9f,
    0xbf, 0x00, 0x00, 0x9f, 0xbf, 0x00, 0x00, 0x9f, 0xbf, 0x00, 0x00, 0x9f, 0xbf, 0x00, 0x00, 0x9f, 0xbf, 0x00, 0x00,
    0x9f, 0xbf, 0x00, 0x00, 0x9f, 0xbf, 0x00, 0x00, 0x9f, 0xbf, 0x00, 0x00, 0x9f, 0xbf, 0x00, 0x00, 0x9f, 0xbf, 0x00,
    0x00, 0x9f, 0xbf, 0x00, 0x00, 0x9f, 0xbf, 0x00, 0x00, 0x9f, 0xbf, 0x00, 0x00, 0x9f, 0xbf, 0x00, 0x00, 0x9f, 0xbf,
    0x00, 0x00, 0x9f, 0xbf, 0x00, 0x00, 0x9f, 0xbf, 0x00, 0x00, 0x9f, 0xbf, 0x00, 0x00, 0x9f, 0xbf, 0x00, 0x00, 0x9f,
    0xbf, 0x00, 0x00, 0x9f, 0xbf, 0x00, 0x00, 0x9f, 0xbf, 0x00, 0x00, 0x9f, 0xbf, 0x00, 0x00, 0x9f, 0xbf, 0x00, 0x00,
    0x9f, 0xbf, 0x00, 0x00, 0x9f, 0xbf, 0x00, 0x00, 0x9f, 0xbf, 0x00, 0x00, 0x9f, 0xbf, 0x00, 0x00, 0x9f, 0xbf, 0x00,
    0x00, 0x9f, 0xbf, 0x00, 0x00, 0x9f, 0xbf, 0x00, 0x00, 0x9f, 0xbf, 0x00, 0x00, 0x9f, 0xbf, 0x00, 0x00, 0x9f, 0xbf,
    0x00, 0x00, 0x9f, 0xbf, 0x00, 0x00, 0x9f, 0xbf, 0x00, 0x00, 0x9f, 0xbf, 0x00, 0x00, 0x9f, 0xbf, 0x00, 0x00, 0x9f,
    0xbf, 0x00, 0x00, 0x9f, 0xbf, 0x00, 0x00, 0x9f, 0xbf, 0x00, 0x00, 0x9f, 0xbf, 0x00, 0x00, 0x9f, 0xbf, 0x00, 0x00,
    0x9f, 0xbf, 0x00, 0x00, 0x9f, 0xbf, 0x00, 0x00, 0x9f, 0xbf, 0x00, 0x00, 0x00, 0x00, 0x00, 0x00, 0x10, 0x00, 0x00,
    0x00, 0x00, 0x00, 0xac, 0xbf, 0x04, 0x11, 0x47, 0x65, 0x6e, 0x65, 0x72, 0x61, 0x74, 0x65, 0x64, 0x20, 0x62, 0x79,
    0x20, 0x74, 0x68, 0x65, 0x20, 0x41, 0x64, 0x76, 0x61, 0x6e, 0x63, 0x65, 0x64, 0x20, 0x4d, 0x69, 0x63, 0x72, 0x6f,
    0x20, 0x44, 0x65, 0x76, 0x69, 0x63, 0x65, 0x73, 0x2c, 0x20, 0x49, 0x6e, 0x63, 0x2e, 0x2c, 0x20, 0x50, 0x72, 0x6f,
    0x70, 0x72, 0x69, 0x65, 0x74, 0x61, 0x72, 0x79, 0x20, 0x47, 0x50, 0x55, 0x20, 0x53, 0x68, 0x61, 0x64, 0x65, 0x72,
    0x20, 0x43, 0x6f, 0x6d, 0x70, 0x69, 0x6c, 0x65, 0x72, 0x2e, 0x00, 0x00, 0x5f, 0x61, 0x6d, 0x64, 0x67, 0x70, 0x75,
    0x5f, 0x63, 0x73, 0x5f, 0x6d, 0x61, 0x69, 0x6e, 0x00, 0x5f, 0x61, 0x6d, 0x64, 0x67, 0x70, 0x75, 0x5f, 0x63, 0x73,
    0x5f, 0x73, 0x68, 0x64, 0x72, 0x5f, 0x69, 0x6e, 0x74, 0x72, 0x6c, 0x5f, 0x74, 0x62, 0x6c, 0x00, 0x00, 0x00, 0x00,
    0x00, 0x00, 0x00, 0x00, 0x00, 0x00, 0x00, 0x00, 0x00, 0x00, 0x00, 0x00, 0x00, 0x00, 0x00, 0x00, 0x00, 0x00, 0x00,
    0x00, 0x00, 0x01, 0x00, 0x00, 0x00, 0x12, 0x00, 0x02, 0x00, 0x00, 0x00, 0x00, 0x00, 0x00, 0x00, 0x00, 0x00, 0xf8,
    0x09, 0x00, 0x00, 0x00, 0x00, 0x00, 0x00, 0x11, 0x00, 0x00, 0x00, 0x11, 0x00, 0x03, 0x00, 0x00, 0x00, 0x00, 0x00,
    0x00, 0x00, 0x00, 0x00, 0x10, 0x00, 0x00, 0x00, 0x00, 0x00, 0x00, 0x00, 0x07, 0x00, 0x00, 0x00, 0x10, 0x04, 0x00,
    0x00, 0x20, 0x00, 0x00, 0x00, 0x41, 0x4d, 0x44, 0x47, 0x50, 0x55, 0x00, 0x00, 0x82, 0xae, 0x61, 0x6d, 0x64, 0x70,
    0x61, 0x6c, 0x2e, 0x76, 0x65, 0x72, 0x73, 0x69, 0x6f, 0x6e, 0x92, 0x03, 0x06, 0xb0, 0x61, 0x6d, 0x64, 0x70, 0x61,
    0x6c, 0x2e, 0x70, 0x69, 0x70, 0x65, 0x6c, 0x69, 0x6e, 0x65, 0x73, 0x91, 0x8b, 0xa5, 0x2e, 0x74, 0x79, 0x70, 0x65,
    0xa2, 0x43, 0x73, 0xae, 0x2e, 0x72, 0x65, 0x73, 0x6f, 0x75, 0x72, 0x63, 0x65, 0x5f, 0x68, 0x61, 0x73, 0x68, 0xcf,
    0xd5, 0x3b, 0x56, 0xf8, 0x53, 0xfa, 0x64, 0x4e, 0xb0, 0x2e, 0x73, 0x70, 0x69, 0x6c, 0x6c, 0x5f, 0x74, 0x68, 0x72,
    0x65, 0x73, 0x68, 0x6f, 0x6c, 0x64, 0xcd, 0xff, 0xff, 0xb0, 0x2e, 0x75, 0x73, 0x65, 0x72, 0x5f, 0x64, 0x61, 0x74,
    0x61, 0x5f, 0x6c, 0x69, 0x6d, 0x69, 0x74, 0x01, 0xa8, 0x2e, 0x73, 0x68, 0x61, 0x64, 0x65, 0x72, 0x73, 0x81, 0xa8,
    0x2e, 0x63, 0x6f, 0x6d, 0x70, 0x75, 0x74, 0x65, 0x83, 0xb0, 0x2e, 0x61, 0x70, 0x69, 0x5f, 0x73, 0x68, 0x61, 0x64,
    0x65, 0x72, 0x5f, 0x68, 0x61, 0x73, 0x68, 0x92, 0xcf, 0xce, 0xca, 0xe8, 0xd6, 0x79, 0xa0, 0x8e, 0x33, 0xcf, 0x74,
    0x05, 0x57, 0x7c, 0xd4, 0x4f, 0xf4, 0xf0, 0xb1, 0x2e, 0x68, 0x61, 0x72, 0x64, 0x77, 0x61, 0x72, 0x65, 0x5f, 0x6d,
    0x61, 0x70, 0x70, 0x69, 0x6e, 0x67, 0x91, 0xa3, 0x2e, 0x63, 0x73, 0xaf, 0x2e, 0x73, 0x68, 0x61, 0x64, 0x65, 0x72,
    0x5f, 0x73, 0x75, 0x62, 0x74, 0x79, 0x70, 0x65, 0xa7, 0x55, 0x6e, 0x6b, 0x6e, 0x6f, 0x77, 0x6e, 0xb0, 0x2e, 0x68,
    0x61, 0x72, 0x64, 0x77, 0x61, 0x72, 0x65, 0x5f, 0x73, 0x74, 0x61, 0x67, 0x65, 0x73, 0x81, 0xa3, 0x2e, 0x63, 0x73,
    0xde, 0x00, 0x1b, 0xb3, 0x2e, 0x65, 0x6e, 0x74, 0x72, 0x79, 0x5f, 0x70, 0x6f, 0x69, 0x6e, 0x74, 0x5f, 0x73, 0x79,
    0x6d, 0x62, 0x6f, 0x6c, 0xaf, 0x5f, 0x61, 0x6d, 0x64, 0x67, 0x70, 0x75, 0x5f, 0x63, 0x73, 0x5f, 0x6d, 0x61, 0x69,
    0x6e, 0xab, 0x2e, 0x73, 0x67, 0x70, 0x72, 0x5f, 0x63, 0x6f, 0x75, 0x6e, 0x74, 0x1c, 0xab, 0x2e, 0x76, 0x67, 0x70,
    0x72, 0x5f, 0x63, 0x6f, 0x75, 0x6e, 0x74, 0x22, 0xa9, 0x2e, 0x6c, 0x64, 0x73, 0x5f, 0x73, 0x69, 0x7a, 0x65, 0x00,
    0xb4, 0x2e, 0x73, 0x63, 0x72, 0x61, 0x74, 0x63, 0x68, 0x5f, 0x6d, 0x65, 0x6d, 0x6f, 0x72, 0x79, 0x5f, 0x73, 0x69,
    0x7a, 0x65, 0x00, 0xb4, 0x2e, 0x66, 0x72, 0x6f, 0x6e, 0x74, 0x65, 0x6e, 0x64, 0x5f, 0x73, 0x74, 0x61, 0x63, 0x6b,
    0x5f, 0x73, 0x69, 0x7a, 0x65, 0x00, 0xb3, 0x2e, 0x62, 0x61, 0x63, 0x6b, 0x65, 0x6e, 0x64, 0x5f, 0x73, 0x74, 0x61,
    0x63, 0x6b, 0x5f, 0x73, 0x69, 0x7a, 0x65, 0x00, 0xb6, 0x2e, 0x70, 0x65, 0x72, 0x66, 0x5f, 0x64, 0x61, 0x74, 0x61,
    0x5f, 0x62, 0x75, 0x66, 0x66, 0x65, 0x72, 0x5f, 0x73, 0x69, 0x7a, 0x65, 0x00, 0xaa, 0x2e, 0x75, 0x73, 0x65, 0x73,
    0x5f, 0x75, 0x61, 0x76, 0x73, 0xc3, 0xac, 0x2e, 0x77, 0x72, 0x69, 0x74, 0x65, 0x73, 0x5f, 0x75, 0x61, 0x76, 0x73,
    0xc3, 0xb4, 0x2e, 0x75, 0x73, 0x65, 0x73, 0x5f, 0x61, 0x70, 0x70, 0x65, 0x6e, 0x64, 0x5f, 0x63, 0x6f, 0x6e, 0x73,
    0x75, 0x6d, 0x65, 0xc2, 0xaf, 0x2e, 0x77, 0x61, 0x76, 0x65, 0x66, 0x72, 0x6f, 0x6e, 0x74, 0x5f, 0x73, 0x69, 0x7a,
    0x65, 0x20, 0xb2, 0x2e, 0x75, 0x73, 0x65, 0x72, 0x5f, 0x64, 0x61, 0x74, 0x61, 0x5f, 0x72, 0x65, 0x67, 0x5f, 0x6d,
    0x61, 0x70, 0xdc, 0x00, 0x20, 0xce, 0xff, 0xff, 0xff, 0xff, 0xce, 0xff, 0xff, 0xff, 0xff, 0x00, 0xce, 0xff, 0xff,
    0xff, 0xff, 0xce, 0xff, 0xff, 0xff, 0xff, 0xce, 0xff, 0xff, 0xff, 0xff, 0xce, 0xff, 0xff, 0xff, 0xff, 0xce, 0xff,
    0xff, 0xff, 0xff, 0xce, 0xff, 0xff, 0xff, 0xff, 0xce, 0xff, 0xff, 0xff, 0xff, 0xce, 0xff, 0xff, 0xff, 0xff, 0xce,
    0xff, 0xff, 0xff, 0xff, 0xce, 0xff, 0xff, 0xff, 0xff, 0xce, 0xff, 0xff, 0xff, 0xff, 0xce, 0xff, 0xff, 0xff, 0xff,
    0xce, 0xff, 0xff, 0xff, 0xff, 0xce, 0xff, 0xff, 0xff, 0xff, 0xce, 0xff, 0xff, 0xff, 0xff, 0xce, 0xff, 0xff, 0xff,
    0xff, 0xce, 0xff, 0xff, 0xff, 0xff, 0xce, 0xff, 0xff, 0xff, 0xff, 0xce, 0xff, 0xff, 0xff, 0xff, 0xce, 0xff, 0xff,
    0xff, 0xff, 0xce, 0xff, 0xff, 0xff, 0xff, 0xce, 0xff, 0xff, 0xff, 0xff, 0xce, 0xff, 0xff, 0xff, 0xff, 0xce, 0xff,
    0xff, 0xff, 0xff, 0xce, 0xff, 0xff, 0xff, 0xff, 0xce, 0xff, 0xff, 0xff, 0xff, 0xce, 0xff, 0xff, 0xff, 0xff, 0xce,
    0xff, 0xff, 0xff, 0xff, 0xce, 0xff, 0xff, 0xff, 0xff, 0xb7, 0x2e, 0x74, 0x68, 0x72, 0x65, 0x61, 0x64, 0x67, 0x72,
    0x6f, 0x75, 0x70, 0x5f, 0x64, 0x69, 0x6d, 0x65, 0x6e, 0x73, 0x69, 0x6f, 0x6e, 0x73, 0x93, 0x08, 0x08, 0x01, 0xab,
    0x2e, 0x66, 0x6c, 0x6f, 0x61, 0x74, 0x5f, 0x6d, 0x6f, 0x64, 0x65, 0xcc, 0xc0, 0xae, 0x2e, 0x66, 0x70, 0x31, 0x36,
    0x5f, 0x6f, 0x76, 0x65, 0x72, 0x66, 0x6c, 0x6f, 0x77, 0xc2, 0xaa, 0x2e, 0x69, 0x65, 0x65, 0x65, 0x5f, 0x6d, 0x6f,
    0x64, 0x65, 0xc2, 0xa9, 0x2e, 0x77, 0x67, 0x70, 0x5f, 0x6d, 0x6f, 0x64, 0x65, 0xc2, 0xac, 0x2e, 0x6d, 0x65, 0x6d,
    0x5f, 0x6f, 0x72, 0x64, 0x65, 0x72, 0x65, 0x64, 0xc2, 0xb1, 0x2e, 0x66, 0x6f, 0x72, 0x77, 0x61, 0x72, 0x64, 0x5f,
    0x70, 0x72, 0x6f, 0x67, 0x72, 0x65, 0x73, 0x73, 0xc2, 0xab, 0x2e, 0x75, 0x73, 0x65, 0x72, 0x5f, 0x73, 0x67, 0x70,
    0x72, 0x73, 0x03, 0xa8, 0x2e, 0x65, 0x78, 0x63, 0x70, 0x5f, 0x65, 0x6e, 0x00, 0xab, 0x2e, 0x73, 0x63, 0x72, 0x61,
    0x74, 0x63, 0x68, 0x5f, 0x65, 0x6e, 0xc2, 0xad, 0x2e, 0x74, 0x72, 0x61, 0x70, 0x5f, 0x70, 0x72, 0x65, 0x73, 0x65,
    0x6e, 0x74, 0xc2, 0xb0, 0x2e, 0x73, 0x68, 0x61, 0x72, 0x65, 0x64, 0x5f, 0x76, 0x67, 0x70, 0x72, 0x5f, 0x63, 0x6e,
    0x74, 0x00, 0xad, 0x2e, 0x77, 0x61, 0x76, 0x65, 0x73, 0x5f, 0x70, 0x65, 0x72, 0x5f, 0x73, 0x65, 0x00, 0xaf, 0x2e,
    0x63, 0x68, 0x65, 0x63, 0x6b, 0x73, 0x75, 0x6d, 0x5f, 0x76, 0x61, 0x6c, 0x75, 0x65, 0xce, 0x17, 0x20, 0xc5, 0x69,
    0xaa, 0x2e, 0x72, 0x65, 0x67, 0x69, 0x73, 0x74, 0x65, 0x72, 0x73, 0x81, 0xcd, 0x2e, 0x42, 0x00, 0xa5, 0x2e, 0x6e,
    0x61, 0x6d, 0x65, 0xae, 0x4d, 0x6c, 0x61, 0x61, 0x46, 0x69, 0x6e, 0x61, 0x6c, 0x42, 0x6c, 0x65, 0x6e, 0x64, 0xb7,
    0x2e, 0x69, 0x6e, 0x74, 0x65, 0x72, 0x6e, 0x61, 0x6c, 0x5f, 0x70, 0x69, 0x70, 0x65, 0x6c, 0x69, 0x6e, 0x65, 0x5f,
    0x68, 0x61, 0x73, 0x68, 0x92, 0xcf, 0xdc, 0x75, 0xd2, 0x2a, 0x41, 0x83, 0xb1, 0xab, 0xcf, 0x9a, 0x49, 0xe2, 0xaf,
    0xaa, 0x90, 0xf2, 0x0f, 0xb2, 0x2e, 0x63, 0x6f, 0x6d, 0x70, 0x75, 0x74, 0x65, 0x5f, 0x72, 0x65, 0x67, 0x69, 0x73,
    0x74, 0x65, 0x72, 0x73, 0x85, 0xaf, 0x2e, 0x74, 0x69, 0x64, 0x69, 0x67, 0x5f, 0x63, 0x6f, 0x6d, 0x70, 0x5f, 0x63,
    0x6e, 0x74, 0x01, 0xaa, 0x2e, 0x74, 0x67, 0x69, 0x64, 0x5f, 0x78, 0x5f, 0x65, 0x6e, 0xc3, 0xaa, 0x2e, 0x74, 0x67,
    0x69, 0x64, 0x5f, 0x79, 0x5f, 0x65, 0x6e, 0xc3, 0xaa, 0x2e, 0x74, 0x67, 0x69, 0x64, 0x5f, 0x7a, 0x5f, 0x65, 0x6e,
    0xc2, 0xab, 0x2e, 0x74, 0x67, 0x5f, 0x73, 0x69, 0x7a, 0x65, 0x5f, 0x65, 0x6e, 0xc2, 0xa4, 0x2e, 0x61, 0x70, 0x69,
    0xa7, 0x73, 0x63, 0x70, 0x63, 0x42, 0x6c, 0x64, 0x00, 0x00, 0x00, 0x00, 0x00, 0x00, 0x00, 0x00, 0x00, 0x00, 0x00,
    0x00, 0x00, 0x00, 0x00, 0x00, 0x00, 0x00, 0x00, 0x00, 0x00, 0x00, 0x00, 0x00, 0x00, 0x00, 0x00, 0x00, 0x00, 0x00,
    0x00, 0x00, 0x00, 0x00, 0x00, 0x00, 0x00, 0x00, 0x00, 0x00, 0x00, 0x00, 0x00, 0x00, 0x00, 0x00, 0x00, 0x00, 0x00,
    0x00, 0x00, 0x00, 0x00, 0x00, 0x00, 0x00, 0x00, 0x00, 0x00, 0x00, 0x00, 0x00, 0x00, 0x00, 0x00, 0x00, 0x00, 0x01,
    0x00, 0x00, 0x00, 0x03, 0x00, 0x00, 0x00, 0x00, 0x00, 0x00, 0x00, 0x00, 0x00, 0x00, 0x00, 0x00, 0x00, 0x00, 0x00,
    0x00, 0x00, 0x00, 0x00, 0x40, 0x00, 0x00, 0x00, 0x00, 0x00, 0x00, 0x00, 0x36, 0x00, 0x00, 0x00, 0x00, 0x00, 0x00,
    0x00, 0x00, 0x00, 0x00, 0x00, 0x00, 0x00, 0x00, 0x00, 0x00, 0x00, 0x00, 0x00, 0x00, 0x00, 0x00, 0x00, 0x00, 0x00,
    0x00, 0x00, 0x00, 0x00, 0x00, 0x00, 0x0b, 0x00, 0x00, 0x00, 0x01, 0x00, 0x00, 0x00, 0x06, 0x00, 0x00, 0x00, 0x00,
    0x00, 0x00, 0x00, 0x00, 0x00, 0x00, 0x00, 0x00, 0x00, 0x00, 0x00, 0x76, 0x00, 0x00, 0x00, 0x00, 0x00, 0x00, 0x00,
    0xf8, 0x09, 0x00, 0x00, 0x00, 0x00, 0x00, 0x00, 0x00, 0x00, 0x00, 0x00, 0x00, 0x00, 0x00, 0x00, 0x00, 0x01, 0x00,
    0x00, 0x00, 0x00, 0x00, 0x00, 0x00, 0x00, 0x00, 0x00, 0x00, 0x00, 0x00, 0x00, 0x11, 0x00, 0x00, 0x00, 0x01, 0x00,
    0x00, 0x00, 0x03, 0x00, 0x00, 0x00, 0x00, 0x00, 0x00, 0x00, 0x00, 0x00, 0x00, 0x00, 0x00, 0x00, 0x00, 0x00, 0x6e,
    0x0a, 0x00, 0x00, 0x00, 0x00, 0x00, 0x00, 0x10, 0x00, 0x00, 0x00, 0x00, 0x00, 0x00, 0x00, 0x00, 0x00, 0x00, 0x00,
    0x00, 0x00, 0x00, 0x00, 0x20, 0x00, 0x00, 0x00, 0x00, 0x00, 0x00, 0x00, 0x00, 0x00, 0x00, 0x00, 0x00, 0x00, 0x00,
    0x00, 0x17, 0x00, 0x00, 0x00, 0x01, 0x00, 0x00, 0x00, 0x00, 0x00, 0x00, 0x00, 0x00, 0x00, 0x00, 0x00, 0x00, 0x00,
    0x00, 0x00, 0x00, 0x00, 0x00, 0x00, 0x7e, 0x0a, 0x00, 0x00, 0x00, 0x00, 0x00, 0x00, 0x50, 0x00, 0x00, 0x00, 0x00,
    0x00, 0x00, 0x00, 0x00, 0x00, 0x00, 0x00, 0x00, 0x00, 0x00, 0x00, 0x00, 0x00, 0x00, 0x00, 0x00, 0x00, 0x00, 0x00,
    0x00, 0x00, 0x00, 0x00, 0x00, 0x00, 0x00, 0x00, 0x20, 0x00, 0x00, 0x00, 0x03, 0x00, 0x00, 0x00, 0x00, 0x00, 0x00,
    0x00, 0x00, 0x00, 0x00, 0x00, 0x00, 0x00, 0x00, 0x00, 0x00, 0x00, 0x00, 0x00, 0xce, 0x0a, 0x00, 0x00, 0x00, 0x00,
    0x00, 0x00, 0x2b, 0x00, 0x00, 0x00, 0x00, 0x00, 0x00, 0x00, 0x00, 0x00, 0x00, 0x00, 0x00, 0x00, 0x00, 0x00, 0x00,
    0x00, 0x00, 0x00, 0x00, 0x00, 0x00, 0x00, 0x00, 0x00, 0x00, 0x00, 0x00, 0x00, 0x00, 0x00, 0x28, 0x00, 0x00, 0x00,
    0x02, 0x00, 0x00, 0x00, 0x00, 0x00, 0x00, 0x00, 0x00, 0x00, 0x00, 0x00, 0x00, 0x00, 0x00, 0x00, 0x00, 0x00, 0x00,
    0x00, 0xf9, 0x0a, 0x00, 0x00, 0x00, 0x00, 0x00, 0x00, 0x48, 0x00, 0x00, 0x00, 0x00, 0x00, 0x00, 0x00, 0x05, 0x00,
    0x00, 0x00, 0x00, 0x00, 0x00, 0x00, 0x00, 0x00, 0x00, 0x00, 0x00, 0x00, 0x00, 0x00, 0x18, 0x00, 0x00, 0x00, 0x00,
    0x00, 0x00, 0x00, 0x30, 0x00, 0x00, 0x00, 0x07, 0x00, 0x00, 0x00, 0x00, 0x00, 0x00, 0x00, 0x00, 0x00, 0x00, 0x00,
    0x00, 0x00, 0x00, 0x00, 0x00, 0x00, 0x00, 0x00, 0x41, 0x0b, 0x00, 0x00, 0x00, 0x00, 0x00, 0x00, 0x24, 0x04, 0x00,
    0x00, 0x00, 0x00, 0x00, 0x00, 0x00, 0x00, 0x00, 0x00, 0x00, 0x00, 0x00, 0x00, 0x00, 0x00, 0x00, 0x00, 0x00, 0x00,
    0x00, 0x00, 0x00, 0x00, 0x00, 0x00, 0x00, 0x00, 0x00, 0x00,
};

// Mlaa Final Blend Fast compute shader binary
inline constexpr Util::uint8 MlaaFinalBlendFast_Cs_857A9C8A[] =
{
    0x7f, 0x45, 0x4c, 0x46, 0x02, 0x01, 0x01, 0x41, 0x00, 0x00, 0x00, 0x00, 0x00, 0x00, 0x00, 0x00, 0x01, 0x00, 0xe0,
    0x00, 0x01, 0x00, 0x00, 0x00, 0x00, 0x00, 0x00, 0x00, 0x00, 0x00, 0x00, 0x00, 0x00, 0x00, 0x00, 0x00, 0x00, 0x00,
    0x00, 0x00, 0xd4, 0x0f, 0x00, 0x00, 0x00, 0x00, 0x00, 0x00, 0x36, 0x05, 0x00, 0x00, 0x40, 0x00, 0x00, 0x00, 0x00,
    0x00, 0x40, 0x00, 0x08, 0x00, 0x01, 0x00, 0x00, 0x2e, 0x73, 0x68, 0x73, 0x74, 0x72, 0x74, 0x61, 0x62, 0x00, 0x2e,
    0x74, 0x65, 0x78, 0x74, 0x00, 0x2e, 0x64, 0x61, 0x74, 0x61, 0x00, 0x2e, 0x63, 0x6f, 0x6d, 0x6d, 0x65, 0x6e, 0x74,
    0x00, 0x2e, 0x73, 0x74, 0x72, 0x74, 0x61, 0x62, 0x00, 0x2e, 0x73, 0x79, 0x6d, 0x74, 0x61, 0x62, 0x00, 0x2e, 0x6e,
    0x6f, 0x74, 0x65, 0x00, 0x04, 0x40, 0x80, 0xb0, 0x80, 0x1f, 0x86, 0xbe, 0x03, 0x00, 0xa0, 0xbf, 0x02, 0x03, 0x80,
    0xbe, 0x07, 0x03, 0x81, 0xbe, 0x00, 0x00, 0x46, 0xd7, 0x03, 0x06, 0x01, 0x04, 0x80, 0x00, 0x04, 0xf4, 0x64, 0x00,
    0x00, 0xfa, 0x03, 0x00, 0x46, 0xd7, 0x04, 0x06, 0x05, 0x04, 0x7f, 0xc0, 0x8c, 0xbf, 0xf9, 0x00, 0x8c, 0x7d, 0x02,
    0x84, 0x86, 0x06, 0x03, 0x06, 0x8c, 0x7d, 0x04, 0x6a, 0x6a, 0x87, 0x6a, 0x3c, 0x84, 0xbe, 0x45, 0x02, 0x88, 0xbf,
    0x00, 0x02, 0x0c, 0xf4, 0x20, 0x00, 0x00, 0xfa, 0x00, 0x04, 0x0c, 0xf4, 0x40, 0x00, 0x00, 0xfa, 0x02, 0x00, 0x04,
    0x22, 0x03, 0x06, 0x08, 0x22, 0x7f, 0xc0, 0x8c, 0xbf, 0x0e, 0xff, 0x1e, 0x8a, 0x00, 0x00, 0x10, 0x00, 0x16, 0xff,
    0x0e, 0x8a, 0x00, 0x00, 0x10, 0x00, 0x08, 0x03, 0x98, 0xbe, 0x09, 0x03, 0x99, 0xbe, 0x0a, 0x03, 0x9a, 0xbe, 0x0b,
    0x03, 0x9b, 0xbe, 0x0c, 0x03, 0x9c, 0xbe, 0x0d, 0x03, 0x9d, 0xbe, 0x0f, 0x03, 0x9f, 0xbe, 0x10, 0x03, 0x88, 0xbe,
    0x11, 0x03, 0x89, 0xbe, 0x12, 0x03, 0x8a, 0xbe, 0x13, 0x03, 0x8b, 0xbe, 0x14, 0x03, 0x8c, 0xbe, 0x15, 0x03, 0x8d,
    0xbe, 0x17, 0x03, 0x8f, 0xbe, 0x0a, 0x13, 0x00, 0xf0, 0x02, 0x05, 0x02, 0x00, 0x04, 0x00, 0x00, 0x00, 0x0a, 0x1f,
    0x00, 0xf0, 0x02, 0x21, 0x06, 0x00, 0x04, 0x00, 0x00, 0x00, 0x7e, 0x03, 0x85, 0xbe, 0x71, 0x3f, 0x8c, 0xbf, 0x7e,
    0x00, 0xd5, 0xd4, 0x05, 0x01, 0x01, 0x00, 0x82, 0x00, 0x88, 0xbf, 0xff, 0x0a, 0x02, 0x36, 0x80, 0x00, 0x00, 0x00,
    0x0b, 0x00, 0x48, 0xd5, 0x05, 0x09, 0x0d, 0x02, 0x88, 0x0a, 0x18, 0x36, 0x87, 0x0a, 0x1c, 0x36, 0x03, 0x06, 0x26,
    0x26, 0x80, 0x02, 0x0a, 0x7d, 0x88, 0x16, 0x02, 0x02, 0x80, 0x18, 0x0a, 0x7d, 0x88, 0x1c, 0x1e, 0x02, 0xc1, 0x06,
    0x18, 0x4a, 0x81, 0x02, 0x1a, 0x4a, 0x00, 0x03, 0x0a, 0x4c, 0x00, 0x1f, 0x20, 0x4a, 0x11, 0x00, 0x6d, 0xd7, 0x0f,
    0x01, 0x06, 0x02, 0x80, 0x18, 0x18, 0x24, 0x00, 0x1b, 0x1a, 0x4c, 0x02, 0x0a, 0x0a, 0x26, 0x02, 0x20, 0x20, 0x26,
    0x02, 0x22, 0x22, 0x26, 0x03, 0x18, 0x18, 0x22, 0x02, 0x1a, 0x1a, 0x26, 0x04, 0x00, 0xa1, 0xbf, 0x0a, 0x17, 0x00,
    0xf0, 0x02, 0x14, 0x06, 0x00, 0x0c, 0x00, 0x00, 0x00, 0x0a, 0x17, 0x00, 0xf0, 0x05, 0x18, 0x06, 0x00, 0x13, 0x00,
    0x00, 0x00, 0x0a, 0x17, 0x00, 0xf0, 0x0d, 0x1b, 0x06, 0x00, 0x13, 0x00, 0x00, 0x00, 0x0a, 0x17, 0x00, 0xf0, 0x10,
    0x1e, 0x06, 0x00, 0x13, 0x00, 0x00, 0x00, 0x0a, 0x17, 0x00, 0xf0, 0x11, 0x11, 0x06, 0x00, 0x13, 0x00, 0x00, 0x00,
    0x05, 0x00, 0x6d, 0xd7, 0x01, 0x1f, 0x06, 0x02, 0x01, 0x0d, 0x1e, 0x7e, 0x05, 0x0d, 0x0a, 0x7e, 0x05, 0x55, 0x20,
    0x7e, 0x05, 0x1f, 0x2e, 0x08, 0x05, 0x00, 0x62, 0xd7, 0x05, 0x83, 0x01, 0x00, 0x72, 0x3f, 0x8c, 0xbf, 0x18, 0x37,
    0x02, 0x08, 0x19, 0x39, 0x18, 0x08, 0x1a, 0x3b, 0x1a, 0x08, 0xf3, 0x2e, 0x34, 0x06, 0x06, 0x01, 0x04, 0xd4, 0x01,
    0xff, 0x01, 0x00, 0x00, 0x00, 0x80, 0x3d, 0x10, 0x01, 0x04, 0xd4, 0x0c, 0xff, 0x01, 0x00, 0x00, 0x00, 0x80, 0x3d,
    0x07, 0x01, 0x04, 0xd4, 0x0d, 0xff, 0x01, 0x00, 0x00, 0x00, 0x80, 0x3d, 0x0d, 0x00, 0x4b, 0xd5, 0x10, 0x35, 0xc6,
    0x03, 0x0c, 0x00, 0x4b, 0xd5, 0x10, 0x2f, 0xc6, 0x03, 0x70, 0x3f, 0x8c, 0xbf, 0x1e, 0x23, 0x20, 0x08, 0x1f, 0x25,
    0x22, 0x08, 0x22, 0x2b, 0x34, 0x0a, 0x17, 0x03, 0x03, 0xd5, 0x0c, 0x1b, 0x02, 0x18, 0x20, 0x27, 0x18, 0x08, 0x21,
    0x29, 0x1a, 0x0a, 0x06, 0x10, 0x6a, 0x88, 0x06, 0x01, 0x04, 0xd4, 0x10, 0xff, 0x01, 0x00, 0x00, 0x00, 0x80, 0x3d,
    0xf9, 0x0a, 0x0c, 0x7c, 0x0f, 0x90, 0x06, 0x06, 0x07, 0x6a, 0x6a, 0x88, 0x01, 0x00, 0x01, 0xd5, 0x80, 0x82, 0xa9,
    0x01, 0x12, 0x00, 0x01, 0xd5, 0x80, 0x02, 0xa9, 0x01, 0x6a, 0x01, 0x04, 0xd4, 0x11, 0xff, 0x01, 0x00, 0x00, 0x00,
    0x80, 0x3d, 0x11, 0x00, 0x4b, 0xd5, 0x17, 0x1b, 0x86, 0x04, 0x01, 0x00, 0x4a, 0xd5, 0x81, 0x02, 0x0a, 0x02, 0x06,
    0x6a, 0x06, 0x88, 0x6a, 0x01, 0x04, 0xd4, 0x0c, 0xff, 0x01, 0x00, 0x00, 0x00, 0x80, 0x3d, 0x23, 0x2d, 0x18, 0x0a,
    0x10, 0x00, 0x4b, 0xd5, 0x17, 0x19, 0x8e, 0x04, 0x0c, 0x47, 0x18, 0x58, 0x00, 0x00, 0x00, 0x3e, 0x6a, 0x06, 0x6a,
    0x88, 0x12, 0x03, 0x02, 0x02, 0x05, 0x1f, 0x0c, 0x7c, 0x12, 0x00, 0x4b, 0xd5, 0x17, 0x35, 0x8a, 0x04, 0x0d, 0x43,
    0x0a, 0x58, 0x00, 0x00, 0x00, 0x3e, 0x06, 0x00, 0x82, 0xd4, 0x01, 0x05, 0x01, 0x00, 0x07, 0x00, 0x82, 0xd4, 0x01,
    0x03, 0x01, 0x00, 0x06, 0x10, 0x06, 0x87, 0x07, 0x6a, 0x6a, 0x87, 0x06, 0x6a, 0x06, 0x88, 0x83, 0x02, 0x04, 0x7d,
    0x0b, 0x1d, 0x02, 0x4a, 0x1a, 0x45, 0x16, 0x58, 0x00, 0x00, 0x00, 0x3e, 0x6a, 0x06, 0x06, 0x88, 0x80, 0x02, 0x0a,
    0x7d, 0x0e, 0x00, 0x01, 0xd5, 0x21, 0x23, 0x1a, 0x00, 0x07, 0x00, 0x01, 0xd5, 0x23, 0x21, 0x1a, 0x00, 0x01, 0x00,
    0x01, 0xd5, 0x22, 0x25, 0x1a, 0x00, 0x05, 0x1d, 0x42, 0x02, 0x0c, 0x0f, 0x46, 0x02, 0x0b, 0x03, 0x44, 0x02, 0x05,
    0x03, 0xfe, 0xbe, 0x81, 0x06, 0x0a, 0x4a, 0x03, 0x0a, 0x12, 0x22, 0x0a, 0x11, 0x00, 0xf0, 0x02, 0x0b, 0x02, 0x00,
    0x09, 0x00, 0x00, 0x00, 0x70, 0x3f, 0x8c, 0xbf, 0x80, 0x16, 0x8a, 0x7d, 0x05, 0x6a, 0x7e, 0x87, 0x7f, 0x00, 0x88,
    0xbf, 0xff, 0x16, 0x18, 0x36, 0x80, 0x00, 0x00, 0x00, 0x0e, 0x00, 0x48, 0xd5, 0x0b, 0x09, 0x0d, 0x02, 0x80, 0x18,
    0x0a, 0x7d, 0x88, 0x1c, 0x1a, 0x02, 0x81, 0x1a, 0x1e, 0x4a, 0x88, 0x16, 0x18, 0x36, 0x87, 0x16, 0x16, 0x36, 0x00,
    0x1b, 0x20, 0x4c, 0x00, 0x1f, 0x1e, 0x4c, 0x80, 0x18, 0x0a, 0x7d, 0x88, 0x16, 0x26, 0x02, 0x02, 0x20, 0x18, 0x26,
    0x03, 0x0a, 0x24, 0x26, 0x02, 0x1e, 0x0a, 0x26, 0x00, 0x27, 0x1e, 0x4a, 0x10, 0x00, 0x6d, 0xd7, 0x13, 0x01, 0x06,
    0x02, 0x02, 0x1e, 0x22, 0x26, 0x02, 0x20, 0x20, 0x26, 0x04, 0x00, 0xa1, 0xbf, 0x0a, 0x17, 0x00, 0xf0, 0x02, 0x15,
    0x06, 0x00, 0x09, 0x00, 0x00, 0x00, 0x0a, 0x17, 0x00, 0xf0, 0x0c, 0x18, 0x06, 0x00, 0x12, 0x00, 0x00, 0x00, 0x0a,
    0x17, 0x00, 0xf0, 0x05, 0x1b, 0x06, 0x00, 0x12, 0x00, 0x00, 0x00, 0x0a, 0x17, 0x00, 0xf0, 0x11, 0x1e, 0x06, 0x00,
    0x12, 0x00, 0x00, 0x00, 0x0a, 0x17, 0x00, 0xf0, 0x10, 0x0f, 0x06, 0x00, 0x12, 0x00, 0x00, 0x00, 0x02, 0x00, 0x6d,
    0xd7, 0x13, 0x1b, 0x06, 0x02, 0x02, 0x0d, 0x04, 0x7e, 0x0d, 0x0d, 0x0a, 0x7e, 0x72, 0x3f, 0x8c, 0xbf, 0x18, 0x37,
    0x12, 0x08, 0x19, 0x39, 0x18, 0x08, 0x1a, 0x3b, 0x1a, 0x08, 0x02, 0x55, 0x26, 0x7e, 0x02, 0x0b, 0x24, 0x08, 0x06,
    0x01, 0x04, 0xd4, 0x09, 0xff, 0x01, 0x00, 0x00, 0x00, 0x80, 0x3d, 0x10, 0x01, 0x04, 0xd4, 0x0c, 0xff, 0x01, 0x00,
    0x00, 0x00, 0x80, 0x3d, 0x07, 0x01, 0x04, 0xd4, 0x0d, 0xff, 0x01, 0x00, 0x00, 0x00, 0x80, 0x3d, 0x06, 0x10, 0x6a,
    0x88, 0x07, 0x6a, 0x6a, 0x88, 0xf3, 0x24, 0x18, 0x06, 0x09, 0x00, 0x01, 0xd5, 0x80, 0x82, 0xa9, 0x01, 0x0d, 0x00,
    0x4b, 0xd5, 0x13, 0x19, 0xc6, 0x03, 0x0c, 0x00, 0x4b, 0xd5, 0x13, 0x25, 0xc6, 0x03, 0x70, 0x3f, 0x8c, 0xbf, 0x1e,
    0x1f, 0x1e, 0x08, 0x1f, 0x21, 0x20, 0x08, 0x09, 0x00, 0x4a, 0xd5, 0x81, 0x12, 0x0a, 0x02, 0x12, 0x00, 0x01, 0xd5,
    0x80, 0x02, 0xa9, 0x01, 0x0d, 0x03, 0x03, 0xd5, 0x0c, 0x1b, 0x02, 0x18, 0x06, 0x01, 0x04, 0xd4, 0x0f, 0xff, 0x01,
    0x00, 0x00, 0x00, 0x80, 0x3d, 0x6a, 0x01, 0x04, 0xd4, 0x10, 0xff, 0x01, 0x00, 0x00, 0x00, 0x80, 0x3d, 0x20, 0x23,
    0x18, 0x08, 0x06, 0x6a, 0x06, 0x88, 0x6a, 0x01, 0x04, 0xd4, 0x0c, 0xff, 0x01, 0x00, 0x00, 0x00, 0x80, 0x3d, 0x21,
    0x2b, 0x1e, 0x0a, 0x22, 0x2d, 0x18, 0x0a, 0x23, 0x2f, 0x2c, 0x0a, 0x6a, 0x06, 0x6a, 0x88, 0x02, 0x00, 0x62, 0xd7,
    0x02, 0x83, 0x01, 0x00, 0x12, 0x13, 0x12, 0x02, 0x12, 0x00, 0x4b, 0xd5, 0x0d, 0x1f, 0x86, 0x04, 0x10, 0x00, 0x4b,
    0xd5, 0x0d, 0x19, 0x8a, 0x04, 0x0d, 0x00, 0x4b, 0xd5, 0x0d, 0x2d, 0x8e, 0x04, 0x06, 0x00, 0x82, 0xd4, 0x09, 0x05,
    0x01, 0x00, 0xf9, 0x0a, 0x0c, 0x7c, 0x02, 0x90, 0x06, 0x06, 0x07, 0x00, 0x82, 0xd4, 0x09, 0x03, 0x01, 0x00, 0x05,
    0x05, 0x0c, 0x7c, 0x06, 0x10, 0x06, 0x87, 0x07, 0x6a, 0x6a, 0x87, 0x06, 0x6a, 0x06, 0x88, 0x80, 0x12, 0x04, 0x7d,
    0x6a, 0x06, 0x06, 0x88, 0x0e, 0x17, 0x04, 0x4a, 0x0f, 0x43, 0x0a, 0x58, 0x00, 0x00, 0x00, 0x3e, 0x0c, 0x45, 0x12,
    0x58, 0x00, 0x00, 0x00, 0x3e, 0x16, 0x47, 0x16, 0x58, 0x00, 0x00, 0x00, 0x3e, 0x0c, 0x00, 0x01, 0xd5, 0x21, 0x25,
    0x1a, 0x00, 0x80, 0x04, 0x0a, 0x7d, 0x01, 0x00, 0x01, 0xd5, 0x23, 0x1b, 0x1a, 0x00, 0x02, 0x00, 0x01, 0xd5, 0x22,
    0x21, 0x1a, 0x00, 0x05, 0x19, 0x42, 0x02, 0x09, 0x05, 0x44, 0x02, 0x0b, 0x03, 0x46, 0x02, 0x05, 0x03, 0xfe, 0xbe,
    0x80, 0x0c, 0x8a, 0x7d, 0x05, 0x6a, 0x7e, 0x87, 0x81, 0x00, 0x88, 0xbf, 0xff, 0x0c, 0x0a, 0x36, 0x80, 0x00, 0x00,
    0x00, 0x08, 0x00, 0x48, 0xd5, 0x06, 0x09, 0x0d, 0x02, 0x88, 0x0c, 0x12, 0x36, 0x80, 0x0a, 0x0a, 0x7d, 0x88, 0x10,
    0x18, 0x02, 0x80, 0x12, 0x0a, 0x7d, 0x87, 0x0c, 0x0a, 0x36, 0x88, 0x0a, 0x0c, 0x02, 0x03, 0x19, 0x12, 0x4a, 0x0b,
    0x00, 0x6d, 0xd7, 0x0c, 0x07, 0x06, 0x02, 0x02, 0x00, 0x1a, 0x26, 0x03, 0x12, 0x1c, 0x26, 0x03, 0x16, 0x16, 0x26,
    0x81, 0x00, 0x12, 0x4a, 0x81, 0x0c, 0x20, 0x4a, 0x03, 0x0d, 0x1e, 0x4c, 0x02, 0x12, 0x12, 0x22, 0x03, 0x21, 0x20,
    0x4c, 0x03, 0x1e, 0x1e, 0x26, 0x03, 0x20, 0x20, 0x26, 0x04, 0x00, 0xa1, 0xbf, 0x0a, 0x17, 0x00, 0xf0, 0x09, 0x11,
    0x06, 0x00, 0x04, 0x00, 0x00, 0x00, 0x0a, 0x17, 0x00, 0xf0, 0x0d, 0x14, 0x06, 0x00, 0x0e, 0x00, 0x00, 0x00, 0x0a,
    0x17, 0x00, 0xf0, 0x0d, 0x17, 0x06, 0x00, 0x0b, 0x00, 0x00, 0x00, 0x0a, 0x17, 0x00, 0xf0, 0x0d, 0x1a, 0x06, 0x00,
    0x0f, 0x00, 0x00, 0x00, 0x0a, 0x17, 0x00, 0xf0, 0x0d, 0x0d, 0x06, 0x00, 0x10, 0x00, 0x00, 0x00, 0x06, 0x00, 0x6d,
    0xd7, 0x06, 0x19, 0x06, 0x02, 0x06, 0x0d, 0x0c, 0x7e, 0x0c, 0x0d, 0x16, 0x7e, 0x72, 0x3f, 0x8c, 0xbf, 0x14, 0x2f,
    0x12, 0x08, 0x15, 0x31, 0x18, 0x08, 0x16, 0x33, 0x20, 0x08, 0x06, 0x55, 0x2a, 0x7e, 0x06, 0x17, 0x28, 0x08, 0x06,
    0x01, 0x04, 0xd4, 0x09, 0xff, 0x01, 0x00, 0x00, 0x00, 0x80, 0x3d, 0x10, 0x01, 0x04, 0xd4, 0x0c, 0xff, 0x01, 0x00,
    0x00, 0x00, 0x80, 0x3d, 0x07, 0x01, 0x04, 0xd4, 0x10, 0xff, 0x01, 0x00, 0x00, 0x00, 0x80, 0x3d, 0x06, 0x10, 0x6a,
    0x88, 0x07, 0x6a, 0x6a, 0x88, 0xf3, 0x28, 0x18, 0x06, 0x09, 0x00, 0x01, 0xd5, 0x80, 0x82, 0xa9, 0x01, 0x0c, 0x00,
    0x4b, 0xd5, 0x15, 0x19, 0xc6, 0x03, 0x15, 0x00, 0x4b, 0xd5, 0x15, 0x29, 0xc6, 0x03, 0x70, 0x3f, 0x8c, 0xbf, 0x1a,
    0x1b, 0x1a, 0x08, 0x1b, 0x1d, 0x1c, 0x08, 0x09, 0x00, 0x4a, 0xd5, 0x81, 0x12, 0x0a, 0x02, 0x10, 0x00, 0x01, 0xd5,
    0x80, 0x02, 0xa9, 0x01, 0x17, 0x03, 0x03, 0xd5, 0x15, 0x19, 0x02, 0x18, 0x06, 0x01, 0x04, 0xd4, 0x0d, 0xff, 0x01,
    0x00, 0x00, 0x00, 0x80, 0x3d, 0x6a, 0x01, 0x04, 0xd4, 0x0e, 0xff, 0x01, 0x00, 0x00, 0x00, 0x80, 0x3d, 0x1c, 0x1f,
    0x18, 0x08, 0x06, 0x6a, 0x06, 0x88, 0x6a, 0x01, 0x04, 0xd4, 0x0c, 0xff, 0x01, 0x00, 0x00, 0x00, 0x80, 0x3d, 0x21,
    0x23, 0x1c, 0x0a, 0x22, 0x25, 0x18, 0x0a, 0x23, 0x27, 0x1a, 0x0a, 0x6a, 0x06, 0x6a, 0x88, 0x06, 0x00, 0x62, 0xd7,
    0x06, 0x83, 0x01, 0x00, 0x10, 0x13, 0x12, 0x02, 0x0f, 0x00, 0x4b, 0xd5, 0x17, 0x1d, 0x86, 0x04, 0x10, 0x00, 0x4b,
    0xd5, 0x17, 0x19, 0x8a, 0x04, 0x11, 0x00, 0x4b, 0xd5, 0x17, 0x1b, 0x8e, 0x04, 0x06, 0x00, 0x82, 0xd4, 0x09, 0x05,
    0x01, 0x00, 0xf9, 0x0c, 0x0c, 0x7c, 0x0b, 0x90, 0x06, 0x06, 0x07, 0x00, 0x82, 0xd4, 0x09, 0x03, 0x01, 0x00, 0x06,
    0x17, 0x0c, 0x7c, 0x06, 0x10, 0x06, 0x87, 0x07, 0x6a, 0x6a, 0x87, 0x06, 0x6a, 0x06, 0x88, 0x83, 0x12, 0x04, 0x7d,
    0x6a, 0x06, 0x06, 0x88, 0x08, 0x0b, 0x0a, 0x4a, 0x0e, 0x43, 0x0c, 0x58, 0x00, 0x00, 0x00, 0x3e, 0x0c, 0x45, 0x10,
    0x58, 0x00, 0x00, 0x00, 0x3e, 0x0d, 0x47, 0x12, 0x58, 0x00, 0x00, 0x00, 0x3e, 0x01, 0x00, 0x01, 0xd5, 0x21, 0x1f,
    0x1a, 0x00, 0x80, 0x0a, 0x0a, 0x7d, 0x07, 0x00, 0x01, 0xd5, 0x23, 0x23, 0x1a, 0x00, 0x02, 0x00, 0x01, 0xd5, 0x22,
    0x21, 0x1a, 0x00, 0x06, 0x03, 0x42, 0x02, 0x08, 0x05, 0x44, 0x02, 0x09, 0x0f, 0x46, 0x02, 0x05, 0x03, 0xfe, 0xbe,
    0xc1, 0x00, 0x0a, 0x4a, 0x80, 0x0a, 0x0e, 0x24, 0x02, 0x0e, 0x0e, 0x22, 0x0a, 0x12, 0x00, 0xf0, 0x07, 0x08, 0x02,
    0x00, 0x04, 0x00, 0x00, 0x00, 0x70, 0x3f, 0x8c, 0xbf, 0x80, 0x10, 0x8a, 0x7d, 0x05, 0x6a, 0x7e, 0x87, 0x7f, 0x00,
    0x88, 0xbf, 0xff, 0x10, 0x12, 0x36, 0x80, 0x00, 0x00, 0x00, 0x0b, 0x00, 0x48, 0xd5, 0x08, 0x09, 0x0d, 0x02, 0x88,
    0x10, 0x18, 0x36, 0x87, 0x10, 0x10, 0x36, 0x02, 0x0a, 0x0a, 0x26, 0x80, 0x12, 0x0a, 0x7d, 0x88, 0x16, 0x1c, 0x02,
    0x80, 0x18, 0x0a, 0x7d, 0x88, 0x10, 0x12, 0x02, 0x03, 0x1d, 0x18, 0x4a, 0x0d, 0x00, 0x6d, 0xd7, 0x0e, 0x07, 0x06,
    0x02, 0x03, 0x13, 0x20, 0x4c, 0x03, 0x18, 0x18, 0x26, 0x03, 0x1a, 0x1e, 0x26, 0x81, 0x12, 0x1a, 0x4a, 0x03, 0x20,
    0x20, 0x26, 0x03, 0x1b, 0x1a, 0x4c, 0x03, 0x1a, 0x24, 0x26, 0x04, 0x00, 0xa1, 0xbf, 0x0a, 0x17, 0x00, 0xf0, 0x07,
    0x13, 0x06, 0x00, 0x04, 0x00, 0x00, 0x00, 0x0a, 0x17, 0x00, 0xf0, 0x05, 0x16, 0x06, 0x00, 0x0c, 0x00, 0x00, 0x00,
    0x0a, 0x17, 0x00, 0xf0, 0x05, 0x19, 0x06, 0x00, 0x0f, 0x00, 0x00, 0x00, 0x0a, 0x17, 0x00, 0xf0, 0x05, 0x1c, 0x06,
    0x00, 0x10, 0x00, 0x00, 0x00, 0x0a, 0x17, 0x00, 0xf0, 0x05, 0x0f, 0x06, 0x00, 0x12, 0x00, 0x00, 0x00, 0x0e, 0x0d,
    0x0a, 0x7e, 0x04, 0x00, 0x6d, 0xd7, 0x0e, 0x13, 0x06, 0x02, 0x04, 0x0d, 0x08, 0x7e, 0x04, 0x55, 0x1a, 0x7e, 0x04,
    0x0b, 0x1c, 0x08, 0x04, 0x00, 0x62, 0xd7, 0x04, 0x83, 0x01, 0x00, 0x72, 0x3f, 0x8c, 0xbf, 0x16, 0x33, 0x0e, 0x08,
    0x17, 0x35, 0x12, 0x08, 0x18, 0x37, 0x18, 0x08, 0x02, 0x01, 0x04, 0xd4, 0x07, 0xff, 0x01, 0x00, 0x00, 0x00, 0x80,
    0x3d, 0x06, 0x01, 0x04, 0xd4, 0x09, 0xff, 0x01, 0x00, 0x00, 0x00, 0x80, 0x3d, 0x03, 0x01, 0x04, 0xd4, 0x0c, 0xff,
    0x01, 0x00, 0x00, 0x00, 0x80, 0x3d, 0xf3, 0x1c, 0x18, 0x06, 0x0e, 0x00, 0x4b, 0xd5, 0x0d, 0x1d, 0xc6, 0x03, 0x09,
    0x00, 0x4b, 0xd5, 0x0d, 0x19, 0xc6, 0x03, 0x70, 0x3f, 0x8c, 0xbf, 0x1c, 0x1f, 0x18, 0x08, 0x1d, 0x21, 0x1a, 0x08,
    0x0f, 0x03, 0x03, 0xd5, 0x0e, 0x13, 0x02, 0x18, 0x1e, 0x23, 0x12, 0x08, 0x21, 0x27, 0x1c, 0x0a, 0x02, 0x06, 0x6a,
    0x88, 0x02, 0x01, 0x04, 0xd4, 0x0c, 0xff, 0x01, 0x00, 0x00, 0x00, 0x80, 0x3d, 0xf9, 0x0a, 0x0c, 0x7c, 0x04, 0x86,
    0x06, 0x06, 0x22, 0x29, 0x18, 0x0a, 0x12, 0x00, 0x4b, 0xd5, 0x0f, 0x1d, 0x86, 0x04, 0x03, 0x6a, 0x6a, 0x88, 0x07,
    0x00, 0x01, 0xd5, 0x80, 0x82, 0xa9, 0x01, 0x10, 0x00, 0x01, 0xd5, 0x80, 0x02, 0xa9, 0x01, 0x6a, 0x01, 0x04, 0xd4,
    0x0d, 0xff, 0x01, 0x00, 0x00, 0x00, 0x80, 0x3d, 0x07, 0x00, 0x4a, 0xd5, 0x81, 0x0e, 0x0a, 0x02, 0x02, 0x6a, 0x02,
    0x88, 0x6a, 0x01, 0x04, 0xd4, 0x09, 0xff, 0x01, 0x00, 0x00, 0x00, 0x80, 0x3d, 0x23, 0x2b, 0x12, 0x0a, 0x0d, 0x00,
    0x4b, 0xd5, 0x0f, 0x13, 0x8e, 0x04, 0x6a, 0x02, 0x6a, 0x88, 0x10, 0x0f, 0x0e, 0x02, 0x05, 0x09, 0x0c, 0x7c, 0x10,
    0x00, 0x4b, 0xd5, 0x0f, 0x19, 0x8a, 0x04, 0x0b, 0x11, 0x08, 0x4a, 0x0c, 0x45, 0x0a, 0x58, 0x00, 0x00, 0x00, 0x3e,
    0x02, 0x00, 0x82, 0xd4, 0x07, 0x05, 0x01, 0x00, 0x03, 0x00, 0x82, 0xd4, 0x07, 0x03, 0x01, 0x00, 0x09, 0x47, 0x10,
    0x58, 0x00, 0x00, 0x00, 0x3e, 0x02, 0x06, 0x02, 0x87, 0x03, 0x6a, 0x6a, 0x87, 0x02, 0x6a, 0x02, 0x88, 0x80, 0x0e,
    0x04, 0x7d, 0x0e, 0x43, 0x0e, 0x58, 0x00, 0x00, 0x00, 0x3e, 0x6a, 0x02, 0x02, 0x88, 0x80, 0x08, 0x0a, 0x7d, 0x01,
    0x00, 0x01, 0xd5, 0x21, 0x25, 0x0a, 0x00, 0x06, 0x00, 0x01, 0xd5, 0x23, 0x1b, 0x0a, 0x00, 0x02, 0x00, 0x01, 0xd5,
    0x22, 0x21, 0x0a, 0x00, 0x07, 0x03, 0x42, 0x02, 0x08, 0x0d, 0x46, 0x02, 0x05, 0x05, 0x44, 0x02, 0x05, 0x03, 0xfe,
    0xbe, 0x00, 0x02, 0x0c, 0xf4, 0x00, 0x00, 0x00, 0xfa, 0x7f, 0xc0, 0x8c, 0xbf, 0x0a, 0x3f, 0x20, 0xf0, 0x00, 0x21,
    0x02, 0x00, 0x03, 0x00, 0x00, 0x00, 0x00, 0x00, 0x81, 0xbf, 0x00, 0x00, 0x9f, 0xbf, 0x00, 0x00, 0x9f, 0xbf, 0x00,
    0x00, 0x9f, 0xbf, 0x00, 0x00, 0x9f, 0xbf, 0x00, 0x00, 0x9f, 0xbf, 0x00, 0x00, 0x9f, 0xbf, 0x00, 0x00, 0x9f, 0xbf,
    0x00, 0x00, 0x9f, 0xbf, 0x00, 0x00, 0x9f, 0xbf, 0x00, 0x00, 0x9f, 0xbf, 0x00, 0x00, 0x9f, 0xbf, 0x00, 0x00, 0x9f,
    0xbf, 0x00, 0x00, 0x9f, 0xbf, 0x00, 0x00, 0x9f, 0xbf, 0x00, 0x00, 0x9f, 0xbf, 0x00, 0x00, 0x9f, 0xbf, 0x00, 0x00,
    0x9f, 0xbf, 0x00, 0x00, 0x9f, 0xbf, 0x00, 0x00, 0x9f, 0xbf, 0x00, 0x00, 0x9f, 0xbf, 0x00, 0x00, 0x9f, 0xbf, 0x00,
    0x00, 0x9f, 0xbf, 0x00, 0x00, 0x9f, 0xbf, 0x00, 0x00, 0x9f, 0xbf, 0x00, 0x00, 0x9f, 0xbf, 0x00, 0x00, 0x9f, 0xbf,
    0x00, 0x00, 0x9f, 0xbf, 0x00, 0x00, 0x9f, 0xbf, 0x00, 0x00, 0x9f, 0xbf, 0x00, 0x00, 0x9f, 0xbf, 0x00, 0x00, 0x9f,
    0xbf, 0x00, 0x00, 0x9f, 0xbf, 0x00, 0x00, 0x9f, 0xbf, 0x00, 0x00, 0x9f, 0xbf, 0x00, 0x00, 0x9f, 0xbf, 0x00, 0x00,
    0x9f, 0xbf, 0x00, 0x00, 0x9f, 0xbf, 0x00, 0x00, 0x9f, 0xbf, 0x00, 0x00, 0x9f, 0xbf, 0x00, 0x00, 0x9f, 0xbf, 0x00,
    0x00, 0x9f, 0xbf, 0x00, 0x00, 0x9f, 0xbf, 0x00, 0x00, 0x9f, 0xbf, 0x00, 0x00, 0x9f, 0xbf, 0x00, 0x00, 0x9f, 0xbf,
    0x00, 0x00, 0x9f, 0xbf, 0x00, 0x00, 0x9f, 0xbf, 0x00, 0x00, 0x9f, 0xbf, 0x00, 0x00, 0x9f, 0xbf, 0x00, 0x00, 0x9f,
    0xbf, 0x00, 0x00, 0x9f, 0xbf, 0x00, 0x00, 0x9f, 0xbf, 0x00, 0x00, 0x9f, 0xbf, 0x00, 0x00, 0x9f, 0xbf, 0x00, 0x00,
    0x9f, 0xbf, 0x00, 0x00, 0x9f, 0xbf, 0x00, 0x00, 0x9f, 0xbf, 0x00, 0x00, 0x9f, 0xbf, 0x00, 0x00, 0x9f, 0xbf, 0x00,
    0x00, 0x9f, 0xbf, 0x00, 0x00, 0x9f, 0xbf, 0x00, 0x00, 0x9f, 0xbf, 0x00, 0x00, 0x9f, 0xbf, 0x00, 0x00, 0x9f, 0xbf,
    0x00, 0x00, 0x00, 0x00, 0x00, 0x00, 0x10, 0x00, 0x00, 0x00, 0x00, 0x00, 0xac, 0xbf, 0x04, 0x11, 0x47, 0x65, 0x6e,
    0x65, 0x72, 0x61, 0x74, 0x65, 0x64, 0x20, 0x62, 0x79, 0x20, 0x74, 0x68, 0x65, 0x20, 0x41, 0x64, 0x76, 0x61, 0x6e,
    0x63, 0x65, 0x64, 0x20, 0x4d, 0x69, 0x63, 0x72, 0x6f, 0x20, 0x44, 0x65, 0x76, 0x69, 0x63, 0x65, 0x73, 0x2c, 0x20,
    0x49, 0x6e, 0x63, 0x2e, 0x2c, 0x20, 0x50, 0x72, 0x6f, 0x70, 0x72, 0x69, 0x65, 0x74, 0x61, 0x72, 0x79, 0x20, 0x47,
    0x50, 0x55, 0x20, 0x53, 0x68, 0x61, 0x64, 0x65, 0x72, 0x20, 0x43, 0x6f, 0x6d, 0x70, 0x69, 0x6c, 0x65, 0x72, 0x2e,
    0x00, 0x00, 0x5f, 0x61, 0x6d, 0x64, 0x67, 0x70, 0x75, 0x5f, 0x63, 0x73, 0x5f, 0x6d, 0x61, 0x69, 0x6e, 0x00, 0x5f,
    0x61, 0x6d, 0x64, 0x67, 0x70, 0x75, 0x5f, 0x63, 0x73, 0x5f, 0x73, 0x68, 0x64, 0x72, 0x5f, 0x69, 0x6e, 0x74, 0x72,
    0x6c, 0x5f, 0x74, 0x62, 0x6c, 0x00, 0x00, 0x00, 0x00, 0x00, 0x00, 0x00, 0x00, 0x00, 0x00, 0x00, 0x00, 0x00, 0x00,
    0x00, 0x00, 0x00, 0x00, 0x00, 0x00, 0x00, 0x00, 0x00, 0x00, 0x00, 0x01, 0x00, 0x00, 0x00, 0x12, 0x00, 0x02, 0x00,
    0x00, 0x00, 0x00, 0x00, 0x00, 0x00, 0x00, 0x00, 0x60, 0x0a, 0x00, 0x00, 0x00, 0x00, 0x00, 0x00, 0x11, 0x00, 0x00,
    0x00, 0x11, 0x00, 0x03, 0x00, 0x00, 0x00, 0x00, 0x00, 0x00, 0x00, 0x00, 0x00, 0x10, 0x00, 0x00, 0x00, 0x00, 0x00,
    0x00, 0x00, 0x07, 0x00, 0x00, 0x00, 0x14, 0x04, 0x00, 0x00, 0x20, 0x00, 0x00, 0x00, 0x41, 0x4d, 0x44, 0x47, 0x50,
    0x55, 0x00, 0x00, 0x82, 0xae, 0x61, 0x6d, 0x64, 0x70, 0x61, 0x6c, 0x2e, 0x76, 0x65, 0x72, 0x73, 0x69, 0x6f, 0x6e,
    0x92, 0x03, 0x06, 0xb0, 0x61, 0x6d, 0x64, 0x70, 0x61, 0x6c, 0x2e, 0x70, 0x69, 0x70, 0x65, 0x6c, 0x69, 0x6e, 0x65,
    0x73, 0x91, 0x8b, 0xa5, 0x2e, 0x74, 0x79, 0x70, 0x65, 0xa2, 0x43, 0x73, 0xae, 0x2e, 0x72, 0x65, 0x73, 0x6f, 0x75,
    0x72, 0x63, 0x65, 0x5f, 0x68, 0x61, 0x73, 0x68, 0xcf, 0x72, 0xca, 0x76, 0xf7, 0x66, 0xe5, 0xac, 0x79, 0xb0, 0x2e,
    0x73, 0x70, 0x69, 0x6c, 0x6c, 0x5f, 0x74, 0x68, 0x72, 0x65, 0x73, 0x68, 0x6f, 0x6c, 0x64, 0xcd, 0xff, 0xff, 0xb0,
    0x2e, 0x75, 0x73, 0x65, 0x72, 0x5f, 0x64, 0x61, 0x74, 0x61, 0x5f, 0x6c, 0x69, 0x6d, 0x69, 0x74, 0x01, 0xa8, 0x2e,
    0x73, 0x68, 0x61, 0x64, 0x65, 0x72, 0x73, 0x81, 0xa8, 0x2e, 0x63, 0x6f, 0x6d, 0x70, 0x75, 0x74, 0x65, 0x83, 0xb0,
    0x2e, 0x61, 0x70, 0x69, 0x5f, 0x73, 0x68, 0x61, 0x64, 0x65, 0x72, 0x5f, 0x68, 0x61, 0x73, 0x68, 0x92, 0xcf, 0x08,
    0xc5, 0xab, 0x4a, 0x96, 0xa2, 0x76, 0x23, 0xcf, 0x6f, 0x86, 0xd9, 0xda, 0xcb, 0x99, 0xb6, 0x93, 0xb1, 0x2e, 0x68,
    0x61, 0x72, 0x64, 0x77, 0x61, 0x72, 0x65, 0x5f, 0x6d, 0x61, 0x70, 0x70, 0x69, 0x6e, 0x67, 0x91, 0xa3, 0x2e, 0x63,
    0x73, 0xaf, 0x2e, 0x73, 0x68, 0x61, 0x64, 0x65, 0x72, 0x5f, 0x73, 0x75, 0x62, 0x74, 0x79, 0x70, 0x65, 0xa7, 0x55,
    0x6e, 0x6b, 0x6e, 0x6f, 0x77, 0x6e, 0xb0, 0x2e, 0x68, 0x61, 0x72, 0x64, 0x77, 0x61, 0x72, 0x65, 0x5f, 0x73, 0x74,
    0x61, 0x67, 0x65, 0x73, 0x81, 0xa3, 0x2e, 0x63, 0x73, 0xde, 0x00, 0x1b, 0xb3, 0x2e, 0x65, 0x6e, 0x74, 0x72, 0x79,
    0x5f, 0x70, 0x6f, 0x69, 0x6e, 0x74, 0x5f, 0x73, 0x79, 0x6d, 0x62, 0x6f, 0x6c, 0xaf, 0x5f, 0x61, 0x6d, 0x64, 0x67,
    0x70, 0x75, 0x5f, 0x63, 0x73, 0x5f, 0x6d, 0x61, 0x69, 0x6e, 0xab, 0x2e, 0x73, 0x67, 0x70, 0x72, 0x5f, 0x63, 0x6f,
    0x75, 0x6e, 0x74, 0x20, 0xab, 0x2e, 0x76, 0x67, 0x70, 0x72, 0x5f, 0x63, 0x6f, 0x75, 0x6e, 0x74, 0x25, 0xa9, 0x2e,
    0x6c, 0x64, 0x73, 0x5f, 0x73, 0x69, 0x7a, 0x65, 0x00, 0xb4, 0x2e, 0x73, 0x63, 0x72, 0x61, 0x74, 0x63, 0x68, 0x5f,
    0x6d, 0x65, 0x6d, 0x6f, 0x72, 0x79, 0x5f, 0x73, 0x69, 0x7a, 0x65, 0x00, 0xb4, 0x2e, 0x66, 0x72, 0x6f, 0x6e, 0x74,
    0x65, 0x6e, 0x64, 0x5f, 0x73, 0x74, 0x61, 0x63, 0x6b, 0x5f, 0x73, 0x69, 0x7a, 0x65, 0x00, 0xb3, 0x2e, 0x62, 0x61,
    0x63, 0x6b, 0x65, 0x6e, 0x64, 0x5f, 0x73, 0x74, 0x61, 0x63, 0x6b, 0x5f, 0x73, 0x69, 0x7a, 0x65, 0x00, 0xb6, 0x2e,
    0x70, 0x65, 0x72, 0x66, 0x5f, 0x64, 0x61, 0x74, 0x61, 0x5f, 0x62, 0x75, 0x66, 0x66, 0x65, 0x72, 0x5f, 0x73, 0x69,
    0x7a, 0x65, 0x00, 0xaa, 0x2e, 0x75, 0x73, 0x65, 0x73, 0x5f, 0x75, 0x61, 0x76, 0x73, 0xc3, 0xac, 0x2e, 0x77, 0x72,
    0x69, 0x74, 0x65, 0x73, 0x5f, 0x75, 0x61, 0x76, 0x73, 0xc3, 0xb4, 0x2e, 0x75, 0x73, 0x65, 0x73, 0x5f, 0x61, 0x70,
    0x70, 0x65, 0x6e, 0x64, 0x5f, 0x63, 0x6f, 0x6e, 0x73, 0x75, 0x6d, 0x65, 0xc2, 0xaf, 0x2e, 0x77, 0x61, 0x76, 0x65,
    0x66, 0x72, 0x6f, 0x6e, 0x74, 0x5f, 0x73, 0x69, 0x7a, 0x65, 0x20, 0xb2, 0x2e, 0x75, 0x73, 0x65, 0x72, 0x5f, 0x64,
    0x61, 0x74, 0x61, 0x5f, 0x72, 0x65, 0x67, 0x5f, 0x6d, 0x61, 0x70, 0xdc, 0x00, 0x20, 0xce, 0xff, 0xff, 0xff, 0xff,
    0xce, 0xff, 0xff, 0xff, 0xff, 0x00, 0xce, 0xff, 0xff, 0xff, 0xff, 0xce, 0xff, 0xff, 0xff, 0xff, 0xce, 0xff, 0xff,
    0xff, 0xff, 0xce, 0xff, 0xff, 0xff, 0xff, 0xce, 0xff, 0xff, 0xff, 0xff, 0xce, 0xff, 0xff, 0xff, 0xff, 0xce, 0xff,
    0xff, 0xff, 0xff, 0xce, 0xff, 0xff, 0xff, 0xff, 0xce, 0xff, 0xff, 0xff, 0xff, 0xce, 0xff, 0xff, 0xff, 0xff, 0xce,
    0xff, 0xff, 0xff, 0xff, 0xce, 0xff, 0xff, 0xff, 0xff, 0xce, 0xff, 0xff, 0xff, 0xff, 0xce, 0xff, 0xff, 0xff, 0xff,
    0xce, 0xff, 0xff, 0xff, 0xff, 0xce, 0xff, 0xff, 0xff, 0xff, 0xce, 0xff, 0xff, 0xff, 0xff, 0xce, 0xff, 0xff, 0xff,
    0xff, 0xce, 0xff, 0xff, 0xff, 0xff, 0xce, 0xff, 0xff, 0xff, 0xff, 0xce, 0xff, 0xff, 0xff, 0xff, 0xce, 0xff, 0xff,
    0xff, 0xff, 0xce, 0xff, 0xff, 0xff, 0xff, 0xce, 0xff, 0xff, 0xff, 0xff, 0xce, 0xff, 0xff, 0xff, 0xff, 0xce, 0xff,
    0xff, 0xff, 0xff, 0xce, 0xff, 0xff, 0xff, 0xff, 0xce, 0xff, 0xff, 0xff, 0xff, 0xce, 0xff, 0xff, 0xff, 0xff, 0xb7,
    0x2e, 0x74, 0x68, 0x72, 0x65, 0x61, 0x64, 0x67, 0x72, 0x6f, 0x75, 0x70, 0x5f, 0x64, 0x69, 0x6d, 0x65, 0x6e, 0x73,
    0x69, 0x6f, 0x6e, 0x73, 0x93, 0x08, 0x08, 0x01, 0xab, 0x2e, 0x66, 0x6c, 0x6f, 0x61, 0x74, 0x5f, 0x6d, 0x6f, 0x64,
    0x65, 0xcc, 0xc0, 0xae, 0x2e, 0x66, 0x70, 0x31, 0x36, 0x5f, 0x6f, 0x76, 0x65, 0x72, 0x66, 0x6c, 0x6f, 0x77, 0xc2,
    0xaa, 0x2e, 0x69, 0x65, 0x65, 0x65, 0x5f, 0x6d, 0x6f, 0x64, 0x65, 0xc2, 0xa9, 0x2e, 0x77, 0x67, 0x70, 0x5f, 0x6d,
    0x6f, 0x64, 0x65, 0xc2, 0xac, 0x2e, 0x6d, 0x65, 0x6d, 0x5f, 0x6f, 0x72, 0x64, 0x65, 0x72, 0x65, 0x64, 0xc2, 0xb1,
    0x2e, 0x66, 0x6f, 0x72, 0x77, 0x61, 0x72, 0x64, 0x5f, 0x70, 0x72, 0x6f, 0x67, 0x72, 0x65, 0x73, 0x73, 0xc2, 0xab,
    0x2e, 0x75, 0x73, 0x65, 0x72, 0x5f, 0x73, 0x67, 0x70, 0x72, 0x73, 0x03, 0xa8, 0x2e, 0x65, 0x78, 0x63, 0x70, 0x5f,
    0x65, 0x6e, 0x00, 0xab, 0x2e, 0x73, 0x63, 0x72, 0x61, 0x74, 0x63, 0x68, 0x5f, 0x65, 0x6e, 0xc2, 0xad, 0x2e, 0x74,
    0x72, 0x61, 0x70, 0x5f, 0x70, 0x72, 0x65, 0x73, 0x65, 0x6e, 0x74, 0xc2, 0xb0, 0x2e, 0x73, 0x68, 0x61, 0x72, 0x65,
    0x64, 0x5f, 0x76, 0x67, 0x70, 0x72, 0x5f, 0x63, 0x6e, 0x74, 0x00, 0xad, 0x2e, 0x77, 0x61, 0x76, 0x65, 0x73, 0x5f,
    0x70, 0x65, 0x72, 0x5f, 0x73, 0x65, 0x00, 0xaf, 0x2e, 0x63, 0x68, 0x65, 0x63, 0x6b, 0x73, 0x75, 0x6d, 0x5f, 0x76,
    0x61, 0x6c, 0x75, 0x65, 0xce, 0x3a, 0x78, 0xb2, 0x20, 0xaa, 0x2e, 0x72, 0x65, 0x67, 0x69, 0x73, 0x74, 0x65, 0x72,
    0x73, 0x81, 0xcd, 0x2e, 0x42, 0x00, 0xa5, 0x2e, 0x6e, 0x61, 0x6d, 0x65, 0xb2, 0x4d, 0x6c, 0x61, 0x61, 0x46, 0x69,
    0x6e, 0x61, 0x6c, 0x42, 0x6c, 0x65, 0x6e, 0x64, 0x46, 0x61, 0x73, 0x74, 0xb7, 0x2e, 0x69, 0x6e, 0x74, 0x65, 0x72,
    0x6e, 0x61, 0x6c, 0x5f, 0x70, 0x69, 0x70, 0x65, 0x6c, 0x69, 0x6e, 0x65, 0x5f, 0x68, 0x61, 0x73, 0x68, 0x92, 0xcf,
    0x70, 0x98, 0xee, 0x9f, 0x80, 0x13, 0x4b, 0x84, 0xcf, 0xf2, 0xe3, 0x4c, 0x64, 0x49, 0xae, 0xb8, 0x21, 0xb2, 0x2e,
    0x63, 0x6f, 0x6d, 0x70, 0x75, 0x74, 0x65, 0x5f, 0x72, 0x65, 0x67, 0x69, 0x73, 0x74, 0x65, 0x72, 0x73, 0x85, 0xaf,
    0x2e, 0x74, 0x69, 0x64, 0x69, 0x67, 0x5f, 0x63, 0x6f, 0x6d, 0x70, 0x5f, 0x63, 0x6e, 0x74, 0x01, 0xaa, 0x2e, 0x74,
    0x67, 0x69, 0x64, 0x5f, 0x78, 0x5f, 0x65, 0x6e, 0xc3, 0xaa, 0x2e, 0x74, 0x67, 0x69, 0x64, 0x5f, 0x79, 0x5f, 0x65,
    0x6e, 0xc3, 0xaa, 0x2e, 0x74, 0x67, 0x69, 0x64, 0x5f, 0x7a, 0x5f, 0x65, 0x6e, 0xc2, 0xab, 0x2e, 0x74, 0x67, 0x5f,
    0x73, 0x69, 0x7a, 0x65, 0x5f, 0x65, 0x6e, 0xc2, 0xa4, 0x2e, 0x61, 0x70, 0x69, 0xa7, 0x73, 0x63, 0x70, 0x63, 0x42,
    0x6c, 0x64, 0x00, 0x00, 0x00, 0x00, 0x00, 0x00, 0x00, 0x00, 0x00, 0x00, 0x00, 0x00, 0x00, 0x00, 0x00, 0x00, 0x00,
    0x00, 0x00, 0x00, 0x00, 0x00, 0x00, 0x00, 0x00, 0x00, 0x00, 0x00, 0x00, 0x00, 0x00, 0x00, 0x00, 0x00, 0x00, 0x00,
    0x00, 0x00, 0x00, 0x00, 0x00, 0x00, 0x00, 0x00, 0x00, 0x00, 0x00, 0x00, 0x00, 0x00, 0x00, 0x00, 0x00, 0x00, 0x00,
    0x00, 0x00, 0x00, 0x00, 0x00, 0x00, 0x00, 0x00, 0x00, 0x00, 0x00, 0x00, 0x01, 0x00, 0x00, 0x00, 0x03, 0x00, 0x00,
    0x00, 0x00, 0x00, 0x00, 0x00, 0x00, 0x00, 0x00, 0x00, 0x00, 0x00, 0x00, 0x00, 0x00, 0x00, 0x00, 0x00, 0x40, 0x00,
    0x00, 0x00, 0x00, 0x00, 0x00, 0x00, 0x36, 0x00, 0x00, 0x00, 0x00, 0x00, 0x00, 0x00, 0x00, 0x00, 0x00, 0x00, 0x00,
    0x00, 0x00, 0x00, 0x00, 0x00, 0x00, 0x00, 0x00, 0x00, 0x00, 0x00, 0x00, 0x00, 0x00, 0x00, 0x00, 0x00, 0x00, 0x00,
    0x0b, 0x00, 0x00, 0x00, 0x01, 0x00, 0x00, 0x00, 0x06, 0x00, 0x00, 0x00, 0x00, 0x00, 0x00, 0x00, 0x00, 0x00, 0x00,
    0x00, 0x00, 0x00, 0x00, 0x00, 0x76, 0x00, 0x00, 0x00, 0x00, 0x00, 0x00, 0x00, 0x60, 0x0a, 0x00, 0x00, 0x00, 0x00,
    0x00, 0x00, 0x00, 0x00, 0x00, 0x00, 0x00, 0x00, 0x00, 0x00, 0x00, 0x01, 0x00, 0x00, 0x00, 0x00, 0x00, 0x00, 0x00,
    0x00, 0x00, 0x00, 0x00, 0x00, 0x00, 0x00, 0x11, 0x00, 0x00, 0x00, 0x01, 0x00, 0x00, 0x00, 0x03, 0x00, 0x00, 0x00,
    0x00, 0x00, 0x00, 0x00, 0x00, 0x00, 0x00, 0x00, 0x00, 0x00, 0x00, 0x00, 0xd6, 0x0a, 0x00, 0x00, 0x00, 0x00, 0x00,
    0x00, 0x10, 0x00, 0x00, 0x00, 0x00, 0x00, 0x00, 0x00, 0x00, 0x00, 0x00, 0x00, 0x00, 0x00, 0x00, 0x00, 0x20, 0x00,
    0x00, 0x00, 0x00, 0x00, 0x00, 0x00, 0x00, 0x00, 0x00, 0x00, 0x00, 0x00, 0x00, 0x00, 0x17, 0x00, 0x00, 0x00, 0x01,
    0x00, 0x00, 0x00, 0x00, 0x00, 0x00, 0x00, 0x00, 0x00, 0x00, 0x00, 0x00, 0x00, 0x00, 0x00, 0x00, 0x00, 0x00, 0x00,
    0xe6, 0x0a, 0x00, 0x00, 0x00, 0x00, 0x00, 0x00, 0x50, 0x00, 0x00, 0x00, 0x00, 0x00, 0x00, 0x00, 0x00, 0x00, 0x00,
    0x00, 0x00, 0x00, 0x00, 0x00, 0x00, 0x00, 0x00, 0x00, 0x00, 0x00, 0x00, 0x00, 0x00, 0x00, 0x00, 0x00, 0x00, 0x00,
    0x00, 0x00, 0x20, 0x00, 0x00, 0x00, 0x03, 0x00, 0x00, 0x00, 0x00, 0x00, 0x00, 0x00, 0x00, 0x00, 0x00, 0x00, 0x00,
    0x00, 0x00, 0x00, 0x00, 0x00, 0x00, 0x00, 0x36, 0x0b, 0x00, 0x00, 0x00, 0x00, 0x00, 0x00, 0x2b, 0x00, 0x00, 0x00,
    0x00, 0x00, 0x00, 0x00, 0x00, 0x00, 0x00, 0x00, 0x00, 0x00, 0x00, 0x00, 0x00, 0x00, 0x00, 0x00, 0x00, 0x00, 0x00,
    0x00, 0x00, 0x00, 0x00, 0x00, 0x00, 0x00, 0x00, 0x00, 0x28, 0x00, 0x00, 0x00, 0x02, 0x00, 0x00, 0x00, 0x00, 0x00,
    0x00, 0x00, 0x00, 0x00, 0x00, 0x00, 0x00, 0x00, 0x00, 0x00, 0x00, 0x00, 0x00, 0x00, 0x61, 0x0b, 0x00, 0x00, 0x00,
    0x00, 0x00, 0x00, 0x48, 0x00, 0x00, 0x00, 0x00, 0x00, 0x00, 0x00, 0x05, 0x00, 0x00, 0x00, 0x00, 0x00, 0x00, 0x00,
    0x00, 0x00, 0x00, 0x00, 0x00, 0x00, 0x00, 0x00, 0x18, 0x00, 0x00, 0x00, 0x00, 0x00, 0x00, 0x00, 0x30, 0x00, 0x00,
    0x00, 0x07, 0x00, 0x00, 0x00, 0x00, 0x00, 0x00, 0x00, 0x00, 0x00, 0x00, 0x00, 0x00, 0x00, 0x00, 0x00, 0x00, 0x00,
    0x00, 0x00, 0xa9, 0x0b, 0x00, 0x00, 0x00, 0x00, 0x00, 0x00, 0x28, 0x04, 0x00, 0x00, 0x00, 0x00, 0x00, 0x00, 0x00,
    0x00, 0x00, 0x00, 0x00, 0x00, 0x00, 0x00, 0x00, 0x00, 0x00, 0x00, 0x00, 0x00, 0x00, 0x00, 0x00, 0x00, 0x00, 0x00,
    0x00, 0x00, 0x00, 0x00,
};

// Mlaa Find Sep Edge compute shader binary
inline constexpr Util::uint8 MlaaFindSepEdge_Cs_857A9C8A[] =
{
    0x7f, 0x45, 0x4c, 0x46, 0x02, 0x01, 0x01, 0x41, 0x00, 0x00, 0x00, 0x00, 0x00, 0x00, 0x00, 0x00, 0x01, 0x00, 0xe0,
    0x00, 0x01, 0x00, 0x00, 0x00, 0x00, 0x00, 0x00, 0x00, 0x00, 0x00, 0x00, 0x00, 0x00, 0x00, 0x00, 0x00, 0x00, 0x00,
    0x00, 0x00, 0xcc, 0x07, 0x00, 0x00, 0x00, 0x00, 0x00, 0x00, 0x36, 0x05, 0x00, 0x00, 0x40, 0x00, 0x00, 0x00, 0x00,
    0x00, 0x40, 0x00, 0x08, 0x00, 0x01, 0x00, 0x00, 0x2e, 0x73, 0x68, 0x73, 0x74, 0x72, 0x74, 0x61, 0x62, 0x00, 0x2e,
    0x74, 0x65, 0x78, 0x74, 0x00, 0x2e, 0x64, 0x61, 0x74, 0x61, 0x00, 0x2e, 0x63, 0x6f, 0x6d, 0x6d, 0x65, 0x6e, 0x74,
    0x00, 0x2e, 0x73, 0x74, 0x72, 0x74, 0x61, 0x62, 0x00, 0x2e, 0x73, 0x79, 0x6d, 0x74, 0x61, 0x62, 0x00, 0x2e, 0x6e,
    0x6f, 0x74, 0x65, 0x00, 0x04, 0x40, 0x80, 0xb0, 0x80, 0x1f, 0x86, 0xbe, 0x03, 0x00, 0xa0, 0xbf, 0x02, 0x03, 0x80,
    0xbe, 0x07, 0x03, 0x81, 0xbe, 0x06, 0x00, 0x46, 0xd7, 0x03, 0x06, 0x01, 0x04, 0x80, 0x00, 0x04, 0xf4, 0x44, 0x00,
    0x00, 0xfa, 0x0a, 0x00, 0x46, 0xd7, 0x04, 0x06, 0x05, 0x04, 0x7f, 0xc0, 0x8c, 0xbf, 0xf9, 0x0c, 0x8c, 0x7d, 0x02,
    0x84, 0x86, 0x06, 0x03, 0x14, 0x8c, 0x7d, 0x04, 0x6a, 0x6a, 0x87, 0x6a, 0x3c, 0x84, 0xbe, 0x43, 0x00, 0x88, 0xbf,
    0x00, 0x02, 0x0c, 0xf4, 0x20, 0x00, 0x00, 0xfa, 0x00, 0x04, 0x0c, 0xf4, 0x00, 0x00, 0x00, 0xfa, 0xc1, 0x14, 0x00,
    0x4a, 0x02, 0x0c, 0x06, 0x22, 0x03, 0x14, 0x10, 0x22, 0x81, 0x0c, 0x02, 0x4a, 0x80, 0x00, 0x00, 0x24, 0x02, 0x02,
    0x0e, 0x22, 0x03, 0x00, 0x08, 0x22, 0x7f, 0xc0, 0x8c, 0xbf, 0x0e, 0xff, 0x0e, 0x8a, 0x00, 0x00, 0x10, 0x00, 0x02,
    0x00, 0xa1, 0xbf, 0x0a, 0x17, 0x00, 0xf0, 0x03, 0x00, 0x02, 0x00, 0x08, 0x00, 0x00, 0x00, 0x0a, 0x17, 0x00, 0xf0,
    0x03, 0x03, 0x02, 0x00, 0x04, 0x00, 0x00, 0x00, 0x0a, 0x17, 0x00, 0xf0, 0x07, 0x07, 0x02, 0x00, 0x08, 0x00, 0x00,
    0x00, 0x71, 0x3f, 0x8c, 0xbf, 0x00, 0x07, 0x06, 0x08, 0x01, 0x09, 0x08, 0x08, 0x02, 0x0b, 0x0a, 0x08, 0x70, 0x3f,
    0x8c, 0xbf, 0x00, 0x0f, 0x00, 0x08, 0x01, 0x11, 0x02, 0x08, 0x00, 0x01, 0x04, 0xd4, 0x03, 0xff, 0x01, 0x00, 0x00,
    0x00, 0x80, 0x3d, 0x02, 0x01, 0x04, 0xd4, 0x04, 0xff, 0x01, 0x00, 0x00, 0x00, 0x80, 0x3d, 0x01, 0x01, 0x04, 0xd4,
    0x05, 0xff, 0x01, 0x00, 0x00, 0x00, 0x80, 0x3d, 0x02, 0x13, 0x04, 0x08, 0x00, 0x02, 0x6a, 0x88, 0x00, 0x01, 0x04,
    0xd4, 0x00, 0xff, 0x01, 0x00, 0x00, 0x00, 0x80, 0x3d, 0x02, 0x01, 0x04, 0xd4, 0x01, 0xff, 0x01, 0x00, 0x00, 0x00,
    0x80, 0x3d, 0x01, 0x6a, 0x6a, 0x88, 0x01, 0x01, 0x04, 0xd4, 0x02, 0xff, 0x01, 0x00, 0x00, 0x00, 0x80, 0x3d, 0x03,
    0x00, 0x01, 0xd5, 0x80, 0x82, 0xa9, 0x01, 0x04, 0x00, 0x01, 0xd5, 0x80, 0x02, 0xa9, 0x01, 0x03, 0x00, 0x4a, 0xd5,
    0x81, 0x06, 0x0a, 0x02, 0x00, 0x02, 0x6a, 0x88, 0x01, 0x6a, 0x6a, 0x88, 0x04, 0x07, 0x00, 0x02, 0x00, 0x03, 0x02,
    0x7e, 0x00, 0x03, 0x04, 0x7e, 0x00, 0x03, 0x06, 0x7e, 0x0a, 0x3f, 0x20, 0xf0, 0x06, 0x00, 0x04, 0x00, 0x0a, 0x00,
    0x00, 0x00, 0x00, 0x00, 0x81, 0xbf, 0x00, 0x00, 0x9f, 0xbf, 0x00, 0x00, 0x9f, 0xbf, 0x00, 0x00, 0x9f, 0xbf, 0x00,
    0x00, 0x9f, 0xbf, 0x00, 0x00, 0x9f, 0xbf, 0x00, 0x00, 0x9f, 0xbf, 0x00, 0x00, 0x9f, 0xbf, 0x00, 0x00, 0x9f, 0xbf,
    0x00, 0x00, 0x9f, 0xbf, 0x00, 0x00, 0x9f, 0xbf, 0x00, 0x00, 0x9f, 0xbf, 0x00, 0x00, 0x9f, 0xbf, 0x00, 0x00, 0x9f,
    0xbf, 0x00, 0x00, 0x9f, 0xbf, 0x00, 0x00, 0x9f, 0xbf, 0x00, 0x00, 0x9f, 0xbf, 0x00, 0x00, 0x9f, 0xbf, 0x00, 0x00,
    0x9f, 0xbf, 0x00, 0x00, 0x9f, 0xbf, 0x00, 0x00, 0x9f, 0xbf, 0x00, 0x00, 0x9f, 0xbf, 0x00, 0x00, 0x9f, 0xbf, 0x00,
    0x00, 0x9f, 0xbf, 0x00, 0x00, 0x9f, 0xbf, 0x00, 0x00, 0x9f, 0xbf, 0x00, 0x00, 0x9f, 0xbf, 0x00, 0x00, 0x9f, 0xbf,
    0x00, 0x00, 0x9f, 0xbf, 0x00, 0x00, 0x9f, 0xbf, 0x00, 0x00, 0x9f, 0xbf, 0x00, 0x00, 0x9f, 0xbf, 0x00, 0x00, 0x9f,
    0xbf, 0x00, 0x00, 0x9f, 0xbf, 0x00, 0x00, 0x9f, 0xbf, 0x00, 0x00, 0x9f, 0xbf, 0x00, 0x00, 0x9f, 0xbf, 0x00, 0x00,
    0x9f, 0xbf, 0x00, 0x00, 0x9f, 0xbf, 0x00, 0x00, 0x9f, 0xbf, 0x00, 0x00, 0x9f, 0xbf, 0x00, 0x00, 0x9f, 0xbf, 0x00,
    0x00, 0x9f, 0xbf, 0x00, 0x00, 0x9f, 0xbf, 0x00, 0x00, 0x9f, 0xbf, 0x00, 0x00, 0x9f, 0xbf, 0x00, 0x00, 0x9f, 0xbf,
    0x00, 0x00, 0x9f, 0xbf, 0x00, 0x00, 0x9f, 0xbf, 0x00, 0x00, 0x9f, 0xbf, 0x00, 0x00, 0x9f, 0xbf, 0x00, 0x00, 0x9f,
    0xbf, 0x00, 0x00, 0x9f, 0xbf, 0x00, 0x00, 0x9f, 0xbf, 0x00, 0x00, 0x9f, 0xbf, 0x00, 0x00, 0x9f, 0xbf, 0x00, 0x00,
    0x9f, 0xbf, 0x00, 0x00, 0x9f, 0xbf, 0x00, 0x00, 0x9f, 0xbf, 0x00, 0x00, 0x9f, 0xbf, 0x00, 0x00, 0x9f, 0xbf, 0x00,
    0x00, 0x9f, 0xbf, 0x00, 0x00, 0x9f, 0xbf, 0x00, 0x00, 0x9f, 0xbf, 0x00, 0x00, 0x9f, 0xbf, 0x00, 0x00, 0x00, 0x00,
    0x00, 0x00, 0x10, 0x00, 0x00, 0x00, 0x00, 0x00, 0xac, 0xbf, 0x04, 0x11, 0x47, 0x65, 0x6e, 0x65, 0x72, 0x61, 0x74,
    0x65, 0x64, 0x20, 0x62, 0x79, 0x20, 0x74, 0x68, 0x65, 0x20, 0x41, 0x64, 0x76, 0x61, 0x6e, 0x63, 0x65, 0x64, 0x20,
    0x4d, 0x69, 0x63, 0x72, 0x6f, 0x20, 0x44, 0x65, 0x76, 0x69, 0x63, 0x65, 0x73, 0x2c, 0x20, 0x49, 0x6e, 0x63, 0x2e,
    0x2c, 0x20, 0x50, 0x72, 0x6f, 0x70, 0x72, 0x69, 0x65, 0x74, 0x61, 0x72, 0x79, 0x20, 0x47, 0x50, 0x55, 0x20, 0x53,
    0x68, 0x61, 0x64, 0x65, 0x72, 0x20, 0x43, 0x6f, 0x6d, 0x70, 0x69, 0x6c, 0x65, 0x72, 0x2e, 0x00, 0x00, 0x5f, 0x61,
    0x6d, 0x64, 0x67, 0x70, 0x75, 0x5f, 0x63, 0x73, 0x5f, 0x6d, 0x61, 0x69, 0x6e, 0x00, 0x5f, 0x61, 0x6d, 0x64, 0x67,
    0x70, 0x75, 0x5f, 0x63, 0x73, 0x5f, 0x73, 0x68, 0x64, 0x72, 0x5f, 0x69, 0x6e, 0x74, 0x72, 0x6c, 0x5f, 0x74, 0x62,
    0x6c, 0x00, 0x00, 0x00, 0x00, 0x00, 0x00, 0x00, 0x00, 0x00, 0x00, 0x00, 0x00, 0x00, 0x00, 0x00, 0x00, 0x00, 0x00,
    0x00, 0x00, 0x00, 0x00, 0x00, 0x00, 0x00, 0x01, 0x00, 0x00, 0x00, 0x12, 0x00, 0x02, 0x00, 0x00, 0x00, 0x00, 0x00,
    0x00, 0x00, 0x00, 0x00, 0x58, 0x02, 0x00, 0x00, 0x00, 0x00, 0x00, 0x00, 0x11, 0x00, 0x00, 0x00, 0x11, 0x00, 0x03,
    0x00, 0x00, 0x00, 0x00, 0x00, 0x00, 0x00, 0x00, 0x00, 0x10, 0x00, 0x00, 0x00, 0x00, 0x00, 0x00, 0x00, 0x07, 0x00,
    0x00, 0x00, 0x11, 0x04, 0x00, 0x00, 0x20, 0x00, 0x00, 0x00, 0x41, 0x4d, 0x44, 0x47, 0x50, 0x55, 0x00, 0x00, 0x82,
    0xae, 0x61, 0x6d, 0x64, 0x70, 0x61, 0x6c, 0x2e, 0x76, 0x65, 0x72, 0x73, 0x69, 0x6f, 0x6e, 0x92, 0x03, 0x06, 0xb0,
    0x61, 0x6d, 0x64, 0x70, 0x61, 0x6c, 0x2e, 0x70, 0x69, 0x70, 0x65, 0x6c, 0x69, 0x6e, 0x65, 0x73, 0x91, 0x8b, 0xa5,
    0x2e, 0x74, 0x79, 0x70, 0x65, 0xa2, 0x43, 0x73, 0xae, 0x2e, 0x72, 0x65, 0x73, 0x6f, 0x75, 0x72, 0x63, 0x65, 0x5f,
    0x68, 0x61, 0x73, 0x68, 0xcf, 0x9d, 0xab, 0x92, 0x5d, 0x0a, 0x7a, 0xaf, 0x2a, 0xb0, 0x2e, 0x73, 0x70, 0x69, 0x6c,
    0x6c, 0x5f, 0x74, 0x68, 0x72, 0x65, 0x73, 0x68, 0x6f, 0x6c, 0x64, 0xcd, 0xff, 0xff, 0xb0, 0x2e, 0x75, 0x73, 0x65,
    0x72, 0x5f, 0x64, 0x61, 0x74, 0x61, 0x5f, 0x6c, 0x69, 0x6d, 0x69, 0x74, 0x01, 0xa8, 0x2e, 0x73, 0x68, 0x61, 0x64,
    0x65, 0x72, 0x73, 0x81, 0xa8, 0x2e, 0x63, 0x6f, 0x6d, 0x70, 0x75, 0x74, 0x65, 0x83, 0xb0, 0x2e, 0x61, 0x70, 0x69,
    0x5f, 0x73, 0x68, 0x61, 0x64, 0x65, 0x72, 0x5f, 0x68, 0x61, 0x73, 0x68, 0x92, 0xcf, 0xe2, 0xc3, 0xfc, 0x66, 0xc2,
    0xf3, 0xc5, 0x82, 0xcf, 0xe7, 0xf0, 0xaa, 0xac, 0xd5, 0x4e, 0x46, 0x5e, 0xb1, 0x2e, 0x68, 0x61, 0x72, 0x64, 0x77,
    0x61, 0x72, 0x65, 0x5f, 0x6d, 0x61, 0x70, 0x70, 0x69, 0x6e, 0x67, 0x91, 0xa3, 0x2e, 0x63, 0x73, 0xaf, 0x2e, 0x73,
    0x68, 0x61, 0x64, 0x65, 0x72, 0x5f, 0x73, 0x75, 0x62, 0x74, 0x79, 0x70, 0x65, 0xa7, 0x55, 0x6e, 0x6b, 0x6e, 0x6f,
    0x77, 0x6e, 0xb0, 0x2e, 0x68, 0x61, 0x72, 0x64, 0x77, 0x61, 0x72, 0x65, 0x5f, 0x73, 0x74, 0x61, 0x67, 0x65, 0x73,
    0x81, 0xa3, 0x2e, 0x63, 0x73, 0xde, 0x00, 0x1b, 0xb3, 0x2e, 0x65, 0x6e, 0x74, 0x72, 0x79, 0x5f, 0x70, 0x6f, 0x69,
    0x6e, 0x74, 0x5f, 0x73, 0x79, 0x6d, 0x62, 0x6f, 0x6c, 0xaf, 0x5f, 0x61, 0x6d, 0x64, 0x67, 0x70, 0x75, 0x5f, 0x63,
    0x73, 0x5f, 0x6d, 0x61, 0x69, 0x6e, 0xab, 0x2e, 0x73, 0x67, 0x70, 0x72, 0x5f, 0x63, 0x6f, 0x75, 0x6e, 0x74, 0x18,
    0xab, 0x2e, 0x76, 0x67, 0x70, 0x72, 0x5f, 0x63, 0x6f, 0x75, 0x6e, 0x74, 0x0b, 0xa9, 0x2e, 0x6c, 0x64, 0x73, 0x5f,
    0x73, 0x69, 0x7a, 0x65, 0x00, 0xb4, 0x2e, 0x73, 0x63, 0x72, 0x61, 0x74, 0x63, 0x68, 0x5f, 0x6d, 0x65, 0x6d, 0x6f,
    0x72, 0x79, 0x5f, 0x73, 0x69, 0x7a, 0x65, 0x00, 0xb4, 0x2e, 0x66, 0x72, 0x6f, 0x6e, 0x74, 0x65, 0x6e, 0x64, 0x5f,
    0x73, 0x74, 0x61, 0x63, 0x6b, 0x5f, 0x73, 0x69, 0x7a, 0x65, 0x00, 0xb3, 0x2e, 0x62, 0x61, 0x63, 0x6b, 0x65, 0x6e,
    0x64, 0x5f, 0x73, 0x74, 0x61, 0x63, 0x6b, 0x5f, 0x73, 0x69, 0x7a, 0x65, 0x00, 0xb6, 0x2e, 0x70, 0x65, 0x72, 0x66,
    0x5f, 0x64, 0x61, 0x74, 0x61, 0x5f, 0x62, 0x75, 0x66, 0x66, 0x65, 0x72, 0x5f, 0x73, 0x69, 0x7a, 0x65, 0x00, 0xaa,
    0x2e, 0x75, 0x73, 0x65, 0x73, 0x5f, 0x75, 0x61, 0x76, 0x73, 0xc3, 0xac, 0x2e, 0x77, 0x72, 0x69, 0x74, 0x65, 0x73,
    0x5f, 0x75, 0x61, 0x76, 0x73, 0xc3, 0xb4, 0x2e, 0x75, 0x73, 0x65, 0x73, 0x5f, 0x61, 0x70, 0x70, 0x65, 0x6e, 0x64,
    0x5f, 0x63, 0x6f, 0x6e, 0x73, 0x75, 0x6d, 0x65, 0xc2, 0xaf, 0x2e, 0x77, 0x61, 0x76, 0x65, 0x66, 0x72, 0x6f, 0x6e,
    0x74, 0x5f, 0x73, 0x69, 0x7a, 0x65, 0x20, 0xb2, 0x2e, 0x75, 0x73, 0x65, 0x72, 0x5f, 0x64, 0x61, 0x74, 0x61, 0x5f,
    0x72, 0x65, 0x67, 0x5f, 0x6d, 0x61, 0x70, 0xdc, 0x00, 0x20, 0xce, 0xff, 0xff, 0xff, 0xff, 0xce, 0xff, 0xff, 0xff,
    0xff, 0x00, 0xce, 0xff, 0xff, 0xff, 0xff, 0xce, 0xff, 0xff, 0xff, 0xff, 0xce, 0xff, 0xff, 0xff, 0xff, 0xce, 0xff,
    0xff, 0xff, 0xff, 0xce, 0xff, 0xff, 0xff, 0xff, 0xce, 0xff, 0xff, 0xff, 0xff, 0xce, 0xff, 0xff, 0xff, 0xff, 0xce,
    0xff, 0xff, 0xff, 0xff, 0xce, 0xff, 0xff, 0xff, 0xff, 0xce, 0xff, 0xff, 0xff, 0xff, 0xce, 0xff, 0xff, 0xff, 0xff,
    0xce, 0xff, 0xff, 0xff, 0xff, 0xce, 0xff, 0xff, 0xff, 0xff, 0xce, 0xff, 0xff, 0xff, 0xff, 0xce, 0xff, 0xff, 0xff,
    0xff, 0xce, 0xff, 0xff, 0xff, 0xff, 0xce, 0xff, 0xff, 0xff, 0xff, 0xce, 0xff, 0xff, 0xff, 0xff, 0xce, 0xff, 0xff,
    0xff, 0xff, 0xce, 0xff, 0xff, 0xff, 0xff, 0xce, 0xff, 0xff, 0xff, 0xff, 0xce, 0xff, 0xff, 0xff, 0xff, 0xce, 0xff,
    0xff, 0xff, 0xff, 0xce, 0xff, 0xff, 0xff, 0xff, 0xce, 0xff, 0xff, 0xff, 0xff, 0xce, 0xff, 0xff, 0xff, 0xff, 0xce,
    0xff, 0xff, 0xff, 0xff, 0xce, 0xff, 0xff, 0xff, 0xff, 0xce, 0xff, 0xff, 0xff, 0xff, 0xb7, 0x2e, 0x74, 0x68, 0x72,
    0x65, 0x61, 0x64, 0x67, 0x72, 0x6f, 0x75, 0x70, 0x5f, 0x64, 0x69, 0x6d, 0x65, 0x6e, 0x73, 0x69, 0x6f, 0x6e, 0x73,
    0x93, 0x08, 0x08, 0x01, 0xab, 0x2e, 0x66, 0x6c, 0x6f, 0x61, 0x74, 0x5f, 0x6d, 0x6f, 0x64, 0x65, 0xcc, 0xc0, 0xae,
    0x2e, 0x66, 0x70, 0x31, 0x36, 0x5f, 0x6f, 0x76, 0x65, 0x72, 0x66, 0x6c, 0x6f, 0x77, 0xc2, 0xaa, 0x2e, 0x69, 0x65,
    0x65, 0x65, 0x5f, 0x6d, 0x6f, 0x64, 0x65, 0xc2, 0xa9, 0x2e, 0x77, 0x67, 0x70, 0x5f, 0x6d, 0x6f, 0x64, 0x65, 0xc2,
    0xac, 0x2e, 0x6d, 0x65, 0x6d, 0x5f, 0x6f, 0x72, 0x64, 0x65, 0x72, 0x65, 0x64, 0xc2, 0xb1, 0x2e, 0x66, 0x6f, 0x72,
    0x77, 0x61, 0x72, 0x64, 0x5f, 0x70, 0x72, 0x6f, 0x67, 0x72, 0x65, 0x73, 0x73, 0xc2, 0xab, 0x2e, 0x75, 0x73, 0x65,
    0x72, 0x5f, 0x73, 0x67, 0x70, 0x72, 0x73, 0x03, 0xa8, 0x2e, 0x65, 0x78, 0x63, 0x70, 0x5f, 0x65, 0x6e, 0x00, 0xab,
    0x2e, 0x73, 0x63, 0x72, 0x61, 0x74, 0x63, 0x68, 0x5f, 0x65, 0x6e, 0xc2, 0xad, 0x2e, 0x74, 0x72, 0x61, 0x70, 0x5f,
    0x70, 0x72, 0x65, 0x73, 0x65, 0x6e, 0x74, 0xc2, 0xb0, 0x2e, 0x73, 0x68, 0x61, 0x72, 0x65, 0x64, 0x5f, 0x76, 0x67,
    0x70, 0x72, 0x5f, 0x63, 0x6e, 0x74, 0x00, 0xad, 0x2e, 0x77, 0x61, 0x76, 0x65, 0x73, 0x5f, 0x70, 0x65, 0x72, 0x5f,
    0x73, 0x65, 0x00, 0xaf, 0x2e, 0x63, 0x68, 0x65, 0x63, 0x6b, 0x73, 0x75, 0x6d, 0x5f, 0x76, 0x61, 0x6c, 0x75, 0x65,
    0xce, 0x12, 0x8e, 0xd5, 0x16, 0xaa, 0x2e, 0x72, 0x65, 0x67, 0x69, 0x73, 0x74, 0x65, 0x72, 0x73, 0x81, 0xcd, 0x2e,
    0x42, 0x00, 0xa5, 0x2e, 0x6e, 0x61, 0x6d, 0x65, 0xaf, 0x4d, 0x6c, 0x61, 0x61, 0x46, 0x69, 0x6e, 0x64, 0x53, 0x65,
    0x70, 0x45, 0x64, 0x67, 0x65, 0xb7, 0x2e, 0x69, 0x6e, 0x74, 0x65, 0x72, 0x6e, 0x61, 0x6c, 0x5f, 0x70, 0x69, 0x70,
    0x65, 0x6c, 0x69, 0x6e, 0x65, 0x5f, 0x68, 0x61, 0x73, 0x68, 0x92, 0xcf, 0xff, 0x85, 0xe9, 0x25, 0x15, 0xfa, 0xf1,
    0x04, 0xcf, 0x49, 0x1e, 0x61, 0xe4, 0x25, 0x32, 0x7d, 0x34, 0xb2, 0x2e, 0x63, 0x6f, 0x6d, 0x70, 0x75, 0x74, 0x65,
    0x5f, 0x72, 0x65, 0x67, 0x69, 0x73, 0x74, 0x65, 0x72, 0x73, 0x85, 0xaf, 0x2e, 0x74, 0x69, 0x64, 0x69, 0x67, 0x5f,
    0x63, 0x6f, 0x6d, 0x70, 0x5f, 0x63, 0x6e, 0x74, 0x01, 0xaa, 0x2e, 0x74, 0x67, 0x69, 0x64, 0x5f, 0x78, 0x5f, 0x65,
    0x6e, 0xc3, 0xaa, 0x2e, 0x74, 0x67, 0x69, 0x64, 0x5f, 0x79, 0x5f, 0x65, 0x6e, 0xc3, 0xaa, 0x2e, 0x74, 0x67, 0x69,
    0x64, 0x5f, 0x7a, 0x5f, 0x65, 0x6e, 0xc2, 0xab, 0x2e, 0x74, 0x67, 0x5f, 0x73, 0x69, 0x7a, 0x65, 0x5f, 0x65, 0x6e,
    0xc2, 0xa4, 0x2e, 0x61, 0x70, 0x69, 0xa7, 0x73, 0x63, 0x70, 0x63, 0x42, 0x6c, 0x64, 0x00, 0x00, 0x00, 0x00, 0x00,
    0x00, 0x00, 0x00, 0x00, 0x00, 0x00, 0x00, 0x00, 0x00, 0x00, 0x00, 0x00, 0x00, 0x00, 0x00, 0x00, 0x00, 0x00, 0x00,
    0x00, 0x00, 0x00, 0x00, 0x00, 0x00, 0x00, 0x00, 0x00, 0x00, 0x00, 0x00, 0x00, 0x00, 0x00, 0x00, 0x00, 0x00, 0x00,
    0x00, 0x00, 0x00, 0x00, 0x00, 0x00, 0x00, 0x00, 0x00, 0x00, 0x00, 0x00, 0x00, 0x00, 0x00, 0x00, 0x00, 0x00, 0x00,
    0x00, 0x00, 0x00, 0x00, 0x00, 0x00, 0x00, 0x00, 0x01, 0x00, 0x00, 0x00, 0x03, 0x00, 0x00, 0x00, 0x00, 0x00, 0x00,
    0x00, 0x00, 0x00, 0x00, 0x00, 0x00, 0x00, 0x00, 0x00, 0x00, 0x00, 0x00, 0x00, 0x40, 0x00, 0x00, 0x00, 0x00, 0x00,
    0x00, 0x00, 0x36, 0x00, 0x00, 0x00, 0x00, 0x00, 0x00, 0x00, 0x00, 0x00, 0x00, 0x00, 0x00, 0x00, 0x00, 0x00, 0x00,
    0x00, 0x00, 0x00, 0x00, 0x00, 0x00, 0x00, 0x00, 0x00, 0x00, 0x00, 0x00, 0x00, 0x00, 0x00, 0x0b, 0x00, 0x00, 0x00,
    0x01, 0x00, 0x00, 0x00, 0x06, 0x00, 0x00, 0x00, 0x00, 0x00, 0x00, 0x00, 0x00, 0x00, 0x00, 0x00, 0x00, 0x00, 0x00,
    0x00, 0x76, 0x00, 0x00, 0x00, 0x00, 0x00, 0x00, 0x00, 0x58, 0x02, 0x00, 0x00, 0x00, 0x00, 0x00, 0x00, 0x00, 0x00,
    0x00, 0x00, 0x00, 0x00, 0x00, 0x00, 0x00, 0x01, 0x00, 0x00, 0x00, 0x00, 0x00, 0x00, 0x00, 0x00, 0x00, 0x00, 0x00,
    0x00, 0x00, 0x00, 0x11, 0x00, 0x00, 0x00, 0x01, 0x00, 0x00, 0x00, 0x03, 0x00, 0x00, 0x00, 0x00, 0x00, 0x00, 0x00,
    0x00, 0x00, 0x00, 0x00, 0x00, 0x00, 0x00, 0x00, 0xce, 0x02, 0x00, 0x00, 0x00, 0x00, 0x00, 0x00, 0x10, 0x00, 0x00,
    0x00, 0x00, 0x00, 0x00, 0x00, 0x00, 0x00, 0x00, 0x00, 0x00, 0x00, 0x00, 0x00, 0x20, 0x00, 0x00, 0x00, 0x00, 0x00,
    0x00, 0x00, 0x00, 0x00, 0x00, 0x00, 0x00, 0x00, 0x00, 0x00, 0x17, 0x00, 0x00, 0x00, 0x01, 0x00, 0x00, 0x00, 0x00,
    0x00, 0x00, 0x00, 0x00, 0x00, 0x00, 0x00, 0x00, 0x00, 0x00, 0x00, 0x00, 0x00, 0x00, 0x00, 0xde, 0x02, 0x00, 0x00,
    0x00, 0x00, 0x00, 0x00, 0x50, 0x00, 0x00, 0x00, 0x00, 0x00, 0x00, 0x00, 0x00, 0x00, 0x00, 0x00, 0x00, 0x00, 0x00,
    0x00, 0x00, 0x00, 0x00, 0x00, 0x00, 0x00, 0x00, 0x00, 0x00, 0x00, 0x00, 0x00, 0x00, 0x00, 0x00, 0x00, 0x20, 0x00,
    0x00, 0x00, 0x03, 0x00, 0x00, 0x00, 0x00, 0x00, 0x00, 0x00, 0x00, 0x00, 0x00, 0x00, 0x00, 0x00, 0x00, 0x00, 0x00,
    0x00, 0x00, 0x00, 0x2e, 0x03, 0x00, 0x00, 0x00, 0x00, 0x00, 0x00, 0x2b, 0x00, 0x00, 0x00, 0x00, 0x00, 0x00, 0x00,
    0x00, 0x00, 0x00, 0x00, 0x00, 0x00, 0x00, 0x00, 0x00, 0x00, 0x00, 0x00, 0x00, 0x00, 0x00, 0x00, 0x00, 0x00, 0x00,
    0x00, 0x00, 0x00, 0x00, 0x00, 0x28, 0x00, 0x00, 0x00, 0x02, 0x00, 0x00, 0x00, 0x00, 0x00, 0x00, 0x00, 0x00, 0x00,
    0x00, 0x00, 0x00, 0x00, 0x00, 0x00, 0x00, 0x00, 0x00, 0x00, 0x59, 0x03, 0x00, 0x00, 0x00, 0x00, 0x00, 0x00, 0x48,
    0x00, 0x00, 0x00, 0x00, 0x00, 0x00, 0x00, 0x05, 0x00, 0x00, 0x00, 0x00, 0x00, 0x00, 0x00, 0x00, 0x00, 0x00, 0x00,
    0x00, 0x00, 0x00, 0x00, 0x18, 0x00, 0x00, 0x00, 0x00, 0x00, 0x00, 0x00, 0x30, 0x00, 0x00, 0x00, 0x07, 0x00, 0x00,
    0x00, 0x00, 0x00, 0x00, 0x00, 0x00, 0x00, 0x00, 0x00, 0x00, 0x00, 0x00, 0x00, 0x00, 0x00, 0x00, 0x00, 0xa1, 0x03,
    0x00, 0x00, 0x00, 0x00, 0x00, 0x00, 0x28, 0x04, 0x00, 0x00, 0x00, 0x00, 0x00, 0x00, 0x00, 0x00, 0x00, 0x00, 0x00,
    0x00, 0x00, 0x00, 0x00, 0x00, 0x00, 0x00, 0x00, 0x00, 0x00, 0x00, 0x00, 0x00, 0x00, 0x00, 0x00, 0x00, 0x00, 0x00,
};

// Mlaa Calc Sep Edge Length compute shader binary
inline constexpr Util::uint8 MlaaCalcSepEdgeLength_Cs_F3CDD6F8[] =
{
    0x7f, 0x45, 0x4c, 0x46, 0x02, 0x01, 0x01, 0x41, 0x00, 0x00, 0x00, 0x00, 0x00, 0x00, 0x00, 0x00, 0x01, 0x00, 0xe0,
    0x00, 0x01, 0x00, 0x00, 0x00, 0x00, 0x00, 0x00, 0x00, 0x00, 0x00, 0x00, 0x00, 0x00, 0x00, 0x00, 0x00, 0x00, 0x00,
    0x00, 0x00, 0xf8, 0x0a, 0x00, 0x00, 0x00, 0x00, 0x00, 0x00, 0x41, 0x05, 0x00, 0x00, 0x40, 0x00, 0x00, 0x00, 0x00,
    0x00, 0x40, 0x00, 0x08, 0x00, 0x01, 0x00, 0x00, 0x2e, 0x73, 0x68, 0x73, 0x74, 0x72, 0x74, 0x61, 0x62, 0x00, 0x2e,
    0x74, 0x65, 0x78, 0x74, 0x00, 0x2e, 0x64, 0x61, 0x74, 0x61, 0x00, 0x2e, 0x63, 0x6f, 0x6d, 0x6d, 0x65, 0x6e, 0x74,
    0x00, 0x2e, 0x73, 0x74, 0x72, 0x74, 0x61, 0x62, 0x00, 0x2e, 0x73, 0x79, 0x6d, 0x74, 0x61, 0x62, 0x00, 0x2e, 0x6e,
    0x6f, 0x74, 0x65, 0x00, 0x06, 0x20, 0x80, 0xb0, 0x80, 0x47, 0x86, 0xbe, 0x03, 0x00, 0x84, 0xbf, 0x02, 0x00, 0x80,
    0xbe, 0x07, 0x00, 0x81, 0xbe, 0x00, 0x02, 0x08, 0xf4, 0xa0, 0x00, 0x00, 0xf8, 0xff, 0x00, 0x02, 0x36, 0xff, 0x03,
    0x00, 0x00, 0x00, 0x00, 0x10, 0xd6, 0x00, 0x15, 0x29, 0x02, 0x12, 0x01, 0x87, 0xbf, 0x04, 0x00, 0x46, 0xd6, 0x03,
    0x06, 0x05, 0x04, 0x06, 0x00, 0x46, 0xd6, 0x04, 0x06, 0x01, 0x04, 0x07, 0xfc, 0x89, 0xbf, 0x12, 0x01, 0x87, 0xbf,
    0x02, 0x00, 0x4e, 0xd4, 0x09, 0x08, 0x02, 0x00, 0x0a, 0x0c, 0x9c, 0x7c, 0x02, 0x6a, 0xea, 0x8b, 0x09, 0x00, 0x87,
    0xbf, 0x6a, 0x21, 0x82, 0xbe, 0x04, 0x01, 0xa5, 0xbf, 0x00, 0x03, 0x0c, 0xf4, 0x40, 0x00, 0x00, 0xf8, 0x00, 0x05,
    0x0c, 0xf4, 0x60, 0x00, 0x00, 0xf8, 0x00, 0x07, 0x0c, 0xf4, 0x80, 0x00, 0x00, 0xf8, 0x07, 0xfc, 0x89, 0xbf, 0x85,
    0x01, 0x00, 0xf0, 0x04, 0x00, 0x03, 0x00, 0x06, 0x00, 0x00, 0x00, 0x85, 0x01, 0x00, 0xf0, 0x04, 0x01, 0x05, 0x00,
    0x06, 0x00, 0x00, 0x00, 0x85, 0x01, 0x00, 0xf0, 0x04, 0x02, 0x07, 0x00, 0x06, 0x00, 0x00, 0x00, 0xf7, 0x0b, 0x89,
    0xbf, 0x81, 0x00, 0x06, 0x36, 0x82, 0x00, 0x00, 0x36, 0xf7, 0x03, 0x89, 0xbf, 0x80, 0x04, 0x86, 0x7c, 0x93, 0x01,
    0x87, 0xbf, 0x04, 0x00, 0x45, 0xd4, 0x03, 0x01, 0x01, 0x00, 0x06, 0x00, 0x45, 0xd4, 0x00, 0x01, 0x01, 0x00, 0xff,
    0x02, 0x0a, 0x36, 0x00, 0x80, 0x00, 0x00, 0xff, 0x04, 0x00, 0x36, 0x00, 0x80, 0x00, 0x00, 0x28, 0x00, 0x46, 0xd4,
    0x01, 0x01, 0x01, 0x00, 0x93, 0x01, 0x87, 0xbf, 0x24, 0x00, 0x42, 0xd4, 0x05, 0x01, 0x01, 0x00, 0x26, 0x00, 0x42,
    0xd4, 0x00, 0x01, 0x01, 0x00, 0x90, 0x02, 0x10, 0x32, 0x90, 0x04, 0x0a, 0x32, 0x01, 0xd7, 0x00, 0x7e, 0x02, 0xd7,
    0x06, 0x7e, 0x04, 0x28, 0xa8, 0x8b, 0x06, 0x6a, 0xaa, 0x8b, 0x04, 0x24, 0x84, 0x8b, 0x06, 0x26, 0x86, 0x8b, 0x28,
    0x2a, 0xac, 0x8c, 0x04, 0x06, 0xea, 0x8c, 0x99, 0x04, 0x87, 0xbf, 0x2c, 0x6a, 0xea, 0x8c, 0x6a, 0x21, 0xa4, 0xbe,
    0xb8, 0x00, 0xa5, 0xbf, 0x08, 0x81, 0x8b, 0x8a, 0x81, 0x08, 0x27, 0x84, 0x0b, 0x81, 0x26, 0x84, 0x0b, 0xc2, 0x0b,
    0x87, 0xff, 0xff, 0x26, 0xb8, 0xc1, 0x08, 0x08, 0x84, 0x0b, 0x0c, 0x16, 0x4a, 0x08, 0x0c, 0x06, 0x4a, 0x27, 0x0c,
    0x0e, 0x4a, 0x09, 0x00, 0x55, 0xd6, 0x26, 0x0c, 0x0a, 0x02, 0x08, 0x08, 0x00, 0x4a, 0x0a, 0x00, 0x55, 0xd6, 0x26,
    0x08, 0x0a, 0x02, 0x09, 0x08, 0x1c, 0x22, 0x0d, 0x00, 0x64, 0xd6, 0x0b, 0x01, 0x29, 0x00, 0x0a, 0x0c, 0x18, 0x22,
    0x09, 0x00, 0x64, 0xd6, 0x09, 0x01, 0x29, 0x00, 0x10, 0x00, 0x64, 0xd6, 0x07, 0x01, 0x29, 0x00, 0x11, 0x00, 0x64,
    0xd6, 0x03, 0x01, 0x29, 0x00, 0x27, 0x08, 0x0a, 0x4a, 0x0b, 0x08, 0x10, 0x4a, 0x0a, 0x00, 0x64, 0xd6, 0x0a, 0x01,
    0x25, 0x00, 0x0b, 0x00, 0x64, 0xd6, 0x00, 0x01, 0x25, 0x00, 0x03, 0x00, 0x87, 0xbf, 0x08, 0x00, 0x64, 0xd6, 0x08,
    0x01, 0x25, 0x00, 0x0f, 0x00, 0x64, 0xd6, 0x05, 0x01, 0x25, 0x00, 0x03, 0x00, 0x85, 0xbf, 0x85, 0x01, 0x00, 0xf0,
    0x0b, 0x0b, 0x03, 0x00, 0x0c, 0x00, 0x00, 0x00, 0x85, 0x01, 0x00, 0xf0, 0x0f, 0x0f, 0x03, 0x00, 0x0c, 0x00, 0x00,
    0x00, 0x85, 0x01, 0x00, 0xf0, 0x0e, 0x10, 0x03, 0x00, 0x10, 0x00, 0x00, 0x00, 0x85, 0x01, 0x00, 0xf0, 0x0e, 0x11,
    0x03, 0x00, 0x11, 0x00, 0x00, 0x00, 0x03, 0x00, 0x85, 0xbf, 0x85, 0x01, 0x00, 0xf0, 0x0e, 0x0d, 0x07, 0x00, 0x0d,
    0x00, 0x00, 0x00, 0x85, 0x01, 0x00, 0xf0, 0x0e, 0x09, 0x07, 0x00, 0x09, 0x00, 0x00, 0x00, 0x85, 0x01, 0x00, 0xf0,
    0x04, 0x0e, 0x07, 0x00, 0x07, 0x00, 0x00, 0x00, 0x85, 0x01, 0x00, 0xf0, 0x04, 0x13, 0x07, 0x00, 0x03, 0x00, 0x00,
    0x00, 0x03, 0x00, 0x85, 0xbf, 0x85, 0x01, 0x00, 0xf0, 0x0a, 0x0a, 0x05, 0x00, 0x0c, 0x00, 0x00, 0x00, 0x85, 0x01,
    0x00, 0xf0, 0x08, 0x08, 0x05, 0x00, 0x0c, 0x00, 0x00, 0x00, 0x85, 0x01, 0x00, 0xf0, 0x00, 0x0c, 0x05, 0x00, 0x06,
    0x00, 0x00, 0x00, 0x85, 0x01, 0x00, 0xf0, 0x05, 0x12, 0x05, 0x00, 0x06, 0x00, 0x00, 0x00, 0x90, 0x04, 0x2a, 0x32,
    0x02, 0xd7, 0x04, 0x7e, 0x90, 0x02, 0x28, 0x32, 0x01, 0xd7, 0x02, 0x7e, 0xb2, 0x00, 0x87, 0xbf, 0xff, 0x28, 0x2e,
    0x38, 0x00, 0x80, 0x00, 0x00, 0xf7, 0x2f, 0x89, 0xbf, 0x81, 0x16, 0x16, 0x36, 0x14, 0x00, 0x42, 0xd4, 0x0b, 0x01,
    0x01, 0x00, 0x0a, 0x06, 0x16, 0x26, 0xf7, 0x1f, 0x89, 0xbf, 0x0e, 0x00, 0x41, 0xd4, 0x0d, 0x01, 0x01, 0x00, 0x0a,
    0x0e, 0x1a, 0x26, 0xf7, 0x17, 0x89, 0xbf, 0x0e, 0x00, 0x10, 0xd6, 0x0e, 0x21, 0x3d, 0x02, 0xf7, 0x0f, 0x89, 0xbf,
    0x0c, 0x00, 0x41, 0xd4, 0x0a, 0x01, 0x01, 0x00, 0x82, 0x20, 0x14, 0x36, 0x44, 0x02, 0x87, 0xbf, 0x12, 0x00, 0x45,
    0xd4, 0x07, 0x1b, 0x02, 0x00, 0xff, 0x26, 0x0e, 0x36, 0xff, 0x7f, 0x00, 0x00, 0xf7, 0x07, 0x89, 0xbf, 0x0c, 0x00,
    0x10, 0xd6, 0x0c, 0x21, 0x3d, 0x02, 0x10, 0x00, 0x42, 0xd4, 0x0a, 0x01, 0x01, 0x00, 0x09, 0x00, 0x14, 0x26, 0x14,
    0x02, 0x87, 0xbf, 0x27, 0x0e, 0x1a, 0x4a, 0x27, 0x18, 0x2c, 0x4a, 0xf7, 0x03, 0x89, 0xbf, 0xff, 0x24, 0x18, 0x36,
    0xff, 0x7f, 0x00, 0x00, 0x04, 0x00, 0x87, 0xbf, 0x80, 0x14, 0x0e, 0x4c, 0x80, 0x16, 0x14, 0x4c, 0x0b, 0x00, 0x01,
    0xd5, 0x02, 0x1b, 0x1a, 0x00, 0xff, 0x04, 0x1a, 0x38, 0x00, 0x80, 0x00, 0x00, 0x80, 0x06, 0x20, 0x4c, 0xff, 0x12,
    0x06, 0x36, 0x00, 0x80, 0x00, 0x00, 0x12, 0x00, 0x01, 0xd5, 0x14, 0x2d, 0xa2, 0x00, 0x27, 0x18, 0x2c, 0x4a, 0x09,
    0x00, 0x01, 0xd5, 0x02, 0x1b, 0x1a, 0x00, 0x54, 0x02, 0x87, 0xbf, 0x0a, 0x00, 0x45, 0xd4, 0x03, 0x01, 0x01, 0x00,
    0x82, 0x22, 0x04, 0x36, 0xff, 0x02, 0x06, 0x38, 0x00, 0x80, 0x00, 0x00, 0x0c, 0x00, 0x01, 0xd5, 0x01, 0x2d, 0x12,
    0x00, 0xff, 0x10, 0x10, 0x36, 0x00, 0x80, 0x00, 0x00, 0x16, 0x00, 0x42, 0xd4, 0x02, 0x01, 0x01, 0x00, 0xc4, 0x01,
    0x87, 0xbf, 0x02, 0x00, 0x01, 0xd5, 0x01, 0x07, 0x12, 0x00, 0x81, 0x1e, 0x02, 0x36, 0x09, 0x0a, 0x06, 0x26, 0x04,
    0x00, 0x45, 0xd4, 0x08, 0x01, 0x01, 0x00, 0x08, 0x00, 0x42, 0xd4, 0x01, 0x01, 0x01, 0x00, 0xd3, 0x01, 0x87, 0xbf,
    0x18, 0x00, 0x45, 0xd4, 0x05, 0x07, 0x02, 0x00, 0x06, 0x00, 0x45, 0xd4, 0x10, 0x15, 0x02, 0x00, 0x27, 0x1c, 0x1c,
    0x4a, 0xff, 0x2a, 0x2c, 0x38, 0x00, 0x80, 0x00, 0x00, 0x80, 0x00, 0x00, 0x4c, 0x0e, 0x00, 0x01, 0xd5, 0x15, 0x1d,
    0xaa, 0x00, 0x14, 0x00, 0x01, 0xd5, 0x14, 0x2f, 0xa2, 0x00, 0x14, 0x02, 0x87, 0xbf, 0x15, 0x00, 0x01, 0xd5, 0x15,
    0x2d, 0xaa, 0x00, 0x00, 0x0f, 0x8a, 0x7c, 0x0c, 0x14, 0x8c, 0x8c, 0x04, 0x08, 0x84, 0x8c, 0x0e, 0x10, 0x88, 0x8c,
    0x0a, 0x16, 0x8a, 0x8c, 0x04, 0x18, 0x84, 0x8c, 0x08, 0x12, 0x88, 0x8c, 0x0c, 0x6a, 0x8c, 0x8c, 0x0a, 0x06, 0xea,
    0x8c, 0x19, 0x02, 0x87, 0xbf, 0x0b, 0x13, 0x06, 0x02, 0x08, 0x00, 0x01, 0xd5, 0x12, 0x29, 0x32, 0x00, 0x04, 0x00,
    0x87, 0xbf, 0x05, 0x00, 0x01, 0xd5, 0x0e, 0x2b, 0x22, 0x00, 0x00, 0x00, 0x01, 0xd5, 0x0c, 0x05, 0x12, 0x00, 0x24,
    0x01, 0xfe, 0xbe, 0x00, 0x01, 0x0c, 0xf4, 0x00, 0x00, 0x00, 0xf8, 0x00, 0x03, 0x0c, 0xf4, 0x20, 0x00, 0x00, 0xf8,
    0x00, 0x00, 0x44, 0xd6, 0x08, 0x01, 0xfe, 0x03, 0x00, 0x01, 0x04, 0x05, 0x07, 0x00, 0x44, 0xd6, 0x05, 0x07, 0xfe,
    0x03, 0x00, 0x01, 0x04, 0x05, 0x32, 0x02, 0x87, 0xbf, 0x00, 0x03, 0x02, 0x7e, 0x00, 0x03, 0x04, 0x7e, 0x00, 0x03,
    0x06, 0x7e, 0x07, 0x03, 0x10, 0x7e, 0x07, 0x03, 0x12, 0x7e, 0x07, 0x03, 0x14, 0x7e, 0x07, 0xfc, 0x89, 0xbf, 0x85,
    0x4f, 0x18, 0xf0, 0x04, 0x00, 0x01, 0x00, 0x06, 0x00, 0x00, 0x00, 0x85, 0x4f, 0x18, 0xf0, 0x04, 0x07, 0x03, 0x00,
    0x06, 0x00, 0x00, 0x00, 0x00, 0x00, 0x80, 0xbf, 0x03, 0x00, 0xb6, 0xbf, 0x00, 0x00, 0xb0, 0xbf, 0x00, 0x00, 0x9f,
    0xbf, 0x00, 0x00, 0x9f, 0xbf, 0x00, 0x00, 0x9f, 0xbf, 0x00, 0x00, 0x9f, 0xbf, 0x00, 0x00, 0x9f, 0xbf, 0x00, 0x00,
    0x9f, 0xbf, 0x00, 0x00, 0x9f, 0xbf, 0x00, 0x00, 0x9f, 0xbf, 0x00, 0x00, 0x9f, 0xbf, 0x00, 0x00, 0x9f, 0xbf, 0x00,
    0x00, 0x9f, 0xbf, 0x00, 0x00, 0x9f, 0xbf, 0x00, 0x00, 0x9f, 0xbf, 0x00, 0x00, 0x9f, 0xbf, 0x00, 0x00, 0x9f, 0xbf,
    0x00, 0x00, 0x9f, 0xbf, 0x00, 0x00, 0x9f, 0xbf, 0x00, 0x00, 0x9f, 0xbf, 0x00, 0x00, 0x9f, 0xbf, 0x00, 0x00, 0x9f,
    0xbf, 0x00, 0x00, 0x9f, 0xbf, 0x00, 0x00, 0x9f, 0xbf, 0x00, 0x00, 0x9f, 0xbf, 0x00, 0x00, 0x9f, 0xbf, 0x00, 0x00,
    0x9f, 0xbf, 0x00, 0x00, 0x9f, 0xbf, 0x00, 0x00, 0x9f, 0xbf, 0x00, 0x00, 0x9f, 0xbf, 0x00, 0x00, 0x9f, 0xbf, 0x00,
    0x00, 0x9f, 0xbf, 0x00, 0x00, 0x9f, 0xbf, 0x00, 0x00, 0x9f, 0xbf, 0x00, 0x00, 0x9f, 0xbf, 0x00, 0x00, 0x9f, 0xbf,
    0x00, 0x00, 0x9f, 0xbf, 0x00, 0x00, 0x9f, 0xbf, 0x00, 0x00, 0x9f, 0xbf, 0x00, 0x00, 0x9f, 0xbf, 0x00, 0x00, 0x9f,
    0xbf, 0x00, 0x00, 0x9f, 0xbf, 0x00, 0x00, 0x9f, 0xbf, 0x00, 0x00, 0x9f, 0xbf, 0x00, 0x00, 0x9f, 0xbf, 0x00, 0x00,
    0x9f, 0xbf, 0x00, 0x00, 0x9f, 0xbf, 0x00, 0x00, 0x9f, 0xbf, 0x00, 0x00, 0x9f, 0xbf, 0x00, 0x00, 0x9f, 0xbf, 0x00,
    0x00, 0x9f, 0xbf, 0x00, 0x00, 0x9f, 0xbf, 0x00, 0x00, 0x9f, 0xbf, 0x00, 0x00, 0x9f, 0xbf, 0x00, 0x00, 0x9f, 0xbf,
    0x00, 0x00, 0x9f, 0xbf, 0x00, 0x00, 0x9f, 0xbf, 0x00, 0x00, 0x9f, 0xbf, 0x00, 0x00, 0x9f, 0xbf, 0x00, 0x00, 0x9f,
    0xbf, 0x00, 0x00, 0x9f, 0xbf, 0x00, 0x00, 0x9f, 0xbf, 0x00, 0x00, 0x9f, 0xbf, 0x00, 0x00, 0x9f, 0xbf, 0x00, 0x00,
    0x9f, 0xbf, 0x00, 0x00, 0x9f, 0xbf, 0x00, 0x00, 0x00, 0x00, 0x00, 0x00, 0x10, 0x00, 0x00, 0x00, 0x00, 0x00, 0xac,
    0xdf, 0x03, 0x10, 0x47, 0x65, 0x6e, 0x65, 0x72, 0x61, 0x74, 0x65, 0x64, 0x20, 0x62, 0x79, 0x20, 0x74, 0x68, 0x65,
    0x20, 0x41, 0x64, 0x76, 0x61, 0x6e, 0x63, 0x65, 0x64, 0x20, 0x4d, 0x69, 0x63, 0x72, 0x6f, 0x20, 0x44, 0x65, 0x76,
    0x69, 0x63, 0x65, 0x73, 0x2c, 0x20, 0x49, 0x6e, 0x63, 0x2e, 0x2c, 0x20, 0x50, 0x72, 0x6f, 0x70, 0x72, 0x69, 0x65,
    0x74, 0x61, 0x72, 0x79, 0x20, 0x47, 0x50, 0x55, 0x20, 0x53, 0x68, 0x61, 0x64, 0x65, 0x72, 0x20, 0x43, 0x6f, 0x6d,
    0x70, 0x69, 0x6c, 0x65, 0x72, 0x2e, 0x00, 0x00, 0x5f, 0x61, 0x6d, 0x64, 0x67, 0x70, 0x75, 0x5f, 0x63, 0x73, 0x5f,
    0x6d, 0x61, 0x69, 0x6e, 0x00, 0x5f, 0x61, 0x6d, 0x64, 0x67, 0x70, 0x75, 0x5f, 0x63, 0x73, 0x5f, 0x73, 0x68, 0x64,
    0x72, 0x5f, 0x69, 0x6e, 0x74, 0x72, 0x6c, 0x5f, 0x74, 0x62, 0x6c, 0x00, 0x00, 0x00, 0x00, 0x00, 0x00, 0x00, 0x00,
    0x00, 0x00, 0x00, 0x00, 0x00, 0x00, 0x00, 0x00, 0x00, 0x00, 0x00, 0x00, 0x00, 0x00, 0x00, 0x00, 0x00, 0x01, 0x00,
    0x00, 0x00, 0x12, 0x00, 0x02, 0x00, 0x00, 0x00, 0x00, 0x00, 0x00, 0x00, 0x00, 0x00, 0x80, 0x05, 0x00, 0x00, 0x00,
    0x00, 0x00, 0x00, 0x11, 0x00, 0x00, 0x00, 0x11, 0x00, 0x03, 0x00, 0x00, 0x00, 0x00, 0x00, 0x00, 0x00, 0x00, 0x00,
    0x10, 0x00, 0x00, 0x00, 0x00, 0x00, 0x00, 0x00, 0x07, 0x00, 0x00, 0x00, 0x17, 0x04, 0x00, 0x00, 0x20, 0x00, 0x00,
    0x00, 0x41, 0x4d, 0x44, 0x47, 0x50, 0x55, 0x00, 0x00, 0x82, 0xae, 0x61, 0x6d, 0x64, 0x70, 0x61, 0x6c, 0x2e, 0x76,
    0x65, 0x72, 0x73, 0x69, 0x6f, 0x6e, 0x92, 0x03, 0x06, 0xb0, 0x61, 0x6d, 0x64, 0x70, 0x61, 0x6c, 0x2e, 0x70, 0x69,
    0x70, 0x65, 0x6c, 0x69, 0x6e, 0x65, 0x73, 0x91, 0x8b, 0xa5, 0x2e, 0x74, 0x79, 0x70, 0x65, 0xa2, 0x43, 0x73, 0xae,
    0x2e, 0x72, 0x65, 0x73, 0x6f, 0x75, 0x72, 0x63, 0x65, 0x5f, 0x68, 0x61, 0x73, 0x68, 0xcf, 0x9e, 0xbd, 0xe0, 0x73,
    0x00, 0x98, 0xf3, 0x1e, 0xb0, 0x2e, 0x73, 0x70, 0x69, 0x6c, 0x6c, 0x5f, 0x74, 0x68, 0x72, 0x65, 0x73, 0x68, 0x6f,
    0x6c, 0x64, 0xcd, 0xff, 0xff, 0xb0, 0x2e, 0x75, 0x73, 0x65, 0x72, 0x5f, 0x64, 0x61, 0x74, 0x61, 0x5f, 0x6c, 0x69,
    0x6d, 0x69, 0x74, 0x01, 0xa8, 0x2e, 0x73, 0x68, 0x61, 0x64, 0x65, 0x72, 0x73, 0x81, 0xa8, 0x2e, 0x63, 0x6f, 0x6d,
    0x70, 0x75, 0x74, 0x65, 0x83, 0xb0, 0x2e, 0x61, 0x70, 0x69, 0x5f, 0x73, 0x68, 0x61, 0x64, 0x65, 0x72, 0x5f, 0x68,
    0x61, 0x73, 0x68, 0x92, 0xcf, 0xf6, 0xce, 0xcd, 0x8e, 0xdc, 0x35, 0x82, 0xda, 0xcf, 0x58, 0xef, 0x69, 0x13, 0xf5,
    0xcc, 0x01, 0xd9, 0xb1, 0x2e, 0x68, 0x61, 0x72, 0x64, 0x77, 0x61, 0x72, 0x65, 0x5f, 0x6d, 0x61, 0x70, 0x70, 0x69,
    0x6e, 0x67, 0x91, 0xa3, 0x2e, 0x63, 0x73, 0xaf, 0x2e, 0x73, 0x68, 0x61, 0x64, 0x65, 0x72, 0x5f, 0x73, 0x75, 0x62,
    0x74, 0x79, 0x70, 0x65, 0xa7, 0x55, 0x6e, 0x6b, 0x6e, 0x6f, 0x77, 0x6e, 0xb0, 0x2e, 0x68, 0x61, 0x72, 0x64, 0x77,
    0x61, 0x72, 0x65, 0x5f, 0x73, 0x74, 0x61, 0x67, 0x65, 0x73, 0x81, 0xa3, 0x2e, 0x63, 0x73, 0xde, 0x00, 0x1b, 0xb3,
    0x2e, 0x65, 0x6e, 0x74, 0x72, 0x79, 0x5f, 0x70, 0x6f, 0x69, 0x6e, 0x74, 0x5f, 0x73, 0x79, 0x6d, 0x62, 0x6f, 0x6c,
    0xaf, 0x5f, 0x61, 0x6d, 0x64, 0x67, 0x70, 0x75, 0x5f, 0x63, 0x73, 0x5f, 0x6d, 0x61, 0x69, 0x6e, 0xab, 0x2e, 0x73,
    0x67, 0x70, 0x72, 0x5f, 0x63, 0x6f, 0x75, 0x6e, 0x74, 0x2e, 0xab, 0x2e, 0x76, 0x67, 0x70, 0x72, 0x5f, 0x63, 0x6f,
    0x75, 0x6e, 0x74, 0x18, 0xa9, 0x2e, 0x6c, 0x64, 0x73, 0x5f, 0x73, 0x69, 0x7a, 0x65, 0x00, 0xb4, 0x2e, 0x73, 0x63,
    0x72, 0x61, 0x74, 0x63, 0x68, 0x5f, 0x6d, 0x65, 0x6d, 0x6f, 0x72, 0x79, 0x5f, 0x73, 0x69, 0x7a, 0x65, 0x00, 0xb4,
    0x2e, 0x66, 0x72, 0x6f, 0x6e, 0x74, 0x65, 0x6e, 0x64, 0x5f, 0x73, 0x74, 0x61, 0x63, 0x6b, 0x5f, 0x73, 0x69, 0x7a,
    0x65, 0x00, 0xb3, 0x2e, 0x62, 0x61, 0x63, 0x6b, 0x65, 0x6e, 0x64, 0x5f, 0x73, 0x74, 0x61, 0x63, 0x6b, 0x5f, 0x73,
    0x69, 0x7a, 0x65, 0x00, 0xb6, 0x2e, 0x70, 0x65, 0x72, 0x66, 0x5f, 0x64, 0x61, 0x74, 0x61, 0x5f, 0x62, 0x75, 0x66,
    0x66, 0x65, 0x72, 0x5f, 0x73, 0x69, 0x7a, 0x65, 0x00, 0xaa, 0x2e, 0x75, 0x73, 0x65, 0x73, 0x5f, 0x75, 0x61, 0x76,
    0x73, 0xc3, 0xac, 0x2e, 0x77, 0x72, 0x69, 0x74, 0x65, 0x73, 0x5f, 0x75, 0x61, 0x76, 0x73, 0xc3, 0xb4, 0x2e, 0x75,
    0x73, 0x65, 0x73, 0x5f, 0x61, 0x70, 0x70, 0x65, 0x6e, 0x64, 0x5f, 0x63, 0x6f, 0x6e, 0x73, 0x75, 0x6d, 0x65, 0xc2,
    0xaf, 0x2e, 0x77, 0x61, 0x76, 0x65, 0x66, 0x72, 0x6f, 0x6e, 0x74, 0x5f, 0x73, 0x69, 0x7a, 0x65, 0x40, 0xb2, 0x2e,
    0x75, 0x73, 0x65, 0x72, 0x5f, 0x64, 0x61, 0x74, 0x61, 0x5f, 0x72, 0x65, 0x67, 0x5f, 0x6d, 0x61, 0x70, 0xdc, 0x00,
    0x20, 0xce, 0xff, 0xff, 0xff, 0xff, 0xce, 0xff, 0xff, 0xff, 0xff, 0x00, 0xce, 0xff, 0xff, 0xff, 0xff, 0xce, 0xff,
    0xff, 0xff, 0xff, 0xce, 0xff, 0xff, 0xff, 0xff, 0xce, 0xff, 0xff, 0xff, 0xff, 0xce, 0xff, 0xff, 0xff, 0xff, 0xce,
    0xff, 0xff, 0xff, 0xff, 0xce, 0xff, 0xff, 0xff, 0xff, 0xce, 0xff, 0xff, 0xff, 0xff, 0xce, 0xff, 0xff, 0xff, 0xff,
    0xce, 0xff, 0xff, 0xff, 0xff, 0xce, 0xff, 0xff, 0xff, 0xff, 0xce, 0xff, 0xff, 0xff, 0xff, 0xce, 0xff, 0xff, 0xff,
    0xff, 0xce, 0xff, 0xff, 0xff, 0xff, 0xce, 0xff, 0xff, 0xff, 0xff, 0xce, 0xff, 0xff, 0xff, 0xff, 0xce, 0xff, 0xff,
    0xff, 0xff, 0xce, 0xff, 0xff, 0xff, 0xff, 0xce, 0xff, 0xff, 0xff, 0xff, 0xce, 0xff, 0xff, 0xff, 0xff, 0xce, 0xff,
    0xff, 0xff, 0xff, 0xce, 0xff, 0xff, 0xff, 0xff, 0xce, 0xff, 0xff, 0xff, 0xff, 0xce, 0xff, 0xff, 0xff, 0xff, 0xce,
    0xff, 0xff, 0xff, 0xff, 0xce, 0xff, 0xff, 0xff, 0xff, 0xce, 0xff, 0xff, 0xff, 0xff, 0xce, 0xff, 0xff, 0xff, 0xff,
    0xce, 0xff, 0xff, 0xff, 0xff, 0xb7, 0x2e, 0x74, 0x68, 0x72, 0x65, 0x61, 0x64, 0x67, 0x72, 0x6f, 0x75, 0x70, 0x5f,
    0x64, 0x69, 0x6d, 0x65, 0x6e, 0x73, 0x69, 0x6f, 0x6e, 0x73, 0x93, 0x08, 0x08, 0x01, 0xab, 0x2e, 0x66, 0x6c, 0x6f,
    0x61, 0x74, 0x5f, 0x6d, 0x6f, 0x64, 0x65, 0xcc, 0xc0, 0xae, 0x2e, 0x66, 0x70, 0x31, 0x36, 0x5f, 0x6f, 0x76, 0x65,
    0x72, 0x66, 0x6c, 0x6f, 0x77, 0xc2, 0xaa, 0x2e, 0x69, 0x65, 0x65, 0x65, 0x5f, 0x6d, 0x6f, 0x64, 0x65, 0xc2, 0xa9,
    0x2e, 0x77, 0x67, 0x70, 0x5f, 0x6d, 0x6f, 0x64, 0x65, 0xc2, 0xac, 0x2e, 0x6d, 0x65, 0x6d, 0x5f, 0x6f, 0x72, 0x64,
    0x65, 0x72, 0x65, 0x64, 0xc2, 0xb1, 0x2e, 0x66, 0x6f, 0x72, 0x77, 0x61, 0x72, 0x64, 0x5f, 0x70, 0x72, 0x6f, 0x67,
    0x72, 0x65, 0x73, 0x73, 0xc2, 0xab, 0x2e, 0x75, 0x73, 0x65, 0x72, 0x5f, 0x73, 0x67, 0x70, 0x72, 0x73, 0x03, 0xa8,
    0x2e, 0x65, 0x78, 0x63, 0x70, 0x5f, 0x65, 0x6e, 0x00, 0xab, 0x2e, 0x73, 0x63, 0x72, 0x61, 0x74, 0x63, 0x68, 0x5f,
    0x65, 0x6e, 0xc2, 0xad, 0x2e, 0x74, 0x72, 0x61, 0x70, 0x5f, 0x70, 0x72, 0x65, 0x73, 0x65, 0x6e, 0x74, 0xc2, 0xb0,
    0x2e, 0x73, 0x68, 0x61, 0x72, 0x65, 0x64, 0x5f, 0x76, 0x67, 0x70, 0x72, 0x5f, 0x63, 0x6e, 0x74, 0x00, 0xad, 0x2e,
    0x77, 0x61, 0x76, 0x65, 0x73, 0x5f, 0x70, 0x65, 0x72, 0x5f, 0x73, 0x65, 0x00, 0xaf, 0x2e, 0x63, 0x68, 0x65, 0x63,
    0x6b, 0x73, 0x75, 0x6d, 0x5f, 0x76, 0x61, 0x6c, 0x75, 0x65, 0xce, 0x87, 0xd8, 0x27, 0x9e, 0xaa, 0x2e, 0x72, 0x65,
    0x67, 0x69, 0x73, 0x74, 0x65, 0x72, 0x73, 0x81, 0xcd, 0x2e, 0x42, 0x00, 0xa5, 0x2e, 0x6e, 0x61, 0x6d, 0x65, 0xb5,
    0x4d, 0x6c, 0x61, 0x61, 0x43, 0x61, 0x6c, 0x63, 0x53, 0x65, 0x70, 0x45, 0x64, 0x67, 0x65, 0x4c, 0x65, 0x6e, 0x67,
    0x74, 0x68, 0xb7, 0x2e, 0x69, 0x6e, 0x74, 0x65, 0x72, 0x6e, 0x61, 0x6c, 0x5f, 0x70, 0x69, 0x70, 0x65, 0x6c, 0x69,
    0x6e, 0x65, 0x5f, 0x68, 0x61, 0x73, 0x68, 0x92, 0xcf, 0xbf, 0xd3, 0x85, 0x98, 0x87, 0xd1, 0x19, 0x25, 0xcf, 0xea,
    0xd3, 0x96, 0xc8, 0xad, 0xd5, 0xee, 0x00, 0xb2, 0x2e, 0x63, 0x6f, 0x6d, 0x70, 0x75, 0x74, 0x65, 0x5f, 0x72, 0x65,
    0x67, 0x69, 0x73, 0x74, 0x65, 0x72, 0x73, 0x85, 0xaf, 0x2e, 0x74, 0x69, 0x64, 0x69, 0x67, 0x5f, 0x63, 0x6f, 0x6d,
    0x70, 0x5f, 0x63, 0x6e, 0x74, 0x01, 0xaa, 0x2e, 0x74, 0x67, 0x69, 0x64, 0x5f, 0x78, 0x5f, 0x65, 0x6e, 0xc3, 0xaa,
    0x2e, 0x74, 0x67, 0x69, 0x64, 0x5f, 0x79, 0x5f, 0x65, 0x6e, 0xc3, 0xaa, 0x2e, 0x74, 0x67, 0x69, 0x64, 0x5f, 0x7a,
    0x5f, 0x65, 0x6e, 0xc2, 0xab, 0x2e, 0x74, 0x67, 0x5f, 0x73, 0x69, 0x7a, 0x65, 0x5f, 0x65, 0x6e, 0xc2, 0xa4, 0x2e,
    0x61, 0x70, 0x69, 0xa7, 0x73, 0x63, 0x70, 0x63, 0x42, 0x6c, 0x64, 0x00, 0x00, 0x00, 0x00, 0x00, 0x00, 0x00, 0x00,
    0x00, 0x00, 0x00, 0x00, 0x00, 0x00, 0x00, 0x00, 0x00, 0x00, 0x00, 0x00, 0x00, 0x00, 0x00, 0x00, 0x00, 0x00, 0x00,
    0x00, 0x00, 0x00, 0x00, 0x00, 0x00, 0x00, 0x00, 0x00, 0x00, 0x00, 0x00, 0x00, 0x00, 0x00, 0x00, 0x00, 0x00, 0x00,
    0x00, 0x00, 0x00, 0x00, 0x00, 0x00, 0x00, 0x00, 0x00, 0x00, 0x00, 0x00, 0x00, 0x00, 0x00, 0x00, 0x00, 0x00, 0x00,
    0x00, 0x00, 0x00, 0x01, 0x00, 0x00, 0x00, 0x03, 0x00, 0x00, 0x00, 0x00, 0x00, 0x00, 0x00, 0x00, 0x00, 0x00, 0x00,
    0x00, 0x00, 0x00, 0x00, 0x00, 0x00, 0x00, 0x00, 0x40, 0x00, 0x00, 0x00, 0x00, 0x00, 0x00, 0x00, 0x36, 0x00, 0x00,
    0x00, 0x00, 0x00, 0x00, 0x00, 0x00, 0x00, 0x00, 0x00, 0x00, 0x00, 0x00, 0x00, 0x00, 0x00, 0x00, 0x00, 0x00, 0x00,
    0x00, 0x00, 0x00, 0x00, 0x00, 0x00, 0x00, 0x00, 0x00, 0x00, 0x0b, 0x00, 0x00, 0x00, 0x01, 0x00, 0x00, 0x00, 0x06,
    0x00, 0x00, 0x00, 0x00, 0x00, 0x00, 0x00, 0x00, 0x00, 0x00, 0x00, 0x00, 0x00, 0x00, 0x00, 0x76, 0x00, 0x00, 0x00,
    0x00, 0x00, 0x00, 0x00, 0x80, 0x05, 0x00, 0x00, 0x00, 0x00, 0x00, 0x00, 0x00, 0x00, 0x00, 0x00, 0x00, 0x00, 0x00,
    0x00, 0x00, 0x01, 0x00, 0x00, 0x00, 0x00, 0x00, 0x00, 0x00, 0x00, 0x00, 0x00, 0x00, 0x00, 0x00, 0x00, 0x11, 0x00,
    0x00, 0x00, 0x01, 0x00, 0x00, 0x00, 0x03, 0x00, 0x00, 0x00, 0x00, 0x00, 0x00, 0x00, 0x00, 0x00, 0x00, 0x00, 0x00,
    0x00, 0x00, 0x00, 0xf6, 0x05, 0x00, 0x00, 0x00, 0x00, 0x00, 0x00, 0x10, 0x00, 0x00, 0x00, 0x00, 0x00, 0x00, 0x00,
    0x00, 0x00, 0x00, 0x00, 0x00, 0x00, 0x00, 0x00, 0x20, 0x00, 0x00, 0x00, 0x00, 0x00, 0x00, 0x00, 0x00, 0x00, 0x00,
    0x00, 0x00, 0x00, 0x00, 0x00, 0x17, 0x00, 0x00, 0x00, 0x01, 0x00, 0x00, 0x00, 0x00, 0x00, 0x00, 0x00, 0x00, 0x00,
    0x00, 0x00, 0x00, 0x00, 0x00, 0x00, 0x00, 0x00, 0x00, 0x00, 0x06, 0x06, 0x00, 0x00, 0x00, 0x00, 0x00, 0x00, 0x50,
    0x00, 0x00, 0x00, 0x00, 0x00, 0x00, 0x00, 0x00, 0x00, 0x00, 0x00, 0x00, 0x00, 0x00, 0x00, 0x00, 0x00, 0x00, 0x00,
    0x00, 0x00, 0x00, 0x00, 0x00, 0x00, 0x00, 0x00, 0x00, 0x00, 0x00, 0x00, 0x20, 0x00, 0x00, 0x00, 0x03, 0x00, 0x00,
    0x00, 0x00, 0x00, 0x00, 0x00, 0x00, 0x00, 0x00, 0x00, 0x00, 0x00, 0x00, 0x00, 0x00, 0x00, 0x00, 0x00, 0x56, 0x06,
    0x00, 0x00, 0x00, 0x00, 0x00, 0x00, 0x2b, 0x00, 0x00, 0x00, 0x00, 0x00, 0x00, 0x00, 0x00, 0x00, 0x00, 0x00, 0x00,
    0x00, 0x00, 0x00, 0x00, 0x00, 0x00, 0x00, 0x00, 0x00, 0x00, 0x00, 0x00, 0x00, 0x00, 0x00, 0x00, 0x00, 0x00, 0x00,
    0x28, 0x00, 0x00, 0x00, 0x02, 0x00, 0x00, 0x00, 0x00, 0x00, 0x00, 0x00, 0x00, 0x00, 0x00, 0x00, 0x00, 0x00, 0x00,
    0x00, 0x00, 0x00, 0x00, 0x00, 0x81, 0x06, 0x00, 0x00, 0x00, 0x00, 0x00, 0x00, 0x48, 0x00, 0x00, 0x00, 0x00, 0x00,
    0x00, 0x00, 0x05, 0x00, 0x00, 0x00, 0x00, 0x00, 0x00, 0x00, 0x00, 0x00, 0x00, 0x00, 0x00, 0x00, 0x00, 0x00, 0x18,
    0x00, 0x00, 0x00, 0x00, 0x00, 0x00, 0x00, 0x30, 0x00, 0x00, 0x00, 0x07, 0x00, 0x00, 0x00, 0x00, 0x00, 0x00, 0x00,
    0x00, 0x00, 0x00, 0x00, 0x00, 0x00, 0x00, 0x00, 0x00, 0x00, 0x00, 0x00, 0xc9, 0x06, 0x00, 0x00, 0x00, 0x00, 0x00,
    0x00, 0x2c, 0x04, 0x00, 0x00, 0x00, 0x00, 0x00, 0x00, 0x00, 0x00, 0x00, 0x00, 0x00, 0x00, 0x00, 0x00, 0x00, 0x00,
    0x00, 0x00, 0x00, 0x00, 0x00, 0x00, 0x00, 0x00, 0x00, 0x00, 0x00, 0x00, 0x00, 0x00,
};

// Mlaa Calc Sep Edge Length Fast compute shader binary
inline constexpr Util::uint8 MlaaCalcSepEdgeLengthFast_Cs_F3CDD6F8[] =
{
    0x7f, 0x45, 0x4c, 0x46, 0x02, 0x01, 0x01, 0x41, 0x00, 0x00, 0x00, 0x00, 0x00, 0x00, 0x00, 0x00, 0x01, 0x00, 0xe0,
    0x00, 0x01, 0x00, 0x00, 0x00, 0x00, 0x00, 0x00, 0x00, 0x00, 0x00, 0x00, 0x00, 0x00, 0x00, 0x00, 0x00, 0x00, 0x00,
    0x00, 0x00, 0x2c, 0x0d, 0x00, 0x00, 0x00, 0x00, 0x00, 0x00, 0x41, 0x05, 0x00, 0x00, 0x40, 0x00, 0x00, 0x00, 0x00,
    0x00, 0x40, 0x00, 0x08, 0x00, 0x01, 0x00, 0x00, 0x2e, 0x73, 0x68, 0x73, 0x74, 0x72, 0x74, 0x61, 0x62, 0x00, 0x2e,
    0x74, 0x65, 0x78, 0x74, 0x00, 0x2e, 0x64, 0x61, 0x74, 0x61, 0x00, 0x2e, 0x63, 0x6f, 0x6d, 0x6d, 0x65, 0x6e, 0x74,
    0x00, 0x2e, 0x73, 0x74, 0x72, 0x74, 0x61, 0x62, 0x00, 0x2e, 0x73, 0x79, 0x6d, 0x74, 0x61, 0x62, 0x00, 0x2e, 0x6e,
    0x6f, 0x74, 0x65, 0x00, 0x06, 0x20, 0x80, 0xb0, 0x03, 0x00, 0xb5, 0xbf, 0x80, 0x47, 0x86, 0xbe, 0x03, 0x00, 0x84,
    0xbf, 0x02, 0x00, 0x80, 0xbe, 0x07, 0x00, 0x81, 0xbe, 0x80, 0x01, 0x04, 0xf4, 0x44, 0x00, 0x00, 0xf8, 0xff, 0x00,
    0x02, 0x36, 0xff, 0x03, 0x00, 0x00, 0x00, 0x00, 0x10, 0xd6, 0x00, 0x15, 0x29, 0x02, 0x12, 0x01, 0x87, 0xbf, 0x04,
    0x00, 0x46, 0xd6, 0x03, 0x06, 0x05, 0x04, 0x06, 0x00, 0x46, 0xd6, 0x04, 0x06, 0x01, 0x04, 0x07, 0xfc, 0x89, 0xbf,
    0x12, 0x01, 0x87, 0xbf, 0x02, 0x00, 0x4e, 0xd4, 0x06, 0x08, 0x02, 0x00, 0x07, 0x0c, 0x9c, 0x7c, 0x02, 0x6a, 0xea,
    0x8b, 0x09, 0x00, 0x87, 0xbf, 0x6a, 0x21, 0x82, 0xbe, 0x8e, 0x01, 0xa5, 0xbf, 0x00, 0x02, 0x0c, 0xf4, 0x20, 0x00,
    0x00, 0xf8, 0x06, 0x08, 0x00, 0x22, 0x07, 0x0c, 0x04, 0x22, 0x07, 0xfc, 0x89, 0xbf, 0x85, 0x01, 0x00, 0xf0, 0x00,
    0x00, 0x02, 0x00, 0x02, 0x00, 0x00, 0x00, 0xf7, 0x03, 0x89, 0xbf, 0x83, 0x00, 0x02, 0x36, 0x7e, 0x01, 0x84, 0xbe,
    0x01, 0x00, 0x87, 0xbf, 0x7e, 0x00, 0xcd, 0xd4, 0x01, 0x01, 0x01, 0x00, 0x63, 0x01, 0xa5, 0xbf, 0xc1, 0x08, 0x02,
    0x4a, 0x81, 0x08, 0x04, 0x4a, 0x81, 0x0c, 0x06, 0x4a, 0x93, 0x01, 0x87, 0xbf, 0x06, 0x02, 0x02, 0x26, 0x06, 0x04,
    0x04, 0x26, 0xc3, 0x01, 0x87, 0xbf, 0x07, 0x06, 0x06, 0x26, 0xc1, 0x0c, 0x0a, 0x4a, 0x07, 0x0c, 0x0e, 0x26, 0x06,
    0x08, 0x10, 0x26, 0x07, 0x0a, 0x14, 0x26, 0xc2, 0x08, 0x0a, 0x4a, 0x82, 0x08, 0x12, 0x4a, 0x82, 0x0c, 0x16, 0x4a,
    0x93, 0x01, 0x87, 0xbf, 0x06, 0x0a, 0x0a, 0x26, 0x06, 0x12, 0x12, 0x26, 0xa3, 0x00, 0x87, 0xbf, 0x07, 0x16, 0x16,
    0x26, 0xc2, 0x0c, 0x18, 0x4a, 0x07, 0x18, 0x1c, 0x26, 0xc3, 0x08, 0x18, 0x4a, 0x83, 0x08, 0x1a, 0x4a, 0x83, 0x0c,
    0x1e, 0x4a, 0x93, 0x01, 0x87, 0xbf, 0x06, 0x18, 0x18, 0x26, 0x06, 0x1a, 0x1a, 0x26, 0xa3, 0x00, 0x87, 0xbf, 0x07,
    0x1e, 0x1e, 0x26, 0xc3, 0x0c, 0x20, 0x4a, 0x07, 0x20, 0x24, 0x26, 0x0b, 0x00, 0x85, 0xbf, 0x85, 0x01, 0x00, 0xf0,
    0x01, 0x01, 0x02, 0x00, 0x07, 0x00, 0x00, 0x00, 0x85, 0x01, 0x00, 0xf0, 0x02, 0x02, 0x02, 0x00, 0x07, 0x00, 0x00,
    0x00, 0x85, 0x01, 0x00, 0xf0, 0x08, 0x03, 0x02, 0x00, 0x03, 0x00, 0x00, 0x00, 0x85, 0x01, 0x00, 0xf0, 0x08, 0x0a,
    0x02, 0x00, 0x0a, 0x00, 0x00, 0x00, 0x85, 0x01, 0x00, 0xf0, 0x05, 0x05, 0x02, 0x00, 0x07, 0x00, 0x00, 0x00, 0x85,
    0x01, 0x00, 0xf0, 0x09, 0x09, 0x02, 0x00, 0x07, 0x00, 0x00, 0x00, 0x85, 0x01, 0x00, 0xf0, 0x08, 0x0b, 0x02, 0x00,
    0x0b, 0x00, 0x00, 0x00, 0x85, 0x01, 0x00, 0xf0, 0x08, 0x0e, 0x02, 0x00, 0x0e, 0x00, 0x00, 0x00, 0x85, 0x01, 0x00,
    0xf0, 0x0c, 0x0c, 0x02, 0x00, 0x07, 0x00, 0x00, 0x00, 0x85, 0x01, 0x00, 0xf0, 0x0d, 0x0d, 0x02, 0x00, 0x07, 0x00,
    0x00, 0x00, 0x85, 0x01, 0x00, 0xf0, 0x08, 0x0f, 0x02, 0x00, 0x0f, 0x00, 0x00, 0x00, 0x85, 0x01, 0x00, 0xf0, 0x08,
    0x10, 0x02, 0x00, 0x12, 0x00, 0x00, 0x00, 0xc4, 0x08, 0x22, 0x4a, 0x84, 0x08, 0x24, 0x4a, 0x84, 0x0c, 0x26, 0x4a,
    0x93, 0x01, 0x87, 0xbf, 0x06, 0x22, 0x22, 0x26, 0x06, 0x24, 0x28, 0x26, 0xa3, 0x00, 0x87, 0xbf, 0x07, 0x26, 0x24,
    0x26, 0xc4, 0x0c, 0x26, 0x4a, 0x07, 0x26, 0x26, 0x26, 0xc5, 0x08, 0x2a, 0x4a, 0x85, 0x08, 0x2c, 0x4a, 0x85, 0x0c,
    0x2e, 0x4a, 0x93, 0x01, 0x87, 0xbf, 0x06, 0x2a, 0x2a, 0x26, 0x06, 0x2c, 0x30, 0x26, 0xa3, 0x00, 0x87, 0xbf, 0x07,
    0x2e, 0x2c, 0x26, 0xc5, 0x0c, 0x2e, 0x4a, 0x07, 0x2e, 0x2e, 0x26, 0xc6, 0x08, 0x32, 0x4a, 0x86, 0x08, 0x34, 0x4a,
    0x86, 0x0c, 0x36, 0x4a, 0x93, 0x01, 0x87, 0xbf, 0x06, 0x32, 0x32, 0x26, 0x06, 0x34, 0x38, 0x26, 0xa3, 0x00, 0x87,
    0xbf, 0x07, 0x36, 0x34, 0x26, 0xc6, 0x0c, 0x36, 0x4a, 0x07, 0x36, 0x36, 0x26, 0xc7, 0x08, 0x3a, 0x4a, 0x87, 0x08,
    0x3c, 0x4a, 0x87, 0x0c, 0x3e, 0x4a, 0x93, 0x01, 0x87, 0xbf, 0x06, 0x3a, 0x3a, 0x26, 0x06, 0x3c, 0x40, 0x26, 0xa3,
    0x00, 0x87, 0xbf, 0x07, 0x3e, 0x3c, 0x26, 0xc7, 0x0c, 0x3e, 0x4a, 0x07, 0x3e, 0x3e, 0x26, 0x0f, 0x00, 0x85, 0xbf,
    0x85, 0x01, 0x00, 0xf0, 0x11, 0x11, 0x02, 0x00, 0x07, 0x00, 0x00, 0x00, 0x85, 0x01, 0x00, 0xf0, 0x14, 0x14, 0x02,
    0x00, 0x07, 0x00, 0x00, 0x00, 0x85, 0x01, 0x00, 0xf0, 0x08, 0x12, 0x02, 0x00, 0x12, 0x00, 0x00, 0x00, 0x85, 0x01,
    0x00, 0xf0, 0x08, 0x13, 0x02, 0x00, 0x13, 0x00, 0x00, 0x00, 0x85, 0x01, 0x00, 0xf0, 0x15, 0x15, 0x02, 0x00, 0x07,
    0x00, 0x00, 0x00, 0x85, 0x01, 0x00, 0xf0, 0x18, 0x18, 0x02, 0x00, 0x07, 0x00, 0x00, 0x00, 0x85, 0x01, 0x00, 0xf0,
    0x08, 0x16, 0x02, 0x00, 0x16, 0x00, 0x00, 0x00, 0x85, 0x01, 0x00, 0xf0, 0x08, 0x17, 0x02, 0x00, 0x17, 0x00, 0x00,
    0x00, 0x85, 0x01, 0x00, 0xf0, 0x19, 0x19, 0x02, 0x00, 0x07, 0x00, 0x00, 0x00, 0x85, 0x01, 0x00, 0xf0, 0x1c, 0x1c,
    0x02, 0x00, 0x07, 0x00, 0x00, 0x00, 0x85, 0x01, 0x00, 0xf0, 0x08, 0x1a, 0x02, 0x00, 0x1a, 0x00, 0x00, 0x00, 0x85,
    0x01, 0x00, 0xf0, 0x08, 0x1b, 0x02, 0x00, 0x1b, 0x00, 0x00, 0x00, 0x85, 0x01, 0x00, 0xf0, 0x1d, 0x1d, 0x02, 0x00,
    0x07, 0x00, 0x00, 0x00, 0x85, 0x01, 0x00, 0xf0, 0x20, 0x07, 0x02, 0x00, 0x07, 0x00, 0x00, 0x00, 0x85, 0x01, 0x00,
    0xf0, 0x08, 0x1e, 0x02, 0x00, 0x1e, 0x00, 0x00, 0x00, 0x85, 0x01, 0x00, 0xf0, 0x08, 0x08, 0x02, 0x00, 0x1f, 0x00,
    0x00, 0x00, 0x00, 0x00, 0xb5, 0xbf, 0x81, 0x00, 0x3e, 0x36, 0x82, 0x00, 0x00, 0x36, 0xa2, 0x01, 0x87, 0xbf, 0x80,
    0x3e, 0x8a, 0x7c, 0x1f, 0x00, 0x01, 0xd5, 0x80, 0x10, 0xa9, 0x01, 0x06, 0x00, 0x45, 0xd4, 0x00, 0x01, 0x01, 0x00,
    0x00, 0x00, 0x01, 0xd5, 0x80, 0x10, 0x19, 0x00, 0xf7, 0x6f, 0x89, 0xbf, 0x80, 0x02, 0x02, 0x02, 0xf7, 0x6b, 0x89,
    0xbf, 0x80, 0x04, 0x04, 0x02, 0xf7, 0x67, 0x89, 0xbf, 0x03, 0x00, 0x01, 0xd5, 0x80, 0x06, 0x1a, 0x00, 0x93, 0x01,
    0x87, 0xbf, 0x81, 0x02, 0x44, 0x36, 0x81, 0x04, 0x04, 0x36, 0xb3, 0x00, 0x87, 0xbf, 0x82, 0x06, 0x02, 0x36, 0xf7,
    0x63, 0x89, 0xbf, 0x03, 0x00, 0x01, 0xd5, 0x80, 0x14, 0x1a, 0x00, 0x82, 0x06, 0x40, 0x36, 0x80, 0x44, 0x84, 0x7c,
    0x81, 0x3e, 0x42, 0x02, 0x80, 0x04, 0x84, 0x7c, 0x81, 0x3e, 0x06, 0x02, 0x80, 0x02, 0x84, 0x7c, 0x81, 0x00, 0x14,
    0x02, 0x80, 0x40, 0x84, 0x7c, 0x81, 0x00, 0x46, 0x02, 0xf7, 0x5f, 0x89, 0xbf, 0x22, 0x0b, 0x44, 0x36, 0xf7, 0x5b,
    0x89, 0xbf, 0x02, 0x13, 0x04, 0x36, 0xf7, 0x57, 0x89, 0xbf, 0x01, 0x17, 0x02, 0x36, 0xf7, 0x53, 0x89, 0xbf, 0x20,
    0x1d, 0x16, 0x36, 0x81, 0x42, 0x0a, 0x4a, 0x1f, 0x43, 0x1c, 0x38, 0x80, 0x44, 0x8a, 0x7c, 0x81, 0x06, 0x12, 0x4a,
    0xc3, 0x01, 0x87, 0xbf, 0x0e, 0x0b, 0x0a, 0x02, 0x1f, 0x07, 0x06, 0x38, 0x80, 0x04, 0x8a, 0x7c, 0x81, 0x14, 0x1c,
    0x4a, 0x03, 0x13, 0x12, 0x02, 0x00, 0x15, 0x40, 0x38, 0x80, 0x02, 0x8a, 0x7c, 0x81, 0x46, 0x06, 0x4a, 0x33, 0x01,
    0x87, 0xbf, 0x20, 0x1d, 0x14, 0x02, 0x00, 0x47, 0x40, 0x38, 0x80, 0x16, 0x8a, 0x7c, 0x20, 0x07, 0x06, 0x02, 0xf7,
    0x4f, 0x89, 0xbf, 0x22, 0x19, 0x1c, 0x36, 0xf7, 0x4b, 0x89, 0xbf, 0x02, 0x1b, 0x04, 0x36, 0xf7, 0x47, 0x89, 0xbf,
    0x01, 0x1f, 0x02, 0x36, 0xf7, 0x43, 0x89, 0xbf, 0x0b, 0x21, 0x18, 0x36, 0x81, 0x0a, 0x16, 0x4a, 0x1f, 0x0b, 0x0a,
    0x38, 0x80, 0x1c, 0x8a, 0x7c, 0x81, 0x12, 0x1a, 0x4a, 0xc3, 0x01, 0x87, 0xbf, 0x05, 0x17, 0x0a, 0x02, 0x1f, 0x13,
    0x16, 0x38, 0x80, 0x04, 0x8a, 0x7c, 0x81, 0x14, 0x12, 0x4a, 0x0b, 0x1b, 0x1a, 0x02, 0x00, 0x15, 0x14, 0x38, 0x80,
    0x02, 0x8a, 0x7c, 0x81, 0x06, 0x16, 0x4a, 0x33, 0x01, 0x87, 0xbf, 0x0a, 0x13, 0x14, 0x02, 0x00, 0x07, 0x12, 0x38,
    0x80, 0x18, 0x8a, 0x7c, 0x09, 0x17, 0x06, 0x02, 0xf7, 0x3f, 0x89, 0xbf, 0x0e, 0x23, 0x16, 0x36, 0xf7, 0x3b, 0x89,
    0xbf, 0x02, 0x29, 0x04, 0x36, 0xf7, 0x37, 0x89, 0xbf, 0x01, 0x25, 0x02, 0x36, 0xf7, 0x33, 0x89, 0xbf, 0x0c, 0x27,
    0x12, 0x36, 0x81, 0x0a, 0x18, 0x4a, 0x1f, 0x0b, 0x1c, 0x38, 0x80, 0x16, 0x8a, 0x7c, 0x81, 0x1a, 0x0a, 0x4a, 0xc3,
    0x01, 0x87, 0xbf, 0x0e, 0x19, 0x18, 0x02, 0x1f, 0x1b, 0x1c, 0x38, 0x80, 0x04, 0x8a, 0x7c, 0x81, 0x14, 0x1a, 0x4a,
    0x0e, 0x0b, 0x0a, 0x02, 0x00, 0x15, 0x14, 0x38, 0x80, 0x02, 0x8a, 0x7c, 0x81, 0x06, 0x1c, 0x4a, 0x33, 0x01, 0x87,
    0xbf, 0x0a, 0x1b, 0x14, 0x02, 0x00, 0x07, 0x1a, 0x38, 0x80, 0x12, 0x8a, 0x7c, 0x0d, 0x1d, 0x06, 0x02, 0xf7, 0x2f,
    0x89, 0xbf, 0x0b, 0x2b, 0x16, 0x36, 0xf7, 0x2b, 0x89, 0xbf, 0x02, 0x31, 0x04, 0x36, 0xf7, 0x27, 0x89, 0xbf, 0x01,
    0x2d, 0x02, 0x36, 0xf7, 0x23, 0x89, 0xbf, 0x09, 0x2f, 0x12, 0x36, 0x81, 0x18, 0x1a, 0x4a, 0x1f, 0x19, 0x1c, 0x38,
    0x80, 0x16, 0x8a, 0x7c, 0x81, 0x0a, 0x18, 0x4a, 0xc3, 0x01, 0x87, 0xbf, 0x0e, 0x1b, 0x1a, 0x02, 0x1f, 0x0b, 0x1c,
    0x38, 0x80, 0x04, 0x8a, 0x7c, 0x81, 0x14, 0x0a, 0x4a, 0x0e, 0x19, 0x18, 0x02, 0x00, 0x15, 0x14, 0x38, 0x80, 0x02,
    0x8a, 0x7c, 0x81, 0x06, 0x1c, 0x4a, 0x33, 0x01, 0x87, 0xbf, 0x0a, 0x0b, 0x14, 0x02, 0x00, 0x07, 0x0a, 0x38, 0x80,
    0x12, 0x8a, 0x7c, 0x05, 0x1d, 0x06, 0x02, 0xf7, 0x1f, 0x89, 0xbf, 0x0b, 0x33, 0x16, 0x36, 0xf7, 0x1b, 0x89, 0xbf,
    0x02, 0x39, 0x0a, 0x36, 0xf7, 0x17, 0x89, 0xbf, 0x01, 0x35, 0x02, 0x36, 0xf7, 0x13, 0x89, 0xbf, 0x09, 0x37, 0x04,
    0x36, 0x81, 0x1a, 0x12, 0x4a, 0x1f, 0x1b, 0x1c, 0x38, 0x80, 0x16, 0x8a, 0x7c, 0x81, 0x18, 0x1a, 0x4a, 0xc3, 0x01,
    0x87, 0xbf, 0x0e, 0x13, 0x12, 0x02, 0x1f, 0x19, 0x1c, 0x38, 0x80, 0x0a, 0x8a, 0x7c, 0x81, 0x14, 0x18, 0x4a, 0x0e,
    0x1b, 0x1a, 0x02, 0x00, 0x15, 0x14, 0x38, 0x80, 0x02, 0x8a, 0x7c, 0x81, 0x06, 0x1c, 0x4a, 0x33, 0x01, 0x87, 0xbf,
    0x0a, 0x19, 0x14, 0x02, 0x00, 0x07, 0x18, 0x38, 0x80, 0x04, 0x8a, 0x7c, 0x0c, 0x1d, 0x06, 0x02, 0xf7, 0x0f, 0x89,
    0xbf, 0x0b, 0x3b, 0x16, 0x36, 0xf7, 0x0b, 0x89, 0xbf, 0x05, 0x0f, 0x0a, 0x36, 0xf7, 0x07, 0x89, 0xbf, 0x01, 0x3d,
    0x02, 0x36, 0x93, 0x01, 0x87, 0xbf, 0x06, 0x00, 0x45, 0xd4, 0x0b, 0x01, 0x01, 0x00, 0x08, 0x00, 0x45, 0xd4, 0x05,
    0x01, 0x01, 0x00, 0xd3, 0x01, 0x87, 0xbf, 0x80, 0x02, 0x8a, 0x7c, 0x00, 0x15, 0x02, 0x38, 0x81, 0x14, 0x0e, 0x4a,
    0x1f, 0x1b, 0x0a, 0x38, 0x81, 0x1a, 0x14, 0x4a, 0x01, 0x0f, 0x02, 0x02, 0x1f, 0x13, 0x0e, 0x38, 0xd3, 0x01, 0x87,
    0xbf, 0x05, 0x00, 0x01, 0xd5, 0x05, 0x15, 0x22, 0x00, 0x81, 0x12, 0x12, 0x4a, 0xf7, 0x03, 0x89, 0xbf, 0x02, 0x11,
    0x04, 0x36, 0x81, 0x06, 0x10, 0x4a, 0x07, 0x00, 0x01, 0xd5, 0x07, 0x13, 0x1a, 0x00, 0xa3, 0x00, 0x87, 0xbf, 0x80,
    0x04, 0x8a, 0x7c, 0x00, 0x07, 0x04, 0x38, 0x02, 0x11, 0x06, 0x02, 0x00, 0x00, 0xb5, 0xbf, 0x04, 0x7e, 0xfe, 0x91,
    0x80, 0x02, 0x0e, 0x7e, 0x80, 0x02, 0x02, 0x7e, 0x80, 0x02, 0x0a, 0x7e, 0x80, 0x02, 0x06, 0x7e, 0x04, 0x01, 0xfe,
    0xbe, 0x00, 0x01, 0x0c, 0xf4, 0x00, 0x00, 0x00, 0xf8, 0x84, 0x0e, 0x00, 0x30, 0x84, 0x02, 0x02, 0x30, 0x12, 0x01,
    0x87, 0xbf, 0xff, 0x00, 0x00, 0x36, 0xf0, 0x00, 0x00, 0x00, 0xff, 0x02, 0x02, 0x36, 0xf0, 0x00, 0x00, 0x00, 0x12,
    0x01, 0x87, 0xbf, 0x00, 0x00, 0x12, 0xd6, 0x8f, 0x0a, 0x02, 0x04, 0x01, 0x00, 0x12, 0xd6, 0x8f, 0x06, 0x06, 0x04,
    0x02, 0x00, 0x87, 0xbf, 0x00, 0x03, 0x04, 0x7e, 0x00, 0x03, 0x06, 0x7e, 0x07, 0xfc, 0x89, 0xbf, 0x85, 0x4f, 0x18,
    0xf0, 0x04, 0x00, 0x01, 0x00, 0x06, 0x00, 0x00, 0x00, 0x00, 0x00, 0xb5, 0xbf, 0x00, 0x00, 0x80, 0xbf, 0x03, 0x00,
    0xb6, 0xbf, 0x00, 0x00, 0xb0, 0xbf, 0x00, 0x00, 0x9f, 0xbf, 0x00, 0x00, 0x9f, 0xbf, 0x00, 0x00, 0x9f, 0xbf, 0x00,
    0x00, 0x9f, 0xbf, 0x00, 0x00, 0x9f, 0xbf, 0x00, 0x00, 0x9f, 0xbf, 0x00, 0x00, 0x9f, 0xbf, 0x00, 0x00, 0x9f, 0xbf,
    0x00, 0x00, 0x9f, 0xbf, 0x00, 0x00, 0x9f, 0xbf, 0x00, 0x00, 0x9f, 0xbf, 0x00, 0x00, 0x9f, 0xbf, 0x00, 0x00, 0x9f,
    0xbf, 0x00, 0x00, 0x9f, 0xbf, 0x00, 0x00, 0x9f, 0xbf, 0x00, 0x00, 0x9f, 0xbf, 0x00, 0x00, 0x9f, 0xbf, 0x00, 0x00,
    0x9f, 0xbf, 0x00, 0x00, 0x9f, 0xbf, 0x00, 0x00, 0x9f, 0xbf, 0x00, 0x00, 0x9f, 0xbf, 0x00, 0x00, 0x9f, 0xbf, 0x00,
    0x00, 0x9f, 0xbf, 0x00, 0x00, 0x9f, 0xbf, 0x00, 0x00, 0x9f, 0xbf, 0x00, 0x00, 0x9f, 0xbf, 0x00, 0x00, 0x9f, 0xbf,
    0x00, 0x00, 0x9f, 0xbf, 0x00, 0x00, 0x9f, 0xbf, 0x00, 0x00, 0x9f, 0xbf, 0x00, 0x00, 0x9f, 0xbf, 0x00, 0x00, 0x9f,
    0xbf, 0x00, 0x00, 0x9f, 0xbf, 0x00, 0x00, 0x9f, 0xbf, 0x00, 0x00, 0x9f, 0xbf, 0x00, 0x00, 0x9f, 0xbf, 0x00, 0x00,
    0x9f, 0xbf, 0x00, 0x00, 0x9f, 0xbf, 0x00, 0x00, 0x9f, 0xbf, 0x00, 0x00, 0x9f, 0xbf, 0x00, 0x00, 0x9f, 0xbf, 0x00,
    0x00, 0x9f, 0xbf, 0x00, 0x00, 0x9f, 0xbf, 0x00, 0x00, 0x9f, 0xbf, 0x00, 0x00, 0x9f, 0xbf, 0x00, 0x00, 0x9f, 0xbf,
    0x00, 0x00, 0x9f, 0xbf, 0x00, 0x00, 0x9f, 0xbf, 0x00, 0x00, 0x9f, 0xbf, 0x00, 0x00, 0x9f, 0xbf, 0x00, 0x00, 0x9f,
    0xbf, 0x00, 0x00, 0x9f, 0xbf, 0x00, 0x00, 0x9f, 0xbf, 0x00, 0x00, 0x9f, 0xbf, 0x00, 0x00, 0x9f, 0xbf, 0x00, 0x00,
    0x9f, 0xbf, 0x00, 0x00, 0x9f, 0xbf, 0x00, 0x00, 0x9f, 0xbf, 0x00, 0x00, 0x9f, 0xbf, 0x00, 0x00, 0x9f, 0xbf, 0x00,
    0x00, 0x9f, 0xbf, 0x00, 0x00, 0x9f, 0xbf, 0x00, 0x00, 0x9f, 0xbf, 0x00, 0x00, 0x9f, 0xbf, 0x00, 0x00, 0x00, 0x00,
    0x00, 0x00, 0x10, 0x00, 0x00, 0x00, 0x00, 0x00, 0xac, 0xdf, 0x03, 0x10, 0x47, 0x65, 0x6e, 0x65, 0x72, 0x61, 0x74,
    0x65, 0x64, 0x20, 0x62, 0x79, 0x20, 0x74, 0x68, 0x65, 0x20, 0x41, 0x64, 0x76, 0x61, 0x6e, 0x63, 0x65, 0x64, 0x20,
    0x4d, 0x69, 0x63, 0x72, 0x6f, 0x20, 0x44, 0x65, 0x76, 0x69, 0x63, 0x65, 0x73, 0x2c, 0x20, 0x49, 0x6e, 0x63, 0x2e,
    0x2c, 0x20, 0x50, 0x72, 0x6f, 0x70, 0x72, 0x69, 0x65, 0x74, 0x61, 0x72, 0x79, 0x20, 0x47, 0x50, 0x55, 0x20, 0x53,
    0x68, 0x61, 0x64, 0x65, 0x72, 0x20, 0x43, 0x6f, 0x6d, 0x70, 0x69, 0x6c, 0x65, 0x72, 0x2e, 0x00, 0x00, 0x5f, 0x61,
    0x6d, 0x64, 0x67, 0x70, 0x75, 0x5f, 0x63, 0x73, 0x5f, 0x6d, 0x61, 0x69, 0x6e, 0x00, 0x5f, 0x61, 0x6d, 0x64, 0x67,
    0x70, 0x75, 0x5f, 0x63, 0x73, 0x5f, 0x73, 0x68, 0x64, 0x72, 0x5f, 0x69, 0x6e, 0x74, 0x72, 0x6c, 0x5f, 0x74, 0x62,
    0x6c, 0x00, 0x00, 0x00, 0x00, 0x00, 0x00, 0x00, 0x00, 0x00, 0x00, 0x00, 0x00, 0x00, 0x00, 0x00, 0x00, 0x00, 0x00,
    0x00, 0x00, 0x00, 0x00, 0x00, 0x00, 0x00, 0x01, 0x00, 0x00, 0x00, 0x12, 0x00, 0x02, 0x00, 0x00, 0x00, 0x00, 0x00,
    0x00, 0x00, 0x00, 0x00, 0xb0, 0x07, 0x00, 0x00, 0x00, 0x00, 0x00, 0x00, 0x11, 0x00, 0x00, 0x00, 0x11, 0x00, 0x03,
    0x00, 0x00, 0x00, 0x00, 0x00, 0x00, 0x00, 0x00, 0x00, 0x10, 0x00, 0x00, 0x00, 0x00, 0x00, 0x00, 0x00, 0x07, 0x00,
    0x00, 0x00, 0x1b, 0x04, 0x00, 0x00, 0x20, 0x00, 0x00, 0x00, 0x41, 0x4d, 0x44, 0x47, 0x50, 0x55, 0x00, 0x00, 0x82,
    0xae, 0x61, 0x6d, 0x64, 0x70, 0x61, 0x6c, 0x2e, 0x76, 0x65, 0x72, 0x73, 0x69, 0x6f, 0x6e, 0x92, 0x03, 0x06, 0xb0,
    0x61, 0x6d, 0x64, 0x70, 0x61, 0x6c, 0x2e, 0x70, 0x69, 0x70, 0x65, 0x6c, 0x69, 0x6e, 0x65, 0x73, 0x91, 0x8b, 0xa5,
    0x2e, 0x74, 0x79, 0x70, 0x65, 0xa2, 0x43, 0x73, 0xae, 0x2e, 0x72, 0x65, 0x73, 0x6f, 0x75, 0x72, 0x63, 0x65, 0x5f,
    0x68, 0x61, 0x73, 0x68, 0xcf, 0x9d, 0xab, 0x92, 0x5d, 0x0a, 0x7a, 0xaf, 0x2a, 0xb0, 0x2e, 0x73, 0x70, 0x69, 0x6c,
    0x6c, 0x5f, 0x74, 0x68, 0x72, 0x65, 0x73, 0x68, 0x6f, 0x6c, 0x64, 0xcd, 0xff, 0xff, 0xb0, 0x2e, 0x75, 0x73, 0x65,
    0x72, 0x5f, 0x64, 0x61, 0x74, 0x61, 0x5f, 0x6c, 0x69, 0x6d, 0x69, 0x74, 0x01, 0xa8, 0x2e, 0x73, 0x68, 0x61, 0x64,
    0x65, 0x72, 0x73, 0x81, 0xa8, 0x2e, 0x63, 0x6f, 0x6d, 0x70, 0x75, 0x74, 0x65, 0x83, 0xb0, 0x2e, 0x61, 0x70, 0x69,
    0x5f, 0x73, 0x68, 0x61, 0x64, 0x65, 0x72, 0x5f, 0x68, 0x61, 0x73, 0x68, 0x92, 0xcf, 0x95, 0xb6, 0x6b, 0x13, 0x8c,
    0x92, 0x44, 0x07, 0xcf, 0x52, 0x9c, 0xf7, 0xb6, 0x34, 0x11, 0xbb, 0x10, 0xb1, 0x2e, 0x68, 0x61, 0x72, 0x64, 0x77,
    0x61, 0x72, 0x65, 0x5f, 0x6d, 0x61, 0x70, 0x70, 0x69, 0x6e, 0x67, 0x91, 0xa3, 0x2e, 0x63, 0x73, 0xaf, 0x2e, 0x73,
    0x68, 0x61, 0x64, 0x65, 0x72, 0x5f, 0x73, 0x75, 0x62, 0x74, 0x79, 0x70, 0x65, 0xa7, 0x55, 0x6e, 0x6b, 0x6e, 0x6f,
    0x77, 0x6e, 0xb0, 0x2e, 0x68, 0x61, 0x72, 0x64, 0x77, 0x61, 0x72, 0x65, 0x5f, 0x73, 0x74, 0x61, 0x67, 0x65, 0x73,
    0x81, 0xa3, 0x2e, 0x63, 0x73, 0xde, 0x00, 0x1b, 0xb3, 0x2e, 0x65, 0x6e, 0x74, 0x72, 0x79, 0x5f, 0x70, 0x6f, 0x69,
    0x6e, 0x74, 0x5f, 0x73, 0x79, 0x6d, 0x62, 0x6f, 0x6c, 0xaf, 0x5f, 0x61, 0x6d, 0x64, 0x67, 0x70, 0x75, 0x5f, 0x63,
    0x73, 0x5f, 0x6d, 0x61, 0x69, 0x6e, 0xab, 0x2e, 0x73, 0x67, 0x70, 0x72, 0x5f, 0x63, 0x6f, 0x75, 0x6e, 0x74, 0x10,
    0xab, 0x2e, 0x76, 0x67, 0x70, 0x72, 0x5f, 0x63, 0x6f, 0x75, 0x6e, 0x74, 0x24, 0xa9, 0x2e, 0x6c, 0x64, 0x73, 0x5f,
    0x73, 0x69, 0x7a, 0x65, 0x00, 0xb4, 0x2e, 0x73, 0x63, 0x72, 0x61, 0x74, 0x63, 0x68, 0x5f, 0x6d, 0x65, 0x6d, 0x6f,
    0x72, 0x79, 0x5f, 0x73, 0x69, 0x7a, 0x65, 0x00, 0xb4, 0x2e, 0x66, 0x72, 0x6f, 0x6e, 0x74, 0x65, 0x6e, 0x64, 0x5f,
    0x73, 0x74, 0x61, 0x63, 0x6b, 0x5f, 0x73, 0x69, 0x7a, 0x65, 0x00, 0xb3, 0x2e, 0x62, 0x61, 0x63, 0x6b, 0x65, 0x6e,
    0x64, 0x5f, 0x73, 0x74, 0x61, 0x63, 0x6b, 0x5f, 0x73, 0x69, 0x7a, 0x65, 0x00, 0xb6, 0x2e, 0x70, 0x65, 0x72, 0x66,
    0x5f, 0x64, 0x61, 0x74, 0x61, 0x5f, 0x62, 0x75, 0x66, 0x66, 0x65, 0x72, 0x5f, 0x73, 0x69, 0x7a, 0x65, 0x00, 0xaa,
    0x2e, 0x75, 0x73, 0x65, 0x73, 0x5f, 0x75, 0x61, 0x76, 0x73, 0xc3, 0xac, 0x2e, 0x77, 0x72, 0x69, 0x74, 0x65, 0x73,
    0x5f, 0x75, 0x61, 0x76, 0x73, 0xc3, 0xb4, 0x2e, 0x75, 0x73, 0x65, 0x73, 0x5f, 0x61, 0x70, 0x70, 0x65, 0x6e, 0x64,
    0x5f, 0x63, 0x6f, 0x6e, 0x73, 0x75, 0x6d, 0x65, 0xc2, 0xaf, 0x2e, 0x77, 0x61, 0x76, 0x65, 0x66, 0x72, 0x6f, 0x6e,
    0x74, 0x5f, 0x73, 0x69, 0x7a, 0x65, 0x40, 0xb2, 0x2e, 0x75, 0x73, 0x65, 0x72, 0x5f, 0x64, 0x61, 0x74, 0x61, 0x5f,
    0x72, 0x65, 0x67, 0x5f, 0x6d, 0x61, 0x70, 0xdc, 0x00, 0x20, 0xce, 0xff, 0xff, 0xff, 0xff, 0xce, 0xff, 0xff, 0xff,
    0xff, 0x00, 0xce, 0xff, 0xff, 0xff, 0xff, 0xce, 0xff, 0xff, 0xff, 0xff, 0xce, 0xff, 0xff, 0xff, 0xff, 0xce, 0xff,
    0xff, 0xff, 0xff, 0xce, 0xff, 0xff, 0xff, 0xff, 0xce, 0xff, 0xff, 0xff, 0xff, 0xce, 0xff, 0xff, 0xff, 0xff, 0xce,
    0xff, 0xff, 0xff, 0xff, 0xce, 0xff, 0xff, 0xff, 0xff, 0xce, 0xff, 0xff, 0xff, 0xff, 0xce, 0xff, 0xff, 0xff, 0xff,
    0xce, 0xff, 0xff, 0xff, 0xff, 0xce, 0xff, 0xff, 0xff, 0xff, 0xce, 0xff, 0xff, 0xff, 0xff, 0xce, 0xff, 0xff, 0xff,
    0xff, 0xce, 0xff, 0xff, 0xff, 0xff, 0xce, 0xff, 0xff, 0xff, 0xff, 0xce, 0xff, 0xff, 0xff, 0xff, 0xce, 0xff, 0xff,
    0xff, 0xff, 0xce, 0xff, 0xff, 0xff, 0xff, 0xce, 0xff, 0xff, 0xff, 0xff, 0xce, 0xff, 0xff, 0xff, 0xff, 0xce, 0xff,
    0xff, 0xff, 0xff, 0xce, 0xff, 0xff, 0xff, 0xff, 0xce, 0xff, 0xff, 0xff, 0xff, 0xce, 0xff, 0xff, 0xff, 0xff, 0xce,
    0xff, 0xff, 0xff, 0xff, 0xce, 0xff, 0xff, 0xff, 0xff, 0xce, 0xff, 0xff, 0xff, 0xff, 0xb7, 0x2e, 0x74, 0x68, 0x72,
    0x65, 0x61, 0x64, 0x67, 0x72, 0x6f, 0x75, 0x70, 0x5f, 0x64, 0x69, 0x6d, 0x65, 0x6e, 0x73, 0x69, 0x6f, 0x6e, 0x73,
    0x93, 0x08, 0x08, 0x01, 0xab, 0x2e, 0x66, 0x6c, 0x6f, 0x61, 0x74, 0x5f, 0x6d, 0x6f, 0x64, 0x65, 0xcc, 0xc0, 0xae,
    0x2e, 0x66, 0x70, 0x31, 0x36, 0x5f, 0x6f, 0x76, 0x65, 0x72, 0x66, 0x6c, 0x6f, 0x77, 0xc2, 0xaa, 0x2e, 0x69, 0x65,
    0x65, 0x65, 0x5f, 0x6d, 0x6f, 0x64, 0x65, 0xc2, 0xa9, 0x2e, 0x77, 0x67, 0x70, 0x5f, 0x6d, 0x6f, 0x64, 0x65, 0xc2,
    0xac, 0x2e, 0x6d, 0x65, 0x6d, 0x5f, 0x6f, 0x72, 0x64, 0x65, 0x72, 0x65, 0x64, 0xc2, 0xb1, 0x2e, 0x66, 0x6f, 0x72,
    0x77, 0x61, 0x72, 0x64, 0x5f, 0x70, 0x72, 0x6f, 0x67, 0x72, 0x65, 0x73, 0x73, 0xc2, 0xab, 0x2e, 0x75, 0x73, 0x65,
    0x72, 0x5f, 0x73, 0x67, 0x70, 0x72, 0x73, 0x03, 0xa8, 0x2e, 0x65, 0x78, 0x63, 0x70, 0x5f, 0x65, 0x6e, 0x00, 0xab,
    0x2e, 0x73, 0x63, 0x72, 0x61, 0x74, 0x63, 0x68, 0x5f, 0x65, 0x6e, 0xc2, 0xad, 0x2e, 0x74, 0x72, 0x61, 0x70, 0x5f,
    0x70, 0x72, 0x65, 0x73, 0x65, 0x6e, 0x74, 0xc2, 0xb0, 0x2e, 0x73, 0x68, 0x61, 0x72, 0x65, 0x64, 0x5f, 0x76, 0x67,
    0x70, 0x72, 0x5f, 0x63, 0x6e, 0x74, 0x00, 0xad, 0x2e, 0x77, 0x61, 0x76, 0x65, 0x73, 0x5f, 0x70, 0x65, 0x72, 0x5f,
    0x73, 0x65, 0x00, 0xaf, 0x2e, 0x63, 0x68, 0x65, 0x63, 0x6b, 0x73, 0x75, 0x6d, 0x5f, 0x76, 0x61, 0x6c, 0x75, 0x65,
    0xce, 0x7f, 0xa9, 0x63, 0xb2, 0xaa, 0x2e, 0x72, 0x65, 0x67, 0x69, 0x73, 0x74, 0x65, 0x72, 0x73, 0x81, 0xcd, 0x2e,
    0x42, 0x00, 0xa5, 0x2e, 0x6e, 0x61, 0x6d, 0x65, 0xb9, 0x4d, 0x6c, 0x61, 0x61, 0x43, 0x61, 0x6c, 0x63, 0x53, 0x65,
    0x70, 0x45, 0x64, 0x67, 0x65, 0x4c, 0x65, 0x6e, 0x67, 0x74, 0x68, 0x46, 0x61, 0x73, 0x74, 0xb7, 0x2e, 0x69, 0x6e,
    0x74, 0x65, 0x72, 0x6e, 0x61, 0x6c, 0x5f, 0x70, 0x69, 0x70, 0x65, 0x6c, 0x69, 0x6e, 0x65, 0x5f, 0x68, 0x61, 0x73,
    0x68, 0x92, 0xcf, 0x1b, 0x82, 0x04, 0x2d, 0x6d, 0x8a, 0xd5, 0x7b, 0xcf, 0xc8, 0x7a, 0xad, 0xa7, 0x2e, 0x77, 0x66,
    0x0f, 0xb2, 0x2e, 0x63, 0x6f, 0x6d, 0x70, 0x75, 0x74, 0x65, 0x5f, 0x72, 0x65, 0x67, 0x69, 0x73, 0x74, 0x65, 0x72,
    0x73, 0x85, 0xaf, 0x2e, 0x74, 0x69, 0x64, 0x69, 0x67, 0x5f, 0x63, 0x6f, 0x6d, 0x70, 0x5f, 0x63, 0x6e, 0x74, 0x01,
    0xaa, 0x2e, 0x74, 0x67, 0x69, 0x64, 0x5f, 0x78, 0x5f, 0x65, 0x6e, 0xc3, 0xaa, 0x2e, 0x74, 0x67, 0x69, 0x64, 0x5f,
    0x79, 0x5f, 0x65, 0x6e, 0xc3, 0xaa, 0x2e, 0x74, 0x67, 0x69, 0x64, 0x5f, 0x7a, 0x5f, 0x65, 0x6e, 0xc2, 0xab, 0x2e,
    0x74, 0x67, 0x5f, 0x73, 0x69, 0x7a, 0x65, 0x5f, 0x65, 0x6e, 0xc2, 0xa4, 0x2e, 0x61, 0x70, 0x69, 0xa7, 0x73, 0x63,
    0x70, 0x63, 0x42, 0x6c, 0x64, 0x00, 0x00, 0x00, 0x00, 0x00, 0x00, 0x00, 0x00, 0x00, 0x00, 0x00, 0x00, 0x00, 0x00,
    0x00, 0x00, 0x00, 0x00, 0x00, 0x00, 0x00, 0x00, 0x00, 0x00, 0x00, 0x00, 0x00, 0x00, 0x00, 0x00, 0x00, 0x00, 0x00,
    0x00, 0x00, 0x00, 0x00, 0x00, 0x00, 0x00, 0x00, 0x00, 0x00, 0x00, 0x00, 0x00, 0x00, 0x00, 0x00, 0x00, 0x00, 0x00,
    0x00, 0x00, 0x00, 0x00, 0x00, 0x00, 0x00, 0x00, 0x00, 0x00, 0x00, 0x00, 0x00, 0x00, 0x00, 0x00, 0x01, 0x00, 0x00,
    0x00, 0x03, 0x00, 0x00, 0x00, 0x00, 0x00, 0x00, 0x00, 0x00, 0x00, 0x00, 0x00, 0x00, 0x00, 0x00, 0x00, 0x00, 0x00,
    0x00, 0x00, 0x40, 0x00, 0x00, 0x00, 0x00, 0x00, 0x00, 0x00, 0x36, 0x00, 0x00, 0x00, 0x00, 0x00, 0x00, 0x00, 0x00,
    0x00, 0x00, 0x00, 0x00, 0x00, 0x00, 0x00, 0x00, 0x00, 0x00, 0x00, 0x00, 0x00, 0x00, 0x00, 0x00, 0x00, 0x00, 0x00,
    0x00, 0x00, 0x00, 0x00, 0x0b, 0x00, 0x00, 0x00, 0x01, 0x00, 0x00, 0x00, 0x06, 0x00, 0x00, 0x00, 0x00, 0x00, 0x00,
    0x00, 0x00, 0x00, 0x00, 0x00, 0x00, 0x00, 0x00, 0x00, 0x76, 0x00, 0x00, 0x00, 0x00, 0x00, 0x00, 0x00, 0xb0, 0x07,
    0x00, 0x00, 0x00, 0x00, 0x00, 0x00, 0x00, 0x00, 0x00, 0x00, 0x00, 0x00, 0x00, 0x00, 0x00, 0x01, 0x00, 0x00, 0x00,
    0x00, 0x00, 0x00, 0x00, 0x00, 0x00, 0x00, 0x00, 0x00, 0x00, 0x00, 0x11, 0x00, 0x00, 0x00, 0x01, 0x00, 0x00, 0x00,
    0x03, 0x00, 0x00, 0x00, 0x00, 0x00, 0x00, 0x00, 0x00, 0x00, 0x00, 0x00, 0x00, 0x00, 0x00, 0x00, 0x26, 0x08, 0x00,
    0x00, 0x00, 0x00, 0x00, 0x00, 0x10, 0x00, 0x00, 0x00, 0x00, 0x00, 0x00, 0x00, 0x00, 0x00, 0x00, 0x00, 0x00, 0x00,
    0x00, 0x00, 0x20, 0x00, 0x00, 0x00, 0x00, 0x00, 0x00, 0x00, 0x00, 0x00, 0x00, 0x00, 0x00, 0x00, 0x00, 0x00, 0x17,
    0x00, 0x00, 0x00, 0x01, 0x00, 0x00, 0x00, 0x00, 0x00, 0x00, 0x00, 0x00, 0x00, 0x00, 0x00, 0x00, 0x00, 0x00, 0x00,
    0x00, 0x00, 0x00, 0x00, 0x36, 0x08, 0x00, 0x00, 0x00, 0x00, 0x00, 0x00, 0x50, 0x00, 0x00, 0x00, 0x00, 0x00, 0x00,
    0x00, 0x00, 0x00, 0x00, 0x00, 0x00, 0x00, 0x00, 0x00, 0x00, 0x00, 0x00, 0x00, 0x00, 0x00, 0x00, 0x00, 0x00, 0x00,
    0x00, 0x00, 0x00, 0x00, 0x00, 0x00, 0x20, 0x00, 0x00, 0x00, 0x03, 0x00, 0x00, 0x00, 0x00, 0x00, 0x00, 0x00, 0x00,
    0x00, 0x00, 0x00, 0x00, 0x00, 0x00, 0x00, 0x00, 0x00, 0x00, 0x00, 0x86, 0x08, 0x00, 0x00, 0x00, 0x00, 0x00, 0x00,
    0x2b, 0x00, 0x00, 0x00, 0x00, 0x00, 0x00, 0x00, 0x00, 0x00, 0x00, 0x00, 0x00, 0x00, 0x00, 0x00, 0x00, 0x00, 0x00,
    0x00, 0x00, 0x00, 0x00, 0x00, 0x00, 0x00, 0x00, 0x00, 0x00, 0x00, 0x00, 0x00, 0x28, 0x00, 0x00, 0x00, 0x02, 0x00,
    0x00, 0x00, 0x00, 0x00, 0x00, 0x00, 0x00, 0x00, 0x00, 0x00, 0x00, 0x00, 0x00, 0x00, 0x00, 0x00, 0x00, 0x00, 0xb1,
    0x08, 0x00, 0x00, 0x00, 0x00, 0x00, 0x00, 0x48, 0x00, 0x00, 0x00, 0x00, 0x00, 0x00, 0x00, 0x05, 0x00, 0x00, 0x00,
    0x00, 0x00, 0x00, 0x00, 0x00, 0x00, 0x00, 0x00, 0x00, 0x00, 0x00, 0x00, 0x18, 0x00, 0x00, 0x00, 0x00, 0x00, 0x00,
    0x00, 0x30, 0x00, 0x00, 0x00, 0x07, 0x00, 0x00, 0x00, 0x00, 0x00, 0x00, 0x00, 0x00, 0x00, 0x00, 0x00, 0x00, 0x00,
    0x00, 0x00, 0x00, 0x00, 0x00, 0x00, 0xf9, 0x08, 0x00, 0x00, 0x00, 0x00, 0x00, 0x00, 0x30, 0x04, 0x00, 0x00, 0x00,
    0x00, 0x00, 0x00, 0x00, 0x00, 0x00, 0x00, 0x00, 0x00, 0x00, 0x00, 0x00, 0x00, 0x00, 0x00, 0x00, 0x00, 0x00, 0x00,
    0x00, 0x00, 0x00, 0x00, 0x00, 0x00, 0x00, 0x00,
};

// Mlaa Calc Sep Edge Length Initial compute shader binary
inline constexpr Util::uint8 MlaaCalcSepEdgeLengthInitial_Cs_F3CDD6F8[] =
{
    0x7f, 0x45, 0x4c, 0x46, 0x02, 0x01, 0x01, 0x41, 0x00, 0x00, 0x00, 0x00, 0x00, 0x00, 0x00, 0x00, 0x01, 0x00, 0xe0,
    0x00, 0x01, 0x00, 0x00, 0x00, 0x00, 0x00, 0x00, 0x00, 0x00, 0x00, 0x00, 0x00, 0x00, 0x00, 0x00, 0x00, 0x00, 0x00,
    0x00, 0x00, 0x10, 0x09, 0x00, 0x00, 0x00, 0x00, 0x00, 0x00, 0x41, 0x05, 0x00, 0x00, 0x40, 0x00, 0x00, 0x00, 0x00,
    0x00, 0x40, 0x00, 0x08, 0x00, 0x01, 0x00, 0x00, 0x2e, 0x73, 0x68, 0x73, 0x74, 0x72, 0x74, 0x61, 0x62, 0x00, 0x2e,
    0x74, 0x65, 0x78, 0x74, 0x00, 0x2e, 0x64, 0x61, 0x74, 0x61, 0x00, 0x2e, 0x63, 0x6f, 0x6d, 0x6d, 0x65, 0x6e, 0x74,
    0x00, 0x2e, 0x73, 0x74, 0x72, 0x74, 0x61, 0x62, 0x00, 0x2e, 0x73, 0x79, 0x6d, 0x74, 0x61, 0x62, 0x00, 0x2e, 0x6e,
    0x6f, 0x74, 0x65, 0x00, 0x06, 0x20, 0x80, 0xb0, 0x80, 0x47, 0x86, 0xbe, 0x03, 0x00, 0x84, 0xbf, 0x02, 0x00, 0x80,
    0xbe, 0x07, 0x00, 0x81, 0xbe, 0x00, 0x02, 0x08, 0xf4, 0xa0, 0x00, 0x00, 0xf8, 0xff, 0x00, 0x02, 0x36, 0xff, 0x03,
    0x00, 0x00, 0x00, 0x00, 0x10, 0xd6, 0x00, 0x15, 0x29, 0x02, 0x12, 0x01, 0x87, 0xbf, 0x04, 0x00, 0x46, 0xd6, 0x03,
    0x06, 0x05, 0x04, 0x06, 0x00, 0x46, 0xd6, 0x04, 0x06, 0x01, 0x04, 0x07, 0xfc, 0x89, 0xbf, 0x12, 0x01, 0x87, 0xbf,
    0x02, 0x00, 0x4e, 0xd4, 0x09, 0x08, 0x02, 0x00, 0x0a, 0x0c, 0x9c, 0x7c, 0x02, 0x6a, 0xea, 0x8b, 0x09, 0x00, 0x87,
    0xbf, 0x6a, 0x21, 0x82, 0xbe, 0x88, 0x00, 0xa5, 0xbf, 0x00, 0x03, 0x0c, 0xf4, 0x40, 0x00, 0x00, 0xf8, 0x07, 0xfc,
    0x89, 0xbf, 0x85, 0x01, 0x00, 0xf0, 0x04, 0x00, 0x03, 0x00, 0x06, 0x00, 0x00, 0x00, 0xf7, 0x03, 0x89, 0xbf, 0x83,
    0x00, 0x02, 0x36, 0x7e, 0x01, 0x84, 0xbe, 0x01, 0x00, 0x87, 0xbf, 0x7e, 0x00, 0xc5, 0xd4, 0x01, 0x01, 0x01, 0x00,
    0x5d, 0x00, 0xa5, 0xbf, 0x81, 0x08, 0x06, 0x84, 0xc1, 0x08, 0x07, 0x84, 0x49, 0x02, 0x87, 0xbf, 0x07, 0x08, 0x02,
    0x4a, 0x06, 0x08, 0x04, 0x4a, 0x06, 0x0c, 0x06, 0x4a, 0x07, 0x0c, 0x0a, 0x4a, 0x07, 0x00, 0x64, 0xd6, 0x01, 0x01,
    0x25, 0x00, 0x0a, 0x0c, 0x10, 0x22, 0x0a, 0x00, 0x64, 0xd6, 0x02, 0x01, 0x25, 0x00, 0x09, 0x08, 0x12, 0x22, 0x0b,
    0x00, 0x64, 0xd6, 0x03, 0x01, 0x29, 0x00, 0x0e, 0x00, 0x64, 0xd6, 0x05, 0x01, 0x29, 0x00, 0x03, 0x00, 0x85, 0xbf,
    0x85, 0x01, 0x00, 0xf0, 0x07, 0x07, 0x03, 0x00, 0x08, 0x00, 0x00, 0x00, 0x85, 0x01, 0x00, 0xf0, 0x0a, 0x08, 0x03,
    0x00, 0x08, 0x00, 0x00, 0x00, 0x85, 0x01, 0x00, 0xf0, 0x09, 0x0a, 0x03, 0x00, 0x0b, 0x00, 0x00, 0x00, 0x85, 0x01,
    0x00, 0xf0, 0x09, 0x09, 0x03, 0x00, 0x0e, 0x00, 0x00, 0x00, 0x09, 0x02, 0x16, 0x26, 0x0a, 0x0a, 0x18, 0x26, 0x80,
    0x0a, 0x0a, 0x4c, 0x93, 0x01, 0x87, 0xbf, 0x80, 0x16, 0x16, 0x4c, 0x80, 0x18, 0x18, 0x4c, 0x80, 0x02, 0x02, 0x4c,
    0x81, 0x00, 0x1a, 0x36, 0x82, 0x00, 0x00, 0x36, 0x14, 0x02, 0x87, 0xbf, 0x0c, 0x00, 0x45, 0xd4, 0x05, 0x19, 0x02,
    0x00, 0x0e, 0x00, 0x45, 0xd4, 0x01, 0x17, 0x02, 0x00, 0x09, 0x04, 0x02, 0x26, 0x0a, 0x06, 0x0a, 0x26, 0x80, 0x1a,
    0x8a, 0x7c, 0x0d, 0x00, 0x01, 0xd5, 0x80, 0xfe, 0xa9, 0x01, 0x00, 0x80, 0x00, 0x00, 0x0e, 0x00, 0x01, 0xd5, 0x80,
    0x0c, 0xa8, 0x01, 0x80, 0x00, 0x8a, 0x7c, 0x0b, 0x00, 0x01, 0xd5, 0x80, 0x0c, 0xa8, 0x01, 0x06, 0x00, 0x45, 0xd4,
    0x03, 0x0b, 0x02, 0x00, 0x08, 0x00, 0x45, 0xd4, 0x02, 0x03, 0x02, 0x00, 0x00, 0x00, 0x01, 0xd5, 0x80, 0xfe, 0xa9,
    0x01, 0x00, 0x80, 0x00, 0x00, 0xf7, 0x0f, 0x89, 0xbf, 0x81, 0x0e, 0x0e, 0x36, 0xf7, 0x0b, 0x89, 0xbf, 0x81, 0x10,
    0x02, 0x36, 0xf7, 0x07, 0x89, 0xbf, 0x82, 0x14, 0x04, 0x36, 0xf7, 0x03, 0x89, 0xbf, 0x82, 0x12, 0x06, 0x36, 0x94,
    0x01, 0x87, 0xbf, 0x0a, 0x00, 0x42, 0xd4, 0x07, 0x01, 0x01, 0x00, 0x12, 0x00, 0x42, 0xd4, 0x02, 0x01, 0x01, 0x00,
    0x03, 0x00, 0x87, 0xbf, 0x14, 0x00, 0x42, 0xd4, 0x03, 0x01, 0x01, 0x00, 0x10, 0x00, 0x42, 0xd4, 0x01, 0x01, 0x01,
    0x00, 0x0a, 0x0e, 0x8a, 0x8c, 0x14, 0x0c, 0x8c, 0x8c, 0x12, 0x06, 0x86, 0x8c, 0x10, 0x08, 0xea, 0x8c, 0x09, 0x00,
    0x87, 0xbf, 0x9e, 0xff, 0x88, 0xbf, 0x0e, 0x1b, 0x04, 0x02, 0x05, 0x00, 0x01, 0xd5, 0x0e, 0x1b, 0x2a, 0x00, 0x01,
    0x00, 0x01, 0xd5, 0x0b, 0x01, 0x1a, 0x00, 0x03, 0x00, 0x01, 0xd5, 0x0b, 0x01, 0x32, 0x00, 0x04, 0x7e, 0xfe, 0x91,
    0x80, 0x02, 0x0a, 0x7e, 0x80, 0x02, 0x02, 0x7e, 0x80, 0x02, 0x04, 0x7e, 0x80, 0x02, 0x06, 0x7e, 0x04, 0x01, 0xfe,
    0xbe, 0x00, 0x01, 0x0c, 0xf4, 0x00, 0x00, 0x00, 0xf8, 0x00, 0x03, 0x0c, 0xf4, 0x20, 0x00, 0x00, 0xf8, 0x00, 0x00,
    0x44, 0xd6, 0x05, 0x05, 0xfe, 0x03, 0x00, 0x01, 0x04, 0x05, 0x07, 0x00, 0x44, 0xd6, 0x01, 0x07, 0xfe, 0x03, 0x00,
    0x01, 0x04, 0x05, 0x32, 0x02, 0x87, 0xbf, 0x00, 0x03, 0x02, 0x7e, 0x00, 0x03, 0x04, 0x7e, 0x00, 0x03, 0x06, 0x7e,
    0x07, 0x03, 0x10, 0x7e, 0x07, 0x03, 0x12, 0x7e, 0x07, 0x03, 0x14, 0x7e, 0x07, 0xfc, 0x89, 0xbf, 0x85, 0x4f, 0x18,
    0xf0, 0x04, 0x00, 0x01, 0x00, 0x06, 0x00, 0x00, 0x00, 0x85, 0x4f, 0x18, 0xf0, 0x04, 0x07, 0x03, 0x00, 0x06, 0x00,
    0x00, 0x00, 0x00, 0x00, 0x80, 0xbf, 0x03, 0x00, 0xb6, 0xbf, 0x00, 0x00, 0xb0, 0xbf, 0x00, 0x00, 0x9f, 0xbf, 0x00,
    0x00, 0x9f, 0xbf, 0x00, 0x00, 0x9f, 0xbf, 0x00, 0x00, 0x9f, 0xbf, 0x00, 0x00, 0x9f, 0xbf, 0x00, 0x00, 0x9f, 0xbf,
    0x00, 0x00, 0x9f, 0xbf, 0x00, 0x00, 0x9f, 0xbf, 0x00, 0x00, 0x9f, 0xbf, 0x00, 0x00, 0x9f, 0xbf, 0x00, 0x00, 0x9f,
    0xbf, 0x00, 0x00, 0x9f, 0xbf, 0x00, 0x00, 0x9f, 0xbf, 0x00, 0x00, 0x9f, 0xbf, 0x00, 0x00, 0x9f, 0xbf, 0x00, 0x00,
    0x9f, 0xbf, 0x00, 0x00, 0x9f, 0xbf, 0x00, 0x00, 0x9f, 0xbf, 0x00, 0x00, 0x9f, 0xbf, 0x00, 0x00, 0x9f, 0xbf, 0x00,
    0x00, 0x9f, 0xbf, 0x00, 0x00, 0x9f, 0xbf, 0x00, 0x00, 0x9f, 0xbf, 0x00, 0x00, 0x9f, 0xbf, 0x00, 0x00, 0x9f, 0xbf,
    0x00, 0x00, 0x9f, 0xbf, 0x00, 0x00, 0x9f, 0xbf, 0x00, 0x00, 0x9f, 0xbf, 0x00, 0x00, 0x9f, 0xbf, 0x00, 0x00, 0x9f,
    0xbf, 0x00, 0x00, 0x9f, 0xbf, 0x00, 0x00, 0x9f, 0xbf, 0x00, 0x00, 0x9f, 0xbf, 0x00, 0x00, 0x9f, 0xbf, 0x00, 0x00,
    0x9f, 0xbf, 0x00, 0x00, 0x9f, 0xbf, 0x00, 0x00, 0x9f, 0xbf, 0x00, 0x00, 0x9f, 0xbf, 0x00, 0x00, 0x9f, 0xbf, 0x00,
    0x00, 0x9f, 0xbf, 0x00, 0x00, 0x9f, 0xbf, 0x00, 0x00, 0x9f, 0xbf, 0x00, 0x00, 0x9f, 0xbf, 0x00, 0x00, 0x9f, 0xbf,
    0x00, 0x00, 0x9f, 0xbf, 0x00, 0x00, 0x9f, 0xbf, 0x00, 0x00, 0x9f, 0xbf, 0x00, 0x00, 0x9f, 0xbf, 0x00, 0x00, 0x9f,
    0xbf, 0x00, 0x00, 0x9f, 0xbf, 0x00, 0x00, 0x9f, 0xbf, 0x00, 0x00, 0x9f, 0xbf, 0x00, 0x00, 0x9f, 0xbf, 0x00, 0x00,
    0x9f, 0xbf, 0x00, 0x00, 0x9f, 0xbf, 0x00, 0x00, 0x9f, 0xbf, 0x00, 0x00, 0x9f, 0xbf, 0x00, 0x00, 0x9f, 0xbf, 0x00,
    0x00, 0x9f, 0xbf, 0x00, 0x00, 0x9f, 0xbf, 0x00, 0x00, 0x9f, 0xbf, 0x00, 0x00, 0x9f, 0xbf, 0x00, 0x00, 0x9f, 0xbf,
    0x00, 0x00, 0x9f, 0xbf, 0x00, 0x00, 0x00, 0x00, 0x00, 0x00, 0x10, 0x00, 0x00, 0x00, 0x00, 0x00, 0xac, 0xdf, 0x03,
    0x10, 0x47, 0x65, 0x6e, 0x65, 0x72, 0x61, 0x74, 0x65, 0x64, 0x20, 0x62, 0x79, 0x20, 0x74, 0x68, 0x65, 0x20, 0x41,
    0x64, 0x76, 0x61, 0x6e, 0x63, 0x65, 0x64, 0x20, 0x4d, 0x69, 0x63, 0x72, 0x6f, 0x20, 0x44, 0x65, 0x76, 0x69, 0x63,
    0x65, 0x73, 0x2c, 0x20, 0x49, 0x6e, 0x63, 0x2e, 0x2c, 0x20, 0x50, 0x72, 0x6f, 0x70, 0x72, 0x69, 0x65, 0x74, 0x61,
    0x72, 0x79, 0x20, 0x47, 0x50, 0x55, 0x20, 0x53, 0x68, 0x61, 0x64, 0x65, 0x72, 0x20, 0x43, 0x6f, 0x6d, 0x70, 0x69,
    0x6c, 0x65, 0x72, 0x2e, 0x00, 0x00, 0x5f, 0x61, 0x6d, 0x64, 0x67, 0x70, 0x75, 0x5f, 0x63, 0x73, 0x5f, 0x6d, 0x61,
    0x69, 0x6e, 0x00, 0x5f, 0x61, 0x6d, 0x64, 0x67, 0x70, 0x75, 0x5f, 0x63, 0x73, 0x5f, 0x73, 0x68, 0x64, 0x72, 0x5f,
    0x69, 0x6e, 0x74, 0x72, 0x6c, 0x5f, 0x74, 0x62, 0x6c, 0x00, 0x00, 0x00, 0x00, 0x00, 0x00, 0x00, 0x00, 0x00, 0x00,
    0x00, 0x00, 0x00, 0x00, 0x00, 0x00, 0x00, 0x00, 0x00, 0x00, 0x00, 0x00, 0x00, 0x00, 0x00, 0x01, 0x00, 0x00, 0x00,
    0x12, 0x00, 0x02, 0x00, 0x00, 0x00, 0x00, 0x00, 0x00, 0x00, 0x00, 0x00, 0x90, 0x03, 0x00, 0x00, 0x00, 0x00, 0x00,
    0x00, 0x11, 0x00, 0x00, 0x00, 0x11, 0x00, 0x03, 0x00, 0x00, 0x00, 0x00, 0x00, 0x00, 0x00, 0x00, 0x00, 0x10, 0x00,
    0x00, 0x00, 0x00, 0x00, 0x00, 0x00, 0x07, 0x00, 0x00, 0x00, 0x1e, 0x04, 0x00, 0x00, 0x20, 0x00, 0x00, 0x00, 0x41,
    0x4d, 0x44, 0x47, 0x50, 0x55, 0x00, 0x00, 0x82, 0xae, 0x61, 0x6d, 0x64, 0x70, 0x61, 0x6c, 0x2e, 0x76, 0x65, 0x72,
    0x73, 0x69, 0x6f, 0x6e, 0x92, 0x03, 0x06, 0xb0, 0x61, 0x6d, 0x64, 0x70, 0x61, 0x6c, 0x2e, 0x70, 0x69, 0x70, 0x65,
    0x6c, 0x69, 0x6e, 0x65, 0x73, 0x91, 0x8b, 0xa5, 0x2e, 0x74, 0x79, 0x70, 0x65, 0xa2, 0x43, 0x73, 0xae, 0x2e, 0x72,
    0x65, 0x73, 0x6f, 0x75, 0x72, 0x63, 0x65, 0x5f, 0x68, 0x61, 0x73, 0x68, 0xcf, 0x9e, 0xbd, 0xe0, 0x73, 0x00, 0x98,
    0xf3, 0x1e, 0xb0, 0x2e, 0x73, 0x70, 0x69, 0x6c, 0x6c, 0x5f, 0x74, 0x68, 0x72, 0x65, 0x73, 0x68, 0x6f, 0x6c, 0x64,
    0xcd, 0xff, 0xff, 0xb0, 0x2e, 0x75, 0x73, 0x65, 0x72, 0x5f, 0x64, 0x61, 0x74, 0x61, 0x5f, 0x6c, 0x69, 0x6d, 0x69,
    0x74, 0x01, 0xa8, 0x2e, 0x73, 0x68, 0x61, 0x64, 0x65, 0x72, 0x73, 0x81, 0xa8, 0x2e, 0x63, 0x6f, 0x6d, 0x70, 0x75,
    0x74, 0x65, 0x83, 0xb0, 0x2e, 0x61, 0x70, 0x69, 0x5f, 0x73, 0x68, 0x61, 0x64, 0x65, 0x72, 0x5f, 0x68, 0x61, 0x73,
    0x68, 0x92, 0xcf, 0xfa, 0xbd, 0x40, 0x62, 0x7e, 0xdd, 0xdb, 0x6b, 0xcf, 0xbd, 0xdd, 0xee, 0xf8, 0x82, 0xa8, 0x11,
    0xfe, 0xb1, 0x2e, 0x68, 0x61, 0x72, 0x64, 0x77, 0x61, 0x72, 0x65, 0x5f, 0x6d, 0x61, 0x70, 0x70, 0x69, 0x6e, 0x67,
    0x91, 0xa3, 0x2e, 0x63, 0x73, 0xaf, 0x2e, 0x73, 0x68, 0x61, 0x64, 0x65, 0x72, 0x5f, 0x73, 0x75, 0x62, 0x74, 0x79,
    0x70, 0x65, 0xa7, 0x55, 0x6e, 0x6b, 0x6e, 0x6f, 0x77, 0x6e, 0xb0, 0x2e, 0x68, 0x61, 0x72, 0x64, 0x77, 0x61, 0x72,
    0x65, 0x5f, 0x73, 0x74, 0x61, 0x67, 0x65, 0x73, 0x81, 0xa3, 0x2e, 0x63, 0x73, 0xde, 0x00, 0x1b, 0xb3, 0x2e, 0x65,
    0x6e, 0x74, 0x72, 0x79, 0x5f, 0x70, 0x6f, 0x69, 0x6e, 0x74, 0x5f, 0x73, 0x79, 0x6d, 0x62, 0x6f, 0x6c, 0xaf, 0x5f,
    0x61, 0x6d, 0x64, 0x67, 0x70, 0x75, 0x5f, 0x63, 0x73, 0x5f, 0x6d, 0x61, 0x69, 0x6e, 0xab, 0x2e, 0x73, 0x67, 0x70,
    0x72, 0x5f, 0x63, 0x6f, 0x75, 0x6e, 0x74, 0x16, 0xab, 0x2e, 0x76, 0x67, 0x70, 0x72, 0x5f, 0x63, 0x6f, 0x75, 0x6e,
    0x74, 0x0f, 0xa9, 0x2e, 0x6c, 0x64, 0x73, 0x5f, 0x73, 0x69, 0x7a, 0x65, 0x00, 0xb4, 0x2e, 0x73, 0x63, 0x72, 0x61,
    0x74, 0x63, 0x68, 0x5f, 0x6d, 0x65, 0x6d, 0x6f, 0x72, 0x79, 0x5f, 0x73, 0x69, 0x7a, 0x65, 0x00, 0xb4, 0x2e, 0x66,
    0x72, 0x6f, 0x6e, 0x74, 0x65, 0x6e, 0x64, 0x5f, 0x73, 0x74, 0x61, 0x63, 0x6b, 0x5f, 0x73, 0x69, 0x7a, 0x65, 0x00,
    0xb3, 0x2e, 0x62, 0x61, 0x63, 0x6b, 0x65, 0x6e, 0x64, 0x5f, 0x73, 0x74, 0x61, 0x63, 0x6b, 0x5f, 0x73, 0x69, 0x7a,
    0x65, 0x00, 0xb6, 0x2e, 0x70, 0x65, 0x72, 0x66, 0x5f, 0x64, 0x61, 0x74, 0x61, 0x5f, 0x62, 0x75, 0x66, 0x66, 0x65,
    0x72, 0x5f, 0x73, 0x69, 0x7a, 0x65, 0x00, 0xaa, 0x2e, 0x75, 0x73, 0x65, 0x73, 0x5f, 0x75, 0x61, 0x76, 0x73, 0xc3,
    0xac, 0x2e, 0x77, 0x72, 0x69, 0x74, 0x65, 0x73, 0x5f, 0x75, 0x61, 0x76, 0x73, 0xc3, 0xb4, 0x2e, 0x75, 0x73, 0x65,
    0x73, 0x5f, 0x61, 0x70, 0x70, 0x65, 0x6e, 0x64, 0x5f, 0x63, 0x6f, 0x6e, 0x73, 0x75, 0x6d, 0x65, 0xc2, 0xaf, 0x2e,
    0x77, 0x61, 0x76, 0x65, 0x66, 0x72, 0x6f, 0x6e, 0x74, 0x5f, 0x73, 0x69, 0x7a, 0x65, 0x40, 0xb2, 0x2e, 0x75, 0x73,
    0x65, 0x72, 0x5f, 0x64, 0x61, 0x74, 0x61, 0x5f, 0x72, 0x65, 0x67, 0x5f, 0x6d, 0x61, 0x70, 0xdc, 0x00, 0x20, 0xce,
    0xff, 0xff, 0xff, 0xff, 0xce, 0xff, 0xff, 0xff, 0xff, 0x00, 0xce, 0xff, 0xff, 0xff, 0xff, 0xce, 0xff, 0xff, 0xff,
    0xff, 0xce, 0xff, 0xff, 0xff, 0xff, 0xce, 0xff, 0xff, 0xff, 0xff, 0xce, 0xff, 0xff, 0xff, 0xff, 0xce, 0xff, 0xff,
    0xff, 0xff, 0xce, 0xff, 0xff, 0xff, 0xff, 0xce, 0xff, 0xff, 0xff, 0xff, 0xce, 0xff, 0xff, 0xff, 0xff, 0xce, 0xff,
    0xff, 0xff, 0xff, 0xce, 0xff, 0xff, 0xff, 0xff, 0xce, 0xff, 0xff, 0xff, 0xff, 0xce, 0xff, 0xff, 0xff, 0xff, 0xce,
    0xff, 0xff, 0xff, 0xff, 0xce, 0xff, 0xff, 0xff, 0xff, 0xce, 0xff, 0xff, 0xff, 0xff, 0xce, 0xff, 0xff, 0xff, 0xff,
    0xce, 0xff, 0xff, 0xff, 0xff, 0xce, 0xff, 0xff, 0xff, 0xff, 0xce, 0xff, 0xff, 0xff, 0xff, 0xce, 0xff, 0xff, 0xff,
    0xff, 0xce, 0xff, 0xff, 0xff, 0xff, 0xce, 0xff, 0xff, 0xff, 0xff, 0xce, 0xff, 0xff, 0xff, 0xff, 0xce, 0xff, 0xff,
    0xff, 0xff, 0xce, 0xff, 0xff, 0xff, 0xff, 0xce, 0xff, 0xff, 0xff, 0xff, 0xce, 0xff, 0xff, 0xff, 0xff, 0xce, 0xff,
    0xff, 0xff, 0xff, 0xb7, 0x2e, 0x74, 0x68, 0x72, 0x65, 0x61, 0x64, 0x67, 0x72, 0x6f, 0x75, 0x70, 0x5f, 0x64, 0x69,
    0x6d, 0x65, 0x6e, 0x73, 0x69, 0x6f, 0x6e, 0x73, 0x93, 0x08, 0x08, 0x01, 0xab, 0x2e, 0x66, 0x6c, 0x6f, 0x61, 0x74,
    0x5f, 0x6d, 0x6f, 0x64, 0x65, 0xcc, 0xc0, 0xae, 0x2e, 0x66, 0x70, 0x31, 0x36, 0x5f, 0x6f, 0x76, 0x65, 0x72, 0x66,
    0x6c, 0x6f, 0x77, 0xc2, 0xaa, 0x2e, 0x69, 0x65, 0x65, 0x65, 0x5f, 0x6d, 0x6f, 0x64, 0x65, 0xc2, 0xa9, 0x2e, 0x77,
    0x67, 0x70, 0x5f, 0x6d, 0x6f, 0x64, 0x65, 0xc2, 0xac, 0x2e, 0x6d, 0x65, 0x6d, 0x5f, 0x6f, 0x72, 0x64, 0x65, 0x72,
    0x65, 0x64, 0xc2, 0xb1, 0x2e, 0x66, 0x6f, 0x72, 0x77, 0x61, 0x72, 0x64, 0x5f, 0x70, 0x72, 0x6f, 0x67, 0x72, 0x65,
    0x73, 0x73, 0xc2, 0xab, 0x2e, 0x75, 0x73, 0x65, 0x72, 0x5f, 0x73, 0x67, 0x70, 0x72, 0x73, 0x03, 0xa8, 0x2e, 0x65,
    0x78, 0x63, 0x70, 0x5f, 0x65, 0x6e, 0x00, 0xab, 0x2e, 0x73, 0x63, 0x72, 0x61, 0x74, 0x63, 0x68, 0x5f, 0x65, 0x6e,
    0xc2, 0xad, 0x2e, 0x74, 0x72, 0x61, 0x70, 0x5f, 0x70, 0x72, 0x65, 0x73, 0x65, 0x6e, 0x74, 0xc2, 0xb0, 0x2e, 0x73,
    0x68, 0x61, 0x72, 0x65, 0x64, 0x5f, 0x76, 0x67, 0x70, 0x72, 0x5f, 0x63, 0x6e, 0x74, 0x00, 0xad, 0x2e, 0x77, 0x61,
    0x76, 0x65, 0x73, 0x5f, 0x70, 0x65, 0x72, 0x5f, 0x73, 0x65, 0x00, 0xaf, 0x2e, 0x63, 0x68, 0x65, 0x63, 0x6b, 0x73,
    0x75, 0x6d, 0x5f, 0x76, 0x61, 0x6c, 0x75, 0x65, 0xce, 0xbb, 0x15, 0x64, 0x0f, 0xaa, 0x2e, 0x72, 0x65, 0x67, 0x69,
    0x73, 0x74, 0x65, 0x72, 0x73, 0x81, 0xcd, 0x2e, 0x42, 0x00, 0xa5, 0x2e, 0x6e, 0x61, 0x6d, 0x65, 0xbc, 0x4d, 0x6c,
    0x61, 0x61, 0x43, 0x61, 0x6c, 0x63, 0x53, 0x65, 0x70, 0x45, 0x64, 0x67, 0x65, 0x4c, 0x65, 0x6e, 0x67, 0x74, 0x68,
    0x49, 0x6e, 0x69, 0x74, 0x69, 0x61, 0x6c, 0xb7, 0x2e, 0x69, 0x6e, 0x74, 0x65, 0x72, 0x6e, 0x61, 0x6c, 0x5f, 0x70,
    0x69, 0x70, 0x65, 0x6c, 0x69, 0x6e, 0x65, 0x5f, 0x68, 0x61, 0x73, 0x68, 0x92, 0xcf, 0xe7, 0x91, 0x67, 0x97, 0xfa,
    0x8e, 0x55, 0x62, 0xcf, 0xcc, 0x5e, 0x99, 0x5b, 0x33, 0x9e, 0x2a, 0x53, 0xb2, 0x2e, 0x63, 0x6f, 0x6d, 0x70, 0x75,
    0x74, 0x65, 0x5f, 0x72, 0x65, 0x67, 0x69, 0x73, 0x74, 0x65, 0x72, 0x73, 0x85, 0xaf, 0x2e, 0x74, 0x69, 0x64, 0x69,
    0x67, 0x5f, 0x63, 0x6f, 0x6d, 0x70, 0x5f, 0x63, 0x6e, 0x74, 0x01, 0xaa, 0x2e, 0x74, 0x67, 0x69, 0x64, 0x5f, 0x78,
    0x5f, 0x65, 0x6e, 0xc3, 0xaa, 0x2e, 0x74, 0x67, 0x69, 0x64, 0x5f, 0x79, 0x5f, 0x65, 0x6e, 0xc3, 0xaa, 0x2e, 0x74,
    0x67, 0x69, 0x64, 0x5f, 0x7a, 0x5f, 0x65, 0x6e, 0xc2, 0xab, 0x2e, 0x74, 0x67, 0x5f, 0x73, 0x69, 0x7a, 0x65, 0x5f,
    0x65, 0x6e, 0xc2, 0xa4, 0x2e, 0x61, 0x70, 0x69, 0xa7, 0x73, 0x63, 0x70, 0x63, 0x42, 0x6c, 0x64, 0x00, 0x00, 0x00,
    0x00, 0x00, 0x00, 0x00, 0x00, 0x00, 0x00, 0x00, 0x00, 0x00, 0x00, 0x00, 0x00, 0x00, 0x00, 0x00, 0x00, 0x00, 0x00,
    0x00, 0x00, 0x00, 0x00, 0x00, 0x00, 0x00, 0x00, 0x00, 0x00, 0x00, 0x00, 0x00, 0x00, 0x00, 0x00, 0x00, 0x00, 0x00,
    0x00, 0x00, 0x00, 0x00, 0x00, 0x00, 0x00, 0x00, 0x00, 0x00, 0x00, 0x00, 0x00, 0x00, 0x00, 0x00, 0x00, 0x00, 0x00,
    0x00, 0x00, 0x00, 0x00, 0x00, 0x00, 0x00, 0x00, 0x00, 0x01, 0x00, 0x00, 0x00, 0x03, 0x00, 0x00, 0x00, 0x00, 0x00,
    0x00, 0x00, 0x00, 0x00, 0x00, 0x00, 0x00, 0x00, 0x00, 0x00, 0x00, 0x00, 0x00, 0x00, 0x40, 0x00, 0x00, 0x00, 0x00,
    0x00, 0x00, 0x00, 0x36, 0x00, 0x00, 0x00, 0x00, 0x00, 0x00, 0x00, 0x00, 0x00, 0x00, 0x00, 0x00, 0x00, 0x00, 0x00,
    0x00, 0x00, 0x00, 0x00, 0x00, 0x00, 0x00, 0x00, 0x00, 0x00, 0x00, 0x00, 0x00, 0x00, 0x00, 0x00, 0x0b, 0x00, 0x00,
    0x00, 0x01, 0x00, 0x00, 0x00, 0x06, 0x00, 0x00, 0x00, 0x00, 0x00, 0x00, 0x00, 0x00, 0x00, 0x00, 0x00, 0x00, 0x00,
    0x00, 0x00, 0x76, 0x00, 0x00, 0x00, 0x00, 0x00, 0x00, 0x00, 0x90, 0x03, 0x00, 0x00, 0x00, 0x00, 0x00, 0x00, 0x00,
    0x00, 0x00, 0x00, 0x00, 0x00, 0x00, 0x00, 0x00, 0x01, 0x00, 0x00, 0x00, 0x00, 0x00, 0x00, 0x00, 0x00, 0x00, 0x00,
    0x00, 0x00, 0x00, 0x00, 0x11, 0x00, 0x00, 0x00, 0x01, 0x00, 0x00, 0x00, 0x03, 0x00, 0x00, 0x00, 0x00, 0x00, 0x00,
    0x00, 0x00, 0x00, 0x00, 0x00, 0x00, 0x00, 0x00, 0x00, 0x06, 0x04, 0x00, 0x00, 0x00, 0x00, 0x00, 0x00, 0x10, 0x00,
    0x00, 0x00, 0x00, 0x00, 0x00, 0x00, 0x00, 0x00, 0x00, 0x00, 0x00, 0x00, 0x00, 0x00, 0x20, 0x00, 0x00, 0x00, 0x00,
    0x00, 0x00, 0x00, 0x00, 0x00, 0x00, 0x00, 0x00, 0x00, 0x00, 0x00, 0x17, 0x00, 0x00, 0x00, 0x01, 0x00, 0x00, 0x00,
    0x00, 0x00, 0x00, 0x00, 0x00, 0x00, 0x00, 0x00, 0x00, 0x00, 0x00, 0x00, 0x00, 0x00, 0x00, 0x00, 0x16, 0x04, 0x00,
    0x00, 0x00, 0x00, 0x00, 0x00, 0x50, 0x00, 0x00, 0x00, 0x00, 0x00, 0x00, 0x00, 0x00, 0x00, 0x00, 0x00, 0x00, 0x00,
    0x00, 0x00, 0x00, 0x00, 0x00, 0x00, 0x00, 0x00, 0x00, 0x00, 0x00, 0x00, 0x00, 0x00, 0x00, 0x00, 0x00, 0x00, 0x20,
    0x00, 0x00, 0x00, 0x03, 0x00, 0x00, 0x00, 0x00, 0x00, 0x00, 0x00, 0x00, 0x00, 0x00, 0x00, 0x00, 0x00, 0x00, 0x00,
    0x00, 0x00, 0x00, 0x00, 0x66, 0x04, 0x00, 0x00, 0x00, 0x00, 0x00, 0x00, 0x2b, 0x00, 0x00, 0x00, 0x00, 0x00, 0x00,
    0x00, 0x00, 0x00, 0x00, 0x00, 0x00, 0x00, 0x00, 0x00, 0x00, 0x00, 0x00, 0x00, 0x00, 0x00, 0x00, 0x00, 0x00, 0x00,
    0x00, 0x00, 0x00, 0x00, 0x00, 0x00, 0x28, 0x00, 0x00, 0x00, 0x02, 0x00, 0x00, 0x00, 0x00, 0x00, 0x00, 0x00, 0x00,
    0x00, 0x00, 0x00, 0x00, 0x00, 0x00, 0x00, 0x00, 0x00, 0x00, 0x00, 0x91, 0x04, 0x00, 0x00, 0x00, 0x00, 0x00, 0x00,
    0x48, 0x00, 0x00, 0x00, 0x00, 0x00, 0x00, 0x00, 0x05, 0x00, 0x00, 0x00, 0x00, 0x00, 0x00, 0x00, 0x00, 0x00, 0x00,
    0x00, 0x00, 0x00, 0x00, 0x00, 0x18, 0x00, 0x00, 0x00, 0x00, 0x00, 0x00, 0x00, 0x30, 0x00, 0x00, 0x00, 0x07, 0x00,
    0x00, 0x00, 0x00, 0x00, 0x00, 0x00, 0x00, 0x00, 0x00, 0x00, 0x00, 0x00, 0x00, 0x00, 0x00, 0x00, 0x00, 0x00, 0xd9,
    0x04, 0x00, 0x00, 0x00, 0x00, 0x00, 0x00, 0x34, 0x04, 0x00, 0x00, 0x00, 0x00, 0x00, 0x00, 0x00, 0x00, 0x00, 0x00,
    0x00, 0x00, 0x00, 0x00, 0x00, 0x00, 0x00, 0x00, 0x00, 0x00, 0x00, 0x00, 0x00, 0x00, 0x00, 0x00, 0x00, 0x00, 0x00,
    0x00,
};

// Mlaa Final Blend compute shader binary
inline constexpr Util::uint8 MlaaFinalBlend_Cs_F3CDD6F8[] =
{
    0x7f, 0x45, 0x4c, 0x46, 0x02, 0x01, 0x01, 0x41, 0x00, 0x00, 0x00, 0x00, 0x00, 0x00, 0x00, 0x00, 0x01, 0x00, 0xe0,
    0x00, 0x01, 0x00, 0x00, 0x00, 0x00, 0x00, 0x00, 0x00, 0x00, 0x00, 0x00, 0x00, 0x00, 0x00, 0x00, 0x00, 0x00, 0x00,
    0x00, 0x00, 0x24, 0x10, 0x00, 0x00, 0x00, 0x00, 0x00, 0x00, 0x41, 0x05, 0x00, 0x00, 0x40, 0x00, 0x00, 0x00, 0x00,
    0x00, 0x40, 0x00, 0x08, 0x00, 0x01, 0x00, 0x00, 0x2e, 0x73, 0x68, 0x73, 0x74, 0x72, 0x74, 0x61, 0x62, 0x00, 0x2e,
    0x74, 0x65, 0x78, 0x74, 0x00, 0x2e, 0x64, 0x61, 0x74, 0x61, 0x00, 0x2e, 0x63, 0x6f, 0x6d, 0x6d, 0x65, 0x6e, 0x74,
    0x00, 0x2e, 0x73, 0x74, 0x72, 0x74, 0x61, 0x62, 0x00, 0x2e, 0x73, 0x79, 0x6d, 0x74, 0x61, 0x62, 0x00, 0x2e, 0x6e,
    0x6f, 0x74, 0x65, 0x00, 0x06, 0x20, 0x80, 0xb0, 0x80, 0x47, 0x86, 0xbe, 0x03, 0x00, 0x84, 0xbf, 0x02, 0x00, 0x80,
    0xbe, 0x07, 0x00, 0x81, 0xbe, 0x80, 0x01, 0x04, 0xf4, 0x84, 0x00, 0x00, 0xf8, 0xff, 0x00, 0x02, 0x36, 0xff, 0x03,
    0x00, 0x00, 0x00, 0x00, 0x10, 0xd6, 0x00, 0x15, 0x29, 0x02, 0x12, 0x01, 0x87, 0xbf, 0x15, 0x00, 0x46, 0xd6, 0x03,
    0x06, 0x05, 0x04, 0x16, 0x00, 0x46, 0xd6, 0x04, 0x06, 0x01, 0x04, 0x07, 0xfc, 0x89, 0xbf, 0x12, 0x01, 0x87, 0xbf,
    0x02, 0x00, 0x4e, 0xd4, 0x06, 0x2a, 0x02, 0x00, 0x07, 0x2c, 0x9c, 0x7c, 0x02, 0x6a, 0xea, 0x8b, 0x09, 0x00, 0x87,
    0xbf, 0x6a, 0x21, 0x82, 0xbe, 0x51, 0x02, 0xa5, 0xbf, 0x00, 0x01, 0x0c, 0xf4, 0x40, 0x00, 0x00, 0xf8, 0x00, 0x03,
    0x0c, 0xf4, 0x20, 0x00, 0x00, 0xf8, 0x07, 0xfc, 0x89, 0xbf, 0x85, 0x01, 0x00, 0xf0, 0x15, 0x04, 0x01, 0x00, 0x16,
    0x00, 0x00, 0x00, 0x85, 0x0f, 0x00, 0xf0, 0x15, 0x19, 0x03, 0x00, 0x16, 0x00, 0x00, 0x00, 0xf7, 0x07, 0x89, 0xbf,
    0xff, 0x08, 0x0a, 0x36, 0x00, 0x80, 0x00, 0x80, 0x7e, 0x01, 0x94, 0xbe, 0x01, 0x00, 0x87, 0xbf, 0x7e, 0x00, 0xcd,
    0xd4, 0x05, 0x01, 0x01, 0x00, 0x83, 0x00, 0xa5, 0xbf, 0x0b, 0x00, 0x10, 0xd6, 0x04, 0x21, 0x3d, 0x02, 0xff, 0x08,
    0x2e, 0x36, 0xff, 0x7f, 0x00, 0x00, 0xa2, 0x01, 0x87, 0xbf, 0xc1, 0x16, 0x0c, 0x4c, 0x15, 0x17, 0x10, 0x4c, 0x15,
    0x2f, 0x20, 0x4a, 0xa3, 0x01, 0x87, 0xbf, 0x15, 0x0d, 0x18, 0x4a, 0xc1, 0x2c, 0x0c, 0x4a, 0x81, 0x20, 0x28, 0x4a,
    0x04, 0x00, 0x85, 0xbf, 0x85, 0x0f, 0x00, 0xf0, 0x15, 0x04, 0x03, 0x00, 0x06, 0x00, 0x00, 0x00, 0x85, 0x07, 0x00,
    0xf0, 0x08, 0x08, 0x03, 0x00, 0x16, 0x00, 0x00, 0x00, 0x85, 0x07, 0x00, 0xf0, 0x0c, 0x0c, 0x03, 0x00, 0x16, 0x00,
    0x00, 0x00, 0x85, 0x07, 0x00, 0xf0, 0x10, 0x0f, 0x03, 0x00, 0x16, 0x00, 0x00, 0x00, 0x85, 0x07, 0x00, 0xf0, 0x14,
    0x12, 0x03, 0x00, 0x16, 0x00, 0x00, 0x00, 0x0b, 0x2f, 0x2e, 0x4a, 0x0b, 0x0b, 0x16, 0x7e, 0x92, 0x00, 0x87, 0xbf,
    0x81, 0x2e, 0x30, 0x4a, 0x18, 0x0b, 0x30, 0x7e, 0xf7, 0x0b, 0x89, 0xbf, 0x08, 0x19, 0x10, 0x08, 0x09, 0x1b, 0x12,
    0x08, 0x0a, 0x1d, 0x14, 0x08, 0xf7, 0x03, 0x89, 0xbf, 0x0f, 0x25, 0x18, 0x08, 0x14, 0x02, 0x87, 0xbf, 0x16, 0x01,
    0x14, 0xd4, 0x08, 0xff, 0x01, 0x00, 0x00, 0x00, 0x80, 0x3d, 0x18, 0x01, 0x14, 0xd4, 0x09, 0xff, 0x01, 0x00, 0x00,
    0x00, 0x80, 0x3d, 0xd4, 0x00, 0x87, 0xbf, 0x1a, 0x01, 0x14, 0xd4, 0x0a, 0xff, 0x01, 0x00, 0x00, 0x00, 0x80, 0x3d,
    0x10, 0x27, 0x1a, 0x08, 0x11, 0x29, 0x1c, 0x08, 0x18, 0x55, 0x10, 0x7e, 0x18, 0x17, 0x14, 0x08, 0xf3, 0x14, 0x1e,
    0x06, 0x16, 0x18, 0xea, 0x8c, 0x19, 0x02, 0x87, 0xbf, 0x1a, 0x6a, 0xea, 0x8c, 0x16, 0x01, 0x14, 0xd4, 0x0d, 0xff,
    0x01, 0x00, 0x00, 0x00, 0x80, 0x3d, 0x1a, 0x01, 0x14, 0xd4, 0x0c, 0xff, 0x01, 0x00, 0x00, 0x00, 0x80, 0x3d, 0x18,
    0x01, 0x14, 0xd4, 0x0e, 0xff, 0x01, 0x00, 0x00, 0x00, 0x80, 0x3d, 0x09, 0x00, 0x01, 0xd5, 0x80, 0x82, 0xa9, 0x01,
    0x0e, 0x00, 0x01, 0xd5, 0x80, 0x02, 0xa9, 0x01, 0xc5, 0x01, 0x87, 0xbf, 0x0d, 0x00, 0x13, 0xd6, 0x08, 0x1f, 0xc6,
    0x03, 0x0a, 0x00, 0x13, 0xd6, 0x08, 0x15, 0xc6, 0x03, 0x1a, 0x0b, 0x1e, 0x0a, 0x09, 0x00, 0x12, 0xd6, 0x81, 0x12,
    0x0a, 0x02, 0x08, 0x03, 0x03, 0xd5, 0x0a, 0x1b, 0x02, 0x18, 0x19, 0x09, 0x14, 0x0a, 0x1b, 0x0d, 0x08, 0x0a, 0x1c,
    0x0f, 0x0a, 0x0a, 0x0f, 0x35, 0x02, 0x58, 0x00, 0x00, 0x00, 0x3e, 0x1a, 0x16, 0xea, 0x8c, 0x99, 0x04, 0x87, 0xbf,
    0x9e, 0xff, 0x88, 0xbf, 0x18, 0x6a, 0xea, 0x8c, 0x0e, 0x13, 0x0c, 0x02, 0xf0, 0x30, 0x12, 0x10, 0x07, 0x00, 0x13,
    0xd6, 0x08, 0x15, 0x66, 0x04, 0x04, 0x37, 0x04, 0x58, 0x00, 0x00, 0x00, 0x3e, 0x0a, 0x33, 0x00, 0x58, 0x00, 0x00,
    0x00, 0x3e, 0x16, 0x00, 0x42, 0xd4, 0x06, 0x05, 0x01, 0x00, 0x18, 0x00, 0x16, 0xd4, 0x0b, 0x13, 0x02, 0x00, 0x1a,
    0x00, 0x42, 0xd4, 0x06, 0x03, 0x01, 0x00, 0x09, 0x17, 0x2c, 0x7c, 0x0b, 0x00, 0x13, 0xd6, 0x08, 0x1f, 0x6a, 0x04,
    0x09, 0x00, 0x13, 0xd6, 0x08, 0x09, 0x6e, 0x04, 0x08, 0x00, 0x13, 0xd6, 0x08, 0x0b, 0x72, 0x04, 0x05, 0x39, 0x08,
    0x58, 0x00, 0x00, 0x00, 0x3e, 0x16, 0x18, 0x96, 0x8b, 0x1a, 0x6a, 0xea, 0x8b, 0xb9, 0x04, 0x87, 0xbf, 0x9e, 0xff,
    0x88, 0xbf, 0x16, 0x6a, 0x96, 0x8c, 0x83, 0x0c, 0x84, 0x7c, 0x6a, 0x16, 0xea, 0x8c, 0x19, 0x0f, 0x0c, 0x02, 0x54,
    0x02, 0x87, 0xbf, 0x1c, 0x11, 0x0e, 0x02, 0x1b, 0x13, 0x10, 0x02, 0x1a, 0x17, 0x06, 0x02, 0x80, 0x2e, 0x8a, 0x7c,
    0x00, 0x0d, 0x32, 0x02, 0x02, 0x11, 0x36, 0x02, 0x04, 0x00, 0x87, 0xbf, 0x01, 0x07, 0x34, 0x02, 0x04, 0x0f, 0x38,
    0x02, 0x14, 0x01, 0xfe, 0xbe, 0x81, 0x2c, 0x1c, 0x4a, 0x85, 0x01, 0x00, 0xf0, 0x15, 0x00, 0x01, 0x00, 0x0e, 0x00,
    0x00, 0x00, 0xf7, 0x03, 0x89, 0xbf, 0xff, 0x00, 0x02, 0x36, 0x00, 0x80, 0x00, 0x80, 0x01, 0x00, 0x87, 0xbf, 0x80,
    0x02, 0x9a, 0x7c, 0x14, 0x6a, 0xfe, 0x8b, 0x84, 0x00, 0xa5, 0xbf, 0x17, 0x00, 0x10, 0xd6, 0x00, 0x21, 0x3d, 0x02,
    0xff, 0x00, 0x28, 0x36, 0xff, 0x7f, 0x00, 0x00, 0xa2, 0x01, 0x87, 0xbf, 0xc1, 0x2e, 0x04, 0x4c, 0x15, 0x2f, 0x08,
    0x4c, 0x15, 0x29, 0x18, 0x4a, 0x13, 0x01, 0x87, 0xbf, 0x15, 0x05, 0x10, 0x4a, 0x81, 0x18, 0x20, 0x4a, 0x04, 0x00,
    0x85, 0xbf, 0x85, 0x0f, 0x00, 0xf0, 0x15, 0x00, 0x03, 0x00, 0x0e, 0x00, 0x00, 0x00, 0x85, 0x07, 0x00, 0xf0, 0x04,
    0x04, 0x03, 0x00, 0x0e, 0x00, 0x00, 0x00, 0x85, 0x07, 0x00, 0xf0, 0x08, 0x08, 0x03, 0x00, 0x0e, 0x00, 0x00, 0x00,
    0x85, 0x07, 0x00, 0xf0, 0x0c, 0x0b, 0x03, 0x00, 0x0e, 0x00, 0x00, 0x00, 0x85, 0x07, 0x00, 0xf0, 0x10, 0x0e, 0x03,
    0x00, 0x0e, 0x00, 0x00, 0x00, 0x17, 0x29, 0x28, 0x4a, 0x17, 0x0b, 0x2e, 0x7e, 0x92, 0x00, 0x87, 0xbf, 0x81, 0x28,
    0x30, 0x4a, 0x18, 0x0b, 0x30, 0x7e, 0xf7, 0x13, 0x89, 0xbf, 0x19, 0x01, 0x00, 0x0a, 0xf7, 0x0b, 0x89, 0xbf, 0x04,
    0x11, 0x08, 0x08, 0x05, 0x13, 0x0a, 0x08, 0x06, 0x15, 0x0c, 0x08, 0xf7, 0x03, 0x89, 0xbf, 0x0b, 0x1d, 0x10, 0x08,
    0x14, 0x02, 0x87, 0xbf, 0x04, 0x01, 0x14, 0xd4, 0x04, 0xff, 0x01, 0x00, 0x00, 0x00, 0x80, 0x3d, 0x06, 0x01, 0x14,
    0xd4, 0x05, 0xff, 0x01, 0x00, 0x00, 0x00, 0x80, 0x3d, 0xd4, 0x00, 0x87, 0xbf, 0x08, 0x01, 0x14, 0xd4, 0x06, 0xff,
    0x01, 0x00, 0x00, 0x00, 0x80, 0x3d, 0x0c, 0x1f, 0x12, 0x08, 0x0d, 0x21, 0x14, 0x08, 0x18, 0x55, 0x08, 0x7e, 0x18,
    0x2f, 0x0c, 0x08, 0xf3, 0x0c, 0x16, 0x06, 0x04, 0x06, 0xea, 0x8c, 0x19, 0x02, 0x87, 0xbf, 0x08, 0x6a, 0xea, 0x8c,
    0x04, 0x01, 0x14, 0xd4, 0x09, 0xff, 0x01, 0x00, 0x00, 0x00, 0x80, 0x3d, 0x08, 0x01, 0x14, 0xd4, 0x08, 0xff, 0x01,
    0x00, 0x00, 0x00, 0x80, 0x3d, 0x06, 0x01, 0x14, 0xd4, 0x0a, 0xff, 0x01, 0x00, 0x00, 0x00, 0x80, 0x3d, 0x05, 0x00,
    0x01, 0xd5, 0x80, 0x82, 0xa9, 0x01, 0x0a, 0x00, 0x01, 0xd5, 0x80, 0x02, 0xa9, 0x01, 0xc5, 0x01, 0x87, 0xbf, 0x09,
    0x00, 0x13, 0xd6, 0x04, 0x17, 0xc6, 0x03, 0x06, 0x00, 0x13, 0xd6, 0x04, 0x0d, 0xc6, 0x03, 0x1c, 0x07, 0x10, 0x0a,
    0x05, 0x00, 0x12, 0xd6, 0x81, 0x0a, 0x0a, 0x02, 0x04, 0x03, 0x03, 0xd5, 0x06, 0x13, 0x02, 0x18, 0x1a, 0x03, 0x0c,
    0x0a, 0x1b, 0x05, 0x02, 0x0a, 0x08, 0x39, 0x16, 0x58, 0x00, 0x00, 0x00, 0x3e, 0x08, 0x04, 0xea, 0x8c, 0x99, 0x04,
    0x87, 0xbf, 0x9e, 0xff, 0x88, 0xbf, 0x06, 0x6a, 0xea, 0x8c, 0x0a, 0x0b, 0x04, 0x02, 0xf0, 0x30, 0x0a, 0x10, 0x03,
    0x00, 0x13, 0xd6, 0x04, 0x0d, 0x6a, 0x04, 0x09, 0x00, 0x13, 0xd6, 0x04, 0x03, 0x6e, 0x04, 0x01, 0x37, 0x14, 0x58,
    0x00, 0x00, 0x00, 0x3e, 0x04, 0x00, 0x42, 0xd4, 0x02, 0x05, 0x01, 0x00, 0x06, 0x00, 0x16, 0xd4, 0x05, 0x2f, 0x02,
    0x00, 0x08, 0x00, 0x42, 0xd4, 0x02, 0x03, 0x01, 0x00, 0x17, 0x0b, 0x2c, 0x7c, 0x05, 0x00, 0x13, 0xd6, 0x04, 0x01,
    0x66, 0x04, 0x04, 0x00, 0x13, 0xd6, 0x04, 0x11, 0x72, 0x04, 0x00, 0x33, 0x00, 0x58, 0x00, 0x00, 0x00, 0x3e, 0x04,
    0x06, 0x84, 0x8b, 0x08, 0x6a, 0xea, 0x8b, 0x09, 0x00, 0x87, 0xbf, 0x9e, 0xff, 0x88, 0xbf, 0x04, 0x6a, 0x84, 0x8c,
    0x80, 0x04, 0x84, 0x7c, 0x6a, 0x04, 0xea, 0x8c, 0x84, 0x04, 0x87, 0xbf, 0x19, 0x0b, 0x04, 0x02, 0x04, 0x00, 0x87,
    0xbf, 0x1c, 0x09, 0x08, 0x02, 0x1b, 0x13, 0x0a, 0x02, 0x1a, 0x07, 0x02, 0x02, 0x06, 0x35, 0x06, 0x58, 0x00, 0x00,
    0x00, 0x3e, 0x80, 0x28, 0x8a, 0x7c, 0x00, 0x05, 0x32, 0x02, 0x03, 0x00, 0x87, 0xbf, 0x03, 0x03, 0x34, 0x02, 0x0a,
    0x0b, 0x36, 0x02, 0x0b, 0x09, 0x38, 0x02, 0x14, 0x01, 0xfe, 0xbe, 0x00, 0x01, 0x0c, 0xf4, 0x60, 0x00, 0x00, 0xf8,
    0x07, 0xfc, 0x89, 0xbf, 0x85, 0x01, 0x00, 0xf0, 0x15, 0x00, 0x01, 0x00, 0x16, 0x00, 0x00, 0x00, 0xf7, 0x03, 0x89,
    0xbf, 0xff, 0x00, 0x02, 0x36, 0x00, 0x80, 0x00, 0x80, 0x7e, 0x01, 0x94, 0xbe, 0x01, 0x00, 0x87, 0xbf, 0x7e, 0x00,
    0xcd, 0xd4, 0x01, 0x01, 0x01, 0x00, 0x85, 0x00, 0xa5, 0xbf, 0x14, 0x00, 0x10, 0xd6, 0x00, 0x21, 0x3d, 0x02, 0xff,
    0x00, 0x2e, 0x36, 0xff, 0x7f, 0x00, 0x00, 0x81, 0x2a, 0x00, 0x4a, 0x23, 0x02, 0x87, 0xbf, 0x14, 0x2d, 0x0c, 0x4a,
    0x0a, 0x00, 0x55, 0xd6, 0x14, 0x2d, 0x06, 0x02, 0x16, 0x2f, 0x16, 0x4c, 0x01, 0x00, 0x87, 0xbf, 0xc1, 0x16, 0x1c,
    0x4a, 0x04, 0x00, 0x85, 0xbf, 0x85, 0x0f, 0x00, 0xf0, 0x00, 0x00, 0x03, 0x00, 0x16, 0x00, 0x00, 0x00, 0x85, 0x07,
    0x00, 0xf0, 0x15, 0x04, 0x03, 0x00, 0x06, 0x00, 0x00, 0x00, 0x85, 0x07, 0x00, 0xf0, 0x15, 0x08, 0x03, 0x00, 0x0a,
    0x00, 0x00, 0x00, 0x85, 0x07, 0x00, 0xf0, 0x15, 0x0b, 0x03, 0x00, 0x0b, 0x00, 0x00, 0x00, 0x85, 0x07, 0x00, 0xf0,
    0x15, 0x0e, 0x03, 0x00, 0x0e, 0x00, 0x00, 0x00, 0x14, 0x2f, 0x2e, 0x4a, 0x91, 0x00, 0x87, 0xbf, 0x81, 0x2e, 0x30,
    0x4a, 0x18, 0x0b, 0x30, 0x7e, 0xf7, 0x13, 0x89, 0xbf, 0x19, 0x01, 0x00, 0x0a, 0xf7, 0x0b, 0x89, 0xbf, 0x04, 0x11,
    0x08, 0x08, 0x05, 0x13, 0x0a, 0x08, 0x06, 0x15, 0x0c, 0x08, 0x14, 0x0b, 0x10, 0x7e, 0x14, 0x02, 0x87, 0xbf, 0x16,
    0x01, 0x14, 0xd4, 0x04, 0xff, 0x01, 0x00, 0x00, 0x00, 0x80, 0x3d, 0x18, 0x01, 0x14, 0xd4, 0x05, 0xff, 0x01, 0x00,
    0x00, 0x00, 0x80, 0x3d, 0x04, 0x00, 0x87, 0xbf, 0x1a, 0x01, 0x14, 0xd4, 0x06, 0xff, 0x01, 0x00, 0x00, 0x00, 0x80,
    0x3d, 0xf7, 0x03, 0x89, 0xbf, 0x0b, 0x1d, 0x12, 0x08, 0x0c, 0x1f, 0x14, 0x08, 0x0d, 0x21, 0x16, 0x08, 0x18, 0x55,
    0x08, 0x7e, 0x18, 0x11, 0x0c, 0x08, 0x16, 0x18, 0xea, 0x8c, 0x99, 0x01, 0x87, 0xbf, 0x1a, 0x6a, 0xea, 0x8c, 0x16,
    0x01, 0x14, 0xd4, 0x0a, 0xff, 0x01, 0x00, 0x00, 0x00, 0x80, 0x3d, 0x1a, 0x01, 0x14, 0xd4, 0x09, 0xff, 0x01, 0x00,
    0x00, 0x00, 0x80, 0x3d, 0x54, 0x02, 0x87, 0xbf, 0x18, 0x01, 0x14, 0xd4, 0x0b, 0xff, 0x01, 0x00, 0x00, 0x00, 0x80,
    0x3d, 0x05, 0x00, 0x01, 0xd5, 0x80, 0x82, 0xa9, 0x01, 0xf3, 0x0c, 0x1c, 0x06, 0x1c, 0x07, 0x12, 0x0a, 0xf0, 0x30,
    0x06, 0x10, 0x05, 0x00, 0x12, 0xd6, 0x81, 0x0a, 0x0a, 0x02, 0x05, 0x02, 0x87, 0xbf, 0x0a, 0x00, 0x13, 0xd6, 0x04,
    0x1d, 0xc6, 0x03, 0x04, 0x00, 0x13, 0xd6, 0x04, 0x0d, 0xc6, 0x03, 0x06, 0x00, 0x01, 0xd5, 0x80, 0x02, 0xa9, 0x01,
    0x09, 0x39, 0x16, 0x58, 0x00, 0x00, 0x00, 0x3e, 0xa3, 0x04, 0x87, 0xbf, 0x04, 0x03, 0x03, 0xd5, 0x04, 0x15, 0x02,
    0x18, 0x1a, 0x16, 0xea, 0x8c, 0x9e, 0xff, 0x88, 0xbf, 0x18, 0x6a, 0xea, 0x8c, 0x1a, 0x03, 0x14, 0x0a, 0x1b, 0x05,
    0x02, 0x0a, 0x06, 0x0b, 0x04, 0x02, 0x18, 0x00, 0x16, 0xd4, 0x08, 0x07, 0x02, 0x00, 0x03, 0x11, 0x2c, 0x7c, 0x03,
    0x00, 0x87, 0xbf, 0x16, 0x00, 0x42, 0xd4, 0x02, 0x05, 0x01, 0x00, 0x1a, 0x00, 0x42, 0xd4, 0x02, 0x03, 0x01, 0x00,
    0x05, 0x00, 0x13, 0xd6, 0x04, 0x01, 0x66, 0x04, 0x03, 0x00, 0x13, 0xd6, 0x04, 0x15, 0x6a, 0x04, 0x08, 0x00, 0x13,
    0xd6, 0x04, 0x03, 0x6e, 0x04, 0x04, 0x00, 0x13, 0xd6, 0x04, 0x13, 0x72, 0x04, 0x01, 0x37, 0x0c, 0x58, 0x00, 0x00,
    0x00, 0x3e, 0x00, 0x33, 0x00, 0x58, 0x00, 0x00, 0x00, 0x3e, 0x16, 0x18, 0x96, 0x8b, 0x1a, 0x6a, 0xea, 0x8b, 0xb9,
    0x04, 0x87, 0xbf, 0x9e, 0xff, 0x88, 0xbf, 0x16, 0x6a, 0x96, 0x8c, 0x83, 0x04, 0x84, 0x7c, 0x6a, 0x16, 0xea, 0x8c,
    0x19, 0x0b, 0x04, 0x02, 0x1c, 0x09, 0x08, 0x02, 0x1b, 0x11, 0x0a, 0x02, 0x1a, 0x07, 0x02, 0x02, 0x0a, 0x35, 0x06,
    0x58, 0x00, 0x00, 0x00, 0x3e, 0x80, 0x2e, 0x8a, 0x7c, 0x00, 0x05, 0x32, 0x02, 0x03, 0x00, 0x87, 0xbf, 0x03, 0x03,
    0x34, 0x02, 0x06, 0x0b, 0x36, 0x02, 0x0b, 0x09, 0x38, 0x02, 0x14, 0x01, 0xfe, 0xbe, 0xc1, 0x2a, 0x20, 0x4a, 0x85,
    0x01, 0x00, 0xf0, 0x10, 0x00, 0x01, 0x00, 0x16, 0x00, 0x00, 0x00, 0xf7, 0x03, 0x89, 0xbf, 0xff, 0x00, 0x02, 0x36,
    0x00, 0x80, 0x00, 0x80, 0x01, 0x00, 0x87, 0xbf, 0x80, 0x02, 0x9a, 0x7c, 0x14, 0x6a, 0xfe, 0x8b, 0x84, 0x00, 0xa5,
    0xbf, 0x14, 0x00, 0x10, 0xd6, 0x00, 0x21, 0x3d, 0x02, 0xff, 0x00, 0x2e, 0x36, 0xff, 0x7f, 0x00, 0x00, 0xa2, 0x01,
    0x87, 0xbf, 0x14, 0x2d, 0x0c, 0x4a, 0x0a, 0x00, 0x55, 0xd6, 0x14, 0x2d, 0x06, 0x02, 0x16, 0x2f, 0x16, 0x4c, 0x01,
    0x00, 0x87, 0xbf, 0xc1, 0x16, 0x1c, 0x4a, 0x04, 0x00, 0x85, 0xbf, 0x85, 0x0f, 0x00, 0xf0, 0x10, 0x00, 0x03, 0x00,
    0x16, 0x00, 0x00, 0x00, 0x85, 0x07, 0x00, 0xf0, 0x10, 0x04, 0x03, 0x00, 0x06, 0x00, 0x00, 0x00, 0x85, 0x07, 0x00,
    0xf0, 0x10, 0x08, 0x03, 0x00, 0x0a, 0x00, 0x00, 0x00, 0x85, 0x07, 0x00, 0xf0, 0x10, 0x0b, 0x03, 0x00, 0x0b, 0x00,
    0x00, 0x00, 0x85, 0x07, 0x00, 0xf0, 0x10, 0x0e, 0x03, 0x00, 0x0e, 0x00, 0x00, 0x00, 0x14, 0x2f, 0x2e, 0x4a, 0x91,
    0x00, 0x87, 0xbf, 0x81, 0x2e, 0x30, 0x4a, 0x18, 0x0b, 0x30, 0x7e, 0xf7, 0x13, 0x89, 0xbf, 0x19, 0x01, 0x00, 0x0a,
    0xf7, 0x0b, 0x89, 0xbf, 0x04, 0x11, 0x08, 0x08, 0x05, 0x13, 0x0a, 0x08, 0x06, 0x15, 0x0c, 0x08, 0x14, 0x0b, 0x10,
    0x7e, 0x14, 0x02, 0x87, 0xbf, 0x04, 0x01, 0x14, 0xd4, 0x04, 0xff, 0x01, 0x00, 0x00, 0x00, 0x80, 0x3d, 0x06, 0x01,
    0x14, 0xd4, 0x05, 0xff, 0x01, 0x00, 0x00, 0x00, 0x80, 0x3d, 0x04, 0x00, 0x87, 0xbf, 0x08, 0x01, 0x14, 0xd4, 0x06,
    0xff, 0x01, 0x00, 0x00, 0x00, 0x80, 0x3d, 0xf7, 0x03, 0x89, 0xbf, 0x0b, 0x1d, 0x12, 0x08, 0x0c, 0x1f, 0x14, 0x08,
    0x0d, 0x21, 0x16, 0x08, 0x18, 0x55, 0x08, 0x7e, 0x18, 0x11, 0x0c, 0x08, 0x04, 0x06, 0xea, 0x8c, 0x99, 0x01, 0x87,
    0xbf, 0x08, 0x6a, 0xea, 0x8c, 0x04, 0x01, 0x14, 0xd4, 0x0a, 0xff, 0x01, 0x00, 0x00, 0x00, 0x80, 0x3d, 0x08, 0x01,
    0x14, 0xd4, 0x09, 0xff, 0x01, 0x00, 0x00, 0x00, 0x80, 0x3d, 0x54, 0x02, 0x87, 0xbf, 0x06, 0x01, 0x14, 0xd4, 0x0b,
    0xff, 0x01, 0x00, 0x00, 0x00, 0x80, 0x3d, 0x05, 0x00, 0x01, 0xd5, 0x80, 0x82, 0xa9, 0x01, 0xf3, 0x0c, 0x1c, 0x06,
    0x1c, 0x07, 0x12, 0x0a, 0xf0, 0x30, 0x06, 0x10, 0x05, 0x00, 0x12, 0xd6, 0x81, 0x0a, 0x0a, 0x02, 0x05, 0x02, 0x87,
    0xbf, 0x0a, 0x00, 0x13, 0xd6, 0x04, 0x1d, 0xc6, 0x03, 0x04, 0x00, 0x13, 0xd6, 0x04, 0x0d, 0xc6, 0x03, 0x06, 0x00,
    0x01, 0xd5, 0x80, 0x02, 0xa9, 0x01, 0x09, 0x39, 0x16, 0x58, 0x00, 0x00, 0x00, 0x3e, 0xa3, 0x04, 0x87, 0xbf, 0x04,
    0x03, 0x03, 0xd5, 0x04, 0x15, 0x02, 0x18, 0x08, 0x04, 0xea, 0x8c, 0x9e, 0xff, 0x88, 0xbf, 0x06, 0x6a, 0xea, 0x8c,
    0x1a, 0x03, 0x14, 0x0a, 0x1b, 0x05, 0x02, 0x0a, 0x06, 0x0b, 0x04, 0x02, 0x06, 0x00, 0x16, 0xd4, 0x03, 0x11, 0x02,
    0x00, 0x08, 0x07, 0x2c, 0x7c, 0x03, 0x00, 0x87, 0xbf, 0x04, 0x00, 0x42, 0xd4, 0x02, 0x05, 0x01, 0x00, 0x08, 0x00,
    0x42, 0xd4, 0x02, 0x03, 0x01, 0x00, 0x05, 0x00, 0x13, 0xd6, 0x04, 0x01, 0x66, 0x04, 0x03, 0x00, 0x13, 0xd6, 0x04,
    0x15, 0x6a, 0x04, 0x08, 0x00, 0x13, 0xd6, 0x04, 0x03, 0x6e, 0x04, 0x04, 0x00, 0x13, 0xd6, 0x04, 0x13, 0x72, 0x04,
    0x01, 0x37, 0x0c, 0x58, 0x00, 0x00, 0x00, 0x3e, 0x00, 0x33, 0x00, 0x58, 0x00, 0x00, 0x00, 0x3e, 0x04, 0x06, 0x84,
    0x8b, 0x08, 0x6a, 0xea, 0x8b, 0xb9, 0x04, 0x87, 0xbf, 0x9e, 0xff, 0x88, 0xbf, 0x04, 0x6a, 0x84, 0x8c, 0x80, 0x04,
    0x84, 0x7c, 0x6a, 0x04, 0xea, 0x8c, 0x19, 0x0b, 0x04, 0x02, 0x1c, 0x09, 0x08, 0x02, 0x1b, 0x11, 0x0a, 0x02, 0x1a,
    0x07, 0x02, 0x02, 0x0a, 0x35, 0x06, 0x58, 0x00, 0x00, 0x00, 0x3e, 0x80, 0x2e, 0x8a, 0x7c, 0x00, 0x05, 0x32, 0x02,
    0x03, 0x00, 0x87, 0xbf, 0x03, 0x03, 0x34, 0x02, 0x06, 0x0b, 0x36, 0x02, 0x0b, 0x09, 0x38, 0x02, 0x14, 0x01, 0xfe,
    0xbe, 0x00, 0x01, 0x0c, 0xf4, 0x00, 0x00, 0x00, 0xf8, 0x07, 0xfc, 0x89, 0xbf, 0x85, 0x4f, 0x18, 0xf0, 0x15, 0x19,
    0x01, 0x00, 0x16, 0x00, 0x00, 0x00, 0x00, 0x00, 0x80, 0xbf, 0x03, 0x00, 0xb6, 0xbf, 0x00, 0x00, 0xb0, 0xbf, 0x00,
    0x00, 0x9f, 0xbf, 0x00, 0x00, 0x9f, 0xbf, 0x00, 0x00, 0x9f, 0xbf, 0x00, 0x00, 0x9f, 0xbf, 0x00, 0x00, 0x9f, 0xbf,
    0x00, 0x00, 0x9f, 0xbf, 0x00, 0x00, 0x9f, 0xbf, 0x00, 0x00, 0x9f, 0xbf, 0x00, 0x00, 0x9f, 0xbf, 0x00, 0x00, 0x9f,
    0xbf, 0x00, 0x00, 0x9f, 0xbf, 0x00, 0x00, 0x9f, 0xbf, 0x00, 0x00, 0x9f, 0xbf, 0x00, 0x00, 0x9f, 0xbf, 0x00, 0x00,
    0x9f, 0xbf, 0x00, 0x00, 0x9f, 0xbf, 0x00, 0x00, 0x9f, 0xbf, 0x00, 0x00, 0x9f, 0xbf, 0x00, 0x00, 0x9f, 0xbf, 0x00,
    0x00, 0x9f, 0xbf, 0x00, 0x00, 0x9f, 0xbf, 0x00, 0x00, 0x9f, 0xbf, 0x00, 0x00, 0x9f, 0xbf, 0x00, 0x00, 0x9f, 0xbf,
    0x00, 0x00, 0x9f, 0xbf, 0x00, 0x00, 0x9f, 0xbf, 0x00, 0x00, 0x9f, 0xbf, 0x00, 0x00, 0x9f, 0xbf, 0x00, 0x00, 0x9f,
    0xbf, 0x00, 0x00, 0x9f, 0xbf, 0x00, 0x00, 0x9f, 0xbf, 0x00, 0x00, 0x9f, 0xbf, 0x00, 0x00, 0x9f, 0xbf, 0x00, 0x00,
    0x9f, 0xbf, 0x00, 0x00, 0x9f, 0xbf, 0x00, 0x00, 0x9f, 0xbf, 0x00, 0x00, 0x9f, 0xbf, 0x00, 0x00, 0x9f, 0xbf, 0x00,
    0x00, 0x9f, 0xbf, 0x00, 0x00, 0x9f, 0xbf, 0x00, 0x00, 0x9f, 0xbf, 0x00, 0x00, 0x9f, 0xbf, 0x00, 0x00, 0x9f, 0xbf,
    0x00, 0x00, 0x9f, 0xbf, 0x00, 0x00, 0x9f, 0xbf, 0x00, 0x00, 0x9f, 0xbf, 0x00, 0x00, 0x9f, 0xbf, 0x00, 0x00, 0x9f,
    0xbf, 0x00, 0x00, 0x9f, 0xbf, 0x00, 0x00, 0x9f, 0xbf, 0x00, 0x00, 0x9f, 0xbf, 0x00, 0x00, 0x9f, 0xbf, 0x00, 0x00,
    0x9f, 0xbf, 0x00, 0x00, 0x9f, 0xbf, 0x00, 0x00, 0x9f, 0xbf, 0x00, 0x00, 0x9f, 0xbf, 0x00, 0x00, 0x9f, 0xbf, 0x00,
    0x00, 0x9f, 0xbf, 0x00, 0x00, 0x9f, 0xbf, 0x00, 0x00, 0x9f, 0xbf, 0x00, 0x00, 0x9f, 0xbf, 0x00, 0x00, 0x9f, 0xbf,
    0x00, 0x00, 0x9f, 0xbf, 0x00, 0x00, 0x9f, 0xbf, 0x00, 0x00, 0x00, 0x00, 0x00, 0x00, 0x10, 0x00, 0x00, 0x00, 0x00,
    0x00, 0xac, 0xdf, 0x03, 0x10, 0x47, 0x65, 0x6e, 0x65, 0x72, 0x61, 0x74, 0x65, 0x64, 0x20, 0x62, 0x79, 0x20, 0x74,
    0x68, 0x65, 0x20, 0x41, 0x64, 0x76, 0x61, 0x6e, 0x63, 0x65, 0x64, 0x20, 0x4d, 0x69, 0x63, 0x72, 0x6f, 0x20, 0x44,
    0x65, 0x76, 0x69, 0x63, 0x65, 0x73, 0x2c, 0x20, 0x49, 0x6e, 0x63, 0x2e, 0x2c, 0x20, 0x50, 0x72, 0x6f, 0x70, 0x72,
    0x69, 0x65, 0x74, 0x61, 0x72, 0x79, 0x20, 0x47, 0x50, 0x55, 0x20, 0x53, 0x68, 0x61, 0x64, 0x65, 0x72, 0x20, 0x43,
    0x6f, 0x6d, 0x70, 0x69, 0x6c, 0x65, 0x72, 0x2e, 0x00, 0x00, 0x5f, 0x61, 0x6d, 0x64, 0x67, 0x70, 0x75, 0x5f, 0x63,
    0x73, 0x5f, 0x6d, 0x61, 0x69, 0x6e, 0x00, 0x5f, 0x61, 0x6d, 0x64, 0x67, 0x70, 0x75, 0x5f, 0x63, 0x73, 0x5f, 0x73,
    0x68, 0x64, 0x72, 0x5f, 0x69, 0x6e, 0x74, 0x72, 0x6c, 0x5f, 0x74, 0x62, 0x6c, 0x00, 0x00, 0x00, 0x00, 0x00, 0x00,
    0x00, 0x00, 0x00, 0x00, 0x00, 0x00, 0x00, 0x00, 0x00, 0x00, 0x00, 0x00, 0x00, 0x00, 0x00, 0x00, 0x00, 0x00, 0x00,
    0x01, 0x00, 0x00, 0x00, 0x12, 0x00, 0x02, 0x00, 0x00, 0x00, 0x00, 0x00, 0x00, 0x00, 0x00, 0x00, 0xb4, 0x0a, 0x00,
    0x00, 0x00, 0x00, 0x00, 0x00, 0x11, 0x00, 0x00, 0x00, 0x11, 0x00, 0x03, 0x00, 0x00, 0x00, 0x00, 0x00, 0x00, 0x00,
    0x00, 0x00, 0x10, 0x00, 0x00, 0x00, 0x00, 0x00, 0x00, 0x00, 0x07, 0x00, 0x00, 0x00, 0x10, 0x04, 0x00, 0x00, 0x20,
    0x00, 0x00, 0x00, 0x41, 0x4d, 0x44, 0x47, 0x50, 0x55, 0x00, 0x00, 0x82, 0xae, 0x61, 0x6d, 0x64, 0x70, 0x61, 0x6c,
    0x2e, 0x76, 0x65, 0x72, 0x73, 0x69, 0x6f, 0x6e, 0x92, 0x03, 0x06, 0xb0, 0x61, 0x6d, 0x64, 0x70, 0x61, 0x6c, 0x2e,
    0x70, 0x69, 0x70, 0x65, 0x6c, 0x69, 0x6e, 0x65, 0x73, 0x91, 0x8b, 0xa5, 0x2e, 0x74, 0x79, 0x70, 0x65, 0xa2, 0x43,
    0x73, 0xae, 0x2e, 0x72, 0x65, 0x73, 0x6f, 0x75, 0x72, 0x63, 0x65, 0x5f, 0x68, 0x61, 0x73, 0x68, 0xcf, 0xd5, 0x3b,
    0x56, 0xf8, 0x53, 0xfa, 0x64, 0x4e, 0xb0, 0x2e, 0x73, 0x70, 0x69, 0x6c, 0x6c, 0x5f, 0x74, 0x68, 0x72, 0x65, 0x73,
    0x68, 0x6f, 0x6c, 0x64, 0xcd, 0xff, 0xff, 0xb0, 0x2e, 0x75, 0x73, 0x65, 0x72, 0x5f, 0x64, 0x61, 0x74, 0x61, 0x5f,
    0x6c, 0x69, 0x6d, 0x69, 0x74, 0x01, 0xa8, 0x2e, 0x73, 0x68, 0x61, 0x64, 0x65, 0x72, 0x73, 0x81, 0xa8, 0x2e, 0x63,
    0x6f, 0x6d, 0x70, 0x75, 0x74, 0x65, 0x83, 0xb0, 0x2e, 0x61, 0x70, 0x69, 0x5f, 0x73, 0x68, 0x61, 0x64, 0x65, 0x72,
    0x5f, 0x68, 0x61, 0x73, 0x68, 0x92, 0xcf, 0xce, 0xca, 0xe8, 0xd6, 0x79, 0xa0, 0x8e, 0x33, 0xcf, 0x74, 0x05, 0x57,
    0x7c, 0xd4, 0x4f, 0xf4, 0xf0, 0xb1, 0x2e, 0x68, 0x61, 0x72, 0x64, 0x77, 0x61, 0x72, 0x65, 0x5f, 0x6d, 0x61, 0x70,
    0x70, 0x69, 0x6e, 0x67, 0x91, 0xa3, 0x2e, 0x63, 0x73, 0xaf, 0x2e, 0x73, 0x68, 0x61, 0x64, 0x65, 0x72, 0x5f, 0x73,
    0x75, 0x62, 0x74, 0x79, 0x70, 0x65, 0xa7, 0x55, 0x6e, 0x6b, 0x6e, 0x6f, 0x77, 0x6e, 0xb0, 0x2e, 0x68, 0x61, 0x72,
    0x64, 0x77, 0x61, 0x72, 0x65, 0x5f, 0x73, 0x74, 0x61, 0x67, 0x65, 0x73, 0x81, 0xa3, 0x2e, 0x63, 0x73, 0xde, 0x00,
    0x1b, 0xb3, 0x2e, 0x65, 0x6e, 0x74, 0x72, 0x79, 0x5f, 0x70, 0x6f, 0x69, 0x6e, 0x74, 0x5f, 0x73, 0x79, 0x6d, 0x62,
    0x6f, 0x6c, 0xaf, 0x5f, 0x61, 0x6d, 0x64, 0x67, 0x70, 0x75, 0x5f, 0x63, 0x73, 0x5f, 0x6d, 0x61, 0x69, 0x6e, 0xab,
    0x2e, 0x73, 0x67, 0x70, 0x72, 0x5f, 0x63, 0x6f, 0x75, 0x6e, 0x74, 0x1c, 0xab, 0x2e, 0x76, 0x67, 0x70, 0x72, 0x5f,
    0x63, 0x6f, 0x75, 0x6e, 0x74, 0x1d, 0xa9, 0x2e, 0x6c, 0x64, 0x73, 0x5f, 0x73, 0x69, 0x7a, 0x65, 0x00, 0xb4, 0x2e,
    0x73, 0x63, 0x72, 0x61, 0x74, 0x63, 0x68, 0x5f, 0x6d, 0x65, 0x6d, 0x6f, 0x72, 0x79, 0x5f, 0x73, 0x69, 0x7a, 0x65,
    0x00, 0xb4, 0x2e, 0x66, 0x72, 0x6f, 0x6e, 0x74, 0x65, 0x6e, 0x64, 0x5f, 0x73, 0x74, 0x61, 0x63, 0x6b, 0x5f, 0x73,
    0x69, 0x7a, 0x65, 0x00, 0xb3, 0x2e, 0x62, 0x61, 0x63, 0x6b, 0x65, 0x6e, 0x64, 0x5f, 0x73, 0x74, 0x61, 0x63, 0x6b,
    0x5f, 0x73, 0x69, 0x7a, 0x65, 0x00, 0xb6, 0x2e, 0x70, 0x65, 0x72, 0x66, 0x5f, 0x64, 0x61, 0x74, 0x61, 0x5f, 0x62,
    0x75, 0x66, 0x66, 0x65, 0x72, 0x5f, 0x73, 0x69, 0x7a, 0x65, 0x00, 0xaa, 0x2e, 0x75, 0x73, 0x65, 0x73, 0x5f, 0x75,
    0x61, 0x76, 0x73, 0xc3, 0xac, 0x2e, 0x77, 0x72, 0x69, 0x74, 0x65, 0x73, 0x5f, 0x75, 0x61, 0x76, 0x73, 0xc3, 0xb4,
    0x2e, 0x75, 0x73, 0x65, 0x73, 0x5f, 0x61, 0x70, 0x70, 0x65, 0x6e, 0x64, 0x5f, 0x63, 0x6f, 0x6e, 0x73, 0x75, 0x6d,
    0x65, 0xc2, 0xaf, 0x2e, 0x77, 0x61, 0x76, 0x65, 0x66, 0x72, 0x6f, 0x6e, 0x74, 0x5f, 0x73, 0x69, 0x7a, 0x65, 0x40,
    0xb2, 0x2e, 0x75, 0x73, 0x65, 0x72, 0x5f, 0x64, 0x61, 0x74, 0x61, 0x5f, 0x72, 0x65, 0x67, 0x5f, 0x6d, 0x61, 0x70,
    0xdc, 0x00, 0x20, 0xce, 0xff, 0xff, 0xff, 0xff, 0xce, 0xff, 0xff, 0xff, 0xff, 0x00, 0xce, 0xff, 0xff, 0xff, 0xff,
    0xce, 0xff, 0xff, 0xff, 0xff, 0xce, 0xff, 0xff, 0xff, 0xff, 0xce, 0xff, 0xff, 0xff, 0xff, 0xce, 0xff, 0xff, 0xff,
    0xff, 0xce, 0xff, 0xff, 0xff, 0xff, 0xce, 0xff, 0xff, 0xff, 0xff, 0xce, 0xff, 0xff, 0xff, 0xff, 0xce, 0xff, 0xff,
    0xff, 0xff, 0xce, 0xff, 0xff, 0xff, 0xff, 0xce, 0xff, 0xff, 0xff, 0xff, 0xce, 0xff, 0xff, 0xff, 0xff, 0xce, 0xff,
    0xff, 0xff, 0xff, 0xce, 0xff, 0xff, 0xff, 0xff, 0xce, 0xff, 0xff, 0xff, 0xff, 0xce, 0xff, 0xff, 0xff, 0xff, 0xce,
    0xff, 0xff, 0xff, 0xff, 0xce, 0xff, 0xff, 0xff, 0xff, 0xce, 0xff, 0xff, 0xff, 0xff, 0xce, 0xff, 0xff, 0xff, 0xff,
    0xce, 0xff, 0xff, 0xff, 0xff, 0xce, 0xff, 0xff, 0xff, 0xff, 0xce, 0xff, 0xff, 0xff, 0xff, 0xce, 0xff, 0xff, 0xff,
    0xff, 0xce, 0xff, 0xff, 0xff, 0xff, 0xce, 0xff, 0xff, 0xff, 0xff, 0xce, 0xff, 0xff, 0xff, 0xff, 0xce, 0xff, 0xff,
    0xff, 0xff, 0xce, 0xff, 0xff, 0xff, 0xff, 0xb7, 0x2e, 0x74, 0x68, 0x72, 0x65, 0x61, 0x64, 0x67, 0x72, 0x6f, 0x75,
    0x70, 0x5f, 0x64, 0x69, 0x6d, 0x65, 0x6e, 0x73, 0x69, 0x6f, 0x6e, 0x73, 0x93, 0x08, 0x08, 0x01, 0xab, 0x2e, 0x66,
    0x6c, 0x6f, 0x61, 0x74, 0x5f, 0x6d, 0x6f, 0x64, 0x65, 0xcc, 0xc0, 0xae, 0x2e, 0x66, 0x70, 0x31, 0x36, 0x5f, 0x6f,
    0x76, 0x65, 0x72, 0x66, 0x6c, 0x6f, 0x77, 0xc2, 0xaa, 0x2e, 0x69, 0x65, 0x65, 0x65, 0x5f, 0x6d, 0x6f, 0x64, 0x65,
    0xc2, 0xa9, 0x2e, 0x77, 0x67, 0x70, 0x5f, 0x6d, 0x6f, 0x64, 0x65, 0xc2, 0xac, 0x2e, 0x6d, 0x65, 0x6d, 0x5f, 0x6f,
    0x72, 0x64, 0x65, 0x72, 0x65, 0x64, 0xc2, 0xb1, 0x2e, 0x66, 0x6f, 0x72, 0x77, 0x61, 0x72, 0x64, 0x5f, 0x70, 0x72,
    0x6f, 0x67, 0x72, 0x65, 0x73, 0x73, 0xc2, 0xab, 0x2e, 0x75, 0x73, 0x65, 0x72, 0x5f, 0x73, 0x67, 0x70, 0x72, 0x73,
    0x03, 0xa8, 0x2e, 0x65, 0x78, 0x63, 0x70, 0x5f, 0x65, 0x6e, 0x00, 0xab, 0x2e, 0x73, 0x63, 0x72, 0x61, 0x74, 0x63,
    0x68, 0x5f, 0x65, 0x6e, 0xc2, 0xad, 0x2e, 0x74, 0x72, 0x61, 0x70, 0x5f, 0x70, 0x72, 0x65, 0x73, 0x65, 0x6e, 0x74,
    0xc2, 0xb0, 0x2e, 0x73, 0x68, 0x61, 0x72, 0x65, 0x64, 0x5f, 0x76, 0x67, 0x70, 0x72, 0x5f, 0x63, 0x6e, 0x74, 0x00,
    0xad, 0x2e, 0x77, 0x61, 0x76, 0x65, 0x73, 0x5f, 0x70, 0x65, 0x72, 0x5f, 0x73, 0x65, 0x00, 0xaf, 0x2e, 0x63, 0x68,
    0x65, 0x63, 0x6b, 0x73, 0x75, 0x6d, 0x5f, 0x76, 0x61, 0x6c, 0x75, 0x65, 0xce, 0x17, 0x20, 0xc5, 0x69, 0xaa, 0x2e,
    0x72, 0x65, 0x67, 0x69, 0x73, 0x74, 0x65, 0x72, 0x73, 0x81, 0xcd, 0x2e, 0x42, 0x00, 0xa5, 0x2e, 0x6e, 0x61, 0x6d,
    0x65, 0xae, 0x4d, 0x6c, 0x61, 0x61, 0x46, 0x69, 0x6e, 0x61, 0x6c, 0x42, 0x6c, 0x65, 0x6e, 0x64, 0xb7, 0x2e, 0x69,
    0x6e, 0x74, 0x65, 0x72, 0x6e, 0x61, 0x6c, 0x5f, 0x70, 0x69, 0x70, 0x65, 0x6c, 0x69, 0x6e, 0x65, 0x5f, 0x68, 0x61,
    0x73, 0x68, 0x92, 0xcf, 0xdc, 0x75, 0xd2, 0x2a, 0x41, 0x83, 0xb1, 0xab, 0xcf, 0x21, 0xfe, 0x43, 0x25, 0xe4, 0x36,
    0x15, 0x14, 0xb2, 0x2e, 0x63, 0x6f, 0x6d, 0x70, 0x75, 0x74, 0x65, 0x5f, 0x72, 0x65, 0x67, 0x69, 0x73, 0x74, 0x65,
    0x72, 0x73, 0x85, 0xaf, 0x2e, 0x74, 0x69, 0x64, 0x69, 0x67, 0x5f, 0x63, 0x6f, 0x6d, 0x70, 0x5f, 0x63, 0x6e, 0x74,
    0x01, 0xaa, 0x2e, 0x74, 0x67, 0x69, 0x64, 0x5f, 0x78, 0x5f, 0x65, 0x6e, 0xc3, 0xaa, 0x2e, 0x74, 0x67, 0x69, 0x64,
    0x5f, 0x79, 0x5f, 0x65, 0x6e, 0xc3, 0xaa, 0x2e, 0x74, 0x67, 0x69, 0x64, 0x5f, 0x7a, 0x5f, 0x65, 0x6e, 0xc2, 0xab,
    0x2e, 0x74, 0x67, 0x5f, 0x73, 0x69, 0x7a, 0x65, 0x5f, 0x65, 0x6e, 0xc2, 0xa4, 0x2e, 0x61, 0x70, 0x69, 0xa7, 0x73,
    0x63, 0x70, 0x63, 0x42, 0x6c, 0x64, 0x00, 0x00, 0x00, 0x00, 0x00, 0x00, 0x00, 0x00, 0x00, 0x00, 0x00, 0x00, 0x00,
    0x00, 0x00, 0x00, 0x00, 0x00, 0x00, 0x00, 0x00, 0x00, 0x00, 0x00, 0x00, 0x00, 0x00, 0x00, 0x00, 0x00, 0x00, 0x00,
    0x00, 0x00, 0x00, 0x00, 0x00, 0x00, 0x00, 0x00, 0x00, 0x00, 0x00, 0x00, 0x00, 0x00, 0x00, 0x00, 0x00, 0x00, 0x00,
    0x00, 0x00, 0x00, 0x00, 0x00, 0x00, 0x00, 0x00, 0x00, 0x00, 0x00, 0x00, 0x00, 0x00, 0x00, 0x00, 0x01, 0x00, 0x00,
    0x00, 0x03, 0x00, 0x00, 0x00, 0x00, 0x00, 0x00, 0x00, 0x00, 0x00, 0x00, 0x00, 0x00, 0x00, 0x00, 0x00, 0x00, 0x00,
    0x00, 0x00, 0x40, 0x00, 0x00, 0x00, 0x00, 0x00, 0x00, 0x00, 0x36, 0x00, 0x00, 0x00, 0x00, 0x00, 0x00, 0x00, 0x00,
    0x00, 0x00, 0x00, 0x00, 0x00, 0x00, 0x00, 0x00, 0x00, 0x00, 0x00, 0x00, 0x00, 0x00, 0x00, 0x00, 0x00, 0x00, 0x00,
    0x00, 0x00, 0x00, 0x00, 0x0b, 0x00, 0x00, 0x00, 0x01, 0x00, 0x00, 0x00, 0x06, 0x00, 0x00, 0x00, 0x00, 0x00, 0x00,
    0x00, 0x00, 0x00, 0x00, 0x00, 0x00, 0x00, 0x00, 0x00, 0x76, 0x00, 0x00, 0x00, 0x00, 0x00, 0x00, 0x00, 0xb4, 0x0a,
    0x00, 0x00, 0x00, 0x00, 0x00, 0x00, 0x00, 0x00, 0x00, 0x00, 0x00, 0x00, 0x00, 0x00, 0x00, 0x01, 0x00, 0x00, 0x00,
    0x00, 0x00, 0x00, 0x00, 0x00, 0x00, 0x00, 0x00, 0x00, 0x00, 0x00, 0x11, 0x00, 0x00, 0x00, 0x01, 0x00, 0x00, 0x00,
    0x03, 0x00, 0x00, 0x00, 0x00, 0x00, 0x00, 0x00, 0x00, 0x00, 0x00, 0x00, 0x00, 0x00, 0x00, 0x00, 0x2a, 0x0b, 0x00,
    0x00, 0x00, 0x00, 0x00, 0x00, 0x10, 0x00, 0x00, 0x00, 0x00, 0x00, 0x00, 0x00, 0x00, 0x00, 0x00, 0x00, 0x00, 0x00,
    0x00, 0x00, 0x20, 0x00, 0x00, 0x00, 0x00, 0x00, 0x00, 0x00, 0x00, 0x00, 0x00, 0x00, 0x00, 0x00, 0x00, 0x00, 0x17,
    0x00, 0x00, 0x00, 0x01, 0x00, 0x00, 0x00, 0x00, 0x00, 0x00, 0x00, 0x00, 0x00, 0x00, 0x00, 0x00, 0x00, 0x00, 0x00,
    0x00, 0x00, 0x00, 0x00, 0x3a, 0x0b, 0x00, 0x00, 0x00, 0x00, 0x00, 0x00, 0x50, 0x00, 0x00, 0x00, 0x00, 0x00, 0x00,
    0x00, 0x00, 0x00, 0x00, 0x00, 0x00, 0x00, 0x00, 0x00, 0x00, 0x00, 0x00, 0x00, 0x00, 0x00, 0x00, 0x00, 0x00, 0x00,
    0x00, 0x00, 0x00, 0x00, 0x00, 0x00, 0x20, 0x00, 0x00, 0x00, 0x03, 0x00, 0x00, 0x00, 0x00, 0x00, 0x00, 0x00, 0x00,
    0x00, 0x00, 0x00, 0x00, 0x00, 0x00, 0x00, 0x00, 0x00, 0x00, 0x00, 0x8a, 0x0b, 0x00, 0x00, 0x00, 0x00, 0x00, 0x00,
    0x2b, 0x00, 0x00, 0x00, 0x00, 0x00, 0x00, 0x00, 0x00, 0x00, 0x00, 0x00, 0x00, 0x00, 0x00, 0x00, 0x00, 0x00, 0x00,
    0x00, 0x00, 0x00, 0x00, 0x00, 0x00, 0x00, 0x00, 0x00, 0x00, 0x00, 0x00, 0x00, 0x28, 0x00, 0x00, 0x00, 0x02, 0x00,
    0x00, 0x00, 0x00, 0x00, 0x00, 0x00, 0x00, 0x00, 0x00, 0x00, 0x00, 0x00, 0x00, 0x00, 0x00, 0x00, 0x00, 0x00, 0xb5,
    0x0b, 0x00, 0x00, 0x00, 0x00, 0x00, 0x00, 0x48, 0x00, 0x00, 0x00, 0x00, 0x00, 0x00, 0x00, 0x05, 0x00, 0x00, 0x00,
    0x00, 0x00, 0x00, 0x00, 0x00, 0x00, 0x00, 0x00, 0x00, 0x00, 0x00, 0x00, 0x18, 0x00, 0x00, 0x00, 0x00, 0x00, 0x00,
    0x00, 0x30, 0x00, 0x00, 0x00, 0x07, 0x00, 0x00, 0x00, 0x00, 0x00, 0x00, 0x00, 0x00, 0x00, 0x00, 0x00, 0x00, 0x00,
    0x00, 0x00, 0x00, 0x00, 0x00, 0x00, 0xfd, 0x0b, 0x00, 0x00, 0x00, 0x00, 0x00, 0x00, 0x24, 0x04, 0x00, 0x00, 0x00,
    0x00, 0x00, 0x00, 0x00, 0x00, 0x00, 0x00, 0x00, 0x00, 0x00, 0x00, 0x00, 0x00, 0x00, 0x00, 0x00, 0x00, 0x00, 0x00,
    0x00, 0x00, 0x00, 0x00, 0x00, 0x00, 0x00, 0x00,
};

// Mlaa Final Blend Fast compute shader binary
inline constexpr Util::uint8 MlaaFinalBlendFast_Cs_F3CDD6F8[] =
{
    0x7f, 0x45, 0x4c, 0x46, 0x02, 0x01, 0x01, 0x41, 0x00, 0x00, 0x00, 0x00, 0x00, 0x00, 0x00, 0x00, 0x01, 0x00, 0xe0,
    0x00, 0x01, 0x00, 0x00, 0x00, 0x00, 0x00, 0x00, 0x00, 0x00, 0x00, 0x00, 0x00, 0x00, 0x00, 0x00, 0x00, 0x00, 0x00,
    0x00, 0x00, 0xd4, 0x10, 0x00, 0x00, 0x00, 0x00, 0x00, 0x00, 0x41, 0x05, 0x00, 0x00, 0x40, 0x00, 0x00, 0x00, 0x00,
    0x00, 0x40, 0x00, 0x08, 0x00, 0x01, 0x00, 0x00, 0x2e, 0x73, 0x68, 0x73, 0x74, 0x72, 0x74, 0x61, 0x62, 0x00, 0x2e,
    0x74, 0x65, 0x78, 0x74, 0x00, 0x2e, 0x64, 0x61, 0x74, 0x61, 0x00, 0x2e, 0x63, 0x6f, 0x6d, 0x6d, 0x65, 0x6e, 0x74,
    0x00, 0x2e, 0x73, 0x74, 0x72, 0x74, 0x61, 0x62, 0x00, 0x2e, 0x73, 0x79, 0x6d, 0x74, 0x61, 0x62, 0x00, 0x2e, 0x6e,
    0x6f, 0x74, 0x65, 0x00, 0x06, 0x20, 0x80, 0xb0, 0x80, 0x47, 0x86, 0xbe, 0x03, 0x00, 0x84, 0xbf, 0x02, 0x00, 0x80,
    0xbe, 0x07, 0x00, 0x81, 0xbe, 0x80, 0x01, 0x04, 0xf4, 0x64, 0x00, 0x00, 0xf8, 0xff, 0x00, 0x02, 0x36, 0xff, 0x03,
    0x00, 0x00, 0x00, 0x00, 0x10, 0xd6, 0x00, 0x15, 0x29, 0x02, 0x12, 0x01, 0x87, 0xbf, 0x01, 0x00, 0x46, 0xd6, 0x03,
    0x06, 0x05, 0x04, 0x00, 0x00, 0x46, 0xd6, 0x04, 0x06, 0x01, 0x04, 0x07, 0xfc, 0x89, 0xbf, 0x12, 0x01, 0x87, 0xbf,
    0x02, 0x00, 0x4e, 0xd4, 0x06, 0x02, 0x02, 0x00, 0x07, 0x00, 0x9c, 0x7c, 0x02, 0x6a, 0xea, 0x8b, 0x09, 0x00, 0x87,
    0xbf, 0x6a, 0x21, 0x82, 0xbe, 0x7c, 0x02, 0xa5, 0xbf, 0x00, 0x02, 0x0c, 0xf4, 0x20, 0x00, 0x00, 0xf8, 0x00, 0x04,
    0x0c, 0xf4, 0x40, 0x00, 0x00, 0xf8, 0x06, 0x02, 0x04, 0x22, 0x07, 0x00, 0x08, 0x22, 0x07, 0xfc, 0x89, 0xbf, 0x85,
    0x0f, 0x00, 0xf0, 0x02, 0x20, 0x02, 0x00, 0x04, 0x00, 0x00, 0x00, 0x85, 0x03, 0x00, 0xf0, 0x02, 0x0a, 0x04, 0x00,
    0x04, 0x00, 0x00, 0x00, 0x7e, 0x01, 0x84, 0xbe, 0xf7, 0x03, 0x89, 0xbf, 0x7e, 0x00, 0xcd, 0xd4, 0x0a, 0x01, 0x01,
    0x00, 0x94, 0x00, 0xa5, 0xbf, 0xff, 0x14, 0x06, 0x36, 0x80, 0x00, 0x00, 0x00, 0x0e, 0x00, 0x10, 0xd6, 0x0a, 0x09,
    0x0d, 0x02, 0x07, 0x00, 0x20, 0x26, 0x93, 0x01, 0x87, 0xbf, 0x80, 0x06, 0x8a, 0x7c, 0x88, 0x1c, 0x0a, 0x02, 0x88,
    0x14, 0x18, 0x36, 0x87, 0x14, 0x1a, 0x36, 0x23, 0x02, 0x87, 0xbf, 0x81, 0x0a, 0x06, 0x4a, 0x01, 0x0b, 0x1e, 0x4c,
    0x80, 0x18, 0x8a, 0x7c, 0x93, 0x01, 0x87, 0xbf, 0x01, 0x07, 0x06, 0x4c, 0x06, 0x1e, 0x1e, 0x26, 0x88, 0x1a, 0x14,
    0x02, 0xa3, 0x01, 0x87, 0xbf, 0x06, 0x06, 0x06, 0x26, 0xc1, 0x00, 0x18, 0x4a, 0x01, 0x15, 0x22, 0x4a, 0x12, 0x00,
    0x55, 0xd6, 0x0a, 0x03, 0x06, 0x02, 0x93, 0x01, 0x87, 0xbf, 0x0c, 0x00, 0x64, 0xd6, 0x0c, 0x01, 0x1d, 0x00, 0x06,
    0x22, 0x26, 0x26, 0x03, 0x00, 0x87, 0xbf, 0x06, 0x24, 0x24, 0x26, 0x04, 0x00, 0x85, 0xbf, 0x85, 0x07, 0x00, 0xf0,
    0x02, 0x14, 0x02, 0x00, 0x0c, 0x00, 0x00, 0x00, 0x85, 0x07, 0x00, 0xf0, 0x0f, 0x17, 0x02, 0x00, 0x10, 0x00, 0x00,
    0x00, 0x85, 0x07, 0x00, 0xf0, 0x03, 0x1a, 0x02, 0x00, 0x10, 0x00, 0x00, 0x00, 0x85, 0x07, 0x00, 0xf0, 0x13, 0x1d,
    0x02, 0x00, 0x10, 0x00, 0x00, 0x00, 0x85, 0x07, 0x00, 0xf0, 0x12, 0x10, 0x02, 0x00, 0x10, 0x00, 0x00, 0x00, 0x03,
    0x00, 0x55, 0xd6, 0x05, 0x15, 0x06, 0x02, 0x05, 0x0d, 0x1e, 0x7e, 0x02, 0x00, 0x87, 0xbf, 0x03, 0x0d, 0x18, 0x7e,
    0xf7, 0x0b, 0x89, 0xbf, 0x17, 0x35, 0x06, 0x08, 0x18, 0x37, 0x14, 0x08, 0x19, 0x39, 0x0a, 0x08, 0xf7, 0x03, 0x89,
    0xbf, 0x1d, 0x21, 0x20, 0x08, 0x14, 0x02, 0x87, 0xbf, 0x18, 0x01, 0x14, 0xd4, 0x03, 0xff, 0x01, 0x00, 0x00, 0x00,
    0x80, 0x3d, 0x1a, 0x01, 0x14, 0xd4, 0x0a, 0xff, 0x01, 0x00, 0x00, 0x00, 0x80, 0x3d, 0x04, 0x00, 0x87, 0xbf, 0x1c,
    0x01, 0x14, 0xd4, 0x05, 0xff, 0x01, 0x00, 0x00, 0x00, 0x80, 0x3d, 0x1e, 0x23, 0x22, 0x08, 0x1f, 0x25, 0x24, 0x08,
    0x0c, 0x55, 0x06, 0x7e, 0x0c, 0x1f, 0x0a, 0x08, 0xf0, 0x18, 0x18, 0x10, 0xa2, 0x04, 0x87, 0xbf, 0xf3, 0x0a, 0x30,
    0x06, 0x18, 0x1a, 0xea, 0x8c, 0x1c, 0x6a, 0xea, 0x8c, 0x18, 0x01, 0x14, 0xd4, 0x11, 0xff, 0x01, 0x00, 0x00, 0x00,
    0x80, 0x3d, 0x1c, 0x01, 0x14, 0xd4, 0x10, 0xff, 0x01, 0x00, 0x00, 0x00, 0x80, 0x3d, 0x1a, 0x01, 0x14, 0xd4, 0x12,
    0xff, 0x01, 0x00, 0x00, 0x00, 0x80, 0x3d, 0x0a, 0x00, 0x01, 0xd5, 0x80, 0x82, 0xa9, 0x01, 0x35, 0x02, 0x87, 0xbf,
    0x05, 0x00, 0x13, 0xd6, 0x03, 0x0b, 0xc6, 0x03, 0x21, 0x2b, 0x20, 0x0a, 0x22, 0x2d, 0x22, 0x0a, 0x19, 0x00, 0x12,
    0xd6, 0x81, 0x14, 0x0a, 0x02, 0x0a, 0x00, 0x13, 0xd6, 0x03, 0x31, 0xc6, 0x03, 0x03, 0x00, 0x01, 0xd5, 0x80, 0x02,
    0xa9, 0x01, 0x10, 0x43, 0x0c, 0x58, 0x00, 0x00, 0x00, 0x3e, 0xb3, 0x04, 0x87, 0xbf, 0x05, 0x03, 0x03, 0xd5, 0x05,
    0x15, 0x02, 0x18, 0x20, 0x29, 0x14, 0x0a, 0x1c, 0x18, 0xea, 0x8c, 0x9e, 0xff, 0x88, 0xbf, 0x1a, 0x6a, 0xea, 0x8c,
    0x84, 0x04, 0x87, 0xbf, 0x03, 0x33, 0x06, 0x02, 0x1a, 0x00, 0x16, 0xd4, 0x0f, 0x19, 0x02, 0x00, 0x0c, 0x1f, 0x2c,
    0x7c, 0x03, 0x00, 0x87, 0xbf, 0x18, 0x00, 0x42, 0xd4, 0x03, 0x05, 0x01, 0x00, 0x1c, 0x00, 0x42, 0xd4, 0x03, 0x03,
    0x01, 0x00, 0x0c, 0x00, 0x13, 0xd6, 0x05, 0x15, 0x82, 0x04, 0x0f, 0x00, 0x13, 0xd6, 0x05, 0x21, 0x86, 0x04, 0x05,
    0x00, 0x13, 0xd6, 0x05, 0x23, 0x8a, 0x04, 0x0a, 0x41, 0x10, 0x58, 0x00, 0x00, 0x00, 0x3e, 0x18, 0x1a, 0x98, 0x8b,
    0x1c, 0x6a, 0xea, 0x8b, 0xc9, 0x00, 0x87, 0xbf, 0x9e, 0xff, 0x88, 0xbf, 0x18, 0x6a, 0x98, 0x8c, 0x83, 0x06, 0x84,
    0x7c, 0x0e, 0x1b, 0x06, 0x4a, 0x6a, 0x18, 0xea, 0x8c, 0x18, 0x00, 0x45, 0xd4, 0x03, 0x01, 0x01, 0x00, 0x20, 0x19,
    0x1c, 0x02, 0x22, 0x0b, 0x0a, 0x02, 0x21, 0x1f, 0x18, 0x02, 0x11, 0x45, 0x06, 0x58, 0x00, 0x00, 0x00, 0x3e, 0x21,
    0x02, 0x87, 0xbf, 0x22, 0x00, 0x01, 0xd5, 0x03, 0x0b, 0x62, 0x00, 0x20, 0x00, 0x01, 0xd5, 0x08, 0x1d, 0x62, 0x00,
    0x21, 0x00, 0x01, 0xd5, 0x06, 0x19, 0x62, 0x00, 0x04, 0x01, 0xfe, 0xbe, 0x81, 0x00, 0x0c, 0x4a, 0x01, 0x00, 0x87,
    0xbf, 0x07, 0x0c, 0x18, 0x22, 0x85, 0x01, 0x00, 0xf0, 0x02, 0x07, 0x04, 0x00, 0x0c, 0x00, 0x00, 0x00, 0xf7, 0x03,
    0x89, 0xbf, 0x80, 0x0e, 0x9a, 0x7c, 0x04, 0x6a, 0xfe, 0x8b, 0x8f, 0x00, 0xa5, 0xbf, 0xff, 0x0e, 0x14, 0x36, 0x80,
    0x00, 0x00, 0x00, 0x0d, 0x00, 0x10, 0xd6, 0x07, 0x09, 0x0d, 0x02, 0x07, 0x0c, 0x22, 0x26, 0x93, 0x01, 0x87, 0xbf,
    0x80, 0x14, 0x8a, 0x7c, 0x88, 0x1a, 0x20, 0x02, 0x88, 0x0e, 0x1c, 0x36, 0x87, 0x0e, 0x0e, 0x36, 0x23, 0x02, 0x87,
    0xbf, 0x81, 0x20, 0x14, 0x4a, 0x01, 0x21, 0x1e, 0x4c, 0x80, 0x1c, 0x8a, 0x7c, 0x93, 0x01, 0x87, 0xbf, 0x01, 0x15,
    0x14, 0x4c, 0x06, 0x1e, 0x1e, 0x26, 0x88, 0x0e, 0x1c, 0x02, 0x13, 0x01, 0x87, 0xbf, 0x06, 0x14, 0x14, 0x26, 0x01,
    0x1d, 0x0c, 0x4a, 0x12, 0x00, 0x55, 0xd6, 0x0e, 0x03, 0x06, 0x02, 0x12, 0x01, 0x87, 0xbf, 0x06, 0x0c, 0x0c, 0x26,
    0x06, 0x24, 0x24, 0x26, 0x04, 0x00, 0x85, 0xbf, 0x85, 0x07, 0x00, 0xf0, 0x02, 0x14, 0x02, 0x00, 0x0c, 0x00, 0x00,
    0x00, 0x85, 0x07, 0x00, 0xf0, 0x0f, 0x17, 0x02, 0x00, 0x11, 0x00, 0x00, 0x00, 0x85, 0x07, 0x00, 0xf0, 0x0a, 0x1a,
    0x02, 0x00, 0x11, 0x00, 0x00, 0x00, 0x85, 0x07, 0x00, 0xf0, 0x06, 0x1d, 0x02, 0x00, 0x11, 0x00, 0x00, 0x00, 0x85,
    0x07, 0x00, 0xf0, 0x12, 0x11, 0x02, 0x00, 0x11, 0x00, 0x00, 0x00, 0x02, 0x00, 0x55, 0xd6, 0x0e, 0x21, 0x06, 0x02,
    0x10, 0x0d, 0x18, 0x7e, 0x92, 0x00, 0x87, 0xbf, 0x02, 0x0d, 0x04, 0x7e, 0x02, 0x19, 0x20, 0x08, 0xf7, 0x0b, 0x89,
    0xbf, 0x19, 0x39, 0x1c, 0x08, 0x17, 0x35, 0x0c, 0x08, 0x18, 0x37, 0x14, 0x08, 0x04, 0x00, 0x87, 0xbf, 0xf3, 0x20,
    0x30, 0x06, 0xf7, 0x03, 0x89, 0xbf, 0x1e, 0x25, 0x1e, 0x08, 0x1c, 0x01, 0x14, 0xd4, 0x0e, 0xff, 0x01, 0x00, 0x00,
    0x00, 0x80, 0x3d, 0x18, 0x01, 0x14, 0xd4, 0x06, 0xff, 0x01, 0x00, 0x00, 0x00, 0x80, 0x3d, 0x1a, 0x01, 0x14, 0xd4,
    0x0a, 0xff, 0x01, 0x00, 0x00, 0x00, 0x80, 0x3d, 0x1d, 0x23, 0x1c, 0x08, 0x1f, 0x27, 0x22, 0x08, 0x02, 0x55, 0x0c,
    0x7e, 0xf0, 0x04, 0x04, 0x10, 0x9f, 0x0f, 0x88, 0xbf, 0xa5, 0x04, 0x87, 0xbf, 0x10, 0x00, 0x13, 0xd6, 0x06, 0x21,
    0xc6, 0x03, 0x18, 0x1a, 0xea, 0x8c, 0x1c, 0x6a, 0xea, 0x8c, 0x18, 0x01, 0x14, 0xd4, 0x0f, 0xff, 0x01, 0x00, 0x00,
    0x00, 0x80, 0x3d, 0x1c, 0x01, 0x14, 0xd4, 0x0e, 0xff, 0x01, 0x00, 0x00, 0x00, 0x80, 0x3d, 0x1a, 0x01, 0x14, 0xd4,
    0x11, 0xff, 0x01, 0x00, 0x00, 0x00, 0x80, 0x3d, 0x0a, 0x00, 0x01, 0xd5, 0x80, 0x82, 0xa9, 0x01, 0x11, 0x00, 0x01,
    0xd5, 0x80, 0x02, 0xa9, 0x01, 0x0f, 0x00, 0x13, 0xd6, 0x06, 0x31, 0xc6, 0x03, 0x20, 0x29, 0x1c, 0x0a, 0x94, 0x01,
    0x87, 0xbf, 0x0a, 0x00, 0x12, 0xd6, 0x81, 0x14, 0x0a, 0x02, 0x06, 0x03, 0x03, 0xd5, 0x10, 0x1f, 0x02, 0x18, 0x21,
    0x2b, 0x1e, 0x0a, 0x22, 0x2d, 0x20, 0x0a, 0x0e, 0x41, 0x0a, 0x58, 0x00, 0x00, 0x00, 0x3e, 0x1c, 0x18, 0xea, 0x8c,
    0x99, 0x04, 0x87, 0xbf, 0x9e, 0xff, 0x88, 0xbf, 0x1a, 0x6a, 0xea, 0x8c, 0x11, 0x15, 0x14, 0x02, 0x1a, 0x00, 0x16,
    0xd4, 0x02, 0x19, 0x02, 0x00, 0x0c, 0x05, 0x2c, 0x7c, 0x03, 0x00, 0x87, 0xbf, 0x18, 0x00, 0x42, 0xd4, 0x0a, 0x05,
    0x01, 0x00, 0x1c, 0x00, 0x42, 0xd4, 0x0a, 0x03, 0x01, 0x00, 0x02, 0x00, 0x13, 0xd6, 0x06, 0x1d, 0x82, 0x04, 0x12,
    0x00, 0x13, 0xd6, 0x06, 0x1f, 0x86, 0x04, 0x0c, 0x00, 0x13, 0xd6, 0x06, 0x21, 0x8a, 0x04, 0x0d, 0x0f, 0x0c, 0x4a,
    0x10, 0x45, 0x06, 0x58, 0x00, 0x00, 0x00, 0x3e, 0x18, 0x1a, 0x98, 0x8b, 0x1c, 0x6a, 0xea, 0x8b, 0xb9, 0x01, 0x87,
    0xbf, 0x9e, 0xff, 0x88, 0xbf, 0x18, 0x6a, 0x98, 0x8c, 0x80, 0x14, 0x84, 0x7c, 0x6a, 0x18, 0xea, 0x8c, 0x18, 0x00,
    0x45, 0xd4, 0x06, 0x01, 0x01, 0x00, 0x20, 0x05, 0x04, 0x02, 0x22, 0x19, 0x18, 0x02, 0x21, 0x25, 0x1a, 0x02, 0x0f,
    0x43, 0x0c, 0x58, 0x00, 0x00, 0x00, 0x3e, 0xa3, 0x01, 0x87, 0xbf, 0x22, 0x00, 0x01, 0xd5, 0x03, 0x19, 0x62, 0x00,
    0x20, 0x00, 0x01, 0xd5, 0x05, 0x05, 0x62, 0x00, 0x21, 0x00, 0x01, 0xd5, 0x06, 0x1b, 0x62, 0x00, 0x04, 0x01, 0xfe,
    0xbe, 0x80, 0x16, 0x9a, 0x7c, 0x04, 0x6a, 0xfe, 0x8b, 0x94, 0x00, 0xa5, 0xbf, 0xff, 0x16, 0x0c, 0x36, 0x80, 0x00,
    0x00, 0x00, 0x07, 0x00, 0x10, 0xd6, 0x0b, 0x09, 0x0d, 0x02, 0x88, 0x16, 0x10, 0x36, 0x93, 0x01, 0x87, 0xbf, 0x80,
    0x0c, 0x8a, 0x7c, 0x88, 0x0e, 0x0c, 0x02, 0xa3, 0x01, 0x87, 0xbf, 0x80, 0x10, 0x8a, 0x7c, 0x87, 0x16, 0x10, 0x36,
    0x00, 0x0d, 0x16, 0x4a, 0x0c, 0x00, 0x55, 0xd6, 0x06, 0x01, 0x06, 0x02, 0x06, 0x02, 0x1c, 0x26, 0x93, 0x01, 0x87,
    0xbf, 0x07, 0x16, 0x1a, 0x26, 0x07, 0x18, 0x18, 0x26, 0x88, 0x10, 0x14, 0x02, 0x81, 0x02, 0x16, 0x4a, 0xa2, 0x01,
    0x87, 0xbf, 0x81, 0x14, 0x1e, 0x4a, 0x00, 0x15, 0x20, 0x4c, 0x06, 0x16, 0x16, 0x22, 0x93, 0x01, 0x87, 0xbf, 0x00,
    0x1f, 0x1e, 0x4c, 0x07, 0x20, 0x20, 0x26, 0x02, 0x00, 0x87, 0xbf, 0x07, 0x1e, 0x22, 0x26, 0x04, 0x00, 0x85, 0xbf,
    0x85, 0x07, 0x00, 0xf0, 0x0b, 0x14, 0x02, 0x00, 0x04, 0x00, 0x00, 0x00, 0x85, 0x07, 0x00, 0xf0, 0x0e, 0x18, 0x02,
    0x00, 0x0d, 0x00, 0x00, 0x00, 0x85, 0x07, 0x00, 0xf0, 0x0e, 0x1c, 0x02, 0x00, 0x0c, 0x00, 0x00, 0x00, 0x85, 0x07,
    0x00, 0xf0, 0x0e, 0x0b, 0x02, 0x00, 0x10, 0x00, 0x00, 0x00, 0x85, 0x07, 0x00, 0xf0, 0x0e, 0x0e, 0x02, 0x00, 0x11,
    0x00, 0x00, 0x00, 0x0a, 0x00, 0x55, 0xd6, 0x0a, 0x0d, 0x06, 0x02, 0x06, 0x0d, 0x0c, 0x7e, 0x07, 0x11, 0x0e, 0x4a,
    0x53, 0x02, 0x87, 0xbf, 0x0a, 0x0d, 0x22, 0x7e, 0xf7, 0x0b, 0x89, 0xbf, 0x18, 0x39, 0x14, 0x08, 0x19, 0x3b, 0x24,
    0x08, 0x1a, 0x3d, 0x26, 0x08, 0x11, 0x55, 0x30, 0x7e, 0x93, 0x01, 0x87, 0xbf, 0x18, 0x01, 0x14, 0xd4, 0x0a, 0xff,
    0x01, 0x00, 0x00, 0x00, 0x80, 0x3d, 0x1a, 0x01, 0x14, 0xd4, 0x12, 0xff, 0x01, 0x00, 0x00, 0x00, 0x80, 0x3d, 0x03,
    0x00, 0x87, 0xbf, 0x1c, 0x01, 0x14, 0xd4, 0x13, 0xff, 0x01, 0x00, 0x00, 0x00, 0x80, 0x3d, 0xf7, 0x03, 0x89, 0xbf,
    0x0b, 0x1d, 0x16, 0x08, 0x0c, 0x1f, 0x18, 0x08, 0x0d, 0x21, 0x1a, 0x08, 0x11, 0x0d, 0x14, 0x08, 0x91, 0x02, 0x87,
    0xbf, 0xf3, 0x14, 0x1c, 0x06, 0x0a, 0x00, 0x13, 0xd6, 0x18, 0x15, 0xc6, 0x03, 0x18, 0x1a, 0xea, 0x8c, 0x09, 0x00,
    0x87, 0xbf, 0x1c, 0x6a, 0xea, 0x8c, 0x18, 0x01, 0x14, 0xd4, 0x0c, 0xff, 0x01, 0x00, 0x00, 0x00, 0x80, 0x3d, 0x1c,
    0x01, 0x14, 0xd4, 0x0b, 0xff, 0x01, 0x00, 0x00, 0x00, 0x80, 0x3d, 0x1a, 0x01, 0x14, 0xd4, 0x0d, 0xff, 0x01, 0x00,
    0x00, 0x00, 0x80, 0x3d, 0x12, 0x00, 0x01, 0xd5, 0x80, 0x82, 0xa9, 0x01, 0x0b, 0x00, 0x01, 0xd5, 0x80, 0x02, 0xa9,
    0x01, 0x0c, 0x00, 0x13, 0xd6, 0x18, 0x1d, 0xc6, 0x03, 0x20, 0x29, 0x1a, 0x0a, 0x22, 0x2d, 0x28, 0x0a, 0x10, 0x00,
    0x12, 0xd6, 0x81, 0x24, 0x0a, 0x02, 0xc4, 0x04, 0x87, 0xbf, 0x0c, 0x03, 0x03, 0xd5, 0x0a, 0x19, 0x02, 0x18, 0x21,
    0x2b, 0x14, 0x0a, 0x0d, 0x41, 0x04, 0x58, 0x00, 0x00, 0x00, 0x3e, 0x1c, 0x18, 0xea, 0x8c, 0x9e, 0xff, 0x88, 0xbf,
    0x1a, 0x6a, 0xea, 0x8c, 0x84, 0x04, 0x87, 0xbf, 0x0b, 0x21, 0x16, 0x02, 0xf0, 0x22, 0x20, 0x10, 0x94, 0x01, 0x87,
    0xbf, 0x0a, 0x43, 0x06, 0x58, 0x00, 0x00, 0x00, 0x3e, 0x18, 0x00, 0x42, 0xd4, 0x0b, 0x05, 0x01, 0x00, 0x03, 0x00,
    0x87, 0xbf, 0x1a, 0x00, 0x16, 0xd4, 0x06, 0x21, 0x02, 0x00, 0x1c, 0x00, 0x42, 0xd4, 0x0b, 0x03, 0x01, 0x00, 0x10,
    0x0d, 0x2c, 0x7c, 0x10, 0x00, 0x13, 0xd6, 0x0c, 0x1b, 0x82, 0x04, 0x06, 0x00, 0x13, 0xd6, 0x0c, 0x15, 0x86, 0x04,
    0x0c, 0x00, 0x13, 0xd6, 0x0c, 0x29, 0x8a, 0x04, 0x18, 0x1a, 0x98, 0x8b, 0x1c, 0x6a, 0xea, 0x8b, 0x59, 0x02, 0x87,
    0xbf, 0x9e, 0xff, 0x88, 0xbf, 0x18, 0x6a, 0x98, 0x8c, 0x83, 0x16, 0x84, 0x7c, 0x6a, 0x18, 0xea, 0x8c, 0x18, 0x00,
    0x45, 0xd4, 0x07, 0x01, 0x01, 0x00, 0x20, 0x21, 0x10, 0x02, 0x22, 0x19, 0x0e, 0x02, 0x21, 0x0d, 0x1a, 0x02, 0x14,
    0x45, 0x18, 0x58, 0x00, 0x00, 0x00, 0x3e, 0x21, 0x02, 0x87, 0xbf, 0x22, 0x00, 0x01, 0xd5, 0x0c, 0x0f, 0x62, 0x00,
    0x20, 0x00, 0x01, 0xd5, 0x02, 0x11, 0x62, 0x00, 0x21, 0x00, 0x01, 0xd5, 0x03, 0x1b, 0x62, 0x00, 0x04, 0x01, 0xfe,
    0xbe, 0xc1, 0x02, 0x0c, 0x4a, 0x01, 0x00, 0x87, 0xbf, 0x07, 0x00, 0x64, 0xd6, 0x06, 0x01, 0x19, 0x00, 0x85, 0x02,
    0x00, 0xf0, 0x07, 0x08, 0x04, 0x00, 0x04, 0x00, 0x00, 0x00, 0xf7, 0x03, 0x89, 0xbf, 0x80, 0x10, 0x9a, 0x7c, 0x04,
    0x6a, 0xfe, 0x8b, 0x91, 0x00, 0xa5, 0xbf, 0xff, 0x10, 0x14, 0x36, 0x80, 0x00, 0x00, 0x00, 0x0b, 0x00, 0x10, 0xd6,
    0x08, 0x09, 0x0d, 0x02, 0x88, 0x10, 0x18, 0x36, 0x93, 0x01, 0x87, 0xbf, 0x80, 0x14, 0x8a, 0x7c, 0x88, 0x16, 0x14,
    0x02, 0x87, 0x10, 0x10, 0x36, 0x94, 0x01, 0x87, 0xbf, 0x80, 0x18, 0x8a, 0x7c, 0x0e, 0x00, 0x55, 0xd6, 0x0a, 0x01,
    0x06, 0x02, 0xa3, 0x01, 0x87, 0xbf, 0x88, 0x10, 0x18, 0x02, 0x00, 0x15, 0x1a, 0x4a, 0x07, 0x1c, 0x20, 0x26, 0x23,
    0x02, 0x87, 0xbf, 0x81, 0x18, 0x1c, 0x4a, 0x06, 0x0c, 0x0c, 0x26, 0x07, 0x1a, 0x1a, 0x26, 0x00, 0x19, 0x1e, 0x4c,
    0x14, 0x01, 0x87, 0xbf, 0x00, 0x1d, 0x1c, 0x4c, 0x07, 0x1e, 0x22, 0x26, 0x02, 0x00, 0x87, 0xbf, 0x07, 0x1c, 0x28,
    0x26, 0x04, 0x00, 0x85, 0xbf, 0x85, 0x07, 0x00, 0xf0, 0x07, 0x15, 0x02, 0x00, 0x04, 0x00, 0x00, 0x00, 0x85, 0x07,
    0x00, 0xf0, 0x06, 0x0d, 0x02, 0x00, 0x0d, 0x00, 0x00, 0x00, 0x85, 0x07, 0x00, 0xf0, 0x06, 0x18, 0x02, 0x00, 0x10,
    0x00, 0x00, 0x00, 0x85, 0x07, 0x00, 0xf0, 0x06, 0x1b, 0x02, 0x00, 0x11, 0x00, 0x00, 0x00, 0x85, 0x07, 0x00, 0xf0,
    0x06, 0x12, 0x02, 0x00, 0x14, 0x00, 0x00, 0x00, 0x04, 0x00, 0x55, 0xd6, 0x0a, 0x19, 0x06, 0x02, 0x0a, 0x0d, 0x14,
    0x7e, 0x02, 0x00, 0x87, 0xbf, 0x04, 0x0d, 0x08, 0x7e, 0xf7, 0x0b, 0x89, 0xbf, 0x0d, 0x31, 0x0c, 0x08, 0x0e, 0x33,
    0x0e, 0x08, 0x0f, 0x35, 0x18, 0x08, 0xf7, 0x03, 0x89, 0xbf, 0x1b, 0x25, 0x1a, 0x08, 0x14, 0x02, 0x87, 0xbf, 0x06,
    0x01, 0x14, 0xd4, 0x06, 0xff, 0x01, 0x00, 0x00, 0x00, 0x80, 0x3d, 0x08, 0x01, 0x14, 0xd4, 0x07, 0xff, 0x01, 0x00,
    0x00, 0x00, 0x80, 0x3d, 0x04, 0x00, 0x87, 0xbf, 0x0a, 0x01, 0x14, 0xd4, 0x0c, 0xff, 0x01, 0x00, 0x00, 0x00, 0x80,
    0x3d, 0x1c, 0x27, 0x1c, 0x08, 0x1d, 0x29, 0x1e, 0x08, 0x04, 0x55, 0x18, 0x7e, 0x04, 0x15, 0x0c, 0x08, 0xf0, 0x08,
    0x08, 0x10, 0xa2, 0x04, 0x87, 0xbf, 0xf3, 0x0c, 0x24, 0x06, 0x06, 0x08, 0xea, 0x8c, 0x0a, 0x6a, 0xea, 0x8c, 0x06,
    0x01, 0x14, 0xd4, 0x0e, 0xff, 0x01, 0x00, 0x00, 0x00, 0x80, 0x3d, 0x0a, 0x01, 0x14, 0xd4, 0x0d, 0xff, 0x01, 0x00,
    0x00, 0x00, 0x80, 0x3d, 0x08, 0x01, 0x14, 0xd4, 0x0f, 0xff, 0x01, 0x00, 0x00, 0x00, 0x80, 0x3d, 0x07, 0x00, 0x01,
    0xd5, 0x80, 0x82, 0xa9, 0x01, 0x35, 0x02, 0x87, 0xbf, 0x11, 0x00, 0x13, 0xd6, 0x0c, 0x25, 0xc6, 0x03, 0x06, 0x00,
    0x13, 0xd6, 0x0c, 0x0d, 0xc6, 0x03, 0x20, 0x2b, 0x1a, 0x0a, 0x10, 0x00, 0x12, 0xd6, 0x81, 0x0e, 0x0a, 0x02, 0x07,
    0x00, 0x01, 0xd5, 0x80, 0x02, 0xa9, 0x01, 0xd4, 0x04, 0x87, 0xbf, 0x0c, 0x03, 0x03, 0xd5, 0x06, 0x23, 0x02, 0x18,
    0x21, 0x2d, 0x0c, 0x0a, 0x22, 0x2f, 0x22, 0x0a, 0x0d, 0x41, 0x04, 0x58, 0x00, 0x00, 0x00, 0x3e, 0x0a, 0x06, 0xea,
    0x8c, 0x9e, 0xff, 0x88, 0xbf, 0x08, 0x6a, 0xea, 0x8c, 0xb9, 0x01, 0x87, 0xbf, 0x07, 0x21, 0x0e, 0x02, 0x08, 0x00,
    0x16, 0xd4, 0x04, 0x15, 0x02, 0x00, 0x0a, 0x09, 0x2c, 0x7c, 0x06, 0x00, 0x42, 0xd4, 0x07, 0x05, 0x01, 0x00, 0x0a,
    0x00, 0x42, 0xd4, 0x07, 0x03, 0x01, 0x00, 0x04, 0x00, 0x13, 0xd6, 0x0c, 0x1b, 0x82, 0x04, 0x0a, 0x00, 0x13, 0xd6,
    0x0c, 0x0d, 0x86, 0x04, 0x0c, 0x00, 0x13, 0xd6, 0x0c, 0x23, 0x8a, 0x04, 0x06, 0x43, 0x06, 0x58, 0x00, 0x00, 0x00,
    0x3e, 0x06, 0x08, 0x86, 0x8b, 0x0a, 0x6a, 0xea, 0x8b, 0x59, 0x01, 0x87, 0xbf, 0x9e, 0xff, 0x88, 0xbf, 0x06, 0x6a,
    0x86, 0x8c, 0x80, 0x0e, 0x84, 0x7c, 0x0b, 0x11, 0x0e, 0x4a, 0x11, 0x45, 0x10, 0x58, 0x00, 0x00, 0x00, 0x3e, 0x6a,
    0x06, 0xea, 0x8c, 0x06, 0x00, 0x45, 0xd4, 0x07, 0x01, 0x01, 0x00, 0x20, 0x09, 0x08, 0x02, 0x22, 0x19, 0x0e, 0x02,
    0x21, 0x15, 0x18, 0x02, 0x12, 0x02, 0x87, 0xbf, 0x22, 0x00, 0x01, 0xd5, 0x08, 0x0f, 0x1a, 0x00, 0x20, 0x00, 0x01,
    0xd5, 0x02, 0x09, 0x1a, 0x00, 0x03, 0x00, 0x87, 0xbf, 0x21, 0x00, 0x01, 0xd5, 0x03, 0x19, 0x1a, 0x00, 0x04, 0x01,
    0xfe, 0xbe, 0x00, 0x01, 0x0c, 0xf4, 0x00, 0x00, 0x00, 0xf8, 0x07, 0xfc, 0x89, 0xbf, 0x85, 0x4f, 0x18, 0xf0, 0x01,
    0x20, 0x01, 0x00, 0x00, 0x00, 0x00, 0x00, 0x00, 0x00, 0x80, 0xbf, 0x03, 0x00, 0xb6, 0xbf, 0x00, 0x00, 0xb0, 0xbf,
    0x00, 0x00, 0x9f, 0xbf, 0x00, 0x00, 0x9f, 0xbf, 0x00, 0x00, 0x9f, 0xbf, 0x00, 0x00, 0x9f, 0xbf, 0x00, 0x00, 0x9f,
    0xbf, 0x00, 0x00, 0x9f, 0xbf, 0x00, 0x00, 0x9f, 0xbf, 0x00, 0x00, 0x9f, 0xbf, 0x00, 0x00, 0x9f, 0xbf, 0x00, 0x00,
    0x9f, 0xbf, 0x00, 0x00, 0x9f, 0xbf, 0x00, 0x00, 0x9f, 0xbf, 0x00, 0x00, 0x9f, 0xbf, 0x00, 0x00, 0x9f, 0xbf, 0x00,
    0x00, 0x9f, 0xbf, 0x00, 0x00, 0x9f, 0xbf, 0x00, 0x00, 0x9f, 0xbf, 0x00, 0x00, 0x9f, 0xbf, 0x00, 0x00, 0x9f, 0xbf,
    0x00, 0x00, 0x9f, 0xbf, 0x00, 0x00, 0x9f, 0xbf, 0x00, 0x00, 0x9f, 0xbf, 0x00, 0x00, 0x9f, 0xbf, 0x00, 0x00, 0x9f,
    0xbf, 0x00, 0x00, 0x9f, 0xbf, 0x00, 0x00, 0x9f, 0xbf, 0x00, 0x00, 0x9f, 0xbf, 0x00, 0x00, 0x9f, 0xbf, 0x00, 0x00,
    0x9f, 0xbf, 0x00, 0x00, 0x9f, 0xbf, 0x00, 0x00, 0x9f, 0xbf, 0x00, 0x00, 0x9f, 0xbf, 0x00, 0x00, 0x9f, 0xbf, 0x00,
    0x00, 0x9f, 0xbf, 0x00, 0x00, 0x9f, 0xbf, 0x00, 0x00, 0x9f, 0xbf, 0x00, 0x00, 0x9f, 0xbf, 0x00, 0x00, 0x9f, 0xbf,
    0x00, 0x00, 0x9f, 0xbf, 0x00, 0x00, 0x9f, 0xbf, 0x00, 0x00, 0x9f, 0xbf, 0x00, 0x00, 0x9f, 0xbf, 0x00, 0x00, 0x9f,
    0xbf, 0x00, 0x00, 0x9f, 0xbf, 0x00, 0x00, 0x9f, 0xbf, 0x00, 0x00, 0x9f, 0xbf, 0x00, 0x00, 0x9f, 0xbf, 0x00, 0x00,
    0x9f, 0xbf, 0x00, 0x00, 0x9f, 0xbf, 0x00, 0x00, 0x9f, 0xbf, 0x00, 0x00, 0x9f, 0xbf, 0x00, 0x00, 0x9f, 0xbf, 0x00,
    0x00, 0x9f, 0xbf, 0x00, 0x00, 0x9f, 0xbf, 0x00, 0x00, 0x9f, 0xbf, 0x00, 0x00, 0x9f, 0xbf, 0x00, 0x00, 0x9f, 0xbf,
    0x00, 0x00, 0x9f, 0xbf, 0x00, 0x00, 0x9f, 0xbf, 0x00, 0x00, 0x9f, 0xbf, 0x00, 0x00, 0x9f, 0xbf, 0x00, 0x00, 0x9f,
    0xbf, 0x00, 0x00, 0x9f, 0xbf, 0x00, 0x00, 0x9f, 0xbf, 0x00, 0x00, 0x00, 0x00, 0x00, 0x00, 0x10, 0x00, 0x00, 0x00,
    0x00, 0x00, 0xac, 0xdf, 0x03, 0x10, 0x47, 0x65, 0x6e, 0x65, 0x72, 0x61, 0x74, 0x65, 0x64, 0x20, 0x62, 0x79, 0x20,
    0x74, 0x68, 0x65, 0x20, 0x41, 0x64, 0x76, 0x61, 0x6e, 0x63, 0x65, 0x64, 0x20, 0x4d, 0x69, 0x63, 0x72, 0x6f, 0x20,
    0x44, 0x65, 0x76, 0x69, 0x63, 0x65, 0x73, 0x2c, 0x20, 0x49, 0x6e, 0x63, 0x2e, 0x2c, 0x20, 0x50, 0x72, 0x6f, 0x70,
    0x72, 0x69, 0x65, 0x74, 0x61, 0x72, 0x79, 0x20, 0x47, 0x50, 0x55, 0x20, 0x53, 0x68, 0x61, 0x64, 0x65, 0x72, 0x20,
    0x43, 0x6f, 0x6d, 0x70, 0x69, 0x6c, 0x65, 0x72, 0x2e, 0x00, 0x00, 0x5f, 0x61, 0x6d, 0x64, 0x67, 0x70, 0x75, 0x5f,
    0x63, 0x73, 0x5f, 0x6d, 0x61, 0x69, 0x6e, 0x00, 0x5f, 0x61, 0x6d, 0x64, 0x67, 0x70, 0x75, 0x5f, 0x63, 0x73, 0x5f,
    0x73, 0x68, 0x64, 0x72, 0x5f, 0x69, 0x6e, 0x74, 0x72, 0x6c, 0x5f, 0x74, 0x62, 0x6c, 0x00, 0x00, 0x00, 0x00, 0x00,
    0x00, 0x00, 0x00, 0x00, 0x00, 0x00, 0x00, 0x00, 0x00, 0x00, 0x00, 0x00, 0x00, 0x00, 0x00, 0x00, 0x00, 0x00, 0x00,
    0x00, 0x01, 0x00, 0x00, 0x00, 0x12, 0x00, 0x02, 0x00, 0x00, 0x00, 0x00, 0x00, 0x00, 0x00, 0x00, 0x00, 0x60, 0x0b,
    0x00, 0x00, 0x00, 0x00, 0x00, 0x00, 0x11, 0x00, 0x00, 0x00, 0x11, 0x00, 0x03, 0x00, 0x00, 0x00, 0x00, 0x00, 0x00,
    0x00, 0x00, 0x00, 0x10, 0x00, 0x00, 0x00, 0x00, 0x00, 0x00, 0x00, 0x07, 0x00, 0x00, 0x00, 0x14, 0x04, 0x00, 0x00,
    0x20, 0x00, 0x00, 0x00, 0x41, 0x4d, 0x44, 0x47, 0x50, 0x55, 0x00, 0x00, 0x82, 0xae, 0x61, 0x6d, 0x64, 0x70, 0x61,
    0x6c, 0x2e, 0x76, 0x65, 0x72, 0x73, 0x69, 0x6f, 0x6e, 0x92, 0x03, 0x06, 0xb0, 0x61, 0x6d, 0x64, 0x70, 0x61, 0x6c,
    0x2e, 0x70, 0x69, 0x70, 0x65, 0x6c, 0x69, 0x6e, 0x65, 0x73, 0x91, 0x8b, 0xa5, 0x2e, 0x74, 0x79, 0x70, 0x65, 0xa2,
    0x43, 0x73, 0xae, 0x2e, 0x72, 0x65, 0x73, 0x6f, 0x75, 0x72, 0x63, 0x65, 0x5f, 0x68, 0x61, 0x73, 0x68, 0xcf, 0x72,
    0xca, 0x76, 0xf7, 0x66, 0xe5, 0xac, 0x79, 0xb0, 0x2e, 0x73, 0x70, 0x69, 0x6c, 0x6c, 0x5f, 0x74, 0x68, 0x72, 0x65,
    0x73, 0x68, 0x6f, 0x6c, 0x64, 0xcd, 0xff, 0xff, 0xb0, 0x2e, 0x75, 0x73, 0x65, 0x72, 0x5f, 0x64, 0x61, 0x74, 0x61,
    0x5f, 0x6c, 0x69, 0x6d, 0x69, 0x74, 0x01, 0xa8, 0x2e, 0x73, 0x68, 0x61, 0x64, 0x65, 0x72, 0x73, 0x81, 0xa8, 0x2e,
    0x63, 0x6f, 0x6d, 0x70, 0x75, 0x74, 0x65, 0x83, 0xb0, 0x2e, 0x61, 0x70, 0x69, 0x5f, 0x73, 0x68, 0x61, 0x64, 0x65,
    0x72, 0x5f, 0x68, 0x61, 0x73, 0x68, 0x92, 0xcf, 0x08, 0xc5, 0xab, 0x4a, 0x96, 0xa2, 0x76, 0x23, 0xcf, 0x6f, 0x86,
    0xd9, 0xda, 0xcb, 0x99, 0xb6, 0x93, 0xb1, 0x2e, 0x68, 0x61, 0x72, 0x64, 0x77, 0x61, 0x72, 0x65, 0x5f, 0x6d, 0x61,
    0x70, 0x70, 0x69, 0x6e, 0x67, 0x91, 0xa3, 0x2e, 0x63, 0x73, 0xaf, 0x2e, 0x73, 0x68, 0x61, 0x64, 0x65, 0x72, 0x5f,
    0x73, 0x75, 0x62, 0x74, 0x79, 0x70, 0x65, 0xa7, 0x55, 0x6e, 0x6b, 0x6e, 0x6f, 0x77, 0x6e, 0xb0, 0x2e, 0x68, 0x61,
    0x72, 0x64, 0x77, 0x61, 0x72, 0x65, 0x5f, 0x73, 0x74, 0x61, 0x67, 0x65, 0x73, 0x81, 0xa3, 0x2e, 0x63, 0x73, 0xde,
    0x00, 0x1b, 0xb3, 0x2e, 0x65, 0x6e, 0x74, 0x72, 0x79, 0x5f, 0x70, 0x6f, 0x69, 0x6e, 0x74, 0x5f, 0x73, 0x79, 0x6d,
    0x62, 0x6f, 0x6c, 0xaf, 0x5f, 0x61, 0x6d, 0x64, 0x67, 0x70, 0x75, 0x5f, 0x63, 0x73, 0x5f, 0x6d, 0x61, 0x69, 0x6e,
    0xab, 0x2e, 0x73, 0x67, 0x70, 0x72, 0x5f, 0x63, 0x6f, 0x75, 0x6e, 0x74, 0x1e, 0xab, 0x2e, 0x76, 0x67, 0x70, 0x72,
    0x5f, 0x63, 0x6f, 0x75, 0x6e, 0x74, 0x24, 0xa9, 0x2e, 0x6c, 0x64, 0x73, 0x5f, 0x73, 0x69, 0x7a, 0x65, 0x00, 0xb4,
    0x2e, 0x73, 0x63, 0x72, 0x61, 0x74, 0x63, 0x68, 0x5f, 0x6d, 0x65, 0x6d, 0x6f, 0x72, 0x79, 0x5f, 0x73, 0x69, 0x7a,
    0x65, 0x00, 0xb4, 0x2e, 0x66, 0x72, 0x6f, 0x6e, 0x74, 0x65, 0x6e, 0x64, 0x5f, 0x73, 0x74, 0x61, 0x63, 0x6b, 0x5f,
    0x73, 0x69, 0x7a, 0x65, 0x00, 0xb3, 0x2e, 0x62, 0x61, 0x63, 0x6b, 0x65, 0x6e, 0x64, 0x5f, 0x73, 0x74, 0x61, 0x63,
    0x6b, 0x5f, 0x73, 0x69, 0x7a, 0x65, 0x00, 0xb6, 0x2e, 0x70, 0x65, 0x72, 0x66, 0x5f, 0x64, 0x61, 0x74, 0x61, 0x5f,
    0x62, 0x75, 0x66, 0x66, 0x65, 0x72, 0x5f, 0x73, 0x69, 0x7a, 0x65, 0x00, 0xaa, 0x2e, 0x75, 0x73, 0x65, 0x73, 0x5f,
    0x75, 0x61, 0x76, 0x73, 0xc3, 0xac, 0x2e, 0x77, 0x72, 0x69, 0x74, 0x65, 0x73, 0x5f, 0x75, 0x61, 0x76, 0x73, 0xc3,
    0xb4, 0x2e, 0x75, 0x73, 0x65, 0x73, 0x5f, 0x61, 0x70, 0x70, 0x65, 0x6e, 0x64, 0x5f, 0x63, 0x6f, 0x6e, 0x73, 0x75,
    0x6d, 0x65, 0xc2, 0xaf, 0x2e, 0x77, 0x61, 0x76, 0x65, 0x66, 0x72, 0x6f, 0x6e, 0x74, 0x5f, 0x73, 0x69, 0x7a, 0x65,
    0x40, 0xb2, 0x2e, 0x75, 0x73, 0x65, 0x72, 0x5f, 0x64, 0x61, 0x74, 0x61, 0x5f, 0x72, 0x65, 0x67, 0x5f, 0x6d, 0x61,
    0x70, 0xdc, 0x00, 0x20, 0xce, 0xff, 0xff, 0xff, 0xff, 0xce, 0xff, 0xff, 0xff, 0xff, 0x00, 0xce, 0xff, 0xff, 0xff,
    0xff, 0xce, 0xff, 0xff, 0xff, 0xff, 0xce, 0xff, 0xff, 0xff, 0xff, 0xce, 0xff, 0xff, 0xff, 0xff, 0xce, 0xff, 0xff,
    0xff, 0xff, 0xce, 0xff, 0xff, 0xff, 0xff, 0xce, 0xff, 0xff, 0xff, 0xff, 0xce, 0xff, 0xff, 0xff, 0xff, 0xce, 0xff,
    0xff, 0xff, 0xff, 0xce, 0xff, 0xff, 0xff, 0xff, 0xce, 0xff, 0xff, 0xff, 0xff, 0xce, 0xff, 0xff, 0xff, 0xff, 0xce,
    0xff, 0xff, 0xff, 0xff, 0xce, 0xff, 0xff, 0xff, 0xff, 0xce, 0xff, 0xff, 0xff, 0xff, 0xce, 0xff, 0xff, 0xff, 0xff,
    0xce, 0xff, 0xff, 0xff, 0xff, 0xce, 0xff, 0xff, 0xff, 0xff, 0xce, 0xff, 0xff, 0xff, 0xff, 0xce, 0xff, 0xff, 0xff,
    0xff, 0xce, 0xff, 0xff, 0xff, 0xff, 0xce, 0xff, 0xff, 0xff, 0xff, 0xce, 0xff, 0xff, 0xff, 0xff, 0xce, 0xff, 0xff,
    0xff, 0xff, 0xce, 0xff, 0xff, 0xff, 0xff, 0xce, 0xff, 0xff, 0xff, 0xff, 0xce, 0xff, 0xff, 0xff, 0xff, 0xce, 0xff,
    0xff, 0xff, 0xff, 0xce, 0xff, 0xff, 0xff, 0xff, 0xb7, 0x2e, 0x74, 0x68, 0x72, 0x65, 0x61, 0x64, 0x67, 0x72, 0x6f,
    0x75, 0x70, 0x5f, 0x64, 0x69, 0x6d, 0x65, 0x6e, 0x73, 0x69, 0x6f, 0x6e, 0x73, 0x93, 0x08, 0x08, 0x01, 0xab, 0x2e,
    0x66, 0x6c, 0x6f, 0x61, 0x74, 0x5f, 0x6d, 0x6f, 0x64, 0x65, 0xcc, 0xc0, 0xae, 0x2e, 0x66, 0x70, 0x31, 0x36, 0x5f,
    0x6f, 0x76, 0x65, 0x72, 0x66, 0x6c, 0x6f, 0x77, 0xc2, 0xaa, 0x2e, 0x69, 0x65, 0x65, 0x65, 0x5f, 0x6d, 0x6f, 0x64,
    0x65, 0xc2, 0xa9, 0x2e, 0x77, 0x67, 0x70, 0x5f, 0x6d, 0x6f, 0x64, 0x65, 0xc2, 0xac, 0x2e, 0x6d, 0x65, 0x6d, 0x5f,
    0x6f, 0x72, 0x64, 0x65, 0x72, 0x65, 0x64, 0xc2, 0xb1, 0x2e, 0x66, 0x6f, 0x72, 0x77, 0x61, 0x72, 0x64, 0x5f, 0x70,
    0x72, 0x6f, 0x67, 0x72, 0x65, 0x73, 0x73, 0xc2, 0xab, 0x2e, 0x75, 0x73, 0x65, 0x72, 0x5f, 0x73, 0x67, 0x70, 0x72,
    0x73, 0x03, 0xa8, 0x2e, 0x65, 0x78, 0x63, 0x70, 0x5f, 0x65, 0x6e, 0x00, 0xab, 0x2e, 0x73, 0x63, 0x72, 0x61, 0x74,
    0x63, 0x68, 0x5f, 0x65, 0x6e, 0xc2, 0xad, 0x2e, 0x74, 0x72, 0x61, 0x70, 0x5f, 0x70, 0x72, 0x65, 0x73, 0x65, 0x6e,
    0x74, 0xc2, 0xb0, 0x2e, 0x73, 0x68, 0x61, 0x72, 0x65, 0x64, 0x5f, 0x76, 0x67, 0x70, 0x72, 0x5f, 0x63, 0x6e, 0x74,
    0x00, 0xad, 0x2e, 0x77, 0x61, 0x76, 0x65, 0x73, 0x5f, 0x70, 0x65, 0x72, 0x5f, 0x73, 0x65, 0x00, 0xaf, 0x2e, 0x63,
    0x68, 0x65, 0x63, 0x6b, 0x73, 0x75, 0x6d, 0x5f, 0x76, 0x61, 0x6c, 0x75, 0x65, 0xce, 0x3a, 0x78, 0xb2, 0x20, 0xaa,
    0x2e, 0x72, 0x65, 0x67, 0x69, 0x73, 0x74, 0x65, 0x72, 0x73, 0x81, 0xcd, 0x2e, 0x42, 0x00, 0xa5, 0x2e, 0x6e, 0x61,
    0x6d, 0x65, 0xb2, 0x4d, 0x6c, 0x61, 0x61, 0x46, 0x69, 0x6e, 0x61, 0x6c, 0x42, 0x6c, 0x65, 0x6e, 0x64, 0x46, 0x61,
    0x73, 0x74, 0xb7, 0x2e, 0x69, 0x6e, 0x74, 0x65, 0x72, 0x6e, 0x61, 0x6c, 0x5f, 0x70, 0x69, 0x70, 0x65, 0x6c, 0x69,
    0x6e, 0x65, 0x5f, 0x68, 0x61, 0x73, 0x68, 0x92, 0xcf, 0x70, 0x98, 0xee, 0x9f, 0x80, 0x13, 0x4b, 0x84, 0xcf, 0xd4,
    0xba, 0x15, 0x84, 0x3f, 0x43, 0x5e, 0x7a, 0xb2, 0x2e, 0x63, 0x6f, 0x6d, 0x70, 0x75, 0x74, 0x65, 0x5f, 0x72, 0x65,
    0x67, 0x69, 0x73, 0x74, 0x65, 0x72, 0x73, 0x85, 0xaf, 0x2e, 0x74, 0x69, 0x64, 0x69, 0x67, 0x5f, 0x63, 0x6f, 0x6d,
    0x70, 0x5f, 0x63, 0x6e, 0x74, 0x01, 0xaa, 0x2e, 0x74, 0x67, 0x69, 0x64, 0x5f, 0x78, 0x5f, 0x65, 0x6e, 0xc3, 0xaa,
    0x2e, 0x74, 0x67, 0x69, 0x64, 0x5f, 0x79, 0x5f, 0x65, 0x6e, 0xc3, 0xaa, 0x2e, 0x74, 0x67, 0x69, 0x64, 0x5f, 0x7a,
    0x5f, 0x65, 0x6e, 0xc2, 0xab, 0x2e, 0x74, 0x67, 0x5f, 0x73, 0x69, 0x7a, 0x65, 0x5f, 0x65, 0x6e, 0xc2, 0xa4, 0x2e,
    0x61, 0x70, 0x69, 0xa7, 0x73, 0x63, 0x70, 0x63, 0x42, 0x6c, 0x64, 0x00, 0x00, 0x00, 0x00, 0x00, 0x00, 0x00, 0x00,
    0x00, 0x00, 0x00, 0x00, 0x00, 0x00, 0x00, 0x00, 0x00, 0x00, 0x00, 0x00, 0x00, 0x00, 0x00, 0x00, 0x00, 0x00, 0x00,
    0x00, 0x00, 0x00, 0x00, 0x00, 0x00, 0x00, 0x00, 0x00, 0x00, 0x00, 0x00, 0x00, 0x00, 0x00, 0x00, 0x00, 0x00, 0x00,
    0x00, 0x00, 0x00, 0x00, 0x00, 0x00, 0x00, 0x00, 0x00, 0x00, 0x00, 0x00, 0x00, 0x00, 0x00, 0x00, 0x00, 0x00, 0x00,
    0x00, 0x00, 0x01, 0x00, 0x00, 0x00, 0x03, 0x00, 0x00, 0x00, 0x00, 0x00, 0x00, 0x00, 0x00, 0x00, 0x00, 0x00, 0x00,
    0x00, 0x00, 0x00, 0x00, 0x00, 0x00, 0x00, 0x40, 0x00, 0x00, 0x00, 0x00, 0x00, 0x00, 0x00, 0x36, 0x00, 0x00, 0x00,
    0x00, 0x00, 0x00, 0x00, 0x00, 0x00, 0x00, 0x00, 0x00, 0x00, 0x00, 0x00, 0x00, 0x00, 0x00, 0x00, 0x00, 0x00, 0x00,
    0x00, 0x00, 0x00, 0x00, 0x00, 0x00, 0x00, 0x00, 0x00, 0x0b, 0x00, 0x00, 0x00, 0x01, 0x00, 0x00, 0x00, 0x06, 0x00,
    0x00, 0x00, 0x00, 0x00, 0x00, 0x00, 0x00, 0x00, 0x00, 0x00, 0x00, 0x00, 0x00, 0x00, 0x76, 0x00, 0x00, 0x00, 0x00,
    0x00, 0x00, 0x00, 0x60, 0x0b, 0x00, 0x00, 0x00, 0x00, 0x00, 0x00, 0x00, 0x00, 0x00, 0x00, 0x00, 0x00, 0x00, 0x00,
    0x00, 0x01, 0x00, 0x00, 0x00, 0x00, 0x00, 0x00, 0x00, 0x00, 0x00, 0x00, 0x00, 0x00, 0x00, 0x00, 0x11, 0x00, 0x00,
    0x00, 0x01, 0x00, 0x00, 0x00, 0x03, 0x00, 0x00, 0x00, 0x00, 0x00, 0x00, 0x00, 0x00, 0x00, 0x00, 0x00, 0x00, 0x00,
    0x00, 0x00, 0xd6, 0x0b, 0x00, 0x00, 0x00, 0x00, 0x00, 0x00, 0x10, 0x00, 0x00, 0x00, 0x00, 0x00, 0x00, 0x00, 0x00,
    0x00, 0x00, 0x00, 0x00, 0x00, 0x00, 0x00, 0x20, 0x00, 0x00, 0x00, 0x00, 0x00, 0x00, 0x00, 0x00, 0x00, 0x00, 0x00,
    0x00, 0x00, 0x00, 0x00, 0x17, 0x00, 0x00, 0x00, 0x01, 0x00, 0x00, 0x00, 0x00, 0x00, 0x00, 0x00, 0x00, 0x00, 0x00,
    0x00, 0x00, 0x00, 0x00, 0x00, 0x00, 0x00, 0x00, 0x00, 0xe6, 0x0b, 0x00, 0x00, 0x00, 0x00, 0x00, 0x00, 0x50, 0x00,
    0x00, 0x00, 0x00, 0x00, 0x00, 0x00, 0x00, 0x00, 0x00, 0x00, 0x00, 0x00, 0x00, 0x00, 0x00, 0x00, 0x00, 0x00, 0x00,
    0x00, 0x00, 0x00, 0x00, 0x00, 0x00, 0x00, 0x00, 0x00, 0x00, 0x00, 0x20, 0x00, 0x00, 0x00, 0x03, 0x00, 0x00, 0x00,
    0x00, 0x00, 0x00, 0x00, 0x00, 0x00, 0x00, 0x00, 0x00, 0x00, 0x00, 0x00, 0x00, 0x00, 0x00, 0x00, 0x36, 0x0c, 0x00,
    0x00, 0x00, 0x00, 0x00, 0x00, 0x2b, 0x00, 0x00, 0x00, 0x00, 0x00, 0x00, 0x00, 0x00, 0x00, 0x00, 0x00, 0x00, 0x00,
    0x00, 0x00, 0x00, 0x00, 0x00, 0x00, 0x00, 0x00, 0x00, 0x00, 0x00, 0x00, 0x00, 0x00, 0x00, 0x00, 0x00, 0x00, 0x28,
    0x00, 0x00, 0x00, 0x02, 0x00, 0x00, 0x00, 0x00, 0x00, 0x00, 0x00, 0x00, 0x00, 0x00, 0x00, 0x00, 0x00, 0x00, 0x00,
    0x00, 0x00, 0x00, 0x00, 0x61, 0x0c, 0x00, 0x00, 0x00, 0x00, 0x00, 0x00, 0x48, 0x00, 0x00, 0x00, 0x00, 0x00, 0x00,
    0x00, 0x05, 0x00, 0x00, 0x00, 0x00, 0x00, 0x00, 0x00, 0x00, 0x00, 0x00, 0x00, 0x00, 0x00, 0x00, 0x00, 0x18, 0x00,
    0x00, 0x00, 0x00, 0x00, 0x00, 0x00, 0x30, 0x00, 0x00, 0x00, 0x07, 0x00, 0x00, 0x00, 0x00, 0x00, 0x00, 0x00, 0x00,
    0x00, 0x00, 0x00, 0x00, 0x00, 0x00, 0x00, 0x00, 0x00, 0x00, 0x00, 0xa9, 0x0c, 0x00, 0x00, 0x00, 0x00, 0x00, 0x00,
    0x28, 0x04, 0x00, 0x00, 0x00, 0x00, 0x00, 0x00, 0x00, 0x00, 0x00, 0x00, 0x00, 0x00, 0x00, 0x00, 0x00, 0x00, 0x00,
    0x00, 0x00, 0x00, 0x00, 0x00, 0x00, 0x00, 0x00, 0x00, 0x00, 0x00, 0x00, 0x00,
};

// Mlaa Find Sep Edge compute shader binary
inline constexpr Util::uint8 MlaaFindSepEdge_Cs_F3CDD6F8[] =
{
    0x7f, 0x45, 0x4c, 0x46, 0x02, 0x01, 0x01, 0x41, 0x00, 0x00, 0x00, 0x00, 0x00, 0x00, 0x00, 0x00, 0x01, 0x00, 0xe0,
    0x00, 0x01, 0x00, 0x00, 0x00, 0x00, 0x00, 0x00, 0x00, 0x00, 0x00, 0x00, 0x00, 0x00, 0x00, 0x00, 0x00, 0x00, 0x00,
    0x00, 0x00, 0x0c, 0x08, 0x00, 0x00, 0x00, 0x00, 0x00, 0x00, 0x41, 0x05, 0x00, 0x00, 0x40, 0x00, 0x00, 0x00, 0x00,
    0x00, 0x40, 0x00, 0x08, 0x00, 0x01, 0x00, 0x00, 0x2e, 0x73, 0x68, 0x73, 0x74, 0x72, 0x74, 0x61, 0x62, 0x00, 0x2e,
    0x74, 0x65, 0x78, 0x74, 0x00, 0x2e, 0x64, 0x61, 0x74, 0x61, 0x00, 0x2e, 0x63, 0x6f, 0x6d, 0x6d, 0x65, 0x6e, 0x74,
    0x00, 0x2e, 0x73, 0x74, 0x72, 0x74, 0x61, 0x62, 0x00, 0x2e, 0x73, 0x79, 0x6d, 0x74, 0x61, 0x62, 0x00, 0x2e, 0x6e,
    0x6f, 0x74, 0x65, 0x00, 0x06, 0x20, 0x80, 0xb0, 0x80, 0x47, 0x86, 0xbe, 0x03, 0x00, 0x84, 0xbf, 0x02, 0x00, 0x80,
    0xbe, 0x07, 0x00, 0x81, 0xbe, 0x80, 0x01, 0x04, 0xf4, 0x44, 0x00, 0x00, 0xf8, 0xff, 0x00, 0x02, 0x36, 0xff, 0x03,
    0x00, 0x00, 0x00, 0x00, 0x10, 0xd6, 0x00, 0x15, 0x29, 0x02, 0x12, 0x01, 0x87, 0xbf, 0x01, 0x00, 0x46, 0xd6, 0x03,
    0x06, 0x05, 0x04, 0x02, 0x00, 0x46, 0xd6, 0x04, 0x06, 0x01, 0x04, 0x07, 0xfc, 0x89, 0xbf, 0x12, 0x01, 0x87, 0xbf,
    0x02, 0x00, 0x4e, 0xd4, 0x06, 0x02, 0x02, 0x00, 0x07, 0x04, 0x9c, 0x7c, 0x02, 0x6a, 0xea, 0x8b, 0x09, 0x00, 0x87,
    0xbf, 0x6a, 0x21, 0x82, 0xbe, 0x4a, 0x00, 0xa5, 0xbf, 0x00, 0x02, 0x0c, 0xf4, 0x20, 0x00, 0x00, 0xf8, 0x00, 0x04,
    0x0c, 0xf4, 0x00, 0x00, 0x00, 0xf8, 0xc1, 0x04, 0x00, 0x4a, 0x06, 0x02, 0x06, 0x22, 0x07, 0x04, 0x08, 0x22, 0xa3,
    0x00, 0x87, 0xbf, 0x00, 0x00, 0x64, 0xd6, 0x00, 0x01, 0x1d, 0x00, 0x81, 0x02, 0x0a, 0x4a, 0x06, 0x0a, 0x0c, 0x22,
    0x07, 0xfc, 0x89, 0xbf, 0x02, 0x00, 0x85, 0xbf, 0x85, 0x07, 0x00, 0xf0, 0x03, 0x08, 0x02, 0x00, 0x04, 0x00, 0x00,
    0x00, 0x85, 0x07, 0x00, 0xf0, 0x03, 0x0b, 0x02, 0x00, 0x00, 0x00, 0x00, 0x00, 0x85, 0x07, 0x00, 0xf0, 0x06, 0x04,
    0x02, 0x00, 0x04, 0x00, 0x00, 0x00, 0xf7, 0x07, 0x89, 0xbf, 0x08, 0x17, 0x00, 0x08, 0x09, 0x19, 0x06, 0x08, 0x0a,
    0x1b, 0x0e, 0x08, 0x13, 0x01, 0x87, 0xbf, 0x00, 0x01, 0x14, 0xd4, 0x00, 0xff, 0x01, 0x00, 0x00, 0x00, 0x80, 0x3d,
    0x04, 0x01, 0x14, 0xd4, 0x07, 0xff, 0x01, 0x00, 0x00, 0x00, 0x80, 0x3d, 0xa4, 0x04, 0x87, 0xbf, 0x6a, 0x01, 0x14,
    0xd4, 0x03, 0xff, 0x01, 0x00, 0x00, 0x00, 0x80, 0x3d, 0x00, 0x6a, 0xea, 0x8c, 0x04, 0x6a, 0xea, 0x8c, 0x09, 0x00,
    0x87, 0xbf, 0x00, 0x00, 0x01, 0xd5, 0x80, 0x82, 0xa9, 0x01, 0xf7, 0x03, 0x89, 0xbf, 0x08, 0x09, 0x06, 0x08, 0x09,
    0x0b, 0x08, 0x08, 0x0a, 0x0d, 0x0a, 0x08, 0x08, 0x00, 0x01, 0xd5, 0x80, 0x02, 0xa9, 0x01, 0x06, 0x00, 0x12, 0xd6,
    0x81, 0x00, 0x0a, 0x02, 0x14, 0x02, 0x87, 0xbf, 0x00, 0x01, 0x14, 0xd4, 0x04, 0xff, 0x01, 0x00, 0x00, 0x00, 0x80,
    0x3d, 0x04, 0x01, 0x14, 0xd4, 0x05, 0xff, 0x01, 0x00, 0x00, 0x00, 0x80, 0x3d, 0x6a, 0x01, 0x14, 0xd4, 0x03, 0xff,
    0x01, 0x00, 0x00, 0x00, 0x80, 0x3d, 0x6a, 0x00, 0xea, 0x8c, 0x09, 0x00, 0x87, 0xbf, 0x9e, 0xff, 0x88, 0xbf, 0x04,
    0x6a, 0xea, 0x8c, 0x84, 0x04, 0x87, 0xbf, 0x08, 0x0d, 0x06, 0x02, 0x01, 0x00, 0x87, 0xbf, 0x03, 0x03, 0x08, 0x7e,
    0x03, 0x03, 0x0a, 0x7e, 0x03, 0x03, 0x0c, 0x7e, 0x85, 0x4f, 0x18, 0xf0, 0x01, 0x03, 0x04, 0x00, 0x02, 0x00, 0x00,
    0x00, 0x00, 0x00, 0x80, 0xbf, 0x03, 0x00, 0xb6, 0xbf, 0x00, 0x00, 0xb0, 0xbf, 0x00, 0x00, 0x9f, 0xbf, 0x00, 0x00,
    0x9f, 0xbf, 0x00, 0x00, 0x9f, 0xbf, 0x00, 0x00, 0x9f, 0xbf, 0x00, 0x00, 0x9f, 0xbf, 0x00, 0x00, 0x9f, 0xbf, 0x00,
    0x00, 0x9f, 0xbf, 0x00, 0x00, 0x9f, 0xbf, 0x00, 0x00, 0x9f, 0xbf, 0x00, 0x00, 0x9f, 0xbf, 0x00, 0x00, 0x9f, 0xbf,
    0x00, 0x00, 0x9f, 0xbf, 0x00, 0x00, 0x9f, 0xbf, 0x00, 0x00, 0x9f, 0xbf, 0x00, 0x00, 0x9f, 0xbf, 0x00, 0x00, 0x9f,
    0xbf, 0x00, 0x00, 0x9f, 0xbf, 0x00, 0x00, 0x9f, 0xbf, 0x00, 0x00, 0x9f, 0xbf, 0x00, 0x00, 0x9f, 0xbf, 0x00, 0x00,
    0x9f, 0xbf, 0x00, 0x00, 0x9f, 0xbf, 0x00, 0x00, 0x9f, 0xbf, 0x00, 0x00, 0x9f, 0xbf, 0x00, 0x00, 0x9f, 0xbf, 0x00,
    0x00, 0x9f, 0xbf, 0x00, 0x00, 0x9f, 0xbf, 0x00, 0x00, 0x9f, 0xbf, 0x00, 0x00, 0x9f, 0xbf, 0x00, 0x00, 0x9f, 0xbf,
    0x00, 0x00, 0x9f, 0xbf, 0x00, 0x00, 0x9f, 0xbf, 0x00, 0x00, 0x9f, 0xbf, 0x00, 0x00, 0x9f, 0xbf, 0x00, 0x00, 0x9f,
    0xbf, 0x00, 0x00, 0x9f, 0xbf, 0x00, 0x00, 0x9f, 0xbf, 0x00, 0x00, 0x9f, 0xbf, 0x00, 0x00, 0x9f, 0xbf, 0x00, 0x00,
    0x9f, 0xbf, 0x00, 0x00, 0x9f, 0xbf, 0x00, 0x00, 0x9f, 0xbf, 0x00, 0x00, 0x9f, 0xbf, 0x00, 0x00, 0x9f, 0xbf, 0x00,
    0x00, 0x9f, 0xbf, 0x00, 0x00, 0x9f, 0xbf, 0x00, 0x00, 0x9f, 0xbf, 0x00, 0x00, 0x9f, 0xbf, 0x00, 0x00, 0x9f, 0xbf,
    0x00, 0x00, 0x9f, 0xbf, 0x00, 0x00, 0x9f, 0xbf, 0x00, 0x00, 0x9f, 0xbf, 0x00, 0x00, 0x9f, 0xbf, 0x00, 0x00, 0x9f,
    0xbf, 0x00, 0x00, 0x9f, 0xbf, 0x00, 0x00, 0x9f, 0xbf, 0x00, 0x00, 0x9f, 0xbf, 0x00, 0x00, 0x9f, 0xbf, 0x00, 0x00,
    0x9f, 0xbf, 0x00, 0x00, 0x9f, 0xbf, 0x00, 0x00, 0x9f, 0xbf, 0x00, 0x00, 0x9f, 0xbf, 0x00, 0x00, 0x9f, 0xbf, 0x00,
    0x00, 0x9f, 0xbf, 0x00, 0x00, 0x00, 0x00, 0x00, 0x00, 0x10, 0x00, 0x00, 0x00, 0x00, 0x00, 0xac, 0xdf, 0x03, 0x10,
    0x47, 0x65, 0x6e, 0x65, 0x72, 0x61, 0x74, 0x65, 0x64, 0x20, 0x62, 0x79, 0x20, 0x74, 0x68, 0x65, 0x20, 0x41, 0x64,
    0x76, 0x61, 0x6e, 0x63, 0x65, 0x64, 0x20, 0x4d, 0x69, 0x63, 0x72, 0x6f, 0x20, 0x44, 0x65, 0x76, 0x69, 0x63, 0x65,
    0x73, 0x2c, 0x20, 0x49, 0x6e, 0x63, 0x2e, 0x2c, 0x20, 0x50, 0x72, 0x6f, 0x70, 0x72, 0x69, 0x65, 0x74, 0x61, 0x72,
    0x79, 0x20, 0x47, 0x50, 0x55, 0x20, 0x53, 0x68, 0x61, 0x64, 0x65, 0x72, 0x20, 0x43, 0x6f, 0x6d, 0x70, 0x69, 0x6c,
    0x65, 0x72, 0x2e, 0x00, 0x00, 0x5f, 0x61, 0x6d, 0x64, 0x67, 0x70, 0x75, 0x5f, 0x63, 0x73, 0x5f, 0x6d, 0x61, 0x69,
    0x6e, 0x00, 0x5f, 0x61, 0x6d, 0x64, 0x67, 0x70, 0x75, 0x5f, 0x63, 0x73, 0x5f, 0x73, 0x68, 0x64, 0x72, 0x5f, 0x69,
    0x6e, 0x74, 0x72, 0x6c, 0x5f, 0x74, 0x62, 0x6c, 0x00, 0x00, 0x00, 0x00, 0x00, 0x00, 0x00, 0x00, 0x00, 0x00, 0x00,
    0x00, 0x00, 0x00, 0x00, 0x00, 0x00, 0x00, 0x00, 0x00, 0x00, 0x00, 0x00, 0x00, 0x00, 0x01, 0x00, 0x00, 0x00, 0x12,
    0x00, 0x02, 0x00, 0x00, 0x00, 0x00, 0x00, 0x00, 0x00, 0x00, 0x00, 0x98, 0x02, 0x00, 0x00, 0x00, 0x00, 0x00, 0x00,
    0x11, 0x00, 0x00, 0x00, 0x11, 0x00, 0x03, 0x00, 0x00, 0x00, 0x00, 0x00, 0x00, 0x00, 0x00, 0x00, 0x10, 0x00, 0x00,
    0x00, 0x00, 0x00, 0x00, 0x00, 0x07, 0x00, 0x00, 0x00, 0x11, 0x04, 0x00, 0x00, 0x20, 0x00, 0x00, 0x00, 0x41, 0x4d,
    0x44, 0x47, 0x50, 0x55, 0x00, 0x00, 0x82, 0xae, 0x61, 0x6d, 0x64, 0x70, 0x61, 0x6c, 0x2e, 0x76, 0x65, 0x72, 0x73,
    0x69, 0x6f, 0x6e, 0x92, 0x03, 0x06, 0xb0, 0x61, 0x6d, 0x64, 0x70, 0x61, 0x6c, 0x2e, 0x70, 0x69, 0x70, 0x65, 0x6c,
    0x69, 0x6e, 0x65, 0x73, 0x91, 0x8b, 0xa5, 0x2e, 0x74, 0x79, 0x70, 0x65, 0xa2, 0x43, 0x73, 0xae, 0x2e, 0x72, 0x65,
    0x73, 0x6f, 0x75, 0x72, 0x63, 0x65, 0x5f, 0x68, 0x61, 0x73, 0x68, 0xcf, 0x9d, 0xab, 0x92, 0x5d, 0x0a, 0x7a, 0xaf,
    0x2a, 0xb0, 0x2e, 0x73, 0x70, 0x69, 0x6c, 0x6c, 0x5f, 0x74, 0x68, 0x72, 0x65, 0x73, 0x68, 0x6f, 0x6c, 0x64, 0xcd,
    0xff, 0xff, 0xb0, 0x2e, 0x75, 0x73, 0x65, 0x72, 0x5f, 0x64, 0x61, 0x74, 0x61, 0x5f, 0x6c, 0x69, 0x6d, 0x69, 0x74,
    0x01, 0xa8, 0x2e, 0x73, 0x68, 0x61, 0x64, 0x65, 0x72, 0x73, 0x81, 0xa8, 0x2e, 0x63, 0x6f, 0x6d, 0x70, 0x75, 0x74,
    0x65, 0x83, 0xb0, 0x2e, 0x61, 0x70, 0x69, 0x5f, 0x73, 0x68, 0x61, 0x64, 0x65, 0x72, 0x5f, 0x68, 0x61, 0x73, 0x68,
    0x92, 0xcf, 0xe2, 0xc3, 0xfc, 0x66, 0xc2, 0xf3, 0xc5, 0x82, 0xcf, 0xe7, 0xf0, 0xaa, 0xac, 0xd5, 0x4e, 0x46, 0x5e,
    0xb1, 0x2e, 0x68, 0x61, 0x72, 0x64, 0x77, 0x61, 0x72, 0x65, 0x5f, 0x6d, 0x61, 0x70, 0x70, 0x69, 0x6e, 0x67, 0x91,
    0xa3, 0x2e, 0x63, 0x73, 0xaf, 0x2e, 0x73, 0x68, 0x61, 0x64, 0x65, 0x72, 0x5f, 0x73, 0x75, 0x62, 0x74, 0x79, 0x70,
    0x65, 0xa7, 0x55, 0x6e, 0x6b, 0x6e, 0x6f, 0x77, 0x6e, 0xb0, 0x2e, 0x68, 0x61, 0x72, 0x64, 0x77, 0x61, 0x72, 0x65,
    0x5f, 0x73, 0x74, 0x61, 0x67, 0x65, 0x73, 0x81, 0xa3, 0x2e, 0x63, 0x73, 0xde, 0x00, 0x1b, 0xb3, 0x2e, 0x65, 0x6e,
    0x74, 0x72, 0x79, 0x5f, 0x70, 0x6f, 0x69, 0x6e, 0x74, 0x5f, 0x73, 0x79, 0x6d, 0x62, 0x6f, 0x6c, 0xaf, 0x5f, 0x61,
    0x6d, 0x64, 0x67, 0x70, 0x75, 0x5f, 0x63, 0x73, 0x5f, 0x6d, 0x61, 0x69, 0x6e, 0xab, 0x2e, 0x73, 0x67, 0x70, 0x72,
    0x5f, 0x63, 0x6f, 0x75, 0x6e, 0x74, 0x18, 0xab, 0x2e, 0x76, 0x67, 0x70, 0x72, 0x5f, 0x63, 0x6f, 0x75, 0x6e, 0x74,
    0x0e, 0xa9, 0x2e, 0x6c, 0x64, 0x73, 0x5f, 0x73, 0x69, 0x7a, 0x65, 0x00, 0xb4, 0x2e, 0x73, 0x63, 0x72, 0x61, 0x74,
    0x63, 0x68, 0x5f, 0x6d, 0x65, 0x6d, 0x6f, 0x72, 0x79, 0x5f, 0x73, 0x69, 0x7a, 0x65, 0x00, 0xb4, 0x2e, 0x66, 0x72,
    0x6f, 0x6e, 0x74, 0x65, 0x6e, 0x64, 0x5f, 0x73, 0x74, 0x61, 0x63, 0x6b, 0x5f, 0x73, 0x69, 0x7a, 0x65, 0x00, 0xb3,
    0x2e, 0x62, 0x61, 0x63, 0x6b, 0x65, 0x6e, 0x64, 0x5f, 0x73, 0x74, 0x61, 0x63, 0x6b, 0x5f, 0x73, 0x69, 0x7a, 0x65,
    0x00, 0xb6, 0x2e, 0x70, 0x65, 0x72, 0x66, 0x5f, 0x64, 0x61, 0x74, 0x61, 0x5f, 0x62, 0x75, 0x66, 0x66, 0x65, 0x72,
    0x5f, 0x73, 0x69, 0x7a, 0x65, 0x00, 0xaa, 0x2e, 0x75, 0x73, 0x65, 0x73, 0x5f, 0x75, 0x61, 0x76, 0x73, 0xc3, 0xac,
    0x2e, 0x77, 0x72, 0x69, 0x74, 0x65, 0x73, 0x5f, 0x75, 0x61, 0x76, 0x73, 0xc3, 0xb4, 0x2e, 0x75, 0x73, 0x65, 0x73,
    0x5f, 0x61, 0x70, 0x70, 0x65, 0x6e, 0x64, 0x5f, 0x63, 0x6f, 0x6e, 0x73, 0x75, 0x6d, 0x65, 0xc2, 0xaf, 0x2e, 0x77,
    0x61, 0x76, 0x65, 0x66, 0x72, 0x6f, 0x6e, 0x74, 0x5f, 0x73, 0x69, 0x7a, 0x65, 0x40, 0xb2, 0x2e, 0x75, 0x73, 0x65,
    0x72, 0x5f, 0x64, 0x61, 0x74, 0x61, 0x5f, 0x72, 0x65, 0x67, 0x5f, 0x6d, 0x61, 0x70, 0xdc, 0x00, 0x20, 0xce, 0xff,
    0xff, 0xff, 0xff, 0xce, 0xff, 0xff, 0xff, 0xff, 0x00, 0xce, 0xff, 0xff, 0xff, 0xff, 0xce, 0xff, 0xff, 0xff, 0xff,
    0xce, 0xff, 0xff, 0xff, 0xff, 0xce, 0xff, 0xff, 0xff, 0xff, 0xce, 0xff, 0xff, 0xff, 0xff, 0xce, 0xff, 0xff, 0xff,
    0xff, 0xce, 0xff, 0xff, 0xff, 0xff, 0xce, 0xff, 0xff, 0xff, 0xff, 0xce, 0xff, 0xff, 0xff, 0xff, 0xce, 0xff, 0xff,
    0xff, 0xff, 0xce, 0xff, 0xff, 0xff, 0xff, 0xce, 0xff, 0xff, 0xff, 0xff, 0xce, 0xff, 0xff, 0xff, 0xff, 0xce, 0xff,
    0xff, 0xff, 0xff, 0xce, 0xff, 0xff, 0xff, 0xff, 0xce, 0xff, 0xff, 0xff, 0xff, 0xce, 0xff, 0xff, 0xff, 0xff, 0xce,
    0xff, 0xff, 0xff, 0xff, 0xce, 0xff, 0xff, 0xff, 0xff, 0xce, 0xff, 0xff, 0xff, 0xff, 0xce, 0xff, 0xff, 0xff, 0xff,
    0xce, 0xff, 0xff, 0xff, 0xff, 0xce, 0xff, 0xff, 0xff, 0xff, 0xce, 0xff, 0xff, 0xff, 0xff, 0xce, 0xff, 0xff, 0xff,
    0xff, 0xce, 0xff, 0xff, 0xff, 0xff, 0xce, 0xff, 0xff, 0xff, 0xff, 0xce, 0xff, 0xff, 0xff, 0xff, 0xce, 0xff, 0xff,
    0xff, 0xff, 0xb7, 0x2e, 0x74, 0x68, 0x72, 0x65, 0x61, 0x64, 0x67, 0x72, 0x6f, 0x75, 0x70, 0x5f, 0x64, 0x69, 0x6d,
    0x65, 0x6e, 0x73, 0x69, 0x6f, 0x6e, 0x73, 0x93, 0x08, 0x08, 0x01, 0xab, 0x2e, 0x66, 0x6c, 0x6f, 0x61, 0x74, 0x5f,
    0x6d, 0x6f, 0x64, 0x65, 0xcc, 0xc0, 0xae, 0x2e, 0x66, 0x70, 0x31, 0x36, 0x5f, 0x6f, 0x76, 0x65, 0x72, 0x66, 0x6c,
    0x6f, 0x77, 0xc2, 0xaa, 0x2e, 0x69, 0x65, 0x65, 0x65, 0x5f, 0x6d, 0x6f, 0x64, 0x65, 0xc2, 0xa9, 0x2e, 0x77, 0x67,
    0x70, 0x5f, 0x6d, 0x6f, 0x64, 0x65, 0xc2, 0xac, 0x2e, 0x6d, 0x65, 0x6d, 0x5f, 0x6f, 0x72, 0x64, 0x65, 0x72, 0x65,
    0x64, 0xc2, 0xb1, 0x2e, 0x66, 0x6f, 0x72, 0x77, 0x61, 0x72, 0x64, 0x5f, 0x70, 0x72, 0x6f, 0x67, 0x72, 0x65, 0x73,
    0x73, 0xc2, 0xab, 0x2e, 0x75, 0x73, 0x65, 0x72, 0x5f, 0x73, 0x67, 0x70, 0x72, 0x73, 0x03, 0xa8, 0x2e, 0x65, 0x78,
    0x63, 0x70, 0x5f, 0x65, 0x6e, 0x00, 0xab, 0x2e, 0x73, 0x63, 0x72, 0x61, 0x74, 0x63, 0x68, 0x5f, 0x65, 0x6e, 0xc2,
    0xad, 0x2e, 0x74, 0x72, 0x61, 0x70, 0x5f, 0x70, 0x72, 0x65, 0x73, 0x65, 0x6e, 0x74, 0xc2, 0xb0, 0x2e, 0x73, 0x68,
    0x61, 0x72, 0x65, 0x64, 0x5f, 0x76, 0x67, 0x70, 0x72, 0x5f, 0x63, 0x6e, 0x74, 0x00, 0xad, 0x2e, 0x77, 0x61, 0x76,
    0x65, 0x73, 0x5f, 0x70, 0x65, 0x72, 0x5f, 0x73, 0x65, 0x00, 0xaf, 0x2e, 0x63, 0x68, 0x65, 0x63, 0x6b, 0x73, 0x75,
    0x6d, 0x5f, 0x76, 0x61, 0x6c, 0x75, 0x65, 0xce, 0x12, 0x8e, 0xd5, 0x16, 0xaa, 0x2e, 0x72, 0x65, 0x67, 0x69, 0x73,
    0x74, 0x65, 0x72, 0x73, 0x81, 0xcd, 0x2e, 0x42, 0x00, 0xa5, 0x2e, 0x6e, 0x61, 0x6d, 0x65, 0xaf, 0x4d, 0x6c, 0x61,
    0x61, 0x46, 0x69, 0x6e, 0x64, 0x53, 0x65, 0x70, 0x45, 0x64, 0x67, 0x65, 0xb7, 0x2e, 0x69, 0x6e, 0x74, 0x65, 0x72,
    0x6e, 0x61, 0x6c, 0x5f, 0x70, 0x69, 0x70, 0x65, 0x6c, 0x69, 0x6e, 0x65, 0x5f, 0x68, 0x61, 0x73, 0x68, 0x92, 0xcf,
    0xff, 0x85, 0xe9, 0x25, 0x15, 0xfa, 0xf1, 0x04, 0xcf, 0x80, 0x10, 0x9b, 0xd4, 0x07, 0x40, 0x0c, 0x03, 0xb2, 0x2e,
    0x63, 0x6f, 0x6d, 0x70, 0x75, 0x74, 0x65, 0x5f, 0x72, 0x65, 0x67, 0x69, 0x73, 0x74, 0x65, 0x72, 0x73, 0x85, 0xaf,
    0x2e, 0x74, 0x69, 0x64, 0x69, 0x67, 0x5f, 0x63, 0x6f, 0x6d, 0x70, 0x5f, 0x63, 0x6e, 0x74, 0x01, 0xaa, 0x2e, 0x74,
    0x67, 0x69, 0x64, 0x5f, 0x78, 0x5f, 0x65, 0x6e, 0xc3, 0xaa, 0x2e, 0x74, 0x67, 0x69, 0x64, 0x5f, 0x79, 0x5f, 0x65,
    0x6e, 0xc3, 0xaa, 0x2e, 0x74, 0x67, 0x69, 0x64, 0x5f, 0x7a, 0x5f, 0x65, 0x6e, 0xc2, 0xab, 0x2e, 0x74, 0x67, 0x5f,
    0x73, 0x69, 0x7a, 0x65, 0x5f, 0x65, 0x6e, 0xc2, 0xa4, 0x2e, 0x61, 0x70, 0x69, 0xa7, 0x73, 0x63, 0x70, 0x63, 0x42,
    0x6c, 0x64, 0x00, 0x00, 0x00, 0x00, 0x00, 0x00, 0x00, 0x00, 0x00, 0x00, 0x00, 0x00, 0x00, 0x00, 0x00, 0x00, 0x00,
    0x00, 0x00, 0x00, 0x00, 0x00, 0x00, 0x00, 0x00, 0x00, 0x00, 0x00, 0x00, 0x00, 0x00, 0x00, 0x00, 0x00, 0x00, 0x00,
    0x00, 0x00, 0x00, 0x00, 0x00, 0x00, 0x00, 0x00, 0x00, 0x00, 0x00, 0x00, 0x00, 0x00, 0x00, 0x00, 0x00, 0x00, 0x00,
    0x00, 0x00, 0x00, 0x00, 0x00, 0x00, 0x00, 0x00, 0x00, 0x00, 0x00, 0x00, 0x00, 0x00, 0x00, 0x01, 0x00, 0x00, 0x00,
    0x03, 0x00, 0x00, 0x00, 0x00, 0x00, 0x00, 0x00, 0x00, 0x00, 0x00, 0x00, 0x00, 0x00, 0x00, 0x00, 0x00, 0x00, 0x00,
    0x00, 0x40, 0x00, 0x00, 0x00, 0x00, 0x00, 0x00, 0x00, 0x36, 0x00, 0x00, 0x00, 0x00, 0x00, 0x00, 0x00, 0x00, 0x00,
    0x00, 0x00, 0x00, 0x00, 0x00, 0x00, 0x00, 0x00, 0x00, 0x00, 0x00, 0x00, 0x00, 0x00, 0x00, 0x00, 0x00, 0x00, 0x00,
    0x00, 0x00, 0x00, 0x0b, 0x00, 0x00, 0x00, 0x01, 0x00, 0x00, 0x00, 0x06, 0x00, 0x00, 0x00, 0x00, 0x00, 0x00, 0x00,
    0x00, 0x00, 0x00, 0x00, 0x00, 0x00, 0x00, 0x00, 0x76, 0x00, 0x00, 0x00, 0x00, 0x00, 0x00, 0x00, 0x98, 0x02, 0x00,
    0x00, 0x00, 0x00, 0x00, 0x00, 0x00, 0x00, 0x00, 0x00, 0x00, 0x00, 0x00, 0x00, 0x00, 0x01, 0x00, 0x00, 0x00, 0x00,
    0x00, 0x00, 0x00, 0x00, 0x00, 0x00, 0x00, 0x00, 0x00, 0x00, 0x11, 0x00, 0x00, 0x00, 0x01, 0x00, 0x00, 0x00, 0x03,
    0x00, 0x00, 0x00, 0x00, 0x00, 0x00, 0x00, 0x00, 0x00, 0x00, 0x00, 0x00, 0x00, 0x00, 0x00, 0x0e, 0x03, 0x00, 0x00,
    0x00, 0x00, 0x00, 0x00, 0x10, 0x00, 0x00, 0x00, 0x00, 0x00, 0x00, 0x00, 0x00, 0x00, 0x00, 0x00, 0x00, 0x00, 0x00,
    0x00, 0x20, 0x00, 0x00, 0x00, 0x00, 0x00, 0x00, 0x00, 0x00, 0x00, 0x00, 0x00, 0x00, 0x00, 0x00, 0x00, 0x17, 0x00,
    0x00, 0x00, 0x01, 0x00, 0x00, 0x00, 0x00, 0x00, 0x00, 0x00, 0x00, 0x00, 0x00, 0x00, 0x00, 0x00, 0x00, 0x00, 0x00,
    0x00, 0x00, 0x00, 0x1e, 0x03, 0x00, 0x00, 0x00, 0x00, 0x00, 0x00, 0x50, 0x00, 0x00, 0x00, 0x00, 0x00, 0x00, 0x00,
    0x00, 0x00, 0x00, 0x00, 0x00, 0x00, 0x00, 0x00, 0x00, 0x00, 0x00, 0x00, 0x00, 0x00, 0x00, 0x00, 0x00, 0x00, 0x00,
    0x00, 0x00, 0x00, 0x00, 0x00, 0x20, 0x00, 0x00, 0x00, 0x03, 0x00, 0x00, 0x00, 0x00, 0x00, 0x00, 0x00, 0x00, 0x00,
    0x00, 0x00, 0x00, 0x00, 0x00, 0x00, 0x00, 0x00, 0x00, 0x00, 0x6e, 0x03, 0x00, 0x00, 0x00, 0x00, 0x00, 0x00, 0x2b,
    0x00, 0x00, 0x00, 0x00, 0x00, 0x00, 0x00, 0x00, 0x00, 0x00, 0x00, 0x00, 0x00, 0x00, 0x00, 0x00, 0x00, 0x00, 0x00,
    0x00, 0x00, 0x00, 0x00, 0x00, 0x00, 0x00, 0x00, 0x00, 0x00, 0x00, 0x00, 0x28, 0x00, 0x00, 0x00, 0x02, 0x00, 0x00,
    0x00, 0x00, 0x00, 0x00, 0x00, 0x00, 0x00, 0x00, 0x00, 0x00, 0x00, 0x00, 0x00, 0x00, 0x00, 0x00, 0x00, 0x99, 0x03,
    0x00, 0x00, 0x00, 0x00, 0x00, 0x00, 0x48, 0x00, 0x00, 0x00, 0x00, 0x00, 0x00, 0x00, 0x05, 0x00, 0x00, 0x00, 0x00,
    0x00, 0x00, 0x00, 0x00, 0x00, 0x00, 0x00, 0x00, 0x00, 0x00, 0x00, 0x18, 0x00, 0x00, 0x00, 0x00, 0x00, 0x00, 0x00,
    0x30, 0x00, 0x00, 0x00, 0x07, 0x00, 0x00, 0x00, 0x00, 0x00, 0x00, 0x00, 0x00, 0x00, 0x00, 0x00, 0x00, 0x00, 0x00,
    0x00, 0x00, 0x00, 0x00, 0x00, 0xe1, 0x03, 0x00, 0x00, 0x00, 0x00, 0x00, 0x00, 0x28, 0x04, 0x00, 0x00, 0x00, 0x00,
    0x00, 0x00, 0x00, 0x00, 0x00, 0x00, 0x00, 0x00, 0x00, 0x00, 0x00, 0x00, 0x00, 0x00, 0x00, 0x00, 0x00, 0x00, 0x00,
    0x00, 0x00, 0x00, 0x00, 0x00, 0x00, 0x00,
};

// Mlaa Calc Sep Edge Length compute shader binary
inline constexpr Util::uint8 MlaaCalcSepEdgeLength_Cs_A52D0E1A[] =
{
    0x7f, 0x45, 0x4c, 0x46, 0x02, 0x01, 0x01, 0x41, 0x00, 0x00, 0x00, 0x00, 0x00, 0x00, 0x00, 0x00, 0x01, 0x00, 0xe0,
    0x00, 0x01, 0x00, 0x00, 0x00, 0x00, 0x00, 0x00, 0x00, 0x00, 0x00, 0x00, 0x00, 0x00, 0x00, 0x00, 0x00, 0x00, 0x00,
    0x00, 0x00, 0x24, 0x0b, 0x00, 0x00, 0x00, 0x00, 0x00, 0x00, 0x47, 0x05, 0x00, 0x00, 0x40, 0x00, 0x00, 0x00, 0x00,
    0x00, 0x40, 0x00, 0x08, 0x00, 0x01, 0x00, 0x00, 0x2e, 0x73, 0x68, 0x73, 0x74, 0x72, 0x74, 0x61, 0x62, 0x00, 0x2e,
    0x74, 0x65, 0x78, 0x74, 0x00, 0x2e, 0x64, 0x61, 0x74, 0x61, 0x00, 0x2e, 0x63, 0x6f, 0x6d, 0x6d, 0x65, 0x6e, 0x74,
    0x00, 0x2e, 0x73, 0x74, 0x72, 0x74, 0x61, 0x62, 0x00, 0x2e, 0x73, 0x79, 0x6d, 0x74, 0x61, 0x62, 0x00, 0x2e, 0x6e,
    0x6f, 0x74, 0x65, 0x00, 0x06, 0x20, 0x80, 0xb0, 0x80, 0x47, 0x86, 0xbe, 0x03, 0x00, 0x84, 0xbf, 0x02, 0x00, 0x80,
    0xbe, 0x07, 0x00, 0x81, 0xbe, 0x00, 0x02, 0x08, 0xf4, 0xa0, 0x00, 0x00, 0xf8, 0xff, 0x00, 0x02, 0x36, 0xff, 0x03,
    0x00, 0x00, 0x00, 0x00, 0x10, 0xd6, 0x00, 0x15, 0x29, 0x02, 0x12, 0x01, 0x87, 0xbf, 0x04, 0x00, 0x46, 0xd6, 0x03,
    0x06, 0x05, 0x04, 0x06, 0x00, 0x46, 0xd6, 0x04, 0x06, 0x01, 0x04, 0x07, 0xfc, 0x89, 0xbf, 0x12, 0x01, 0x87, 0xbf,
    0x02, 0x00, 0x4e, 0xd4, 0x09, 0x08, 0x02, 0x00, 0x0a, 0x0c, 0x9c, 0x7c, 0x02, 0x6a, 0xea, 0x8b, 0x09, 0x00, 0x87,
    0xbf, 0x6a, 0x21, 0x82, 0xbe, 0x0f, 0x01, 0xa5, 0xbf, 0x00, 0x03, 0x0c, 0xf4, 0x40, 0x00, 0x00, 0xf8, 0x00, 0x05,
    0x0c, 0xf4, 0x60, 0x00, 0x00, 0xf8, 0x00, 0x07, 0x0c, 0xf4, 0x80, 0x00, 0x00, 0xf8, 0x07, 0xfc, 0x89, 0xbf, 0x85,
    0x01, 0x00, 0xf0, 0x04, 0x00, 0x03, 0x00, 0x06, 0x00, 0x00, 0x00, 0x85, 0x01, 0x00, 0xf0, 0x04, 0x01, 0x05, 0x00,
    0x06, 0x00, 0x00, 0x00, 0x85, 0x01, 0x00, 0xf0, 0x04, 0x02, 0x07, 0x00, 0x06, 0x00, 0x00, 0x00, 0xf7, 0x0b, 0x89,
    0xbf, 0x81, 0x00, 0x06, 0x36, 0x82, 0x00, 0x00, 0x36, 0xf7, 0x03, 0x89, 0xbf, 0x80, 0x04, 0x86, 0x7c, 0x93, 0x01,
    0x87, 0xbf, 0x04, 0x00, 0x45, 0xd4, 0x03, 0x01, 0x01, 0x00, 0x06, 0x00, 0x45, 0xd4, 0x00, 0x01, 0x01, 0x00, 0xff,
    0x02, 0x0a, 0x36, 0x00, 0x80, 0x00, 0x00, 0xff, 0x04, 0x00, 0x36, 0x00, 0x80, 0x00, 0x00, 0x28, 0x00, 0x46, 0xd4,
    0x01, 0x01, 0x01, 0x00, 0x93, 0x01, 0x87, 0xbf, 0x24, 0x00, 0x42, 0xd4, 0x05, 0x01, 0x01, 0x00, 0x26, 0x00, 0x42,
    0xd4, 0x00, 0x01, 0x01, 0x00, 0x90, 0x02, 0x18, 0x32, 0x90, 0x04, 0x0a, 0x32, 0x01, 0xd7, 0x00, 0x7e, 0x02, 0xd7,
    0x06, 0x7e, 0x04, 0x28, 0xa8, 0x8b, 0x06, 0x6a, 0xaa, 0x8b, 0x04, 0x24, 0x84, 0x8b, 0x06, 0x26, 0x86, 0x8b, 0x28,
    0x2a, 0xac, 0x8c, 0x04, 0x06, 0xea, 0x8c, 0x99, 0x04, 0x87, 0xbf, 0x2c, 0x6a, 0xea, 0x8c, 0x6a, 0x21, 0xa4, 0xbe,
    0xc3, 0x00, 0xa5, 0xbf, 0x08, 0x81, 0x8b, 0x8a, 0x81, 0x08, 0x27, 0x84, 0x0b, 0x81, 0x26, 0x84, 0x0b, 0xc2, 0x0b,
    0x87, 0xff, 0xff, 0x26, 0xb8, 0xc1, 0x08, 0x08, 0x84, 0x00, 0x00, 0x55, 0xd6, 0x26, 0x08, 0x0a, 0x02, 0x08, 0x00,
    0x55, 0xd6, 0x26, 0x0c, 0x0a, 0x02, 0x0b, 0x08, 0x06, 0x4a, 0x09, 0x08, 0x12, 0x22, 0x04, 0x00, 0x87, 0xbf, 0x00,
    0x00, 0x64, 0xd6, 0x00, 0x01, 0x25, 0x00, 0x0a, 0x0c, 0x0a, 0x22, 0x0a, 0x00, 0x64, 0xd6, 0x08, 0x01, 0x29, 0x00,
    0x08, 0x08, 0x10, 0x4a, 0x03, 0x00, 0x64, 0xd6, 0x03, 0x01, 0x25, 0x00, 0x27, 0x08, 0x20, 0x4a, 0x27, 0x0c, 0x1e,
    0x4a, 0x94, 0x01, 0x87, 0xbf, 0x0e, 0x00, 0x64, 0xd6, 0x08, 0x01, 0x25, 0x00, 0x12, 0x00, 0x64, 0xd6, 0x10, 0x01,
    0x25, 0x00, 0x33, 0x01, 0x87, 0xbf, 0x13, 0x00, 0x64, 0xd6, 0x0f, 0x01, 0x29, 0x00, 0x0b, 0x0c, 0x0e, 0x4a, 0x08,
    0x0c, 0x16, 0x4a, 0x07, 0x00, 0x64, 0xd6, 0x07, 0x01, 0x29, 0x00, 0x02, 0x00, 0x87, 0xbf, 0x11, 0x00, 0x64, 0xd6,
    0x0b, 0x01, 0x29, 0x00, 0x02, 0x00, 0x85, 0xbf, 0x85, 0x01, 0x00, 0xf0, 0x09, 0x07, 0x07, 0x00, 0x07, 0x00, 0x00,
    0x00, 0x85, 0x01, 0x00, 0xf0, 0x09, 0x0a, 0x07, 0x00, 0x0a, 0x00, 0x00, 0x00, 0x85, 0x01, 0x00, 0xf0, 0x04, 0x0d,
    0x07, 0x00, 0x0b, 0x00, 0x00, 0x00, 0x02, 0x00, 0x85, 0xbf, 0x85, 0x01, 0x00, 0xf0, 0x00, 0x00, 0x05, 0x00, 0x05,
    0x00, 0x00, 0x00, 0x85, 0x01, 0x00, 0xf0, 0x03, 0x03, 0x05, 0x00, 0x05, 0x00, 0x00, 0x00, 0x85, 0x01, 0x00, 0xf0,
    0x08, 0x0c, 0x05, 0x00, 0x06, 0x00, 0x00, 0x00, 0x03, 0x00, 0x85, 0xbf, 0x85, 0x01, 0x00, 0xf0, 0x0e, 0x0e, 0x03,
    0x00, 0x05, 0x00, 0x00, 0x00, 0x85, 0x01, 0x00, 0xf0, 0x12, 0x05, 0x03, 0x00, 0x05, 0x00, 0x00, 0x00, 0x85, 0x01,
    0x00, 0xf0, 0x09, 0x12, 0x03, 0x00, 0x13, 0x00, 0x00, 0x00, 0x85, 0x01, 0x00, 0xf0, 0x09, 0x09, 0x03, 0x00, 0x11,
    0x00, 0x00, 0x00, 0x85, 0x01, 0x00, 0xf0, 0x10, 0x11, 0x05, 0x00, 0x06, 0x00, 0x00, 0x00, 0x85, 0x01, 0x00, 0xf0,
    0x04, 0x13, 0x07, 0x00, 0x0f, 0x00, 0x00, 0x00, 0x80, 0x10, 0x28, 0x4c, 0x09, 0x10, 0x10, 0x26, 0x80, 0x16, 0x2a,
    0x4c, 0x0a, 0x16, 0x16, 0x26, 0x13, 0x01, 0x87, 0xbf, 0x80, 0x10, 0x10, 0x4c, 0x80, 0x16, 0x16, 0x4c, 0xa2, 0x01,
    0x87, 0xbf, 0x0c, 0x00, 0x45, 0xd4, 0x14, 0x11, 0x02, 0x00, 0x0a, 0x1e, 0x10, 0x26, 0x0e, 0x00, 0x45, 0xd4, 0x15,
    0x17, 0x02, 0x00, 0x09, 0x20, 0x16, 0x26, 0xa3, 0x01, 0x87, 0xbf, 0x0a, 0x00, 0x45, 0xd4, 0x0f, 0x11, 0x02, 0x00,
    0x90, 0x02, 0x10, 0x32, 0x08, 0x00, 0x45, 0xd4, 0x10, 0x17, 0x02, 0x00, 0xf7, 0x2f, 0x89, 0xbf, 0x12, 0x00, 0x41,
    0xd4, 0x07, 0x01, 0x01, 0x00, 0xf7, 0x23, 0x89, 0xbf, 0x10, 0x00, 0x41, 0xd4, 0x00, 0x01, 0x01, 0x00, 0xff, 0x14,
    0x00, 0x36, 0x00, 0x80, 0x00, 0x00, 0xf7, 0x1f, 0x89, 0xbf, 0xff, 0x06, 0x06, 0x36, 0x00, 0x80, 0x00, 0x00, 0xff,
    0x10, 0x14, 0x38, 0x00, 0x80, 0x00, 0x00, 0x33, 0x02, 0x87, 0xbf, 0x16, 0x00, 0x45, 0xd4, 0x00, 0x01, 0x01, 0x00,
    0xf7, 0x17, 0x89, 0xbf, 0x81, 0x1c, 0x00, 0x36, 0x14, 0x00, 0x45, 0xd4, 0x03, 0x01, 0x01, 0x00, 0xf7, 0x13, 0x89,
    0xbf, 0x81, 0x0a, 0x06, 0x36, 0xf7, 0x0f, 0x89, 0xbf, 0x82, 0x24, 0x0a, 0x36, 0xb4, 0x01, 0x87, 0xbf, 0x18, 0x00,
    0x42, 0xd4, 0x00, 0x01, 0x01, 0x00, 0xf7, 0x0b, 0x89, 0xbf, 0x82, 0x12, 0x00, 0x36, 0x1c, 0x00, 0x42, 0xd4, 0x05,
    0x01, 0x01, 0x00, 0x05, 0x00, 0x10, 0xd6, 0x0c, 0x21, 0x3d, 0x02, 0xa3, 0x01, 0x87, 0xbf, 0x1e, 0x00, 0x42, 0xd4,
    0x00, 0x01, 0x01, 0x00, 0x1a, 0x00, 0x42, 0xd4, 0x03, 0x01, 0x01, 0x00, 0x27, 0x0a, 0x16, 0x4a, 0xf7, 0x03, 0x89,
    0xbf, 0x00, 0x00, 0x10, 0xd6, 0x13, 0x21, 0x3d, 0x02, 0x05, 0x00, 0x01, 0xd5, 0x08, 0x15, 0xa2, 0x00, 0x90, 0x04,
    0x12, 0x32, 0xa4, 0x01, 0x87, 0xbf, 0x0a, 0x00, 0x01, 0xd5, 0x08, 0x17, 0xa2, 0x00, 0xff, 0x22, 0x0e, 0x36, 0xff,
    0x7f, 0x00, 0x00, 0xff, 0x12, 0x16, 0x38, 0x00, 0x80, 0x00, 0x00, 0xff, 0x1a, 0x06, 0x36, 0xff, 0x7f, 0x00, 0x00,
    0x10, 0x18, 0x90, 0x8c, 0x09, 0x00, 0x87, 0xbf, 0x10, 0x0c, 0xea, 0x8c, 0x84, 0x04, 0x87, 0xbf, 0x0a, 0x0b, 0x18,
    0x02, 0x16, 0x1e, 0x8c, 0x8c, 0xa9, 0x04, 0x87, 0xbf, 0x0c, 0x0e, 0x8c, 0x8c, 0x12, 0x1c, 0x8e, 0x8c, 0x0e, 0x0a,
    0x8a, 0x8c, 0x14, 0x1a, 0x8e, 0x8c, 0xd9, 0x01, 0x87, 0xbf, 0x0e, 0x08, 0x88, 0x8c, 0x27, 0x00, 0x14, 0x4a, 0x01,
    0xd7, 0x00, 0x7e, 0x27, 0x0e, 0x0e, 0x4a, 0x08, 0x00, 0x01, 0xd5, 0x09, 0x17, 0xaa, 0x00, 0xff, 0x00, 0x16, 0x38,
    0x00, 0x80, 0x00, 0x00, 0x0a, 0x00, 0x01, 0xd5, 0x09, 0x15, 0xaa, 0x00, 0x02, 0xd7, 0x02, 0x7e, 0x23, 0x02, 0x87,
    0xbf, 0x02, 0x00, 0x01, 0xd5, 0x00, 0x17, 0x12, 0x00, 0x00, 0x00, 0x01, 0xd5, 0x00, 0x0f, 0x12, 0x00, 0x05, 0x00,
    0x01, 0xd5, 0x0a, 0x11, 0x2a, 0x00, 0x94, 0x01, 0x87, 0xbf, 0xff, 0x02, 0x14, 0x38, 0x00, 0x80, 0x00, 0x00, 0x00,
    0x00, 0x01, 0xd5, 0x00, 0x05, 0x22, 0x00, 0x27, 0x06, 0x04, 0x4a, 0x13, 0x01, 0x87, 0xbf, 0x08, 0x00, 0x01, 0xd5,
    0x01, 0x15, 0x1a, 0x00, 0x02, 0x00, 0x01, 0xd5, 0x01, 0x05, 0x1a, 0x00, 0x01, 0x00, 0x87, 0xbf, 0x03, 0x00, 0x01,
    0xd5, 0x02, 0x11, 0x32, 0x00, 0x24, 0x01, 0xfe, 0xbe, 0x00, 0x01, 0x0c, 0xf4, 0x00, 0x00, 0x00, 0xf8, 0x00, 0x03,
    0x0c, 0xf4, 0x20, 0x00, 0x00, 0xf8, 0x00, 0x00, 0x44, 0xd6, 0x0c, 0x01, 0xfe, 0x03, 0x00, 0x01, 0x04, 0x05, 0x07,
    0x00, 0x44, 0xd6, 0x05, 0x07, 0xfe, 0x03, 0x00, 0x01, 0x04, 0x05, 0x32, 0x02, 0x87, 0xbf, 0x00, 0x03, 0x02, 0x7e,
    0x00, 0x03, 0x04, 0x7e, 0x00, 0x03, 0x06, 0x7e, 0x07, 0x03, 0x10, 0x7e, 0x07, 0x03, 0x12, 0x7e, 0x07, 0x03, 0x14,
    0x7e, 0x07, 0xfc, 0x89, 0xbf, 0x85, 0x4f, 0x18, 0xf0, 0x04, 0x00, 0x01, 0x00, 0x06, 0x00, 0x00, 0x00, 0x85, 0x4f,
    0x18, 0xf0, 0x04, 0x07, 0x03, 0x00, 0x06, 0x00, 0x00, 0x00, 0x00, 0x00, 0x80, 0xbf, 0x03, 0x00, 0xb6, 0xbf, 0x00,
    0x00, 0xb0, 0xbf, 0x00, 0x00, 0x9f, 0xbf, 0x00, 0x00, 0x9f, 0xbf, 0x00, 0x00, 0x9f, 0xbf, 0x00, 0x00, 0x9f, 0xbf,
    0x00, 0x00, 0x9f, 0xbf, 0x00, 0x00, 0x9f, 0xbf, 0x00, 0x00, 0x9f, 0xbf, 0x00, 0x00, 0x9f, 0xbf, 0x00, 0x00, 0x9f,
    0xbf, 0x00, 0x00, 0x9f, 0xbf, 0x00, 0x00, 0x9f, 0xbf, 0x00, 0x00, 0x9f, 0xbf, 0x00, 0x00, 0x9f, 0xbf, 0x00, 0x00,
    0x9f, 0xbf, 0x00, 0x00, 0x9f, 0xbf, 0x00, 0x00, 0x9f, 0xbf, 0x00, 0x00, 0x9f, 0xbf, 0x00, 0x00, 0x9f, 0xbf, 0x00,
    0x00, 0x9f, 0xbf, 0x00, 0x00, 0x9f, 0xbf, 0x00, 0x00, 0x9f, 0xbf, 0x00, 0x00, 0x9f, 0xbf, 0x00, 0x00, 0x9f, 0xbf,
    0x00, 0x00, 0x9f, 0xbf, 0x00, 0x00, 0x9f, 0xbf, 0x00, 0x00, 0x9f, 0xbf, 0x00, 0x00, 0x9f, 0xbf, 0x00, 0x00, 0x9f,
    0xbf, 0x00, 0x00, 0x9f, 0xbf, 0x00, 0x00, 0x9f, 0xbf, 0x00, 0x00, 0x9f, 0xbf, 0x00, 0x00, 0x9f, 0xbf, 0x00, 0x00,
    0x9f, 0xbf, 0x00, 0x00, 0x9f, 0xbf, 0x00, 0x00, 0x9f, 0xbf, 0x00, 0x00, 0x9f, 0xbf, 0x00, 0x00, 0x9f, 0xbf, 0x00,
    0x00, 0x9f, 0xbf, 0x00, 0x00, 0x9f, 0xbf, 0x00, 0x00, 0x9f, 0xbf, 0x00, 0x00, 0x9f, 0xbf, 0x00, 0x00, 0x9f, 0xbf,
    0x00, 0x00, 0x9f, 0xbf, 0x00, 0x00, 0x9f, 0xbf, 0x00, 0x00, 0x9f, 0xbf, 0x00, 0x00, 0x9f, 0xbf, 0x00, 0x00, 0x9f,
    0xbf, 0x00, 0x00, 0x9f, 0xbf, 0x00, 0x00, 0x9f, 0xbf, 0x00, 0x00, 0x9f, 0xbf, 0x00, 0x00, 0x9f, 0xbf, 0x00, 0x00,
    0x9f, 0xbf, 0x00, 0x00, 0x9f, 0xbf, 0x00, 0x00, 0x9f, 0xbf, 0x00, 0x00, 0x9f, 0xbf, 0x00, 0x00, 0x9f, 0xbf, 0x00,
    0x00, 0x9f, 0xbf, 0x00, 0x00, 0x9f, 0xbf, 0x00, 0x00, 0x9f, 0xbf, 0x00, 0x00, 0x9f, 0xbf, 0x00, 0x00, 0x9f, 0xbf,
    0x00, 0x00, 0x9f, 0xbf, 0x00, 0x00, 0x9f, 0xbf, 0x00, 0x00, 0x9f, 0xbf, 0x00, 0x00, 0x00, 0x00, 0x00, 0x00, 0x10,
    0x00, 0x00, 0x00, 0x00, 0x00, 0xac, 0xdf, 0x03, 0x10, 0x47, 0x65, 0x6e, 0x65, 0x72, 0x61, 0x74, 0x65, 0x64, 0x20,
    0x62, 0x79, 0x20, 0x74, 0x68, 0x65, 0x20, 0x41, 0x64, 0x76, 0x61, 0x6e, 0x63, 0x65, 0x64, 0x20, 0x4d, 0x69, 0x63,
    0x72, 0x6f, 0x20, 0x44, 0x65, 0x76, 0x69, 0x63, 0x65, 0x73, 0x2c, 0x20, 0x49, 0x6e, 0x63, 0x2e, 0x2c, 0x20, 0x50,
    0x72, 0x6f, 0x70, 0x72, 0x69, 0x65, 0x74, 0x61, 0x72, 0x79, 0x20, 0x47, 0x50, 0x55, 0x20, 0x53, 0x68, 0x61, 0x64,
    0x65, 0x72, 0x20, 0x43, 0x6f, 0x6d, 0x70, 0x69, 0x6c, 0x65, 0x72, 0x2e, 0x00, 0x00, 0x5f, 0x61, 0x6d, 0x64, 0x67,
    0x70, 0x75, 0x5f, 0x63, 0x73, 0x5f, 0x6d, 0x61, 0x69, 0x6e, 0x00, 0x5f, 0x61, 0x6d, 0x64, 0x67, 0x70, 0x75, 0x5f,
    0x63, 0x73, 0x5f, 0x73, 0x68, 0x64, 0x72, 0x5f, 0x69, 0x6e, 0x74, 0x72, 0x6c, 0x5f, 0x74, 0x62, 0x6c, 0x00, 0x00,
    0x00, 0x00, 0x00, 0x00, 0x00, 0x00, 0x00, 0x00, 0x00, 0x00, 0x00, 0x00, 0x00, 0x00, 0x00, 0x00, 0x00, 0x00, 0x00,
    0x00, 0x00, 0x00, 0x00, 0x01, 0x00, 0x00, 0x00, 0x12, 0x00, 0x02, 0x00, 0x00, 0x00, 0x00, 0x00, 0x00, 0x00, 0x00,
    0x00, 0xac, 0x05, 0x00, 0x00, 0x00, 0x00, 0x00, 0x00, 0x11, 0x00, 0x00, 0x00, 0x11, 0x00, 0x03, 0x00, 0x00, 0x00,
    0x00, 0x00, 0x00, 0x00, 0x00, 0x00, 0x10, 0x00, 0x00, 0x00, 0x00, 0x00, 0x00, 0x00, 0x07, 0x00, 0x00, 0x00, 0x17,
    0x04, 0x00, 0x00, 0x20, 0x00, 0x00, 0x00, 0x41, 0x4d, 0x44, 0x47, 0x50, 0x55, 0x00, 0x00, 0x82, 0xae, 0x61, 0x6d,
    0x64, 0x70, 0x61, 0x6c, 0x2e, 0x76, 0x65, 0x72, 0x73, 0x69, 0x6f, 0x6e, 0x92, 0x03, 0x06, 0xb0, 0x61, 0x6d, 0x64,
    0x70, 0x61, 0x6c, 0x2e, 0x70, 0x69, 0x70, 0x65, 0x6c, 0x69, 0x6e, 0x65, 0x73, 0x91, 0x8b, 0xa5, 0x2e, 0x74, 0x79,
    0x70, 0x65, 0xa2, 0x43, 0x73, 0xae, 0x2e, 0x72, 0x65, 0x73, 0x6f, 0x75, 0x72, 0x63, 0x65, 0x5f, 0x68, 0x61, 0x73,
    0x68, 0xcf, 0x9e, 0xbd, 0xe0, 0x73, 0x00, 0x98, 0xf3, 0x1e, 0xb0, 0x2e, 0x73, 0x70, 0x69, 0x6c, 0x6c, 0x5f, 0x74,
    0x68, 0x72, 0x65, 0x73, 0x68, 0x6f, 0x6c, 0x64, 0xcd, 0xff, 0xff, 0xb0, 0x2e, 0x75, 0x73, 0x65, 0x72, 0x5f, 0x64,
    0x61, 0x74, 0x61, 0x5f, 0x6c, 0x69, 0x6d, 0x69, 0x74, 0x01, 0xa8, 0x2e, 0x73, 0x68, 0x61, 0x64, 0x65, 0x72, 0x73,
    0x81, 0xa8, 0x2e, 0x63, 0x6f, 0x6d, 0x70, 0x75, 0x74, 0x65, 0x83, 0xb0, 0x2e, 0x61, 0x70, 0x69, 0x5f, 0x73, 0x68,
    0x61, 0x64, 0x65, 0x72, 0x5f, 0x68, 0x61, 0x73, 0x68, 0x92, 0xcf, 0xf6, 0xce, 0xcd, 0x8e, 0xdc, 0x35, 0x82, 0xda,
    0xcf, 0x58, 0xef, 0x69, 0x13, 0xf5, 0xcc, 0x01, 0xd9, 0xb1, 0x2e, 0x68, 0x61, 0x72, 0x64, 0x77, 0x61, 0x72, 0x65,
    0x5f, 0x6d, 0x61, 0x70, 0x70, 0x69, 0x6e, 0x67, 0x91, 0xa3, 0x2e, 0x63, 0x73, 0xaf, 0x2e, 0x73, 0x68, 0x61, 0x64,
    0x65, 0x72, 0x5f, 0x73, 0x75, 0x62, 0x74, 0x79, 0x70, 0x65, 0xa7, 0x55, 0x6e, 0x6b, 0x6e, 0x6f, 0x77, 0x6e, 0xb0,
    0x2e, 0x68, 0x61, 0x72, 0x64, 0x77, 0x61, 0x72, 0x65, 0x5f, 0x73, 0x74, 0x61, 0x67, 0x65, 0x73, 0x81, 0xa3, 0x2e,
    0x63, 0x73, 0xde, 0x00, 0x1b, 0xb3, 0x2e, 0x65, 0x6e, 0x74, 0x72, 0x79, 0x5f, 0x70, 0x6f, 0x69, 0x6e, 0x74, 0x5f,
    0x73, 0x79, 0x6d, 0x62, 0x6f, 0x6c, 0xaf, 0x5f, 0x61, 0x6d, 0x64, 0x67, 0x70, 0x75, 0x5f, 0x63, 0x73, 0x5f, 0x6d,
    0x61, 0x69, 0x6e, 0xab, 0x2e, 0x73, 0x67, 0x70, 0x72, 0x5f, 0x63, 0x6f, 0x75, 0x6e, 0x74, 0x2e, 0xab, 0x2e, 0x76,
    0x67, 0x70, 0x72, 0x5f, 0x63, 0x6f, 0x75, 0x6e, 0x74, 0x16, 0xa9, 0x2e, 0x6c, 0x64, 0x73, 0x5f, 0x73, 0x69, 0x7a,
    0x65, 0x00, 0xb4, 0x2e, 0x73, 0x63, 0x72, 0x61, 0x74, 0x63, 0x68, 0x5f, 0x6d, 0x65, 0x6d, 0x6f, 0x72, 0x79, 0x5f,
    0x73, 0x69, 0x7a, 0x65, 0x00, 0xb4, 0x2e, 0x66, 0x72, 0x6f, 0x6e, 0x74, 0x65, 0x6e, 0x64, 0x5f, 0x73, 0x74, 0x61,
    0x63, 0x6b, 0x5f, 0x73, 0x69, 0x7a, 0x65, 0x00, 0xb3, 0x2e, 0x62, 0x61, 0x63, 0x6b, 0x65, 0x6e, 0x64, 0x5f, 0x73,
    0x74, 0x61, 0x63, 0x6b, 0x5f, 0x73, 0x69, 0x7a, 0x65, 0x00, 0xb6, 0x2e, 0x70, 0x65, 0x72, 0x66, 0x5f, 0x64, 0x61,
    0x74, 0x61, 0x5f, 0x62, 0x75, 0x66, 0x66, 0x65, 0x72, 0x5f, 0x73, 0x69, 0x7a, 0x65, 0x00, 0xaa, 0x2e, 0x75, 0x73,
    0x65, 0x73, 0x5f, 0x75, 0x61, 0x76, 0x73, 0xc3, 0xac, 0x2e, 0x77, 0x72, 0x69, 0x74, 0x65, 0x73, 0x5f, 0x75, 0x61,
    0x76, 0x73, 0xc3, 0xb4, 0x2e, 0x75, 0x73, 0x65, 0x73, 0x5f, 0x61, 0x70, 0x70, 0x65, 0x6e, 0x64, 0x5f, 0x63, 0x6f,
    0x6e, 0x73, 0x75, 0x6d, 0x65, 0xc2, 0xaf, 0x2e, 0x77, 0x61, 0x76, 0x65, 0x66, 0x72, 0x6f, 0x6e, 0x74, 0x5f, 0x73,
    0x69, 0x7a, 0x65, 0x40, 0xb2, 0x2e, 0x75, 0x73, 0x65, 0x72, 0x5f, 0x64, 0x61, 0x74, 0x61, 0x5f, 0x72, 0x65, 0x67,
    0x5f, 0x6d, 0x61, 0x70, 0xdc, 0x00, 0x20, 0xce, 0xff, 0xff, 0xff, 0xff, 0xce, 0xff, 0xff, 0xff, 0xff, 0x00, 0xce,
    0xff, 0xff, 0xff, 0xff, 0xce, 0xff, 0xff, 0xff, 0xff, 0xce, 0xff, 0xff, 0xff, 0xff, 0xce, 0xff, 0xff, 0xff, 0xff,
    0xce, 0xff, 0xff, 0xff, 0xff, 0xce, 0xff, 0xff, 0xff, 0xff, 0xce, 0xff, 0xff, 0xff, 0xff, 0xce, 0xff, 0xff, 0xff,
    0xff, 0xce, 0xff, 0xff, 0xff, 0xff, 0xce, 0xff, 0xff, 0xff, 0xff, 0xce, 0xff, 0xff, 0xff, 0xff, 0xce, 0xff, 0xff,
    0xff, 0xff, 0xce, 0xff, 0xff, 0xff, 0xff, 0xce, 0xff, 0xff, 0xff, 0xff, 0xce, 0xff, 0xff, 0xff, 0xff, 0xce, 0xff,
    0xff, 0xff, 0xff, 0xce, 0xff, 0xff, 0xff, 0xff, 0xce, 0xff, 0xff, 0xff, 0xff, 0xce, 0xff, 0xff, 0xff, 0xff, 0xce,
    0xff, 0xff, 0xff, 0xff, 0xce, 0xff, 0xff, 0xff, 0xff, 0xce, 0xff, 0xff, 0xff, 0xff, 0xce, 0xff, 0xff, 0xff, 0xff,
    0xce, 0xff, 0xff, 0xff, 0xff, 0xce, 0xff, 0xff, 0xff, 0xff, 0xce, 0xff, 0xff, 0xff, 0xff, 0xce, 0xff, 0xff, 0xff,
    0xff, 0xce, 0xff, 0xff, 0xff, 0xff, 0xce, 0xff, 0xff, 0xff, 0xff, 0xb7, 0x2e, 0x74, 0x68, 0x72, 0x65, 0x61, 0x64,
    0x67, 0x72, 0x6f, 0x75, 0x70, 0x5f, 0x64, 0x69, 0x6d, 0x65, 0x6e, 0x73, 0x69, 0x6f, 0x6e, 0x73, 0x93, 0x08, 0x08,
    0x01, 0xab, 0x2e, 0x66, 0x6c, 0x6f, 0x61, 0x74, 0x5f, 0x6d, 0x6f, 0x64, 0x65, 0xcc, 0xc0, 0xae, 0x2e, 0x66, 0x70,
    0x31, 0x36, 0x5f, 0x6f, 0x76, 0x65, 0x72, 0x66, 0x6c, 0x6f, 0x77, 0xc2, 0xaa, 0x2e, 0x69, 0x65, 0x65, 0x65, 0x5f,
    0x6d, 0x6f, 0x64, 0x65, 0xc2, 0xa9, 0x2e, 0x77, 0x67, 0x70, 0x5f, 0x6d, 0x6f, 0x64, 0x65, 0xc2, 0xac, 0x2e, 0x6d,
    0x65, 0x6d, 0x5f, 0x6f, 0x72, 0x64, 0x65, 0x72, 0x65, 0x64, 0xc2, 0xb1, 0x2e, 0x66, 0x6f, 0x72, 0x77, 0x61, 0x72,
    0x64, 0x5f, 0x70, 0x72, 0x6f, 0x67, 0x72, 0x65, 0x73, 0x73, 0xc2, 0xab, 0x2e, 0x75, 0x73, 0x65, 0x72, 0x5f, 0x73,
    0x67, 0x70, 0x72, 0x73, 0x03, 0xa8, 0x2e, 0x65, 0x78, 0x63, 0x70, 0x5f, 0x65, 0x6e, 0x00, 0xab, 0x2e, 0x73, 0x63,
    0x72, 0x61, 0x74, 0x63, 0x68, 0x5f, 0x65, 0x6e, 0xc2, 0xad, 0x2e, 0x74, 0x72, 0x61, 0x70, 0x5f, 0x70, 0x72, 0x65,
    0x73, 0x65, 0x6e, 0x74, 0xc2, 0xb0, 0x2e, 0x73, 0x68, 0x61, 0x72, 0x65, 0x64, 0x5f, 0x76, 0x67, 0x70, 0x72, 0x5f,
    0x63, 0x6e, 0x74, 0x00, 0xad, 0x2e, 0x77, 0x61, 0x76, 0x65, 0x73, 0x5f, 0x70, 0x65, 0x72, 0x5f, 0x73, 0x65, 0x00,
    0xaf, 0x2e, 0x63, 0x68, 0x65, 0x63, 0x6b, 0x73, 0x75, 0x6d, 0x5f, 0x76, 0x61, 0x6c, 0x75, 0x65, 0xce, 0x87, 0xd8,
    0x27, 0x9e, 0xaa, 0x2e, 0x72, 0x65, 0x67, 0x69, 0x73, 0x74, 0x65, 0x72, 0x73, 0x81, 0xcd, 0x2e, 0x42, 0x00, 0xa5,
    0x2e, 0x6e, 0x61, 0x6d, 0x65, 0xb5, 0x4d, 0x6c, 0x61, 0x61, 0x43, 0x61, 0x6c, 0x63, 0x53, 0x65, 0x70, 0x45, 0x64,
    0x67, 0x65, 0x4c, 0x65, 0x6e, 0x67, 0x74, 0x68, 0xb7, 0x2e, 0x69, 0x6e, 0x74, 0x65, 0x72, 0x6e, 0x61, 0x6c, 0x5f,
    0x70, 0x69, 0x70, 0x65, 0x6c, 0x69, 0x6e, 0x65, 0x5f, 0x68, 0x61, 0x73, 0x68, 0x92, 0xcf, 0xbf, 0xd3, 0x85, 0x98,
    0x87, 0xd1, 0x19, 0x25, 0xcf, 0xd1, 0xbb, 0xd0, 0xa0, 0x37, 0x48, 0x62, 0x5e, 0xb2, 0x2e, 0x63, 0x6f, 0x6d, 0x70,
    0x75, 0x74, 0x65, 0x5f, 0x72, 0x65, 0x67, 0x69, 0x73, 0x74, 0x65, 0x72, 0x73, 0x85, 0xaf, 0x2e, 0x74, 0x69, 0x64,
    0x69, 0x67, 0x5f, 0x63, 0x6f, 0x6d, 0x70, 0x5f, 0x63, 0x6e, 0x74, 0x01, 0xaa, 0x2e, 0x74, 0x67, 0x69, 0x64, 0x5f,
    0x78, 0x5f, 0x65, 0x6e, 0xc3, 0xaa, 0x2e, 0x74, 0x67, 0x69, 0x64, 0x5f, 0x79, 0x5f, 0x65, 0x6e, 0xc3, 0xaa, 0x2e,
    0x74, 0x67, 0x69, 0x64, 0x5f, 0x7a, 0x5f, 0x65, 0x6e, 0xc2, 0xab, 0x2e, 0x74, 0x67, 0x5f, 0x73, 0x69, 0x7a, 0x65,
    0x5f, 0x65, 0x6e, 0xc2, 0xa4, 0x2e, 0x61, 0x70, 0x69, 0xa7, 0x73, 0x63, 0x70, 0x63, 0x42, 0x6c, 0x64, 0x00, 0x00,
    0x00, 0x00, 0x00, 0x00, 0x00, 0x00, 0x00, 0x00, 0x00, 0x00, 0x00, 0x00, 0x00, 0x00, 0x00, 0x00, 0x00, 0x00, 0x00,
    0x00, 0x00, 0x00, 0x00, 0x00, 0x00, 0x00, 0x00, 0x00, 0x00, 0x00, 0x00, 0x00, 0x00, 0x00, 0x00, 0x00, 0x00, 0x00,
    0x00, 0x00, 0x00, 0x00, 0x00, 0x00, 0x00, 0x00, 0x00, 0x00, 0x00, 0x00, 0x00, 0x00, 0x00, 0x00, 0x00, 0x00, 0x00,
    0x00, 0x00, 0x00, 0x00, 0x00, 0x00, 0x00, 0x00, 0x00, 0x01, 0x00, 0x00, 0x00, 0x03, 0x00, 0x00, 0x00, 0x00, 0x00,
    0x00, 0x00, 0x00, 0x00, 0x00, 0x00, 0x00, 0x00, 0x00, 0x00, 0x00, 0x00, 0x00, 0x00, 0x40, 0x00, 0x00, 0x00, 0x00,
    0x00, 0x00, 0x00, 0x36, 0x00, 0x00, 0x00, 0x00, 0x00, 0x00, 0x00, 0x00, 0x00, 0x00, 0x00, 0x00, 0x00, 0x00, 0x00,
    0x00, 0x00, 0x00, 0x00, 0x00, 0x00, 0x00, 0x00, 0x00, 0x00, 0x00, 0x00, 0x00, 0x00, 0x00, 0x00, 0x0b, 0x00, 0x00,
    0x00, 0x01, 0x00, 0x00, 0x00, 0x06, 0x00, 0x00, 0x00, 0x00, 0x00, 0x00, 0x00, 0x00, 0x00, 0x00, 0x00, 0x00, 0x00,
    0x00, 0x00, 0x76, 0x00, 0x00, 0x00, 0x00, 0x00, 0x00, 0x00, 0xac, 0x05, 0x00, 0x00, 0x00, 0x00, 0x00, 0x00, 0x00,
    0x00, 0x00, 0x00, 0x00, 0x00, 0x00, 0x00, 0x00, 0x01, 0x00, 0x00, 0x00, 0x00, 0x00, 0x00, 0x00, 0x00, 0x00, 0x00,
    0x00, 0x00, 0x00, 0x00, 0x11, 0x00, 0x00, 0x00, 0x01, 0x00, 0x00, 0x00, 0x03, 0x00, 0x00, 0x00, 0x00, 0x00, 0x00,
    0x00, 0x00, 0x00, 0x00, 0x00, 0x00, 0x00, 0x00, 0x00, 0x22, 0x06, 0x00, 0x00, 0x00, 0x00, 0x00, 0x00, 0x10, 0x00,
    0x00, 0x00, 0x00, 0x00, 0x00, 0x00, 0x00, 0x00, 0x00, 0x00, 0x00, 0x00, 0x00, 0x00, 0x20, 0x00, 0x00, 0x00, 0x00,
    0x00, 0x00, 0x00, 0x00, 0x00, 0x00, 0x00, 0x00, 0x00, 0x00, 0x00, 0x17, 0x00, 0x00, 0x00, 0x01, 0x00, 0x00, 0x00,
    0x00, 0x00, 0x00, 0x00, 0x00, 0x00, 0x00, 0x00, 0x00, 0x00, 0x00, 0x00, 0x00, 0x00, 0x00, 0x00, 0x32, 0x06, 0x00,
    0x00, 0x00, 0x00, 0x00, 0x00, 0x50, 0x00, 0x00, 0x00, 0x00, 0x00, 0x00, 0x00, 0x00, 0x00, 0x00, 0x00, 0x00, 0x00,
    0x00, 0x00, 0x00, 0x00, 0x00, 0x00, 0x00, 0x00, 0x00, 0x00, 0x00, 0x00, 0x00, 0x00, 0x00, 0x00, 0x00, 0x00, 0x20,
    0x00, 0x00, 0x00, 0x03, 0x00, 0x00, 0x00, 0x00, 0x00, 0x00, 0x00, 0x00, 0x00, 0x00, 0x00, 0x00, 0x00, 0x00, 0x00,
    0x00, 0x00, 0x00, 0x00, 0x82, 0x06, 0x00, 0x00, 0x00, 0x00, 0x00, 0x00, 0x2b, 0x00, 0x00, 0x00, 0x00, 0x00, 0x00,
    0x00, 0x00, 0x00, 0x00, 0x00, 0x00, 0x00, 0x00, 0x00, 0x00, 0x00, 0x00, 0x00, 0x00, 0x00, 0x00, 0x00, 0x00, 0x00,
    0x00, 0x00, 0x00, 0x00, 0x00, 0x00, 0x28, 0x00, 0x00, 0x00, 0x02, 0x00, 0x00, 0x00, 0x00, 0x00, 0x00, 0x00, 0x00,
    0x00, 0x00, 0x00, 0x00, 0x00, 0x00, 0x00, 0x00, 0x00, 0x00, 0x00, 0xad, 0x06, 0x00, 0x00, 0x00, 0x00, 0x00, 0x00,
    0x48, 0x00, 0x00, 0x00, 0x00, 0x00, 0x00, 0x00, 0x05, 0x00, 0x00, 0x00, 0x00, 0x00, 0x00, 0x00, 0x00, 0x00, 0x00,
    0x00, 0x00, 0x00, 0x00, 0x00, 0x18, 0x00, 0x00, 0x00, 0x00, 0x00, 0x00, 0x00, 0x30, 0x00, 0x00, 0x00, 0x07, 0x00,
    0x00, 0x00, 0x00, 0x00, 0x00, 0x00, 0x00, 0x00, 0x00, 0x00, 0x00, 0x00, 0x00, 0x00, 0x00, 0x00, 0x00, 0x00, 0xf5,
    0x06, 0x00, 0x00, 0x00, 0x00, 0x00, 0x00, 0x2c, 0x04, 0x00, 0x00, 0x00, 0x00, 0x00, 0x00, 0x00, 0x00, 0x00, 0x00,
    0x00, 0x00, 0x00, 0x00, 0x00, 0x00, 0x00, 0x00, 0x00, 0x00, 0x00, 0x00, 0x00, 0x00, 0x00, 0x00, 0x00, 0x00, 0x00,
    0x00,
};

// Mlaa Calc Sep Edge Length Fast compute shader binary
inline constexpr Util::uint8 MlaaCalcSepEdgeLengthFast_Cs_A52D0E1A[] =
{
    0x7f, 0x45, 0x4c, 0x46, 0x02, 0x01, 0x01, 0x41, 0x00, 0x00, 0x00, 0x00, 0x00, 0x00, 0x00, 0x00, 0x01, 0x00, 0xe0,
    0x00, 0x01, 0x00, 0x00, 0x00, 0x00, 0x00, 0x00, 0x00, 0x00, 0x00, 0x00, 0x00, 0x00, 0x00, 0x00, 0x00, 0x00, 0x00,
    0x00, 0x00, 0x30, 0x0d, 0x00, 0x00, 0x00, 0x00, 0x00, 0x00, 0x47, 0x05, 0x00, 0x00, 0x40, 0x00, 0x00, 0x00, 0x00,
    0x00, 0x40, 0x00, 0x08, 0x00, 0x01, 0x00, 0x00, 0x2e, 0x73, 0x68, 0x73, 0x74, 0x72, 0x74, 0x61, 0x62, 0x00, 0x2e,
    0x74, 0x65, 0x78, 0x74, 0x00, 0x2e, 0x64, 0x61, 0x74, 0x61, 0x00, 0x2e, 0x63, 0x6f, 0x6d, 0x6d, 0x65, 0x6e, 0x74,
    0x00, 0x2e, 0x73, 0x74, 0x72, 0x74, 0x61, 0x62, 0x00, 0x2e, 0x73, 0x79, 0x6d, 0x74, 0x61, 0x62, 0x00, 0x2e, 0x6e,
    0x6f, 0x74, 0x65, 0x00, 0x06, 0x20, 0x80, 0xb0, 0x03, 0x00, 0xb5, 0xbf, 0x80, 0x47, 0x86, 0xbe, 0x03, 0x00, 0x84,
    0xbf, 0x02, 0x00, 0x80, 0xbe, 0x07, 0x00, 0x81, 0xbe, 0x80, 0x01, 0x04, 0xf4, 0x44, 0x00, 0x00, 0xf8, 0xff, 0x00,
    0x02, 0x36, 0xff, 0x03, 0x00, 0x00, 0x00, 0x00, 0x10, 0xd6, 0x00, 0x15, 0x29, 0x02, 0x12, 0x01, 0x87, 0xbf, 0x01,
    0x00, 0x46, 0xd6, 0x03, 0x06, 0x05, 0x04, 0x02, 0x00, 0x46, 0xd6, 0x04, 0x06, 0x01, 0x04, 0x07, 0xfc, 0x89, 0xbf,
    0x12, 0x01, 0x87, 0xbf, 0x02, 0x00, 0x4e, 0xd4, 0x06, 0x02, 0x02, 0x00, 0x07, 0x04, 0x9c, 0x7c, 0x02, 0x6a, 0xea,
    0x8b, 0x09, 0x00, 0x87, 0xbf, 0x6a, 0x21, 0x82, 0xbe, 0x8f, 0x01, 0xa5, 0xbf, 0x00, 0x02, 0x0c, 0xf4, 0x20, 0x00,
    0x00, 0xf8, 0x06, 0x02, 0x00, 0x22, 0x07, 0x04, 0x06, 0x22, 0x07, 0xfc, 0x89, 0xbf, 0x85, 0x01, 0x00, 0xf0, 0x00,
    0x00, 0x02, 0x00, 0x03, 0x00, 0x00, 0x00, 0xf7, 0x03, 0x89, 0xbf, 0x83, 0x00, 0x06, 0x36, 0x7e, 0x01, 0x84, 0xbe,
    0x01, 0x00, 0x87, 0xbf, 0x7e, 0x00, 0xcd, 0xd4, 0x03, 0x01, 0x01, 0x00, 0x64, 0x01, 0xa5, 0xbf, 0xc1, 0x02, 0x06,
    0x4a, 0x81, 0x02, 0x08, 0x4a, 0x81, 0x04, 0x0a, 0x4a, 0x93, 0x01, 0x87, 0xbf, 0x06, 0x06, 0x10, 0x26, 0x06, 0x08,
    0x08, 0x26, 0xc3, 0x01, 0x87, 0xbf, 0x07, 0x0a, 0x06, 0x26, 0xc1, 0x04, 0x0a, 0x4a, 0x07, 0x04, 0x0c, 0x26, 0x06,
    0x02, 0x12, 0x26, 0x07, 0x0a, 0x0e, 0x26, 0xc2, 0x02, 0x0a, 0x4a, 0x82, 0x02, 0x14, 0x4a, 0x82, 0x04, 0x16, 0x4a,
    0x93, 0x01, 0x87, 0xbf, 0x06, 0x0a, 0x0a, 0x26, 0x06, 0x14, 0x18, 0x26, 0xa3, 0x00, 0x87, 0xbf, 0x07, 0x16, 0x14,
    0x26, 0xc2, 0x04, 0x16, 0x4a, 0x07, 0x16, 0x16, 0x26, 0xc3, 0x02, 0x1a, 0x4a, 0x83, 0x02, 0x1c, 0x4a, 0x83, 0x04,
    0x1e, 0x4a, 0x93, 0x01, 0x87, 0xbf, 0x06, 0x1a, 0x1a, 0x26, 0x06, 0x1c, 0x20, 0x26, 0xa3, 0x00, 0x87, 0xbf, 0x07,
    0x1e, 0x1c, 0x26, 0xc3, 0x04, 0x1e, 0x4a, 0x07, 0x1e, 0x1e, 0x26, 0xc4, 0x02, 0x22, 0x4a, 0x84, 0x02, 0x24, 0x4a,
    0x84, 0x04, 0x26, 0x4a, 0x93, 0x01, 0x87, 0xbf, 0x06, 0x22, 0x22, 0x26, 0x06, 0x24, 0x28, 0x26, 0x03, 0x00, 0x87,
    0xbf, 0x07, 0x26, 0x24, 0x26, 0x0d, 0x00, 0x85, 0xbf, 0x85, 0x01, 0x00, 0xf0, 0x08, 0x08, 0x02, 0x00, 0x06, 0x00,
    0x00, 0x00, 0x85, 0x01, 0x00, 0xf0, 0x04, 0x04, 0x02, 0x00, 0x06, 0x00, 0x00, 0x00, 0x85, 0x01, 0x00, 0xf0, 0x09,
    0x03, 0x02, 0x00, 0x03, 0x00, 0x00, 0x00, 0x85, 0x01, 0x00, 0xf0, 0x09, 0x07, 0x02, 0x00, 0x07, 0x00, 0x00, 0x00,
    0x85, 0x01, 0x00, 0xf0, 0x05, 0x05, 0x02, 0x00, 0x06, 0x00, 0x00, 0x00, 0x85, 0x01, 0x00, 0xf0, 0x0c, 0x0c, 0x02,
    0x00, 0x06, 0x00, 0x00, 0x00, 0x85, 0x01, 0x00, 0xf0, 0x09, 0x0a, 0x02, 0x00, 0x0a, 0x00, 0x00, 0x00, 0x85, 0x01,
    0x00, 0xf0, 0x09, 0x0b, 0x02, 0x00, 0x0b, 0x00, 0x00, 0x00, 0x85, 0x01, 0x00, 0xf0, 0x0d, 0x0d, 0x02, 0x00, 0x06,
    0x00, 0x00, 0x00, 0x85, 0x01, 0x00, 0xf0, 0x10, 0x10, 0x02, 0x00, 0x06, 0x00, 0x00, 0x00, 0x85, 0x01, 0x00, 0xf0,
    0x09, 0x0e, 0x02, 0x00, 0x0e, 0x00, 0x00, 0x00, 0x85, 0x01, 0x00, 0xf0, 0x09, 0x0f, 0x02, 0x00, 0x0f, 0x00, 0x00,
    0x00, 0x85, 0x01, 0x00, 0xf0, 0x11, 0x11, 0x02, 0x00, 0x06, 0x00, 0x00, 0x00, 0x85, 0x01, 0x00, 0xf0, 0x14, 0x14,
    0x02, 0x00, 0x06, 0x00, 0x00, 0x00, 0xc4, 0x04, 0x26, 0x4a, 0xc1, 0x01, 0x87, 0xbf, 0x07, 0x26, 0x26, 0x26, 0xc5,
    0x02, 0x2a, 0x4a, 0x85, 0x02, 0x2c, 0x4a, 0x85, 0x04, 0x2e, 0x4a, 0x06, 0x2a, 0x2a, 0x26, 0x93, 0x01, 0x87, 0xbf,
    0x06, 0x2c, 0x30, 0x26, 0x07, 0x2e, 0x2c, 0x26, 0xc5, 0x04, 0x2e, 0x4a, 0xc1, 0x01, 0x87, 0xbf, 0x07, 0x2e, 0x2e,
    0x26, 0xc6, 0x02, 0x32, 0x4a, 0x86, 0x02, 0x34, 0x4a, 0x86, 0x04, 0x36, 0x4a, 0x06, 0x32, 0x32, 0x26, 0x93, 0x01,
    0x87, 0xbf, 0x06, 0x34, 0x38, 0x26, 0x07, 0x36, 0x34, 0x26, 0xc6, 0x04, 0x36, 0x4a, 0xc1, 0x01, 0x87, 0xbf, 0x07,
    0x36, 0x36, 0x26, 0xc7, 0x02, 0x3a, 0x4a, 0x87, 0x02, 0x3c, 0x4a, 0x87, 0x04, 0x3e, 0x4a, 0x06, 0x3a, 0x3a, 0x26,
    0x93, 0x01, 0x87, 0xbf, 0x06, 0x3c, 0x40, 0x26, 0x07, 0x3e, 0x3c, 0x26, 0xc7, 0x04, 0x3e, 0x4a, 0x01, 0x00, 0x87,
    0xbf, 0x07, 0x3e, 0x3e, 0x26, 0x0d, 0x00, 0x85, 0xbf, 0x85, 0x01, 0x00, 0xf0, 0x09, 0x12, 0x02, 0x00, 0x12, 0x00,
    0x00, 0x00, 0x85, 0x01, 0x00, 0xf0, 0x09, 0x13, 0x02, 0x00, 0x13, 0x00, 0x00, 0x00, 0x85, 0x01, 0x00, 0xf0, 0x15,
    0x15, 0x02, 0x00, 0x06, 0x00, 0x00, 0x00, 0x85, 0x01, 0x00, 0xf0, 0x18, 0x18, 0x02, 0x00, 0x06, 0x00, 0x00, 0x00,
    0x85, 0x01, 0x00, 0xf0, 0x09, 0x16, 0x02, 0x00, 0x16, 0x00, 0x00, 0x00, 0x85, 0x01, 0x00, 0xf0, 0x09, 0x17, 0x02,
    0x00, 0x17, 0x00, 0x00, 0x00, 0x85, 0x01, 0x00, 0xf0, 0x19, 0x19, 0x02, 0x00, 0x06, 0x00, 0x00, 0x00, 0x85, 0x01,
    0x00, 0xf0, 0x1c, 0x1c, 0x02, 0x00, 0x06, 0x00, 0x00, 0x00, 0x85, 0x01, 0x00, 0xf0, 0x09, 0x1a, 0x02, 0x00, 0x1a,
    0x00, 0x00, 0x00, 0x85, 0x01, 0x00, 0xf0, 0x09, 0x1b, 0x02, 0x00, 0x1b, 0x00, 0x00, 0x00, 0x85, 0x01, 0x00, 0xf0,
    0x1d, 0x1d, 0x02, 0x00, 0x06, 0x00, 0x00, 0x00, 0x85, 0x01, 0x00, 0xf0, 0x20, 0x06, 0x02, 0x00, 0x06, 0x00, 0x00,
    0x00, 0x85, 0x01, 0x00, 0xf0, 0x09, 0x20, 0x02, 0x00, 0x1e, 0x00, 0x00, 0x00, 0x85, 0x01, 0x00, 0xf0, 0x09, 0x09,
    0x02, 0x00, 0x1f, 0x00, 0x00, 0x00, 0x00, 0x00, 0xb5, 0xbf, 0x81, 0x00, 0x3c, 0x36, 0x82, 0x00, 0x00, 0x36, 0xa2,
    0x01, 0x87, 0xbf, 0x80, 0x3c, 0x8a, 0x7c, 0x1e, 0x00, 0x01, 0xd5, 0x80, 0x10, 0xa9, 0x01, 0x06, 0x00, 0x45, 0xd4,
    0x00, 0x01, 0x01, 0x00, 0x00, 0x00, 0x01, 0xd5, 0x80, 0x10, 0x19, 0x00, 0xf7, 0x6f, 0x89, 0xbf, 0x80, 0x10, 0x10,
    0x02, 0xf7, 0x6b, 0x89, 0xbf, 0x80, 0x08, 0x08, 0x02, 0xf7, 0x67, 0x89, 0xbf, 0x03, 0x00, 0x01, 0xd5, 0x80, 0x06,
    0x1a, 0x00, 0x93, 0x01, 0x87, 0xbf, 0x81, 0x10, 0x3e, 0x36, 0x81, 0x08, 0x44, 0x36, 0xb3, 0x00, 0x87, 0xbf, 0x82,
    0x06, 0x08, 0x36, 0xf7, 0x63, 0x89, 0xbf, 0x03, 0x00, 0x01, 0xd5, 0x80, 0x0e, 0x1a, 0x00, 0x82, 0x06, 0x10, 0x36,
    0x80, 0x3e, 0x84, 0x7c, 0x81, 0x3c, 0x42, 0x02, 0x80, 0x44, 0x84, 0x7c, 0x81, 0x3c, 0x06, 0x02, 0x80, 0x08, 0x84,
    0x7c, 0x81, 0x00, 0x0e, 0x02, 0x80, 0x10, 0x84, 0x7c, 0x81, 0x00, 0x46, 0x02, 0xf7, 0x5f, 0x89, 0xbf, 0x1f, 0x0b,
    0x3e, 0x36, 0xf7, 0x5b, 0x89, 0xbf, 0x22, 0x19, 0x44, 0x36, 0xf7, 0x57, 0x89, 0xbf, 0x04, 0x15, 0x08, 0x36, 0xf7,
    0x53, 0x89, 0xbf, 0x08, 0x17, 0x0a, 0x36, 0x81, 0x42, 0x10, 0x4a, 0x1e, 0x43, 0x14, 0x38, 0x80, 0x3e, 0x8a, 0x7c,
    0x81, 0x06, 0x16, 0x4a, 0xc3, 0x01, 0x87, 0xbf, 0x0a, 0x11, 0x10, 0x02, 0x1e, 0x07, 0x18, 0x38, 0x80, 0x44, 0x8a,
    0x7c, 0x81, 0x0e, 0x06, 0x4a, 0x0c, 0x17, 0x18, 0x02, 0x00, 0x0f, 0x42, 0x38, 0x80, 0x08, 0x8a, 0x7c, 0x81, 0x46,
    0x0e, 0x4a, 0x33, 0x01, 0x87, 0xbf, 0x21, 0x07, 0x06, 0x02, 0x00, 0x47, 0x42, 0x38, 0x80, 0x0a, 0x8a, 0x7c, 0x21,
    0x0f, 0x0e, 0x02, 0xf7, 0x4f, 0x89, 0xbf, 0x1f, 0x1b, 0x14, 0x36, 0xf7, 0x4b, 0x89, 0xbf, 0x22, 0x21, 0x16, 0x36,
    0xf7, 0x47, 0x89, 0xbf, 0x04, 0x1d, 0x08, 0x36, 0xf7, 0x43, 0x89, 0xbf, 0x05, 0x1f, 0x0a, 0x36, 0x81, 0x10, 0x1a,
    0x4a, 0x1e, 0x11, 0x1c, 0x38, 0x80, 0x14, 0x8a, 0x7c, 0x81, 0x18, 0x10, 0x4a, 0xc3, 0x01, 0x87, 0xbf, 0x0e, 0x1b,
    0x1a, 0x02, 0x1e, 0x19, 0x1c, 0x38, 0x80, 0x16, 0x8a, 0x7c, 0x81, 0x06, 0x18, 0x4a, 0x0e, 0x11, 0x10, 0x02, 0x00,
    0x07, 0x06, 0x38, 0x80, 0x08, 0x8a, 0x7c, 0x81, 0x0e, 0x1c, 0x4a, 0x33, 0x01, 0x87, 0xbf, 0x03, 0x19, 0x06, 0x02,
    0x00, 0x0f, 0x18, 0x38, 0x80, 0x0a, 0x8a, 0x7c, 0x0c, 0x1d, 0x0e, 0x02, 0xf7, 0x3f, 0x89, 0xbf, 0x0a, 0x23, 0x14,
    0x36, 0xf7, 0x3b, 0x89, 0xbf, 0x0b, 0x29, 0x16, 0x36, 0xf7, 0x37, 0x89, 0xbf, 0x04, 0x25, 0x08, 0x36, 0xf7, 0x33,
    0x89, 0xbf, 0x05, 0x27, 0x0a, 0x36, 0x81, 0x1a, 0x18, 0x4a, 0x1e, 0x1b, 0x1c, 0x38, 0x80, 0x14, 0x8a, 0x7c, 0x81,
    0x10, 0x1a, 0x4a, 0xc3, 0x01, 0x87, 0xbf, 0x0e, 0x19, 0x18, 0x02, 0x1e, 0x11, 0x1c, 0x38, 0x80, 0x16, 0x8a, 0x7c,
    0x81, 0x06, 0x10, 0x4a, 0x0e, 0x1b, 0x1a, 0x02, 0x00, 0x07, 0x06, 0x38, 0x80, 0x08, 0x8a, 0x7c, 0x81, 0x0e, 0x1c,
    0x4a, 0x33, 0x01, 0x87, 0xbf, 0x03, 0x11, 0x06, 0x02, 0x00, 0x0f, 0x10, 0x38, 0x80, 0x0a, 0x8a, 0x7c, 0x08, 0x1d,
    0x0e, 0x02, 0xf7, 0x2f, 0x89, 0xbf, 0x0a, 0x2b, 0x14, 0x36, 0xf7, 0x2b, 0x89, 0xbf, 0x0b, 0x31, 0x16, 0x36, 0xf7,
    0x27, 0x89, 0xbf, 0x04, 0x2d, 0x08, 0x36, 0xf7, 0x23, 0x89, 0xbf, 0x05, 0x2f, 0x0a, 0x36, 0x81, 0x18, 0x10, 0x4a,
    0x1e, 0x19, 0x1c, 0x38, 0x80, 0x14, 0x8a, 0x7c, 0x81, 0x1a, 0x18, 0x4a, 0xc3, 0x01, 0x87, 0xbf, 0x0e, 0x11, 0x10,
    0x02, 0x1e, 0x1b, 0x1c, 0x38, 0x80, 0x16, 0x8a, 0x7c, 0x81, 0x06, 0x1a, 0x4a, 0x0e, 0x19, 0x18, 0x02, 0x00, 0x07,
    0x06, 0x38, 0x80, 0x08, 0x8a, 0x7c, 0x81, 0x0e, 0x1c, 0x4a, 0x33, 0x01, 0x87, 0xbf, 0x03, 0x1b, 0x06, 0x02, 0x00,
    0x0f, 0x1a, 0x38, 0x80, 0x0a, 0x8a, 0x7c, 0x0d, 0x1d, 0x0e, 0x02, 0xf7, 0x1f, 0x89, 0xbf, 0x0a, 0x33, 0x14, 0x36,
    0xf7, 0x1b, 0x89, 0xbf, 0x0b, 0x39, 0x1a, 0x36, 0xf7, 0x17, 0x89, 0xbf, 0x04, 0x35, 0x16, 0x36, 0xf7, 0x13, 0x89,
    0xbf, 0x05, 0x37, 0x1c, 0x36, 0x81, 0x10, 0x08, 0x4a, 0x1e, 0x11, 0x1e, 0x38, 0x80, 0x14, 0x8a, 0x7c, 0x81, 0x18,
    0x0a, 0x4a, 0xc3, 0x01, 0x87, 0xbf, 0x0f, 0x09, 0x08, 0x02, 0x1e, 0x19, 0x1e, 0x38, 0x80, 0x1a, 0x8a, 0x7c, 0x81,
    0x06, 0x10, 0x4a, 0x0f, 0x0b, 0x0a, 0x02, 0x00, 0x07, 0x06, 0x38, 0x80, 0x16, 0x8a, 0x7c, 0x81, 0x0e, 0x18, 0x4a,
    0x33, 0x01, 0x87, 0xbf, 0x03, 0x11, 0x06, 0x02, 0x00, 0x0f, 0x0e, 0x38, 0x80, 0x1c, 0x8a, 0x7c, 0x07, 0x19, 0x0e,
    0x02, 0xf7, 0x0f, 0x89, 0xbf, 0x0a, 0x3b, 0x10, 0x36, 0xf7, 0x0b, 0x89, 0xbf, 0x0d, 0x0d, 0x0c, 0x36, 0xf7, 0x07,
    0x89, 0xbf, 0x0b, 0x41, 0x14, 0x36, 0x93, 0x01, 0x87, 0xbf, 0x06, 0x00, 0x45, 0xd4, 0x08, 0x01, 0x01, 0x00, 0x08,
    0x00, 0x45, 0xd4, 0x06, 0x01, 0x01, 0x00, 0xd3, 0x01, 0x87, 0xbf, 0x80, 0x14, 0x8a, 0x7c, 0x00, 0x07, 0x0c, 0x38,
    0x81, 0x06, 0x10, 0x4a, 0x1e, 0x0b, 0x06, 0x38, 0x81, 0x0a, 0x0a, 0x4a, 0x06, 0x11, 0x16, 0x02, 0x1e, 0x09, 0x14,
    0x38, 0xd3, 0x01, 0x87, 0xbf, 0x06, 0x00, 0x01, 0xd5, 0x03, 0x0b, 0x22, 0x00, 0x81, 0x08, 0x08, 0x4a, 0xf7, 0x03,
    0x89, 0xbf, 0x0e, 0x13, 0x0a, 0x36, 0x81, 0x0e, 0x10, 0x4a, 0x04, 0x00, 0x01, 0xd5, 0x0a, 0x09, 0x1a, 0x00, 0xa3,
    0x00, 0x87, 0xbf, 0x80, 0x0a, 0x8a, 0x7c, 0x00, 0x0f, 0x0e, 0x38, 0x07, 0x11, 0x0e, 0x02, 0x00, 0x00, 0xb5, 0xbf,
    0x04, 0x7e, 0xfe, 0x91, 0x80, 0x02, 0x08, 0x7e, 0x80, 0x02, 0x16, 0x7e, 0x80, 0x02, 0x0c, 0x7e, 0x80, 0x02, 0x0e,
    0x7e, 0x04, 0x01, 0xfe, 0xbe, 0x00, 0x01, 0x0c, 0xf4, 0x00, 0x00, 0x00, 0xf8, 0x84, 0x08, 0x00, 0x30, 0x84, 0x16,
    0x06, 0x30, 0x12, 0x01, 0x87, 0xbf, 0xff, 0x00, 0x00, 0x36, 0xf0, 0x00, 0x00, 0x00, 0xff, 0x06, 0x08, 0x36, 0xf0,
    0x00, 0x00, 0x00, 0x12, 0x01, 0x87, 0xbf, 0x03, 0x00, 0x12, 0xd6, 0x8f, 0x0c, 0x02, 0x04, 0x04, 0x00, 0x12, 0xd6,
    0x8f, 0x0e, 0x12, 0x04, 0x02, 0x00, 0x87, 0xbf, 0x03, 0x03, 0x0a, 0x7e, 0x03, 0x03, 0x0c, 0x7e, 0x07, 0xfc, 0x89,
    0xbf, 0x85, 0x4f, 0x18, 0xf0, 0x01, 0x03, 0x01, 0x00, 0x02, 0x00, 0x00, 0x00, 0x00, 0x00, 0xb5, 0xbf, 0x00, 0x00,
    0x80, 0xbf, 0x03, 0x00, 0xb6, 0xbf, 0x00, 0x00, 0xb0, 0xbf, 0x00, 0x00, 0x9f, 0xbf, 0x00, 0x00, 0x9f, 0xbf, 0x00,
    0x00, 0x9f, 0xbf, 0x00, 0x00, 0x9f, 0xbf, 0x00, 0x00, 0x9f, 0xbf, 0x00, 0x00, 0x9f, 0xbf, 0x00, 0x00, 0x9f, 0xbf,
    0x00, 0x00, 0x9f, 0xbf, 0x00, 0x00, 0x9f, 0xbf, 0x00, 0x00, 0x9f, 0xbf, 0x00, 0x00, 0x9f, 0xbf, 0x00, 0x00, 0x9f,
    0xbf, 0x00, 0x00, 0x9f, 0xbf, 0x00, 0x00, 0x9f, 0xbf, 0x00, 0x00, 0x9f, 0xbf, 0x00, 0x00, 0x9f, 0xbf, 0x00, 0x00,
    0x9f, 0xbf, 0x00, 0x00, 0x9f, 0xbf, 0x00, 0x00, 0x9f, 0xbf, 0x00, 0x00, 0x9f, 0xbf, 0x00, 0x00, 0x9f, 0xbf, 0x00,
    0x00, 0x9f, 0xbf, 0x00, 0x00, 0x9f, 0xbf, 0x00, 0x00, 0x9f, 0xbf, 0x00, 0x00, 0x9f, 0xbf, 0x00, 0x00, 0x9f, 0xbf,
    0x00, 0x00, 0x9f, 0xbf, 0x00, 0x00, 0x9f, 0xbf, 0x00, 0x00, 0x9f, 0xbf, 0x00, 0x00, 0x9f, 0xbf, 0x00, 0x00, 0x9f,
    0xbf, 0x00, 0x00, 0x9f, 0xbf, 0x00, 0x00, 0x9f, 0xbf, 0x00, 0x00, 0x9f, 0xbf, 0x00, 0x00, 0x9f, 0xbf, 0x00, 0x00,
    0x9f, 0xbf, 0x00, 0x00, 0x9f, 0xbf, 0x00, 0x00, 0x9f, 0xbf, 0x00, 0x00, 0x9f, 0xbf, 0x00, 0x00, 0x9f, 0xbf, 0x00,
    0x00, 0x9f, 0xbf, 0x00, 0x00, 0x9f, 0xbf, 0x00, 0x00, 0x9f, 0xbf, 0x00, 0x00, 0x9f, 0xbf, 0x00, 0x00, 0x9f, 0xbf,
    0x00, 0x00, 0x9f, 0xbf, 0x00, 0x00, 0x9f, 0xbf, 0x00, 0x00, 0x9f, 0xbf, 0x00, 0x00, 0x9f, 0xbf, 0x00, 0x00, 0x9f,
    0xbf, 0x00, 0x00, 0x9f, 0xbf, 0x00, 0x00, 0x9f, 0xbf, 0x00, 0x00, 0x9f, 0xbf, 0x00, 0x00, 0x9f, 0xbf, 0x00, 0x00,
    0x9f, 0xbf, 0x00, 0x00, 0x9f, 0xbf, 0x00, 0x00, 0x9f, 0xbf, 0x00, 0x00, 0x9f, 0xbf, 0x00, 0x00, 0x9f, 0xbf, 0x00,
    0x00, 0x9f, 0xbf, 0x00, 0x00, 0x9f, 0xbf, 0x00, 0x00, 0x9f, 0xbf, 0x00, 0x00, 0x9f, 0xbf, 0x00, 0x00, 0x9f, 0xbf,
    0x00, 0x00, 0x00, 0x00, 0x00, 0x00, 0x10, 0x00, 0x00, 0x00, 0x00, 0x00, 0xac, 0xdf, 0x03, 0x10, 0x47, 0x65, 0x6e,
    0x65, 0x72, 0x61, 0x74, 0x65, 0x64, 0x20, 0x62, 0x79, 0x20, 0x74, 0x68, 0x65, 0x20, 0x41, 0x64, 0x76, 0x61, 0x6e,
    0x63, 0x65, 0x64, 0x20, 0x4d, 0x69, 0x63, 0x72, 0x6f, 0x20, 0x44, 0x65, 0x76, 0x69, 0x63, 0x65, 0x73, 0x2c, 0x20,
    0x49, 0x6e, 0x63, 0x2e, 0x2c, 0x20, 0x50, 0x72, 0x6f, 0x70, 0x72, 0x69, 0x65, 0x74, 0x61, 0x72, 0x79, 0x20, 0x47,
    0x50, 0x55, 0x20, 0x53, 0x68, 0x61, 0x64, 0x65, 0x72, 0x20, 0x43, 0x6f, 0x6d, 0x70, 0x69, 0x6c, 0x65, 0x72, 0x2e,
    0x00, 0x00, 0x5f, 0x61, 0x6d, 0x64, 0x67, 0x70, 0x75, 0x5f, 0x63, 0x73, 0x5f, 0x6d, 0x61, 0x69, 0x6e, 0x00, 0x5f,
    0x61, 0x6d, 0x64, 0x67, 0x70, 0x75, 0x5f, 0x63, 0x73, 0x5f, 0x73, 0x68, 0x64, 0x72, 0x5f, 0x69, 0x6e, 0x74, 0x72,
    0x6c, 0x5f, 0x74, 0x62, 0x6c, 0x00, 0x00, 0x00, 0x00, 0x00, 0x00, 0x00, 0x00, 0x00, 0x00, 0x00, 0x00, 0x00, 0x00,
    0x00, 0x00, 0x00, 0x00, 0x00, 0x00, 0x00, 0x00, 0x00, 0x00, 0x00, 0x01, 0x00, 0x00, 0x00, 0x12, 0x00, 0x02, 0x00,
    0x00, 0x00, 0x00, 0x00, 0x00, 0x00, 0x00, 0x00, 0xb4, 0x07, 0x00, 0x00, 0x00, 0x00, 0x00, 0x00, 0x11, 0x00, 0x00,
    0x00, 0x11, 0x00, 0x03, 0x00, 0x00, 0x00, 0x00, 0x00, 0x00, 0x00, 0x00, 0x00, 0x10, 0x00, 0x00, 0x00, 0x00, 0x00,
    0x00, 0x00, 0x07, 0x00, 0x00, 0x00, 0x1b, 0x04, 0x00, 0x00, 0x20, 0x00, 0x00, 0x00, 0x41, 0x4d, 0x44, 0x47, 0x50,
    0x55, 0x00, 0x00, 0x82, 0xae, 0x61, 0x6d, 0x64, 0x70, 0x61, 0x6c, 0x2e, 0x76, 0x65, 0x72, 0x73, 0x69, 0x6f, 0x6e,
    0x92, 0x03, 0x06, 0xb0, 0x61, 0x6d, 0x64, 0x70, 0x61, 0x6c, 0x2e, 0x70, 0x69, 0x70, 0x65, 0x6c, 0x69, 0x6e, 0x65,
    0x73, 0x91, 0x8b, 0xa5, 0x2e, 0x74, 0x79, 0x70, 0x65, 0xa2, 0x43, 0x73, 0xae, 0x2e, 0x72, 0x65, 0x73, 0x6f, 0x75,
    0x72, 0x63, 0x65, 0x5f, 0x68, 0x61, 0x73, 0x68, 0xcf, 0x9d, 0xab, 0x92, 0x5d, 0x0a, 0x7a, 0xaf, 0x2a, 0xb0, 0x2e,
    0x73, 0x70, 0x69, 0x6c, 0x6c, 0x5f, 0x74, 0x68, 0x72, 0x65, 0x73, 0x68, 0x6f, 0x6c, 0x64, 0xcd, 0xff, 0xff, 0xb0,
    0x2e, 0x75, 0x73, 0x65, 0x72, 0x5f, 0x64, 0x61, 0x74, 0x61, 0x5f, 0x6c, 0x69, 0x6d, 0x69, 0x74, 0x01, 0xa8, 0x2e,
    0x73, 0x68, 0x61, 0x64, 0x65, 0x72, 0x73, 0x81, 0xa8, 0x2e, 0x63, 0x6f, 0x6d, 0x70, 0x75, 0x74, 0x65, 0x83, 0xb0,
    0x2e, 0x61, 0x70, 0x69, 0x5f, 0x73, 0x68, 0x61, 0x64, 0x65, 0x72, 0x5f, 0x68, 0x61, 0x73, 0x68, 0x92, 0xcf, 0x95,
    0xb6, 0x6b, 0x13, 0x8c, 0x92, 0x44, 0x07, 0xcf, 0x52, 0x9c, 0xf7, 0xb6, 0x34, 0x11, 0xbb, 0x10, 0xb1, 0x2e, 0x68,
    0x61, 0x72, 0x64, 0x77, 0x61, 0x72, 0x65, 0x5f, 0x6d, 0x61, 0x70, 0x70, 0x69, 0x6e, 0x67, 0x91, 0xa3, 0x2e, 0x63,
    0x73, 0xaf, 0x2e, 0x73, 0x68, 0x61, 0x64, 0x65, 0x72, 0x5f, 0x73, 0x75, 0x62, 0x74, 0x79, 0x70, 0x65, 0xa7, 0x55,
    0x6e, 0x6b, 0x6e, 0x6f, 0x77, 0x6e, 0xb0, 0x2e, 0x68, 0x61, 0x72, 0x64, 0x77, 0x61, 0x72, 0x65, 0x5f, 0x73, 0x74,
    0x61, 0x67, 0x65, 0x73, 0x81, 0xa3, 0x2e, 0x63, 0x73, 0xde, 0x00, 0x1b, 0xb3, 0x2e, 0x65, 0x6e, 0x74, 0x72, 0x79,
    0x5f, 0x70, 0x6f, 0x69, 0x6e, 0x74, 0x5f, 0x73, 0x79, 0x6d, 0x62, 0x6f, 0x6c, 0xaf, 0x5f, 0x61, 0x6d, 0x64, 0x67,
    0x70, 0x75, 0x5f, 0x63, 0x73, 0x5f, 0x6d, 0x61, 0x69, 0x6e, 0xab, 0x2e, 0x73, 0x67, 0x70, 0x72, 0x5f, 0x63, 0x6f,
    0x75, 0x6e, 0x74, 0x10, 0xab, 0x2e, 0x76, 0x67, 0x70, 0x72, 0x5f, 0x63, 0x6f, 0x75, 0x6e, 0x74, 0x24, 0xa9, 0x2e,
    0x6c, 0x64, 0x73, 0x5f, 0x73, 0x69, 0x7a, 0x65, 0x00, 0xb4, 0x2e, 0x73, 0x63, 0x72, 0x61, 0x74, 0x63, 0x68, 0x5f,
    0x6d, 0x65, 0x6d, 0x6f, 0x72, 0x79, 0x5f, 0x73, 0x69, 0x7a, 0x65, 0x00, 0xb4, 0x2e, 0x66, 0x72, 0x6f, 0x6e, 0x74,
    0x65, 0x6e, 0x64, 0x5f, 0x73, 0x74, 0x61, 0x63, 0x6b, 0x5f, 0x73, 0x69, 0x7a, 0x65, 0x00, 0xb3, 0x2e, 0x62, 0x61,
    0x63, 0x6b, 0x65, 0x6e, 0x64, 0x5f, 0x73, 0x74, 0x61, 0x63, 0x6b, 0x5f, 0x73, 0x69, 0x7a, 0x65, 0x00, 0xb6, 0x2e,
    0x70, 0x65, 0x72, 0x66, 0x5f, 0x64, 0x61, 0x74, 0x61, 0x5f, 0x62, 0x75, 0x66, 0x66, 0x65, 0x72, 0x5f, 0x73, 0x69,
    0x7a, 0x65, 0x00, 0xaa, 0x2e, 0x75, 0x73, 0x65, 0x73, 0x5f, 0x75, 0x61, 0x76, 0x73, 0xc3, 0xac, 0x2e, 0x77, 0x72,
    0x69, 0x74, 0x65, 0x73, 0x5f, 0x75, 0x61, 0x76, 0x73, 0xc3, 0xb4, 0x2e, 0x75, 0x73, 0x65, 0x73, 0x5f, 0x61, 0x70,
    0x70, 0x65, 0x6e, 0x64, 0x5f, 0x63, 0x6f, 0x6e, 0x73, 0x75, 0x6d, 0x65, 0xc2, 0xaf, 0x2e, 0x77, 0x61, 0x76, 0x65,
    0x66, 0x72, 0x6f, 0x6e, 0x74, 0x5f, 0x73, 0x69, 0x7a, 0x65, 0x40, 0xb2, 0x2e, 0x75, 0x73, 0x65, 0x72, 0x5f, 0x64,
    0x61, 0x74, 0x61, 0x5f, 0x72, 0x65, 0x67, 0x5f, 0x6d, 0x61, 0x70, 0xdc, 0x00, 0x20, 0xce, 0xff, 0xff, 0xff, 0xff,
    0xce, 0xff, 0xff, 0xff, 0xff, 0x00, 0xce, 0xff, 0xff, 0xff, 0xff, 0xce, 0xff, 0xff, 0xff, 0xff, 0xce, 0xff, 0xff,
    0xff, 0xff, 0xce, 0xff, 0xff, 0xff, 0xff, 0xce, 0xff, 0xff, 0xff, 0xff, 0xce, 0xff, 0xff, 0xff, 0xff, 0xce, 0xff,
    0xff, 0xff, 0xff, 0xce, 0xff, 0xff, 0xff, 0xff, 0xce, 0xff, 0xff, 0xff, 0xff, 0xce, 0xff, 0xff, 0xff, 0xff, 0xce,
    0xff, 0xff, 0xff, 0xff, 0xce, 0xff, 0xff, 0xff, 0xff, 0xce, 0xff, 0xff, 0xff, 0xff, 0xce, 0xff, 0xff, 0xff, 0xff,
    0xce, 0xff, 0xff, 0xff, 0xff, 0xce, 0xff, 0xff, 0xff, 0xff, 0xce, 0xff, 0xff, 0xff, 0xff, 0xce, 0xff, 0xff, 0xff,
    0xff, 0xce, 0xff, 0xff, 0xff, 0xff, 0xce, 0xff, 0xff, 0xff, 0xff, 0xce, 0xff, 0xff, 0xff, 0xff, 0xce, 0xff, 0xff,
    0xff, 0xff, 0xce, 0xff, 0xff, 0xff, 0xff, 0xce, 0xff, 0xff, 0xff, 0xff, 0xce, 0xff, 0xff, 0xff, 0xff, 0xce, 0xff,
    0xff, 0xff, 0xff, 0xce, 0xff, 0xff, 0xff, 0xff, 0xce, 0xff, 0xff, 0xff, 0xff, 0xce, 0xff, 0xff, 0xff, 0xff, 0xb7,
    0x2e, 0x74, 0x68, 0x72, 0x65, 0x61, 0x64, 0x67, 0x72, 0x6f, 0x75, 0x70, 0x5f, 0x64, 0x69, 0x6d, 0x65, 0x6e, 0x73,
    0x69, 0x6f, 0x6e, 0x73, 0x93, 0x08, 0x08, 0x01, 0xab, 0x2e, 0x66, 0x6c, 0x6f, 0x61, 0x74, 0x5f, 0x6d, 0x6f, 0x64,
    0x65, 0xcc, 0xc0, 0xae, 0x2e, 0x66, 0x70, 0x31, 0x36, 0x5f, 0x6f, 0x76, 0x65, 0x72, 0x66, 0x6c, 0x6f, 0x77, 0xc2,
    0xaa, 0x2e, 0x69, 0x65, 0x65, 0x65, 0x5f, 0x6d, 0x6f, 0x64, 0x65, 0xc2, 0xa9, 0x2e, 0x77, 0x67, 0x70, 0x5f, 0x6d,
    0x6f, 0x64, 0x65, 0xc2, 0xac, 0x2e, 0x6d, 0x65, 0x6d, 0x5f, 0x6f, 0x72, 0x64, 0x65, 0x72, 0x65, 0x64, 0xc2, 0xb1,
    0x2e, 0x66, 0x6f, 0x72, 0x77, 0x61, 0x72, 0x64, 0x5f, 0x70, 0x72, 0x6f, 0x67, 0x72, 0x65, 0x73, 0x73, 0xc2, 0xab,
    0x2e, 0x75, 0x73, 0x65, 0x72, 0x5f, 0x73, 0x67, 0x70, 0x72, 0x73, 0x03, 0xa8, 0x2e, 0x65, 0x78, 0x63, 0x70, 0x5f,
    0x65, 0x6e, 0x00, 0xab, 0x2e, 0x73, 0x63, 0x72, 0x61, 0x74, 0x63, 0x68, 0x5f, 0x65, 0x6e, 0xc2, 0xad, 0x2e, 0x74,
    0x72, 0x61, 0x70, 0x5f, 0x70, 0x72, 0x65, 0x73, 0x65, 0x6e, 0x74, 0xc2, 0xb0, 0x2e, 0x73, 0x68, 0x61, 0x72, 0x65,
    0x64, 0x5f, 0x76, 0x67, 0x70, 0x72, 0x5f, 0x63, 0x6e, 0x74, 0x00, 0xad, 0x2e, 0x77, 0x61, 0x76, 0x65, 0x73, 0x5f,
    0x70, 0x65, 0x72, 0x5f, 0x73, 0x65, 0x00, 0xaf, 0x2e, 0x63, 0x68, 0x65, 0x63, 0x6b, 0x73, 0x75, 0x6d, 0x5f, 0x76,
    0x61, 0x6c, 0x75, 0x65, 0xce, 0x7f, 0xa9, 0x63, 0xb2, 0xaa, 0x2e, 0x72, 0x65, 0x67, 0x69, 0x73, 0x74, 0x65, 0x72,
    0x73, 0x81, 0xcd, 0x2e, 0x42, 0x00, 0xa5, 0x2e, 0x6e, 0x61, 0x6d, 0x65, 0xb9, 0x4d, 0x6c, 0x61, 0x61, 0x43, 0x61,
    0x6c, 0x63, 0x53, 0x65, 0x70, 0x45, 0x64, 0x67, 0x65, 0x4c, 0x65, 0x6e, 0x67, 0x74, 0x68, 0x46, 0x61, 0x73, 0x74,
    0xb7, 0x2e, 0x69, 0x6e, 0x74, 0x65, 0x72, 0x6e, 0x61, 0x6c, 0x5f, 0x70, 0x69, 0x70, 0x65, 0x6c, 0x69, 0x6e, 0x65,
    0x5f, 0x68, 0x61, 0x73, 0x68, 0x92, 0xcf, 0x1b, 0x82, 0x04, 0x2d, 0x6d, 0x8a, 0xd5, 0x7b, 0xcf, 0xd8, 0x31, 0x65,
    0x13, 0xb9, 0x82, 0x75, 0x2f, 0xb2, 0x2e, 0x63, 0x6f, 0x6d, 0x70, 0x75, 0x74, 0x65, 0x5f, 0x72, 0x65, 0x67, 0x69,
    0x73, 0x74, 0x65, 0x72, 0x73, 0x85, 0xaf, 0x2e, 0x74, 0x69, 0x64, 0x69, 0x67, 0x5f, 0x63, 0x6f, 0x6d, 0x70, 0x5f,
    0x63, 0x6e, 0x74, 0x01, 0xaa, 0x2e, 0x74, 0x67, 0x69, 0x64, 0x5f, 0x78, 0x5f, 0x65, 0x6e, 0xc3, 0xaa, 0x2e, 0x74,
    0x67, 0x69, 0x64, 0x5f, 0x79, 0x5f, 0x65, 0x6e, 0xc3, 0xaa, 0x2e, 0x74, 0x67, 0x69, 0x64, 0x5f, 0x7a, 0x5f, 0x65,
    0x6e, 0xc2, 0xab, 0x2e, 0x74, 0x67, 0x5f, 0x73, 0x69, 0x7a, 0x65, 0x5f, 0x65, 0x6e, 0xc2, 0xa4, 0x2e, 0x61, 0x70,
    0x69, 0xa7, 0x73, 0x63, 0x70, 0x63, 0x42, 0x6c, 0x64, 0x00, 0x00, 0x00, 0x00, 0x00, 0x00, 0x00, 0x00, 0x00, 0x00,
    0x00, 0x00, 0x00, 0x00, 0x00, 0x00, 0x00, 0x00, 0x00, 0x00, 0x00, 0x00, 0x00, 0x00, 0x00, 0x00, 0x00, 0x00, 0x00,
    0x00, 0x00, 0x00, 0x00, 0x00, 0x00, 0x00, 0x00, 0x00, 0x00, 0x00, 0x00, 0x00, 0x00, 0x00, 0x00, 0x00, 0x00, 0x00,
    0x00, 0x00, 0x00, 0x00, 0x00, 0x00, 0x00, 0x00, 0x00, 0x00, 0x00, 0x00, 0x00, 0x00, 0x00, 0x00, 0x00, 0x00, 0x00,
    0x00, 0x01, 0x00, 0x00, 0x00, 0x03, 0x00, 0x00, 0x00, 0x00, 0x00, 0x00, 0x00, 0x00, 0x00, 0x00, 0x00, 0x00, 0x00,
    0x00, 0x00, 0x00, 0x00, 0x00, 0x00, 0x40, 0x00, 0x00, 0x00, 0x00, 0x00, 0x00, 0x00, 0x36, 0x00, 0x00, 0x00, 0x00,
    0x00, 0x00, 0x00, 0x00, 0x00, 0x00, 0x00, 0x00, 0x00, 0x00, 0x00, 0x00, 0x00, 0x00, 0x00, 0x00, 0x00, 0x00, 0x00,
    0x00, 0x00, 0x00, 0x00, 0x00, 0x00, 0x00, 0x00, 0x0b, 0x00, 0x00, 0x00, 0x01, 0x00, 0x00, 0x00, 0x06, 0x00, 0x00,
    0x00, 0x00, 0x00, 0x00, 0x00, 0x00, 0x00, 0x00, 0x00, 0x00, 0x00, 0x00, 0x00, 0x76, 0x00, 0x00, 0x00, 0x00, 0x00,
    0x00, 0x00, 0xb4, 0x07, 0x00, 0x00, 0x00, 0x00, 0x00, 0x00, 0x00, 0x00, 0x00, 0x00, 0x00, 0x00, 0x00, 0x00, 0x00,
    0x01, 0x00, 0x00, 0x00, 0x00, 0x00, 0x00, 0x00, 0x00, 0x00, 0x00, 0x00, 0x00, 0x00, 0x00, 0x11, 0x00, 0x00, 0x00,
    0x01, 0x00, 0x00, 0x00, 0x03, 0x00, 0x00, 0x00, 0x00, 0x00, 0x00, 0x00, 0x00, 0x00, 0x00, 0x00, 0x00, 0x00, 0x00,
    0x00, 0x2a, 0x08, 0x00, 0x00, 0x00, 0x00, 0x00, 0x00, 0x10, 0x00, 0x00, 0x00, 0x00, 0x00, 0x00, 0x00, 0x00, 0x00,
    0x00, 0x00, 0x00, 0x00, 0x00, 0x00, 0x20, 0x00, 0x00, 0x00, 0x00, 0x00, 0x00, 0x00, 0x00, 0x00, 0x00, 0x00, 0x00,
    0x00, 0x00, 0x00, 0x17, 0x00, 0x00, 0x00, 0x01, 0x00, 0x00, 0x00, 0x00, 0x00, 0x00, 0x00, 0x00, 0x00, 0x00, 0x00,
    0x00, 0x00, 0x00, 0x00, 0x00, 0x00, 0x00, 0x00, 0x3a, 0x08, 0x00, 0x00, 0x00, 0x00, 0x00, 0x00, 0x50, 0x00, 0x00,
    0x00, 0x00, 0x00, 0x00, 0x00, 0x00, 0x00, 0x00, 0x00, 0x00, 0x00, 0x00, 0x00, 0x00, 0x00, 0x00, 0x00, 0x00, 0x00,
    0x00, 0x00, 0x00, 0x00, 0x00, 0x00, 0x00, 0x00, 0x00, 0x00, 0x20, 0x00, 0x00, 0x00, 0x03, 0x00, 0x00, 0x00, 0x00,
    0x00, 0x00, 0x00, 0x00, 0x00, 0x00, 0x00, 0x00, 0x00, 0x00, 0x00, 0x00, 0x00, 0x00, 0x00, 0x8a, 0x08, 0x00, 0x00,
    0x00, 0x00, 0x00, 0x00, 0x2b, 0x00, 0x00, 0x00, 0x00, 0x00, 0x00, 0x00, 0x00, 0x00, 0x00, 0x00, 0x00, 0x00, 0x00,
    0x00, 0x00, 0x00, 0x00, 0x00, 0x00, 0x00, 0x00, 0x00, 0x00, 0x00, 0x00, 0x00, 0x00, 0x00, 0x00, 0x00, 0x28, 0x00,
    0x00, 0x00, 0x02, 0x00, 0x00, 0x00, 0x00, 0x00, 0x00, 0x00, 0x00, 0x00, 0x00, 0x00, 0x00, 0x00, 0x00, 0x00, 0x00,
    0x00, 0x00, 0x00, 0xb5, 0x08, 0x00, 0x00, 0x00, 0x00, 0x00, 0x00, 0x48, 0x00, 0x00, 0x00, 0x00, 0x00, 0x00, 0x00,
    0x05, 0x00, 0x00, 0x00, 0x00, 0x00, 0x00, 0x00, 0x00, 0x00, 0x00, 0x00, 0x00, 0x00, 0x00, 0x00, 0x18, 0x00, 0x00,
    0x00, 0x00, 0x00, 0x00, 0x00, 0x30, 0x00, 0x00, 0x00, 0x07, 0x00, 0x00, 0x00, 0x00, 0x00, 0x00, 0x00, 0x00, 0x00,
    0x00, 0x00, 0x00, 0x00, 0x00, 0x00, 0x00, 0x00, 0x00, 0x00, 0xfd, 0x08, 0x00, 0x00, 0x00, 0x00, 0x00, 0x00, 0x30,
    0x04, 0x00, 0x00, 0x00, 0x00, 0x00, 0x00, 0x00, 0x00, 0x00, 0x00, 0x00, 0x00, 0x00, 0x00, 0x00, 0x00, 0x00, 0x00,
    0x00, 0x00, 0x00, 0x00, 0x00, 0x00, 0x00, 0x00, 0x00, 0x00, 0x00, 0x00,
};

// Mlaa Final Blend Fast compute shader binary
inline constexpr Util::uint8 MlaaFinalBlendFast_Cs_A52D0E1A[] =
{
    0x7f, 0x45, 0x4c, 0x46, 0x02, 0x01, 0x01, 0x41, 0x00, 0x00, 0x00, 0x00, 0x00, 0x00, 0x00, 0x00, 0x01, 0x00, 0xe0,
    0x00, 0x01, 0x00, 0x00, 0x00, 0x00, 0x00, 0x00, 0x00, 0x00, 0x00, 0x00, 0x00, 0x00, 0x00, 0x00, 0x00, 0x00, 0x00,
    0x00, 0x00, 0x10, 0x11, 0x00, 0x00, 0x00, 0x00, 0x00, 0x00, 0x47, 0x05, 0x00, 0x00, 0x40, 0x00, 0x00, 0x00, 0x00,
    0x00, 0x40, 0x00, 0x08, 0x00, 0x01, 0x00, 0x00, 0x2e, 0x73, 0x68, 0x73, 0x74, 0x72, 0x74, 0x61, 0x62, 0x00, 0x2e,
    0x74, 0x65, 0x78, 0x74, 0x00, 0x2e, 0x64, 0x61, 0x74, 0x61, 0x00, 0x2e, 0x63, 0x6f, 0x6d, 0x6d, 0x65, 0x6e, 0x74,
    0x00, 0x2e, 0x73, 0x74, 0x72, 0x74, 0x61, 0x62, 0x00, 0x2e, 0x73, 0x79, 0x6d, 0x74, 0x61, 0x62, 0x00, 0x2e, 0x6e,
    0x6f, 0x74, 0x65, 0x00, 0x06, 0x20, 0x80, 0xb0, 0x80, 0x47, 0x86, 0xbe, 0x03, 0x00, 0x84, 0xbf, 0x02, 0x00, 0x80,
    0xbe, 0x07, 0x00, 0x81, 0xbe, 0x80, 0x01, 0x04, 0xf4, 0x64, 0x00, 0x00, 0xf8, 0xff, 0x00, 0x02, 0x36, 0xff, 0x03,
    0x00, 0x00, 0x00, 0x00, 0x10, 0xd6, 0x00, 0x15, 0x29, 0x02, 0x12, 0x01, 0x87, 0xbf, 0x01, 0x00, 0x46, 0xd6, 0x03,
    0x06, 0x05, 0x04, 0x00, 0x00, 0x46, 0xd6, 0x04, 0x06, 0x01, 0x04, 0x07, 0xfc, 0x89, 0xbf, 0x12, 0x01, 0x87, 0xbf,
    0x02, 0x00, 0x4e, 0xd4, 0x06, 0x02, 0x02, 0x00, 0x07, 0x00, 0x9c, 0x7c, 0x02, 0x6a, 0xea, 0x8b, 0x09, 0x00, 0x87,
    0xbf, 0x6a, 0x21, 0x82, 0xbe, 0x8b, 0x02, 0xa5, 0xbf, 0x00, 0x02, 0x0c, 0xf4, 0x20, 0x00, 0x00, 0xf8, 0x00, 0x04,
    0x0c, 0xf4, 0x40, 0x00, 0x00, 0xf8, 0x06, 0x02, 0x04, 0x22, 0x07, 0x00, 0x08, 0x22, 0x07, 0xfc, 0x89, 0xbf, 0x85,
    0x0f, 0x00, 0xf0, 0x02, 0x06, 0x02, 0x00, 0x04, 0x00, 0x00, 0x00, 0x85, 0x03, 0x00, 0xf0, 0x02, 0x0a, 0x04, 0x00,
    0x04, 0x00, 0x00, 0x00, 0x7e, 0x01, 0x84, 0xbe, 0xf7, 0x03, 0x89, 0xbf, 0x7e, 0x00, 0xcd, 0xd4, 0x0a, 0x01, 0x01,
    0x00, 0x95, 0x00, 0xa5, 0xbf, 0xff, 0x14, 0x06, 0x36, 0x80, 0x00, 0x00, 0x00, 0x0e, 0x00, 0x10, 0xd6, 0x0a, 0x09,
    0x0d, 0x02, 0x07, 0x00, 0x20, 0x26, 0x93, 0x01, 0x87, 0xbf, 0x80, 0x06, 0x8a, 0x7c, 0x88, 0x1c, 0x0a, 0x02, 0x88,
    0x14, 0x18, 0x36, 0x87, 0x14, 0x1a, 0x36, 0x23, 0x02, 0x87, 0xbf, 0x81, 0x0a, 0x06, 0x4a, 0x01, 0x0b, 0x1e, 0x4c,
    0x80, 0x18, 0x8a, 0x7c, 0x93, 0x01, 0x87, 0xbf, 0x01, 0x07, 0x06, 0x4c, 0x06, 0x1e, 0x1e, 0x26, 0x88, 0x1a, 0x14,
    0x02, 0xa3, 0x01, 0x87, 0xbf, 0x06, 0x06, 0x06, 0x26, 0xc1, 0x00, 0x18, 0x4a, 0x01, 0x15, 0x22, 0x4a, 0x12, 0x00,
    0x55, 0xd6, 0x0a, 0x03, 0x06, 0x02, 0x93, 0x01, 0x87, 0xbf, 0x0c, 0x00, 0x64, 0xd6, 0x0c, 0x01, 0x1d, 0x00, 0x06,
    0x22, 0x26, 0x26, 0x03, 0x00, 0x87, 0xbf, 0x06, 0x24, 0x24, 0x26, 0x04, 0x00, 0x85, 0xbf, 0x85, 0x07, 0x00, 0xf0,
    0x02, 0x14, 0x02, 0x00, 0x0c, 0x00, 0x00, 0x00, 0x85, 0x07, 0x00, 0xf0, 0x0f, 0x17, 0x02, 0x00, 0x10, 0x00, 0x00,
    0x00, 0x85, 0x07, 0x00, 0xf0, 0x03, 0x1a, 0x02, 0x00, 0x10, 0x00, 0x00, 0x00, 0x85, 0x07, 0x00, 0xf0, 0x13, 0x1d,
    0x02, 0x00, 0x10, 0x00, 0x00, 0x00, 0x85, 0x07, 0x00, 0xf0, 0x12, 0x10, 0x02, 0x00, 0x10, 0x00, 0x00, 0x00, 0x03,
    0x00, 0x55, 0xd6, 0x05, 0x15, 0x06, 0x02, 0x05, 0x0d, 0x1e, 0x7e, 0x02, 0x00, 0x87, 0xbf, 0x03, 0x0d, 0x18, 0x7e,
    0xf7, 0x0b, 0x89, 0xbf, 0x17, 0x35, 0x06, 0x08, 0x18, 0x37, 0x14, 0x08, 0x19, 0x39, 0x0a, 0x08, 0xf7, 0x03, 0x89,
    0xbf, 0x1d, 0x21, 0x20, 0x08, 0x14, 0x02, 0x87, 0xbf, 0x18, 0x01, 0x14, 0xd4, 0x03, 0xff, 0x01, 0x00, 0x00, 0x00,
    0x80, 0x3d, 0x1a, 0x01, 0x14, 0xd4, 0x0a, 0xff, 0x01, 0x00, 0x00, 0x00, 0x80, 0x3d, 0x04, 0x00, 0x87, 0xbf, 0x1c,
    0x01, 0x14, 0xd4, 0x05, 0xff, 0x01, 0x00, 0x00, 0x00, 0x80, 0x3d, 0x1e, 0x23, 0x22, 0x08, 0x1f, 0x25, 0x24, 0x08,
    0x0c, 0x55, 0x06, 0x7e, 0x0c, 0x1f, 0x0a, 0x08, 0xf0, 0x18, 0x18, 0x10, 0xa2, 0x04, 0x87, 0xbf, 0xf3, 0x0a, 0x30,
    0x06, 0x18, 0x1a, 0xea, 0x8c, 0x1c, 0x6a, 0xea, 0x8c, 0x18, 0x01, 0x14, 0xd4, 0x11, 0xff, 0x01, 0x00, 0x00, 0x00,
    0x80, 0x3d, 0x1c, 0x01, 0x14, 0xd4, 0x10, 0xff, 0x01, 0x00, 0x00, 0x00, 0x80, 0x3d, 0x1a, 0x01, 0x14, 0xd4, 0x12,
    0xff, 0x01, 0x00, 0x00, 0x00, 0x80, 0x3d, 0x0a, 0x00, 0x01, 0xd5, 0x80, 0x82, 0xa9, 0x01, 0x35, 0x02, 0x87, 0xbf,
    0x05, 0x00, 0x13, 0xd6, 0x03, 0x0b, 0xc6, 0x03, 0x07, 0x2b, 0x20, 0x0a, 0x08, 0x2d, 0x22, 0x0a, 0x19, 0x00, 0x12,
    0xd6, 0x81, 0x14, 0x0a, 0x02, 0x0a, 0x00, 0x13, 0xd6, 0x03, 0x31, 0xc6, 0x03, 0x03, 0x00, 0x01, 0xd5, 0x80, 0x02,
    0xa9, 0x01, 0xb2, 0x04, 0x87, 0xbf, 0x05, 0x03, 0x03, 0xd5, 0x05, 0x15, 0x02, 0x18, 0x06, 0x29, 0x14, 0x0a, 0x1c,
    0x18, 0xea, 0x8c, 0x9e, 0xff, 0x88, 0xbf, 0x1a, 0x6a, 0xea, 0x8c, 0x83, 0x04, 0x87, 0xbf, 0x03, 0x33, 0x06, 0x02,
    0x1a, 0x00, 0x16, 0xd4, 0x0f, 0x19, 0x02, 0x00, 0x0c, 0x1f, 0x2c, 0x7c, 0x03, 0x00, 0x87, 0xbf, 0x18, 0x00, 0x42,
    0xd4, 0x03, 0x05, 0x01, 0x00, 0x1c, 0x00, 0x42, 0xd4, 0x03, 0x03, 0x01, 0x00, 0x0c, 0x00, 0x13, 0xd6, 0x05, 0x15,
    0x1a, 0x04, 0x0f, 0x00, 0x13, 0xd6, 0x05, 0x21, 0x1e, 0x04, 0x05, 0x00, 0x13, 0xd6, 0x05, 0x23, 0x22, 0x04, 0x18,
    0x1a, 0x98, 0x8b, 0x1c, 0x6a, 0xea, 0x8b, 0xc9, 0x00, 0x87, 0xbf, 0x9e, 0xff, 0x88, 0xbf, 0x18, 0x6a, 0x98, 0x8c,
    0x83, 0x06, 0x84, 0x7c, 0x0e, 0x1b, 0x06, 0x4a, 0x6a, 0x18, 0xea, 0x8c, 0x18, 0x00, 0x45, 0xd4, 0x03, 0x01, 0x01,
    0x00, 0x06, 0x19, 0x1c, 0x02, 0x08, 0x0b, 0x0a, 0x02, 0x07, 0x1f, 0x18, 0x02, 0x11, 0x11, 0x06, 0x58, 0x00, 0x00,
    0x00, 0x3e, 0x0a, 0x0d, 0x10, 0x58, 0x00, 0x00, 0x00, 0x3e, 0x10, 0x0f, 0x0c, 0x58, 0x00, 0x00, 0x00, 0x3e, 0x93,
    0x01, 0x87, 0xbf, 0x03, 0x00, 0x01, 0xd5, 0x03, 0x0b, 0x62, 0x00, 0x05, 0x00, 0x01, 0xd5, 0x08, 0x1d, 0x62, 0x00,
    0x03, 0x00, 0x87, 0xbf, 0x08, 0x00, 0x01, 0xd5, 0x06, 0x19, 0x62, 0x00, 0x04, 0x7e, 0xfe, 0x91, 0x06, 0x03, 0x0a,
    0x7e, 0x08, 0x03, 0x06, 0x7e, 0x07, 0x03, 0x10, 0x7e, 0x04, 0x01, 0xfe, 0xbe, 0x81, 0x00, 0x0c, 0x4a, 0x01, 0x00,
    0x87, 0xbf, 0x07, 0x0c, 0x18, 0x22, 0x85, 0x01, 0x00, 0xf0, 0x02, 0x07, 0x04, 0x00, 0x0c, 0x00, 0x00, 0x00, 0xf7,
    0x03, 0x89, 0xbf, 0x80, 0x0e, 0x9a, 0x7c, 0x04, 0x6a, 0xfe, 0x8b, 0x91, 0x00, 0xa5, 0xbf, 0xff, 0x0e, 0x14, 0x36,
    0x80, 0x00, 0x00, 0x00, 0x0d, 0x00, 0x10, 0xd6, 0x07, 0x09, 0x0d, 0x02, 0x07, 0x0c, 0x22, 0x26, 0x93, 0x01, 0x87,
    0xbf, 0x80, 0x14, 0x8a, 0x7c, 0x88, 0x1a, 0x20, 0x02, 0x88, 0x0e, 0x1c, 0x36, 0x87, 0x0e, 0x0e, 0x36, 0x23, 0x02,
    0x87, 0xbf, 0x81, 0x20, 0x14, 0x4a, 0x01, 0x21, 0x1e, 0x4c, 0x80, 0x1c, 0x8a, 0x7c, 0x93, 0x01, 0x87, 0xbf, 0x01,
    0x15, 0x14, 0x4c, 0x06, 0x1e, 0x1e, 0x26, 0x88, 0x0e, 0x1c, 0x02, 0x13, 0x01, 0x87, 0xbf, 0x06, 0x14, 0x14, 0x26,
    0x01, 0x1d, 0x0c, 0x4a, 0x12, 0x00, 0x55, 0xd6, 0x0e, 0x03, 0x06, 0x02, 0x12, 0x01, 0x87, 0xbf, 0x06, 0x0c, 0x0c,
    0x26, 0x06, 0x24, 0x24, 0x26, 0x04, 0x00, 0x85, 0xbf, 0x85, 0x07, 0x00, 0xf0, 0x02, 0x14, 0x02, 0x00, 0x0c, 0x00,
    0x00, 0x00, 0x85, 0x07, 0x00, 0xf0, 0x0f, 0x17, 0x02, 0x00, 0x11, 0x00, 0x00, 0x00, 0x85, 0x07, 0x00, 0xf0, 0x0a,
    0x1a, 0x02, 0x00, 0x11, 0x00, 0x00, 0x00, 0x85, 0x07, 0x00, 0xf0, 0x06, 0x1d, 0x02, 0x00, 0x11, 0x00, 0x00, 0x00,
    0x85, 0x07, 0x00, 0xf0, 0x12, 0x11, 0x02, 0x00, 0x11, 0x00, 0x00, 0x00, 0x02, 0x00, 0x55, 0xd6, 0x0e, 0x21, 0x06,
    0x02, 0x10, 0x0d, 0x18, 0x7e, 0x92, 0x00, 0x87, 0xbf, 0x02, 0x0d, 0x04, 0x7e, 0x02, 0x19, 0x20, 0x08, 0xf7, 0x0b,
    0x89, 0xbf, 0x19, 0x39, 0x1c, 0x08, 0x17, 0x35, 0x0c, 0x08, 0x18, 0x37, 0x14, 0x08, 0x04, 0x00, 0x87, 0xbf, 0xf3,
    0x20, 0x30, 0x06, 0xf7, 0x03, 0x89, 0xbf, 0x1e, 0x25, 0x1e, 0x08, 0x1c, 0x01, 0x14, 0xd4, 0x0e, 0xff, 0x01, 0x00,
    0x00, 0x00, 0x80, 0x3d, 0x18, 0x01, 0x14, 0xd4, 0x06, 0xff, 0x01, 0x00, 0x00, 0x00, 0x80, 0x3d, 0x1a, 0x01, 0x14,
    0xd4, 0x0a, 0xff, 0x01, 0x00, 0x00, 0x00, 0x80, 0x3d, 0x1d, 0x23, 0x1c, 0x08, 0x1f, 0x27, 0x22, 0x08, 0x02, 0x55,
    0x0c, 0x7e, 0xf0, 0x04, 0x04, 0x10, 0x9f, 0x0f, 0x88, 0xbf, 0xa5, 0x04, 0x87, 0xbf, 0x10, 0x00, 0x13, 0xd6, 0x06,
    0x21, 0xc6, 0x03, 0x18, 0x1a, 0xea, 0x8c, 0x1c, 0x6a, 0xea, 0x8c, 0x18, 0x01, 0x14, 0xd4, 0x0f, 0xff, 0x01, 0x00,
    0x00, 0x00, 0x80, 0x3d, 0x1c, 0x01, 0x14, 0xd4, 0x0e, 0xff, 0x01, 0x00, 0x00, 0x00, 0x80, 0x3d, 0x1a, 0x01, 0x14,
    0xd4, 0x11, 0xff, 0x01, 0x00, 0x00, 0x00, 0x80, 0x3d, 0x0a, 0x00, 0x01, 0xd5, 0x80, 0x82, 0xa9, 0x01, 0x11, 0x00,
    0x01, 0xd5, 0x80, 0x02, 0xa9, 0x01, 0x0f, 0x00, 0x13, 0xd6, 0x06, 0x31, 0xc6, 0x03, 0x05, 0x29, 0x1c, 0x0a, 0x94,
    0x01, 0x87, 0xbf, 0x0a, 0x00, 0x12, 0xd6, 0x81, 0x14, 0x0a, 0x02, 0x06, 0x03, 0x03, 0xd5, 0x10, 0x1f, 0x02, 0x18,
    0x08, 0x2b, 0x1e, 0x0a, 0x03, 0x2d, 0x20, 0x0a, 0x1c, 0x18, 0xea, 0x8c, 0x09, 0x00, 0x87, 0xbf, 0x9e, 0xff, 0x88,
    0xbf, 0x1a, 0x6a, 0xea, 0x8c, 0x84, 0x04, 0x87, 0xbf, 0x11, 0x15, 0x14, 0x02, 0x1a, 0x00, 0x16, 0xd4, 0x02, 0x19,
    0x02, 0x00, 0x0c, 0x05, 0x2c, 0x7c, 0x03, 0x00, 0x87, 0xbf, 0x18, 0x00, 0x42, 0xd4, 0x0a, 0x05, 0x01, 0x00, 0x1c,
    0x00, 0x42, 0xd4, 0x0a, 0x03, 0x01, 0x00, 0x02, 0x00, 0x13, 0xd6, 0x06, 0x1d, 0x16, 0x04, 0x12, 0x00, 0x13, 0xd6,
    0x06, 0x1f, 0x22, 0x04, 0x0c, 0x00, 0x13, 0xd6, 0x06, 0x21, 0x0e, 0x04, 0x0d, 0x0f, 0x0c, 0x4a, 0x18, 0x1a, 0x98,
    0x8b, 0x1c, 0x6a, 0xea, 0x8b, 0x39, 0x01, 0x87, 0xbf, 0x9e, 0xff, 0x88, 0xbf, 0x18, 0x6a, 0x98, 0x8c, 0x80, 0x14,
    0x84, 0x7c, 0x6a, 0x18, 0xea, 0x8c, 0x18, 0x00, 0x45, 0xd4, 0x06, 0x01, 0x01, 0x00, 0x05, 0x05, 0x04, 0x02, 0x03,
    0x19, 0x18, 0x02, 0x08, 0x25, 0x1a, 0x02, 0x10, 0x07, 0x06, 0x58, 0x00, 0x00, 0x00, 0x3e, 0x0e, 0x0b, 0x0a, 0x58,
    0x00, 0x00, 0x00, 0x3e, 0x0f, 0x11, 0x0c, 0x58, 0x00, 0x00, 0x00, 0x3e, 0x93, 0x01, 0x87, 0xbf, 0x03, 0x00, 0x01,
    0xd5, 0x03, 0x19, 0x62, 0x00, 0x02, 0x00, 0x01, 0xd5, 0x05, 0x05, 0x62, 0x00, 0x03, 0x00, 0x87, 0xbf, 0x1f, 0x00,
    0x01, 0xd5, 0x06, 0x1b, 0x62, 0x00, 0x04, 0x7e, 0xfe, 0x91, 0x05, 0x03, 0x04, 0x7e, 0x08, 0x03, 0x3e, 0x7e, 0x04,
    0x01, 0xfe, 0xbe, 0x80, 0x16, 0x9a, 0x7c, 0x04, 0x6a, 0xfe, 0x8b, 0x94, 0x00, 0xa5, 0xbf, 0xff, 0x16, 0x0c, 0x36,
    0x80, 0x00, 0x00, 0x00, 0x07, 0x00, 0x10, 0xd6, 0x0b, 0x09, 0x0d, 0x02, 0x88, 0x16, 0x10, 0x36, 0x93, 0x01, 0x87,
    0xbf, 0x80, 0x0c, 0x8a, 0x7c, 0x88, 0x0e, 0x0c, 0x02, 0xa3, 0x01, 0x87, 0xbf, 0x80, 0x10, 0x8a, 0x7c, 0x87, 0x16,
    0x10, 0x36, 0x00, 0x0d, 0x16, 0x4a, 0x0c, 0x00, 0x55, 0xd6, 0x06, 0x01, 0x06, 0x02, 0x06, 0x02, 0x1c, 0x26, 0x93,
    0x01, 0x87, 0xbf, 0x07, 0x16, 0x1a, 0x26, 0x07, 0x18, 0x18, 0x26, 0x88, 0x10, 0x14, 0x02, 0x81, 0x02, 0x16, 0x4a,
    0xa2, 0x01, 0x87, 0xbf, 0x81, 0x14, 0x1e, 0x4a, 0x00, 0x15, 0x20, 0x4c, 0x06, 0x16, 0x16, 0x22, 0x93, 0x01, 0x87,
    0xbf, 0x00, 0x1f, 0x1e, 0x4c, 0x07, 0x20, 0x20, 0x26, 0x02, 0x00, 0x87, 0xbf, 0x07, 0x1e, 0x22, 0x26, 0x04, 0x00,
    0x85, 0xbf, 0x85, 0x07, 0x00, 0xf0, 0x0b, 0x14, 0x02, 0x00, 0x04, 0x00, 0x00, 0x00, 0x85, 0x07, 0x00, 0xf0, 0x0e,
    0x18, 0x02, 0x00, 0x0d, 0x00, 0x00, 0x00, 0x85, 0x07, 0x00, 0xf0, 0x0e, 0x1c, 0x02, 0x00, 0x0c, 0x00, 0x00, 0x00,
    0x85, 0x07, 0x00, 0xf0, 0x0e, 0x0b, 0x02, 0x00, 0x10, 0x00, 0x00, 0x00, 0x85, 0x07, 0x00, 0xf0, 0x0e, 0x0e, 0x02,
    0x00, 0x11, 0x00, 0x00, 0x00, 0x0a, 0x00, 0x55, 0xd6, 0x0a, 0x0d, 0x06, 0x02, 0x06, 0x0d, 0x0c, 0x7e, 0x07, 0x11,
    0x0e, 0x4a, 0x53, 0x02, 0x87, 0xbf, 0x0a, 0x0d, 0x22, 0x7e, 0xf7, 0x0b, 0x89, 0xbf, 0x18, 0x39, 0x14, 0x08, 0x19,
    0x3b, 0x24, 0x08, 0x1a, 0x3d, 0x26, 0x08, 0x11, 0x55, 0x30, 0x7e, 0x93, 0x01, 0x87, 0xbf, 0x18, 0x01, 0x14, 0xd4,
    0x0a, 0xff, 0x01, 0x00, 0x00, 0x00, 0x80, 0x3d, 0x1a, 0x01, 0x14, 0xd4, 0x12, 0xff, 0x01, 0x00, 0x00, 0x00, 0x80,
    0x3d, 0x03, 0x00, 0x87, 0xbf, 0x1c, 0x01, 0x14, 0xd4, 0x13, 0xff, 0x01, 0x00, 0x00, 0x00, 0x80, 0x3d, 0xf7, 0x03,
    0x89, 0xbf, 0x0b, 0x1d, 0x16, 0x08, 0x0c, 0x1f, 0x18, 0x08, 0x0d, 0x21, 0x1a, 0x08, 0x11, 0x0d, 0x14, 0x08, 0x91,
    0x02, 0x87, 0xbf, 0xf3, 0x14, 0x1c, 0x06, 0x0a, 0x00, 0x13, 0xd6, 0x18, 0x15, 0xc6, 0x03, 0x18, 0x1a, 0xea, 0x8c,
    0x09, 0x00, 0x87, 0xbf, 0x1c, 0x6a, 0xea, 0x8c, 0x18, 0x01, 0x14, 0xd4, 0x0c, 0xff, 0x01, 0x00, 0x00, 0x00, 0x80,
    0x3d, 0x1c, 0x01, 0x14, 0xd4, 0x0b, 0xff, 0x01, 0x00, 0x00, 0x00, 0x80, 0x3d, 0x1a, 0x01, 0x14, 0xd4, 0x0d, 0xff,
    0x01, 0x00, 0x00, 0x00, 0x80, 0x3d, 0x12, 0x00, 0x01, 0xd5, 0x80, 0x82, 0xa9, 0x01, 0x0b, 0x00, 0x01, 0xd5, 0x80,
    0x02, 0xa9, 0x01, 0x0c, 0x00, 0x13, 0xd6, 0x18, 0x1d, 0xc6, 0x03, 0x02, 0x29, 0x1a, 0x0a, 0x03, 0x2d, 0x28, 0x0a,
    0x10, 0x00, 0x12, 0xd6, 0x81, 0x24, 0x0a, 0x02, 0xb4, 0x04, 0x87, 0xbf, 0x0c, 0x03, 0x03, 0xd5, 0x0a, 0x19, 0x02,
    0x18, 0x1f, 0x2b, 0x14, 0x0a, 0x1c, 0x18, 0xea, 0x8c, 0x9e, 0xff, 0x88, 0xbf, 0x1a, 0x6a, 0xea, 0x8c, 0x83, 0x04,
    0x87, 0xbf, 0x0b, 0x21, 0x16, 0x02, 0xf0, 0x22, 0x20, 0x10, 0x12, 0x01, 0x87, 0xbf, 0x18, 0x00, 0x42, 0xd4, 0x0b,
    0x05, 0x01, 0x00, 0x1a, 0x00, 0x16, 0xd4, 0x06, 0x21, 0x02, 0x00, 0x1c, 0x00, 0x42, 0xd4, 0x0b, 0x03, 0x01, 0x00,
    0x10, 0x0d, 0x2c, 0x7c, 0x10, 0x00, 0x13, 0xd6, 0x0c, 0x1b, 0x0a, 0x04, 0x06, 0x00, 0x13, 0xd6, 0x0c, 0x15, 0x7e,
    0x04, 0x0c, 0x00, 0x13, 0xd6, 0x0c, 0x29, 0x0e, 0x04, 0x18, 0x1a, 0x98, 0x8b, 0x1c, 0x6a, 0xea, 0x8b, 0xc9, 0x01,
    0x87, 0xbf, 0x9e, 0xff, 0x88, 0xbf, 0x18, 0x6a, 0x98, 0x8c, 0x83, 0x16, 0x84, 0x7c, 0x6a, 0x18, 0xea, 0x8c, 0x18,
    0x00, 0x45, 0xd4, 0x07, 0x01, 0x01, 0x00, 0x03, 0x19, 0x0e, 0x02, 0x14, 0x07, 0x18, 0x58, 0x00, 0x00, 0x00, 0x3e,
    0x02, 0x21, 0x10, 0x02, 0x0d, 0x05, 0x04, 0x58, 0x00, 0x00, 0x00, 0x3e, 0x1f, 0x0d, 0x1a, 0x02, 0x0a, 0x3f, 0x06,
    0x58, 0x00, 0x00, 0x00, 0x3e, 0x05, 0x00, 0x01, 0xd5, 0x0c, 0x0f, 0x62, 0x00, 0xa2, 0x01, 0x87, 0xbf, 0x1f, 0x00,
    0x01, 0xd5, 0x03, 0x1b, 0x62, 0x00, 0x02, 0x00, 0x01, 0xd5, 0x02, 0x11, 0x62, 0x00, 0x05, 0x03, 0x06, 0x7e, 0x04,
    0x01, 0xfe, 0xbe, 0xc1, 0x02, 0x0c, 0x4a, 0x01, 0x00, 0x87, 0xbf, 0x07, 0x00, 0x64, 0xd6, 0x06, 0x01, 0x19, 0x00,
    0x85, 0x02, 0x00, 0xf0, 0x07, 0x08, 0x04, 0x00, 0x04, 0x00, 0x00, 0x00, 0xf7, 0x03, 0x89, 0xbf, 0x80, 0x10, 0x9a,
    0x7c, 0x04, 0x6a, 0xfe, 0x8b, 0x93, 0x00, 0xa5, 0xbf, 0xff, 0x10, 0x14, 0x36, 0x80, 0x00, 0x00, 0x00, 0x0b, 0x00,
    0x10, 0xd6, 0x08, 0x09, 0x0d, 0x02, 0x88, 0x10, 0x18, 0x36, 0x93, 0x01, 0x87, 0xbf, 0x80, 0x14, 0x8a, 0x7c, 0x88,
    0x16, 0x14, 0x02, 0x87, 0x10, 0x10, 0x36, 0x94, 0x01, 0x87, 0xbf, 0x80, 0x18, 0x8a, 0x7c, 0x0e, 0x00, 0x55, 0xd6,
    0x0a, 0x01, 0x06, 0x02, 0xa3, 0x01, 0x87, 0xbf, 0x88, 0x10, 0x18, 0x02, 0x00, 0x15, 0x1a, 0x4a, 0x07, 0x1c, 0x20,
    0x26, 0x23, 0x02, 0x87, 0xbf, 0x81, 0x18, 0x1c, 0x4a, 0x06, 0x0c, 0x0c, 0x26, 0x07, 0x1a, 0x1a, 0x26, 0x00, 0x19,
    0x1e, 0x4c, 0x14, 0x01, 0x87, 0xbf, 0x00, 0x1d, 0x1c, 0x4c, 0x07, 0x1e, 0x22, 0x26, 0x02, 0x00, 0x87, 0xbf, 0x07,
    0x1c, 0x28, 0x26, 0x04, 0x00, 0x85, 0xbf, 0x85, 0x07, 0x00, 0xf0, 0x07, 0x15, 0x02, 0x00, 0x04, 0x00, 0x00, 0x00,
    0x85, 0x07, 0x00, 0xf0, 0x06, 0x0d, 0x02, 0x00, 0x0d, 0x00, 0x00, 0x00, 0x85, 0x07, 0x00, 0xf0, 0x06, 0x18, 0x02,
    0x00, 0x10, 0x00, 0x00, 0x00, 0x85, 0x07, 0x00, 0xf0, 0x06, 0x1b, 0x02, 0x00, 0x11, 0x00, 0x00, 0x00, 0x85, 0x07,
    0x00, 0xf0, 0x06, 0x12, 0x02, 0x00, 0x14, 0x00, 0x00, 0x00, 0x04, 0x00, 0x55, 0xd6, 0x0a, 0x19, 0x06, 0x02, 0x0a,
    0x0d, 0x14, 0x7e, 0x02, 0x00, 0x87, 0xbf, 0x04, 0x0d, 0x08, 0x7e, 0xf7, 0x0b, 0x89, 0xbf, 0x0d, 0x31, 0x0c, 0x08,
    0x0e, 0x33, 0x0e, 0x08, 0x0f, 0x35, 0x18, 0x08, 0xf7, 0x03, 0x89, 0xbf, 0x1b, 0x25, 0x1a, 0x08, 0x14, 0x02, 0x87,
    0xbf, 0x06, 0x01, 0x14, 0xd4, 0x06, 0xff, 0x01, 0x00, 0x00, 0x00, 0x80, 0x3d, 0x08, 0x01, 0x14, 0xd4, 0x07, 0xff,
    0x01, 0x00, 0x00, 0x00, 0x80, 0x3d, 0x04, 0x00, 0x87, 0xbf, 0x0a, 0x01, 0x14, 0xd4, 0x0c, 0xff, 0x01, 0x00, 0x00,
    0x00, 0x80, 0x3d, 0x1c, 0x27, 0x1c, 0x08, 0x1d, 0x29, 0x1e, 0x08, 0x04, 0x55, 0x18, 0x7e, 0x04, 0x15, 0x0c, 0x08,
    0xf0, 0x08, 0x08, 0x10, 0xa2, 0x04, 0x87, 0xbf, 0xf3, 0x0c, 0x24, 0x06, 0x06, 0x08, 0xea, 0x8c, 0x0a, 0x6a, 0xea,
    0x8c, 0x06, 0x01, 0x14, 0xd4, 0x0e, 0xff, 0x01, 0x00, 0x00, 0x00, 0x80, 0x3d, 0x0a, 0x01, 0x14, 0xd4, 0x0d, 0xff,
    0x01, 0x00, 0x00, 0x00, 0x80, 0x3d, 0x08, 0x01, 0x14, 0xd4, 0x0f, 0xff, 0x01, 0x00, 0x00, 0x00, 0x80, 0x3d, 0x07,
    0x00, 0x01, 0xd5, 0x80, 0x82, 0xa9, 0x01, 0x35, 0x02, 0x87, 0xbf, 0x11, 0x00, 0x13, 0xd6, 0x0c, 0x25, 0xc6, 0x03,
    0x06, 0x00, 0x13, 0xd6, 0x0c, 0x0d, 0xc6, 0x03, 0x02, 0x2b, 0x1a, 0x0a, 0x10, 0x00, 0x12, 0xd6, 0x81, 0x0e, 0x0a,
    0x02, 0x07, 0x00, 0x01, 0xd5, 0x80, 0x02, 0xa9, 0x01, 0xc4, 0x04, 0x87, 0xbf, 0x0c, 0x03, 0x03, 0xd5, 0x06, 0x23,
    0x02, 0x18, 0x1f, 0x2d, 0x0c, 0x0a, 0x03, 0x2f, 0x22, 0x0a, 0x0a, 0x06, 0xea, 0x8c, 0x9e, 0xff, 0x88, 0xbf, 0x08,
    0x6a, 0xea, 0x8c, 0x84, 0x04, 0x87, 0xbf, 0x07, 0x21, 0x0e, 0x02, 0x08, 0x00, 0x16, 0xd4, 0x04, 0x15, 0x02, 0x00,
    0x0a, 0x09, 0x2c, 0x7c, 0x03, 0x00, 0x87, 0xbf, 0x06, 0x00, 0x42, 0xd4, 0x07, 0x05, 0x01, 0x00, 0x0a, 0x00, 0x42,
    0xd4, 0x07, 0x03, 0x01, 0x00, 0x04, 0x00, 0x13, 0xd6, 0x0c, 0x1b, 0x0a, 0x04, 0x0a, 0x00, 0x13, 0xd6, 0x0c, 0x0d,
    0x7e, 0x04, 0x0c, 0x00, 0x13, 0xd6, 0x0c, 0x23, 0x0e, 0x04, 0x06, 0x08, 0x86, 0x8b, 0x0a, 0x6a, 0xea, 0x8b, 0x59,
    0x01, 0x87, 0xbf, 0x9e, 0xff, 0x88, 0xbf, 0x06, 0x6a, 0x86, 0x8c, 0x80, 0x0e, 0x84, 0x7c, 0x0b, 0x11, 0x0e, 0x4a,
    0x11, 0x07, 0x10, 0x58, 0x00, 0x00, 0x00, 0x3e, 0x6a, 0x06, 0xea, 0x8c, 0x06, 0x00, 0x45, 0xd4, 0x07, 0x01, 0x01,
    0x00, 0x03, 0x19, 0x0e, 0x02, 0x1f, 0x15, 0x18, 0x02, 0x06, 0x3f, 0x06, 0x58, 0x00, 0x00, 0x00, 0x3e, 0x02, 0x09,
    0x08, 0x02, 0x0d, 0x05, 0x04, 0x58, 0x00, 0x00, 0x00, 0x3e, 0x05, 0x00, 0x01, 0xd5, 0x08, 0x0f, 0x1a, 0x00, 0x94,
    0x01, 0x87, 0xbf, 0x1f, 0x00, 0x01, 0xd5, 0x03, 0x19, 0x1a, 0x00, 0x02, 0x00, 0x01, 0xd5, 0x02, 0x09, 0x1a, 0x00,
    0x03, 0x00, 0x87, 0xbf, 0x05, 0x03, 0x06, 0x7e, 0x04, 0x01, 0xfe, 0xbe, 0x00, 0x01, 0x0c, 0xf4, 0x00, 0x00, 0x00,
    0xf8, 0x03, 0x03, 0x08, 0x7e, 0x09, 0x03, 0x0a, 0x7e, 0x1f, 0x03, 0x06, 0x7e, 0x07, 0xfc, 0x89, 0xbf, 0x85, 0x4f,
    0x18, 0xf0, 0x01, 0x02, 0x01, 0x00, 0x00, 0x00, 0x00, 0x00, 0x00, 0x00, 0x80, 0xbf, 0x03, 0x00, 0xb6, 0xbf, 0x00,
    0x00, 0xb0, 0xbf, 0x00, 0x00, 0x9f, 0xbf, 0x00, 0x00, 0x9f, 0xbf, 0x00, 0x00, 0x9f, 0xbf, 0x00, 0x00, 0x9f, 0xbf,
    0x00, 0x00, 0x9f, 0xbf, 0x00, 0x00, 0x9f, 0xbf, 0x00, 0x00, 0x9f, 0xbf, 0x00, 0x00, 0x9f, 0xbf, 0x00, 0x00, 0x9f,
    0xbf, 0x00, 0x00, 0x9f, 0xbf, 0x00, 0x00, 0x9f, 0xbf, 0x00, 0x00, 0x9f, 0xbf, 0x00, 0x00, 0x9f, 0xbf, 0x00, 0x00,
    0x9f, 0xbf, 0x00, 0x00, 0x9f, 0xbf, 0x00, 0x00, 0x9f, 0xbf, 0x00, 0x00, 0x9f, 0xbf, 0x00, 0x00, 0x9f, 0xbf, 0x00,
    0x00, 0x9f, 0xbf, 0x00, 0x00, 0x9f, 0xbf, 0x00, 0x00, 0x9f, 0xbf, 0x00, 0x00, 0x9f, 0xbf, 0x00, 0x00, 0x9f, 0xbf,
    0x00, 0x00, 0x9f, 0xbf, 0x00, 0x00, 0x9f, 0xbf, 0x00, 0x00, 0x9f, 0xbf, 0x00, 0x00, 0x9f, 0xbf, 0x00, 0x00, 0x9f,
    0xbf, 0x00, 0x00, 0x9f, 0xbf, 0x00, 0x00, 0x9f, 0xbf, 0x00, 0x00, 0x9f, 0xbf, 0x00, 0x00, 0x9f, 0xbf, 0x00, 0x00,
    0x9f, 0xbf, 0x00, 0x00, 0x9f, 0xbf, 0x00, 0x00, 0x9f, 0xbf, 0x00, 0x00, 0x9f, 0xbf, 0x00, 0x00, 0x9f, 0xbf, 0x00,
    0x00, 0x9f, 0xbf, 0x00, 0x00, 0x9f, 0xbf, 0x00, 0x00, 0x9f, 0xbf, 0x00, 0x00, 0x9f, 0xbf, 0x00, 0x00, 0x9f, 0xbf,
    0x00, 0x00, 0x9f, 0xbf, 0x00, 0x00, 0x9f, 0xbf, 0x00, 0x00, 0x9f, 0xbf, 0x00, 0x00, 0x9f, 0xbf, 0x00, 0x00, 0x9f,
    0xbf, 0x00, 0x00, 0x9f, 0xbf, 0x00, 0x00, 0x9f, 0xbf, 0x00, 0x00, 0x9f, 0xbf, 0x00, 0x00, 0x9f, 0xbf, 0x00, 0x00,
    0x9f, 0xbf, 0x00, 0x00, 0x9f, 0xbf, 0x00, 0x00, 0x9f, 0xbf, 0x00, 0x00, 0x9f, 0xbf, 0x00, 0x00, 0x9f, 0xbf, 0x00,
    0x00, 0x9f, 0xbf, 0x00, 0x00, 0x9f, 0xbf, 0x00, 0x00, 0x9f, 0xbf, 0x00, 0x00, 0x9f, 0xbf, 0x00, 0x00, 0x9f, 0xbf,
    0x00, 0x00, 0x9f, 0xbf, 0x00, 0x00, 0x9f, 0xbf, 0x00, 0x00, 0x9f, 0xbf, 0x00, 0x00, 0x00, 0x00, 0x00, 0x00, 0x10,
    0x00, 0x00, 0x00, 0x00, 0x00, 0xac, 0xdf, 0x03, 0x10, 0x47, 0x65, 0x6e, 0x65, 0x72, 0x61, 0x74, 0x65, 0x64, 0x20,
    0x62, 0x79, 0x20, 0x74, 0x68, 0x65, 0x20, 0x41, 0x64, 0x76, 0x61, 0x6e, 0x63, 0x65, 0x64, 0x20, 0x4d, 0x69, 0x63,
    0x72, 0x6f, 0x20, 0x44, 0x65, 0x76, 0x69, 0x63, 0x65, 0x73, 0x2c, 0x20, 0x49, 0x6e, 0x63, 0x2e, 0x2c, 0x20, 0x50,
    0x72, 0x6f, 0x70, 0x72, 0x69, 0x65, 0x74, 0x61, 0x72, 0x79, 0x20, 0x47, 0x50, 0x55, 0x20, 0x53, 0x68, 0x61, 0x64,
    0x65, 0x72, 0x20, 0x43, 0x6f, 0x6d, 0x70, 0x69, 0x6c, 0x65, 0x72, 0x2e, 0x00, 0x00, 0x5f, 0x61, 0x6d, 0x64, 0x67,
    0x70, 0x75, 0x5f, 0x63, 0x73, 0x5f, 0x6d, 0x61, 0x69, 0x6e, 0x00, 0x5f, 0x61, 0x6d, 0x64, 0x67, 0x70, 0x75, 0x5f,
    0x63, 0x73, 0x5f, 0x73, 0x68, 0x64, 0x72, 0x5f, 0x69, 0x6e, 0x74, 0x72, 0x6c, 0x5f, 0x74, 0x62, 0x6c, 0x00, 0x00,
    0x00, 0x00, 0x00, 0x00, 0x00, 0x00, 0x00, 0x00, 0x00, 0x00, 0x00, 0x00, 0x00, 0x00, 0x00, 0x00, 0x00, 0x00, 0x00,
    0x00, 0x00, 0x00, 0x00, 0x01, 0x00, 0x00, 0x00, 0x12, 0x00, 0x02, 0x00, 0x00, 0x00, 0x00, 0x00, 0x00, 0x00, 0x00,
    0x00, 0x9c, 0x0b, 0x00, 0x00, 0x00, 0x00, 0x00, 0x00, 0x11, 0x00, 0x00, 0x00, 0x11, 0x00, 0x03, 0x00, 0x00, 0x00,
    0x00, 0x00, 0x00, 0x00, 0x00, 0x00, 0x10, 0x00, 0x00, 0x00, 0x00, 0x00, 0x00, 0x00, 0x07, 0x00, 0x00, 0x00, 0x14,
    0x04, 0x00, 0x00, 0x20, 0x00, 0x00, 0x00, 0x41, 0x4d, 0x44, 0x47, 0x50, 0x55, 0x00, 0x00, 0x82, 0xae, 0x61, 0x6d,
    0x64, 0x70, 0x61, 0x6c, 0x2e, 0x76, 0x65, 0x72, 0x73, 0x69, 0x6f, 0x6e, 0x92, 0x03, 0x06, 0xb0, 0x61, 0x6d, 0x64,
    0x70, 0x61, 0x6c, 0x2e, 0x70, 0x69, 0x70, 0x65, 0x6c, 0x69, 0x6e, 0x65, 0x73, 0x91, 0x8b, 0xa5, 0x2e, 0x74, 0x79,
    0x70, 0x65, 0xa2, 0x43, 0x73, 0xae, 0x2e, 0x72, 0x65, 0x73, 0x6f, 0x75, 0x72, 0x63, 0x65, 0x5f, 0x68, 0x61, 0x73,
    0x68, 0xcf, 0x72, 0xca, 0x76, 0xf7, 0x66, 0xe5, 0xac, 0x79, 0xb0, 0x2e, 0x73, 0x70, 0x69, 0x6c, 0x6c, 0x5f, 0x74,
    0x68, 0x72, 0x65, 0x73, 0x68, 0x6f, 0x6c, 0x64, 0xcd, 0xff, 0xff, 0xb0, 0x2e, 0x75, 0x73, 0x65, 0x72, 0x5f, 0x64,
    0x61, 0x74, 0x61, 0x5f, 0x6c, 0x69, 0x6d, 0x69, 0x74, 0x01, 0xa8, 0x2e, 0x73, 0x68, 0x61, 0x64, 0x65, 0x72, 0x73,
    0x81, 0xa8, 0x2e, 0x63, 0x6f, 0x6d, 0x70, 0x75, 0x74, 0x65, 0x83, 0xb0, 0x2e, 0x61, 0x70, 0x69, 0x5f, 0x73, 0x68,
    0x61, 0x64, 0x65, 0x72, 0x5f, 0x68, 0x61, 0x73, 0x68, 0x92, 0xcf, 0x08, 0xc5, 0xab, 0x4a, 0x96, 0xa2, 0x76, 0x23,
    0xcf, 0x6f, 0x86, 0xd9, 0xda, 0xcb, 0x99, 0xb6, 0x93, 0xb1, 0x2e, 0x68, 0x61, 0x72, 0x64, 0x77, 0x61, 0x72, 0x65,
    0x5f, 0x6d, 0x61, 0x70, 0x70, 0x69, 0x6e, 0x67, 0x91, 0xa3, 0x2e, 0x63, 0x73, 0xaf, 0x2e, 0x73, 0x68, 0x61, 0x64,
    0x65, 0x72, 0x5f, 0x73, 0x75, 0x62, 0x74, 0x79, 0x70, 0x65, 0xa7, 0x55, 0x6e, 0x6b, 0x6e, 0x6f, 0x77, 0x6e, 0xb0,
    0x2e, 0x68, 0x61, 0x72, 0x64, 0x77, 0x61, 0x72, 0x65, 0x5f, 0x73, 0x74, 0x61, 0x67, 0x65, 0x73, 0x81, 0xa3, 0x2e,
    0x63, 0x73, 0xde, 0x00, 0x1b, 0xb3, 0x2e, 0x65, 0x6e, 0x74, 0x72, 0x79, 0x5f, 0x70, 0x6f, 0x69, 0x6e, 0x74, 0x5f,
    0x73, 0x79, 0x6d, 0x62, 0x6f, 0x6c, 0xaf, 0x5f, 0x61, 0x6d, 0x64, 0x67, 0x70, 0x75, 0x5f, 0x63, 0x73, 0x5f, 0x6d,
    0x61, 0x69, 0x6e, 0xab, 0x2e, 0x73, 0x67, 0x70, 0x72, 0x5f, 0x63, 0x6f, 0x75, 0x6e, 0x74, 0x1e, 0xab, 0x2e, 0x76,
    0x67, 0x70, 0x72, 0x5f, 0x63, 0x6f, 0x75, 0x6e, 0x74, 0x20, 0xa9, 0x2e, 0x6c, 0x64, 0x73, 0x5f, 0x73, 0x69, 0x7a,
    0x65, 0x00, 0xb4, 0x2e, 0x73, 0x63, 0x72, 0x61, 0x74, 0x63, 0x68, 0x5f, 0x6d, 0x65, 0x6d, 0x6f, 0x72, 0x79, 0x5f,
    0x73, 0x69, 0x7a, 0x65, 0x00, 0xb4, 0x2e, 0x66, 0x72, 0x6f, 0x6e, 0x74, 0x65, 0x6e, 0x64, 0x5f, 0x73, 0x74, 0x61,
    0x63, 0x6b, 0x5f, 0x73, 0x69, 0x7a, 0x65, 0x00, 0xb3, 0x2e, 0x62, 0x61, 0x63, 0x6b, 0x65, 0x6e, 0x64, 0x5f, 0x73,
    0x74, 0x61, 0x63, 0x6b, 0x5f, 0x73, 0x69, 0x7a, 0x65, 0x00, 0xb6, 0x2e, 0x70, 0x65, 0x72, 0x66, 0x5f, 0x64, 0x61,
    0x74, 0x61, 0x5f, 0x62, 0x75, 0x66, 0x66, 0x65, 0x72, 0x5f, 0x73, 0x69, 0x7a, 0x65, 0x00, 0xaa, 0x2e, 0x75, 0x73,
    0x65, 0x73, 0x5f, 0x75, 0x61, 0x76, 0x73, 0xc3, 0xac, 0x2e, 0x77, 0x72, 0x69, 0x74, 0x65, 0x73, 0x5f, 0x75, 0x61,
    0x76, 0x73, 0xc3, 0xb4, 0x2e, 0x75, 0x73, 0x65, 0x73, 0x5f, 0x61, 0x70, 0x70, 0x65, 0x6e, 0x64, 0x5f, 0x63, 0x6f,
    0x6e, 0x73, 0x75, 0x6d, 0x65, 0xc2, 0xaf, 0x2e, 0x77, 0x61, 0x76, 0x65, 0x66, 0x72, 0x6f, 0x6e, 0x74, 0x5f, 0x73,
    0x69, 0x7a, 0x65, 0x40, 0xb2, 0x2e, 0x75, 0x73, 0x65, 0x72, 0x5f, 0x64, 0x61, 0x74, 0x61, 0x5f, 0x72, 0x65, 0x67,
    0x5f, 0x6d, 0x61, 0x70, 0xdc, 0x00, 0x20, 0xce, 0xff, 0xff, 0xff, 0xff, 0xce, 0xff, 0xff, 0xff, 0xff, 0x00, 0xce,
    0xff, 0xff, 0xff, 0xff, 0xce, 0xff, 0xff, 0xff, 0xff, 0xce, 0xff, 0xff, 0xff, 0xff, 0xce, 0xff, 0xff, 0xff, 0xff,
    0xce, 0xff, 0xff, 0xff, 0xff, 0xce, 0xff, 0xff, 0xff, 0xff, 0xce, 0xff, 0xff, 0xff, 0xff, 0xce, 0xff, 0xff, 0xff,
    0xff, 0xce, 0xff, 0xff, 0xff, 0xff, 0xce, 0xff, 0xff, 0xff, 0xff, 0xce, 0xff, 0xff, 0xff, 0xff, 0xce, 0xff, 0xff,
    0xff, 0xff, 0xce, 0xff, 0xff, 0xff, 0xff, 0xce, 0xff, 0xff, 0xff, 0xff, 0xce, 0xff, 0xff, 0xff, 0xff, 0xce, 0xff,
    0xff, 0xff, 0xff, 0xce, 0xff, 0xff, 0xff, 0xff, 0xce, 0xff, 0xff, 0xff, 0xff, 0xce, 0xff, 0xff, 0xff, 0xff, 0xce,
    0xff, 0xff, 0xff, 0xff, 0xce, 0xff, 0xff, 0xff, 0xff, 0xce, 0xff, 0xff, 0xff, 0xff, 0xce, 0xff, 0xff, 0xff, 0xff,
    0xce, 0xff, 0xff, 0xff, 0xff, 0xce, 0xff, 0xff, 0xff, 0xff, 0xce, 0xff, 0xff, 0xff, 0xff, 0xce, 0xff, 0xff, 0xff,
    0xff, 0xce, 0xff, 0xff, 0xff, 0xff, 0xce, 0xff, 0xff, 0xff, 0xff, 0xb7, 0x2e, 0x74, 0x68, 0x72, 0x65, 0x61, 0x64,
    0x67, 0x72, 0x6f, 0x75, 0x70, 0x5f, 0x64, 0x69, 0x6d, 0x65, 0x6e, 0x73, 0x69, 0x6f, 0x6e, 0x73, 0x93, 0x08, 0x08,
    0x01, 0xab, 0x2e, 0x66, 0x6c, 0x6f, 0x61, 0x74, 0x5f, 0x6d, 0x6f, 0x64, 0x65, 0xcc, 0xc0, 0xae, 0x2e, 0x66, 0x70,
    0x31, 0x36, 0x5f, 0x6f, 0x76, 0x65, 0x72, 0x66, 0x6c, 0x6f, 0x77, 0xc2, 0xaa, 0x2e, 0x69, 0x65, 0x65, 0x65, 0x5f,
    0x6d, 0x6f, 0x64, 0x65, 0xc2, 0xa9, 0x2e, 0x77, 0x67, 0x70, 0x5f, 0x6d, 0x6f, 0x64, 0x65, 0xc2, 0xac, 0x2e, 0x6d,
    0x65, 0x6d, 0x5f, 0x6f, 0x72, 0x64, 0x65, 0x72, 0x65, 0x64, 0xc2, 0xb1, 0x2e, 0x66, 0x6f, 0x72, 0x77, 0x61, 0x72,
    0x64, 0x5f, 0x70, 0x72, 0x6f, 0x67, 0x72, 0x65, 0x73, 0x73, 0xc2, 0xab, 0x2e, 0x75, 0x73, 0x65, 0x72, 0x5f, 0x73,
    0x67, 0x70, 0x72, 0x73, 0x03, 0xa8, 0x2e, 0x65, 0x78, 0x63, 0x70, 0x5f, 0x65, 0x6e, 0x00, 0xab, 0x2e, 0x73, 0x63,
    0x72, 0x61, 0x74, 0x63, 0x68, 0x5f, 0x65, 0x6e, 0xc2, 0xad, 0x2e, 0x74, 0x72, 0x61, 0x70, 0x5f, 0x70, 0x72, 0x65,
    0x73, 0x65, 0x6e, 0x74, 0xc2, 0xb0, 0x2e, 0x73, 0x68, 0x61, 0x72, 0x65, 0x64, 0x5f, 0x76, 0x67, 0x70, 0x72, 0x5f,
    0x63, 0x6e, 0x74, 0x00, 0xad, 0x2e, 0x77, 0x61, 0x76, 0x65, 0x73, 0x5f, 0x70, 0x65, 0x72, 0x5f, 0x73, 0x65, 0x00,
    0xaf, 0x2e, 0x63, 0x68, 0x65, 0x63, 0x6b, 0x73, 0x75, 0x6d, 0x5f, 0x76, 0x61, 0x6c, 0x75, 0x65, 0xce, 0x3a, 0x78,
    0xb2, 0x20, 0xaa, 0x2e, 0x72, 0x65, 0x67, 0x69, 0x73, 0x74, 0x65, 0x72, 0x73, 0x81, 0xcd, 0x2e, 0x42, 0x00, 0xa5,
    0x2e, 0x6e, 0x61, 0x6d, 0x65, 0xb2, 0x4d, 0x6c, 0x61, 0x61, 0x46, 0x69, 0x6e, 0x61, 0x6c, 0x42, 0x6c, 0x65, 0x6e,
    0x64, 0x46, 0x61, 0x73, 0x74, 0xb7, 0x2e, 0x69, 0x6e, 0x74, 0x65, 0x72, 0x6e, 0x61, 0x6c, 0x5f, 0x70, 0x69, 0x70,
    0x65, 0x6c, 0x69, 0x6e, 0x65, 0x5f, 0x68, 0x61, 0x73, 0x68, 0x92, 0xcf, 0x70, 0x98, 0xee, 0x9f, 0x80, 0x13, 0x4b,
    0x84, 0xcf, 0x3e, 0x11, 0xcd, 0x3c, 0x21, 0xb7, 0x3a, 0xca, 0xb2, 0x2e, 0x63, 0x6f, 0x6d, 0x70, 0x75, 0x74, 0x65,
    0x5f, 0x72, 0x65, 0x67, 0x69, 0x73, 0x74, 0x65, 0x72, 0x73, 0x85, 0xaf, 0x2e, 0x74, 0x69, 0x64, 0x69, 0x67, 0x5f,
    0x63, 0x6f, 0x6d, 0x70, 0x5f, 0x63, 0x6e, 0x74, 0x01, 0xaa, 0x2e, 0x74, 0x67, 0x69, 0x64, 0x5f, 0x78, 0x5f, 0x65,
    0x6e, 0xc3, 0xaa, 0x2e, 0x74, 0x67, 0x69, 0x64, 0x5f, 0x79, 0x5f, 0x65, 0x6e, 0xc3, 0xaa, 0x2e, 0x74, 0x67, 0x69,
    0x64, 0x5f, 0x7a, 0x5f, 0x65, 0x6e, 0xc2, 0xab, 0x2e, 0x74, 0x67, 0x5f, 0x73, 0x69, 0x7a, 0x65, 0x5f, 0x65, 0x6e,
    0xc2, 0xa4, 0x2e, 0x61, 0x70, 0x69, 0xa7, 0x73, 0x63, 0x70, 0x63, 0x42, 0x6c, 0x64, 0x00, 0x00, 0x00, 0x00, 0x00,
    0x00, 0x00, 0x00, 0x00, 0x00, 0x00, 0x00, 0x00, 0x00, 0x00, 0x00, 0x00, 0x00, 0x00, 0x00, 0x00, 0x00, 0x00, 0x00,
    0x00, 0x00, 0x00, 0x00, 0x00, 0x00, 0x00, 0x00, 0x00, 0x00, 0x00, 0x00, 0x00, 0x00, 0x00, 0x00, 0x00, 0x00, 0x00,
    0x00, 0x00, 0x00, 0x00, 0x00, 0x00, 0x00, 0x00, 0x00, 0x00, 0x00, 0x00, 0x00, 0x00, 0x00, 0x00, 0x00, 0x00, 0x00,
    0x00, 0x00, 0x00, 0x00, 0x00, 0x01, 0x00, 0x00, 0x00, 0x03, 0x00, 0x00, 0x00, 0x00, 0x00, 0x00, 0x00, 0x00, 0x00,
    0x00, 0x00, 0x00, 0x00, 0x00, 0x00, 0x00, 0x00, 0x00, 0x00, 0x40, 0x00, 0x00, 0x00, 0x00, 0x00, 0x00, 0x00, 0x36,
    0x00, 0x00, 0x00, 0x00, 0x00, 0x00, 0x00, 0x00, 0x00, 0x00, 0x00, 0x00, 0x00, 0x00, 0x00, 0x00, 0x00, 0x00, 0x00,
    0x00, 0x00, 0x00, 0x00, 0x00, 0x00, 0x00, 0x00, 0x00, 0x00, 0x00, 0x00, 0x0b, 0x00, 0x00, 0x00, 0x01, 0x00, 0x00,
    0x00, 0x06, 0x00, 0x00, 0x00, 0x00, 0x00, 0x00, 0x00, 0x00, 0x00, 0x00, 0x00, 0x00, 0x00, 0x00, 0x00, 0x76, 0x00,
    0x00, 0x00, 0x00, 0x00, 0x00, 0x00, 0x9c, 0x0b, 0x00, 0x00, 0x00, 0x00, 0x00, 0x00, 0x00, 0x00, 0x00, 0x00, 0x00,
    0x00, 0x00, 0x00, 0x00, 0x01, 0x00, 0x00, 0x00, 0x00, 0x00, 0x00, 0x00, 0x00, 0x00, 0x00, 0x00, 0x00, 0x00, 0x00,
    0x11, 0x00, 0x00, 0x00, 0x01, 0x00, 0x00, 0x00, 0x03, 0x00, 0x00, 0x00, 0x00, 0x00, 0x00, 0x00, 0x00, 0x00, 0x00,
    0x00, 0x00, 0x00, 0x00, 0x00, 0x12, 0x0c, 0x00, 0x00, 0x00, 0x00, 0x00, 0x00, 0x10, 0x00, 0x00, 0x00, 0x00, 0x00,
    0x00, 0x00, 0x00, 0x00, 0x00, 0x00, 0x00, 0x00, 0x00, 0x00, 0x20, 0x00, 0x00, 0x00, 0x00, 0x00, 0x00, 0x00, 0x00,
    0x00, 0x00, 0x00, 0x00, 0x00, 0x00, 0x00, 0x17, 0x00, 0x00, 0x00, 0x01, 0x00, 0x00, 0x00, 0x00, 0x00, 0x00, 0x00,
    0x00, 0x00, 0x00, 0x00, 0x00, 0x00, 0x00, 0x00, 0x00, 0x00, 0x00, 0x00, 0x22, 0x0c, 0x00, 0x00, 0x00, 0x00, 0x00,
    0x00, 0x50, 0x00, 0x00, 0x00, 0x00, 0x00, 0x00, 0x00, 0x00, 0x00, 0x00, 0x00, 0x00, 0x00, 0x00, 0x00, 0x00, 0x00,
    0x00, 0x00, 0x00, 0x00, 0x00, 0x00, 0x00, 0x00, 0x00, 0x00, 0x00, 0x00, 0x00, 0x00, 0x20, 0x00, 0x00, 0x00, 0x03,
    0x00, 0x00, 0x00, 0x00, 0x00, 0x00, 0x00, 0x00, 0x00, 0x00, 0x00, 0x00, 0x00, 0x00, 0x00, 0x00, 0x00, 0x00, 0x00,
    0x72, 0x0c, 0x00, 0x00, 0x00, 0x00, 0x00, 0x00, 0x2b, 0x00, 0x00, 0x00, 0x00, 0x00, 0x00, 0x00, 0x00, 0x00, 0x00,
    0x00, 0x00, 0x00, 0x00, 0x00, 0x00, 0x00, 0x00, 0x00, 0x00, 0x00, 0x00, 0x00, 0x00, 0x00, 0x00, 0x00, 0x00, 0x00,
    0x00, 0x00, 0x28, 0x00, 0x00, 0x00, 0x02, 0x00, 0x00, 0x00, 0x00, 0x00, 0x00, 0x00, 0x00, 0x00, 0x00, 0x00, 0x00,
    0x00, 0x00, 0x00, 0x00, 0x00, 0x00, 0x00, 0x9d, 0x0c, 0x00, 0x00, 0x00, 0x00, 0x00, 0x00, 0x48, 0x00, 0x00, 0x00,
    0x00, 0x00, 0x00, 0x00, 0x05, 0x00, 0x00, 0x00, 0x00, 0x00, 0x00, 0x00, 0x00, 0x00, 0x00, 0x00, 0x00, 0x00, 0x00,
    0x00, 0x18, 0x00, 0x00, 0x00, 0x00, 0x00, 0x00, 0x00, 0x30, 0x00, 0x00, 0x00, 0x07, 0x00, 0x00, 0x00, 0x00, 0x00,
    0x00, 0x00, 0x00, 0x00, 0x00, 0x00, 0x00, 0x00, 0x00, 0x00, 0x00, 0x00, 0x00, 0x00, 0xe5, 0x0c, 0x00, 0x00, 0x00,
    0x00, 0x00, 0x00, 0x28, 0x04, 0x00, 0x00, 0x00, 0x00, 0x00, 0x00, 0x00, 0x00, 0x00, 0x00, 0x00, 0x00, 0x00, 0x00,
    0x00, 0x00, 0x00, 0x00, 0x00, 0x00, 0x00, 0x00, 0x00, 0x00, 0x00, 0x00, 0x00, 0x00, 0x00, 0x00,
};

// Mlaa Calc Sep Edge Length compute shader binary
inline constexpr Util::uint8 MlaaCalcSepEdgeLength_Cs_519251A5[] =
{
    0x7f, 0x45, 0x4c, 0x46, 0x02, 0x01, 0x01, 0x41, 0x00, 0x00, 0x00, 0x00, 0x00, 0x00, 0x00, 0x00, 0x01, 0x00, 0xe0,
    0x00, 0x01, 0x00, 0x00, 0x00, 0x00, 0x00, 0x00, 0x00, 0x00, 0x00, 0x00, 0x00, 0x00, 0x00, 0x00, 0x00, 0x00, 0x00,
    0x00, 0x00, 0x10, 0x0b, 0x00, 0x00, 0x00, 0x00, 0x00, 0x00, 0x44, 0x05, 0x00, 0x00, 0x40, 0x00, 0x00, 0x00, 0x00,
    0x00, 0x40, 0x00, 0x08, 0x00, 0x01, 0x00, 0x00, 0x2e, 0x73, 0x68, 0x73, 0x74, 0x72, 0x74, 0x61, 0x62, 0x00, 0x2e,
    0x74, 0x65, 0x78, 0x74, 0x00, 0x2e, 0x64, 0x61, 0x74, 0x61, 0x00, 0x2e, 0x63, 0x6f, 0x6d, 0x6d, 0x65, 0x6e, 0x74,
    0x00, 0x2e, 0x73, 0x74, 0x72, 0x74, 0x61, 0x62, 0x00, 0x2e, 0x73, 0x79, 0x6d, 0x74, 0x61, 0x62, 0x00, 0x2e, 0x6e,
    0x6f, 0x74, 0x65, 0x00, 0x06, 0x20, 0x80, 0xb0, 0x80, 0x47, 0x86, 0xbe, 0x03, 0x00, 0x84, 0xbf, 0x02, 0x00, 0x80,
    0xbe, 0x07, 0x00, 0x81, 0xbe, 0x00, 0x02, 0x08, 0xf4, 0xa0, 0x00, 0x00, 0xf8, 0xff, 0x00, 0x02, 0x36, 0xff, 0x03,
    0x00, 0x00, 0x00, 0x00, 0x10, 0xd6, 0x00, 0x15, 0x29, 0x02, 0x12, 0x01, 0x87, 0xbf, 0x04, 0x00, 0x46, 0xd6, 0x03,
    0x06, 0x05, 0x04, 0x06, 0x00, 0x46, 0xd6, 0x04, 0x06, 0x01, 0x04, 0x07, 0xfc, 0x89, 0xbf, 0x12, 0x01, 0x87, 0xbf,
    0x02, 0x00, 0x4e, 0xd4, 0x09, 0x08, 0x02, 0x00, 0x0a, 0x0c, 0x9c, 0x7c, 0x02, 0x6a, 0xea, 0x8b, 0x09, 0x00, 0x87,
    0xbf, 0x6a, 0x21, 0x82, 0xbe, 0x0f, 0x01, 0xa5, 0xbf, 0x00, 0x03, 0x0c, 0xf4, 0x40, 0x00, 0x00, 0xf8, 0x00, 0x05,
    0x0c, 0xf4, 0x60, 0x00, 0x00, 0xf8, 0x00, 0x07, 0x0c, 0xf4, 0x80, 0x00, 0x00, 0xf8, 0x07, 0xfc, 0x89, 0xbf, 0x85,
    0x01, 0x00, 0xf0, 0x04, 0x00, 0x03, 0x00, 0x06, 0x00, 0x00, 0x00, 0x85, 0x01, 0x00, 0xf0, 0x04, 0x01, 0x05, 0x00,
    0x06, 0x00, 0x00, 0x00, 0x85, 0x01, 0x00, 0xf0, 0x04, 0x02, 0x07, 0x00, 0x06, 0x00, 0x00, 0x00, 0xf7, 0x0b, 0x89,
    0xbf, 0x81, 0x00, 0x06, 0x36, 0x82, 0x00, 0x00, 0x36, 0xf7, 0x03, 0x89, 0xbf, 0x80, 0x04, 0x86, 0x7c, 0x93, 0x01,
    0x87, 0xbf, 0x04, 0x00, 0x45, 0xd4, 0x03, 0x01, 0x01, 0x00, 0x06, 0x00, 0x45, 0xd4, 0x00, 0x01, 0x01, 0x00, 0xff,
    0x02, 0x0a, 0x36, 0x00, 0x80, 0x00, 0x00, 0xff, 0x04, 0x00, 0x36, 0x00, 0x80, 0x00, 0x00, 0x28, 0x00, 0x46, 0xd4,
    0x01, 0x01, 0x01, 0x00, 0x93, 0x01, 0x87, 0xbf, 0x24, 0x00, 0x42, 0xd4, 0x05, 0x01, 0x01, 0x00, 0x26, 0x00, 0x42,
    0xd4, 0x00, 0x01, 0x01, 0x00, 0x90, 0x02, 0x18, 0x32, 0x90, 0x04, 0x0a, 0x32, 0x01, 0xd7, 0x00, 0x7e, 0x02, 0xd7,
    0x06, 0x7e, 0x04, 0x28, 0xa8, 0x8b, 0x06, 0x6a, 0xaa, 0x8b, 0x04, 0x24, 0x84, 0x8b, 0x06, 0x26, 0x86, 0x8b, 0x28,
    0x2a, 0xac, 0x8c, 0x04, 0x06, 0xea, 0x8c, 0x99, 0x04, 0x87, 0xbf, 0x2c, 0x6a, 0xea, 0x8c, 0x6a, 0x21, 0xa4, 0xbe,
    0xc3, 0x00, 0xa5, 0xbf, 0x08, 0x81, 0x8b, 0x8a, 0x81, 0x08, 0x27, 0x84, 0x0b, 0x81, 0x26, 0x84, 0x0b, 0xc2, 0x0b,
    0x87, 0xff, 0xff, 0x26, 0xb8, 0xc1, 0x08, 0x08, 0x84, 0x00, 0x00, 0x55, 0xd6, 0x26, 0x08, 0x0a, 0x02, 0x08, 0x00,
    0x55, 0xd6, 0x26, 0x0c, 0x0a, 0x02, 0x0b, 0x08, 0x06, 0x4a, 0x09, 0x08, 0x12, 0x22, 0x04, 0x00, 0x87, 0xbf, 0x00,
    0x00, 0x64, 0xd6, 0x00, 0x01, 0x25, 0x00, 0x0a, 0x0c, 0x0a, 0x22, 0x0a, 0x00, 0x64, 0xd6, 0x08, 0x01, 0x29, 0x00,
    0x08, 0x08, 0x10, 0x4a, 0x03, 0x00, 0x64, 0xd6, 0x03, 0x01, 0x25, 0x00, 0x27, 0x08, 0x20, 0x4a, 0x27, 0x0c, 0x1e,
    0x4a, 0x94, 0x01, 0x87, 0xbf, 0x0e, 0x00, 0x64, 0xd6, 0x08, 0x01, 0x25, 0x00, 0x12, 0x00, 0x64, 0xd6, 0x10, 0x01,
    0x25, 0x00, 0x33, 0x01, 0x87, 0xbf, 0x13, 0x00, 0x64, 0xd6, 0x0f, 0x01, 0x29, 0x00, 0x0b, 0x0c, 0x0e, 0x4a, 0x08,
    0x0c, 0x16, 0x4a, 0x07, 0x00, 0x64, 0xd6, 0x07, 0x01, 0x29, 0x00, 0x02, 0x00, 0x87, 0xbf, 0x11, 0x00, 0x64, 0xd6,
    0x0b, 0x01, 0x29, 0x00, 0x02, 0x00, 0x85, 0xbf, 0x85, 0x01, 0x00, 0xf0, 0x09, 0x07, 0x07, 0x00, 0x07, 0x00, 0x00,
    0x00, 0x85, 0x01, 0x00, 0xf0, 0x09, 0x0a, 0x07, 0x00, 0x0a, 0x00, 0x00, 0x00, 0x85, 0x01, 0x00, 0xf0, 0x04, 0x0d,
    0x07, 0x00, 0x0b, 0x00, 0x00, 0x00, 0x02, 0x00, 0x85, 0xbf, 0x85, 0x01, 0x00, 0xf0, 0x00, 0x00, 0x05, 0x00, 0x05,
    0x00, 0x00, 0x00, 0x85, 0x01, 0x00, 0xf0, 0x03, 0x03, 0x05, 0x00, 0x05, 0x00, 0x00, 0x00, 0x85, 0x01, 0x00, 0xf0,
    0x08, 0x0c, 0x05, 0x00, 0x06, 0x00, 0x00, 0x00, 0x03, 0x00, 0x85, 0xbf, 0x85, 0x01, 0x00, 0xf0, 0x0e, 0x0e, 0x03,
    0x00, 0x05, 0x00, 0x00, 0x00, 0x85, 0x01, 0x00, 0xf0, 0x12, 0x05, 0x03, 0x00, 0x05, 0x00, 0x00, 0x00, 0x85, 0x01,
    0x00, 0xf0, 0x09, 0x12, 0x03, 0x00, 0x13, 0x00, 0x00, 0x00, 0x85, 0x01, 0x00, 0xf0, 0x09, 0x09, 0x03, 0x00, 0x11,
    0x00, 0x00, 0x00, 0x85, 0x01, 0x00, 0xf0, 0x10, 0x11, 0x05, 0x00, 0x06, 0x00, 0x00, 0x00, 0x85, 0x01, 0x00, 0xf0,
    0x04, 0x13, 0x07, 0x00, 0x0f, 0x00, 0x00, 0x00, 0x80, 0x10, 0x28, 0x4c, 0x09, 0x10, 0x10, 0x26, 0x80, 0x16, 0x2a,
    0x4c, 0x0a, 0x16, 0x16, 0x26, 0x13, 0x01, 0x87, 0xbf, 0x80, 0x10, 0x10, 0x4c, 0x80, 0x16, 0x16, 0x4c, 0xa2, 0x01,
    0x87, 0xbf, 0x0c, 0x00, 0x45, 0xd4, 0x14, 0x11, 0x02, 0x00, 0x0a, 0x1e, 0x10, 0x26, 0x0e, 0x00, 0x45, 0xd4, 0x15,
    0x17, 0x02, 0x00, 0x09, 0x20, 0x16, 0x26, 0xa3, 0x01, 0x87, 0xbf, 0x0a, 0x00, 0x45, 0xd4, 0x0f, 0x11, 0x02, 0x00,
    0x90, 0x02, 0x10, 0x32, 0x08, 0x00, 0x45, 0xd4, 0x10, 0x17, 0x02, 0x00, 0xf7, 0x2f, 0x89, 0xbf, 0x12, 0x00, 0x41,
    0xd4, 0x07, 0x01, 0x01, 0x00, 0xf7, 0x23, 0x89, 0xbf, 0x10, 0x00, 0x41, 0xd4, 0x00, 0x01, 0x01, 0x00, 0xff, 0x14,
    0x00, 0x36, 0x00, 0x80, 0x00, 0x00, 0xf7, 0x1f, 0x89, 0xbf, 0xff, 0x06, 0x06, 0x36, 0x00, 0x80, 0x00, 0x00, 0xff,
    0x10, 0x14, 0x38, 0x00, 0x80, 0x00, 0x00, 0x33, 0x02, 0x87, 0xbf, 0x16, 0x00, 0x45, 0xd4, 0x00, 0x01, 0x01, 0x00,
    0xf7, 0x17, 0x89, 0xbf, 0x81, 0x1c, 0x00, 0x36, 0x14, 0x00, 0x45, 0xd4, 0x03, 0x01, 0x01, 0x00, 0xf7, 0x13, 0x89,
    0xbf, 0x81, 0x0a, 0x06, 0x36, 0xf7, 0x0f, 0x89, 0xbf, 0x82, 0x24, 0x0a, 0x36, 0xb4, 0x01, 0x87, 0xbf, 0x18, 0x00,
    0x42, 0xd4, 0x00, 0x01, 0x01, 0x00, 0xf7, 0x0b, 0x89, 0xbf, 0x82, 0x12, 0x00, 0x36, 0x1c, 0x00, 0x42, 0xd4, 0x05,
    0x01, 0x01, 0x00, 0x05, 0x00, 0x10, 0xd6, 0x0c, 0x21, 0x3d, 0x02, 0xa3, 0x01, 0x87, 0xbf, 0x1e, 0x00, 0x42, 0xd4,
    0x00, 0x01, 0x01, 0x00, 0x1a, 0x00, 0x42, 0xd4, 0x03, 0x01, 0x01, 0x00, 0x27, 0x0a, 0x16, 0x4a, 0xf7, 0x03, 0x89,
    0xbf, 0x00, 0x00, 0x10, 0xd6, 0x13, 0x21, 0x3d, 0x02, 0x05, 0x00, 0x01, 0xd5, 0x08, 0x15, 0xa2, 0x00, 0x90, 0x04,
    0x12, 0x32, 0xa4, 0x01, 0x87, 0xbf, 0x0a, 0x00, 0x01, 0xd5, 0x08, 0x17, 0xa2, 0x00, 0xff, 0x22, 0x0e, 0x36, 0xff,
    0x7f, 0x00, 0x00, 0xff, 0x12, 0x16, 0x38, 0x00, 0x80, 0x00, 0x00, 0xff, 0x1a, 0x06, 0x36, 0xff, 0x7f, 0x00, 0x00,
    0x10, 0x18, 0x90, 0x8c, 0x09, 0x00, 0x87, 0xbf, 0x10, 0x0c, 0xea, 0x8c, 0x84, 0x04, 0x87, 0xbf, 0x0a, 0x0b, 0x18,
    0x02, 0x16, 0x1e, 0x8c, 0x8c, 0xa9, 0x04, 0x87, 0xbf, 0x0c, 0x0e, 0x8c, 0x8c, 0x12, 0x1c, 0x8e, 0x8c, 0x0e, 0x0a,
    0x8a, 0x8c, 0x14, 0x1a, 0x8e, 0x8c, 0xd9, 0x01, 0x87, 0xbf, 0x0e, 0x08, 0x88, 0x8c, 0x27, 0x00, 0x14, 0x4a, 0x01,
    0xd7, 0x00, 0x7e, 0x27, 0x0e, 0x0e, 0x4a, 0x08, 0x00, 0x01, 0xd5, 0x09, 0x17, 0xaa, 0x00, 0xff, 0x00, 0x16, 0x38,
    0x00, 0x80, 0x00, 0x00, 0x0a, 0x00, 0x01, 0xd5, 0x09, 0x15, 0xaa, 0x00, 0x02, 0xd7, 0x02, 0x7e, 0x23, 0x02, 0x87,
    0xbf, 0x02, 0x00, 0x01, 0xd5, 0x00, 0x17, 0x12, 0x00, 0x00, 0x00, 0x01, 0xd5, 0x00, 0x0f, 0x12, 0x00, 0x05, 0x00,
    0x01, 0xd5, 0x0a, 0x11, 0x2a, 0x00, 0x94, 0x01, 0x87, 0xbf, 0xff, 0x02, 0x14, 0x38, 0x00, 0x80, 0x00, 0x00, 0x00,
    0x00, 0x01, 0xd5, 0x00, 0x05, 0x22, 0x00, 0x27, 0x06, 0x04, 0x4a, 0x13, 0x01, 0x87, 0xbf, 0x08, 0x00, 0x01, 0xd5,
    0x01, 0x15, 0x1a, 0x00, 0x02, 0x00, 0x01, 0xd5, 0x01, 0x05, 0x1a, 0x00, 0x01, 0x00, 0x87, 0xbf, 0x03, 0x00, 0x01,
    0xd5, 0x02, 0x11, 0x32, 0x00, 0x24, 0x01, 0xfe, 0xbe, 0x00, 0x01, 0x0c, 0xf4, 0x00, 0x00, 0x00, 0xf8, 0x00, 0x03,
    0x0c, 0xf4, 0x20, 0x00, 0x00, 0xf8, 0x00, 0x00, 0x44, 0xd6, 0x0c, 0x01, 0xfe, 0x03, 0x00, 0x01, 0x04, 0x05, 0x07,
    0x00, 0x44, 0xd6, 0x05, 0x07, 0xfe, 0x03, 0x00, 0x01, 0x04, 0x05, 0x32, 0x02, 0x87, 0xbf, 0x00, 0x03, 0x02, 0x7e,
    0x00, 0x03, 0x04, 0x7e, 0x00, 0x03, 0x06, 0x7e, 0x07, 0x03, 0x10, 0x7e, 0x07, 0x03, 0x12, 0x7e, 0x07, 0x03, 0x14,
    0x7e, 0x07, 0xfc, 0x89, 0xbf, 0x85, 0x4f, 0x18, 0xf0, 0x04, 0x00, 0x01, 0x00, 0x06, 0x00, 0x00, 0x00, 0x85, 0x4f,
    0x18, 0xf0, 0x04, 0x07, 0x03, 0x00, 0x06, 0x00, 0x00, 0x00, 0x00, 0x00, 0x80, 0xbf, 0x03, 0x00, 0xb6, 0xbf, 0x00,
    0x00, 0xb0, 0xbf, 0x00, 0x00, 0x9f, 0xbf, 0x00, 0x00, 0x9f, 0xbf, 0x00, 0x00, 0x9f, 0xbf, 0x00, 0x00, 0x9f, 0xbf,
    0x00, 0x00, 0x9f, 0xbf, 0x00, 0x00, 0x9f, 0xbf, 0x00, 0x00, 0x9f, 0xbf, 0x00, 0x00, 0x9f, 0xbf, 0x00, 0x00, 0x9f,
    0xbf, 0x00, 0x00, 0x9f, 0xbf, 0x00, 0x00, 0x9f, 0xbf, 0x00, 0x00, 0x9f, 0xbf, 0x00, 0x00, 0x9f, 0xbf, 0x00, 0x00,
    0x9f, 0xbf, 0x00, 0x00, 0x9f, 0xbf, 0x00, 0x00, 0x9f, 0xbf, 0x00, 0x00, 0x9f, 0xbf, 0x00, 0x00, 0x9f, 0xbf, 0x00,
    0x00, 0x9f, 0xbf, 0x00, 0x00, 0x9f, 0xbf, 0x00, 0x00, 0x9f, 0xbf, 0x00, 0x00, 0x9f, 0xbf, 0x00, 0x00, 0x9f, 0xbf,
    0x00, 0x00, 0x9f, 0xbf, 0x00, 0x00, 0x9f, 0xbf, 0x00, 0x00, 0x9f, 0xbf, 0x00, 0x00, 0x9f, 0xbf, 0x00, 0x00, 0x9f,
    0xbf, 0x00, 0x00, 0x9f, 0xbf, 0x00, 0x00, 0x9f, 0xbf, 0x00, 0x00, 0x9f, 0xbf, 0x00, 0x00, 0x9f, 0xbf, 0x00, 0x00,
    0x9f, 0xbf, 0x00, 0x00, 0x9f, 0xbf, 0x00, 0x00, 0x9f, 0xbf, 0x00, 0x00, 0x9f, 0xbf, 0x00, 0x00, 0x9f, 0xbf, 0x00,
    0x00, 0x9f, 0xbf, 0x00, 0x00, 0x9f, 0xbf, 0x00, 0x00, 0x9f, 0xbf, 0x00, 0x00, 0x9f, 0xbf, 0x00, 0x00, 0x9f, 0xbf,
    0x00, 0x00, 0x9f, 0xbf, 0x00, 0x00, 0x9f, 0xbf, 0x00, 0x00, 0x9f, 0xbf, 0x00, 0x00, 0x9f, 0xbf, 0x00, 0x00, 0x9f,
    0xbf, 0x00, 0x00, 0x9f, 0xbf, 0x00, 0x00, 0x9f, 0xbf, 0x00, 0x00, 0x9f, 0xbf, 0x00, 0x00, 0x9f, 0xbf, 0x00, 0x00,
    0x9f, 0xbf, 0x00, 0x00, 0x9f, 0xbf, 0x00, 0x00, 0x9f, 0xbf, 0x00, 0x00, 0x9f, 0xbf, 0x00, 0x00, 0x9f, 0xbf, 0x00,
    0x00, 0x9f, 0xbf, 0x00, 0x00, 0x9f, 0xbf, 0x00, 0x00, 0x9f, 0xbf, 0x00, 0x00, 0x9f, 0xbf, 0x00, 0x00, 0x9f, 0xbf,
    0x00, 0x00, 0x9f, 0xbf, 0x00, 0x00, 0x9f, 0xbf, 0x00, 0x00, 0x9f, 0xbf, 0x00, 0x00, 0x00, 0x00, 0x00, 0x00, 0x10,
    0x00, 0x00, 0x00, 0x00, 0x00, 0xac, 0xdf, 0x03, 0x10, 0x47, 0x65, 0x6e, 0x65, 0x72, 0x61, 0x74, 0x65, 0x64, 0x20,
    0x62, 0x79, 0x20, 0x74, 0x68, 0x65, 0x20, 0x41, 0x64, 0x76, 0x61, 0x6e, 0x63, 0x65, 0x64, 0x20, 0x4d, 0x69, 0x63,
    0x72, 0x6f, 0x20, 0x44, 0x65, 0x76, 0x69, 0x63, 0x65, 0x73, 0x2c, 0x20, 0x49, 0x6e, 0x63, 0x2e, 0x2c, 0x20, 0x50,
    0x72, 0x6f, 0x70, 0x72, 0x69, 0x65, 0x74, 0x61, 0x72, 0x79, 0x20, 0x47, 0x50, 0x55, 0x20, 0x53, 0x68, 0x61, 0x64,
    0x65, 0x72, 0x20, 0x43, 0x6f, 0x6d, 0x70, 0x69, 0x6c, 0x65, 0x72, 0x2e, 0x00, 0x00, 0x5f, 0x61, 0x6d, 0x64, 0x67,
    0x70, 0x75, 0x5f, 0x63, 0x73, 0x5f, 0x6d, 0x61, 0x69, 0x6e, 0x00, 0x5f, 0x61, 0x6d, 0x64, 0x67, 0x70, 0x75, 0x5f,
    0x63, 0x73, 0x5f, 0x73, 0x68, 0x64, 0x72, 0x5f, 0x69, 0x6e, 0x74, 0x72, 0x6c, 0x5f, 0x74, 0x62, 0x6c, 0x00, 0x00,
    0x00, 0x00, 0x00, 0x00, 0x00, 0x00, 0x00, 0x00, 0x00, 0x00, 0x00, 0x00, 0x00, 0x00, 0x00, 0x00, 0x00, 0x00, 0x00,
    0x00, 0x00, 0x00, 0x00, 0x01, 0x00, 0x00, 0x00, 0x12, 0x00, 0x02, 0x00, 0x00, 0x00, 0x00, 0x00, 0x00, 0x00, 0x00,
    0x00, 0xac, 0x05, 0x00, 0x00, 0x00, 0x00, 0x00, 0x00, 0x11, 0x00, 0x00, 0x00, 0x11, 0x00, 0x03, 0x00, 0x00, 0x00,
    0x00, 0x00, 0x00, 0x00, 0x00, 0x00, 0x10, 0x00, 0x00, 0x00, 0x00, 0x00, 0x00, 0x00, 0x07, 0x00, 0x00, 0x00, 0x02,
    0x04, 0x00, 0x00, 0x20, 0x00, 0x00, 0x00, 0x41, 0x4d, 0x44, 0x47, 0x50, 0x55, 0x00, 0x00, 0x82, 0xae, 0x61, 0x6d,
    0x64, 0x70, 0x61, 0x6c, 0x2e, 0x76, 0x65, 0x72, 0x73, 0x69, 0x6f, 0x6e, 0x92, 0x03, 0x06, 0xb0, 0x61, 0x6d, 0x64,
    0x70, 0x61, 0x6c, 0x2e, 0x70, 0x69, 0x70, 0x65, 0x6c, 0x69, 0x6e, 0x65, 0x73, 0x91, 0x8b, 0xa5, 0x2e, 0x74, 0x79,
    0x70, 0x65, 0xa2, 0x43, 0x73, 0xae, 0x2e, 0x72, 0x65, 0x73, 0x6f, 0x75, 0x72, 0x63, 0x65, 0x5f, 0x68, 0x61, 0x73,
    0x68, 0xcf, 0x9e, 0xbd, 0xe0, 0x73, 0x00, 0x98, 0xf3, 0x1e, 0xb0, 0x2e, 0x73, 0x70, 0x69, 0x6c, 0x6c, 0x5f, 0x74,
    0x68, 0x72, 0x65, 0x73, 0x68, 0x6f, 0x6c, 0x64, 0xcd, 0xff, 0xff, 0xb0, 0x2e, 0x75, 0x73, 0x65, 0x72, 0x5f, 0x64,
    0x61, 0x74, 0x61, 0x5f, 0x6c, 0x69, 0x6d, 0x69, 0x74, 0x01, 0xa8, 0x2e, 0x73, 0x68, 0x61, 0x64, 0x65, 0x72, 0x73,
    0x81, 0xa8, 0x2e, 0x63, 0x6f, 0x6d, 0x70, 0x75, 0x74, 0x65, 0x83, 0xb0, 0x2e, 0x61, 0x70, 0x69, 0x5f, 0x73, 0x68,
    0x61, 0x64, 0x65, 0x72, 0x5f, 0x68, 0x61, 0x73, 0x68, 0x92, 0xcf, 0xf6, 0xce, 0xcd, 0x8e, 0xdc, 0x35, 0x82, 0xda,
    0xcf, 0x58, 0xef, 0x69, 0x13, 0xf5, 0xcc, 0x01, 0xd9, 0xb1, 0x2e, 0x68, 0x61, 0x72, 0x64, 0x77, 0x61, 0x72, 0x65,
    0x5f, 0x6d, 0x61, 0x70, 0x70, 0x69, 0x6e, 0x67, 0x91, 0xa3, 0x2e, 0x63, 0x73, 0xaf, 0x2e, 0x73, 0x68, 0x61, 0x64,
    0x65, 0x72, 0x5f, 0x73, 0x75, 0x62, 0x74, 0x79, 0x70, 0x65, 0xa7, 0x55, 0x6e, 0x6b, 0x6e, 0x6f, 0x77, 0x6e, 0xb0,
    0x2e, 0x68, 0x61, 0x72, 0x64, 0x77, 0x61, 0x72, 0x65, 0x5f, 0x73, 0x74, 0x61, 0x67, 0x65, 0x73, 0x81, 0xa3, 0x2e,
    0x63, 0x73, 0xde, 0x00, 0x1a, 0xb3, 0x2e, 0x65, 0x6e, 0x74, 0x72, 0x79, 0x5f, 0x70, 0x6f, 0x69, 0x6e, 0x74, 0x5f,
    0x73, 0x79, 0x6d, 0x62, 0x6f, 0x6c, 0xaf, 0x5f, 0x61, 0x6d, 0x64, 0x67, 0x70, 0x75, 0x5f, 0x63, 0x73, 0x5f, 0x6d,
    0x61, 0x69, 0x6e, 0xab, 0x2e, 0x73, 0x67, 0x70, 0x72, 0x5f, 0x63, 0x6f, 0x75, 0x6e, 0x74, 0x2e, 0xab, 0x2e, 0x76,
    0x67, 0x70, 0x72, 0x5f, 0x63, 0x6f, 0x75, 0x6e, 0x74, 0x16, 0xa9, 0x2e, 0x6c, 0x64, 0x73, 0x5f, 0x73, 0x69, 0x7a,
    0x65, 0x00, 0xb4, 0x2e, 0x73, 0x63, 0x72, 0x61, 0x74, 0x63, 0x68, 0x5f, 0x6d, 0x65, 0x6d, 0x6f, 0x72, 0x79, 0x5f,
    0x73, 0x69, 0x7a, 0x65, 0x00, 0xb4, 0x2e, 0x66, 0x72, 0x6f, 0x6e, 0x74, 0x65, 0x6e, 0x64, 0x5f, 0x73, 0x74, 0x61,
    0x63, 0x6b, 0x5f, 0x73, 0x69, 0x7a, 0x65, 0x00, 0xb3, 0x2e, 0x62, 0x61, 0x63, 0x6b, 0x65, 0x6e, 0x64, 0x5f, 0x73,
    0x74, 0x61, 0x63, 0x6b, 0x5f, 0x73, 0x69, 0x7a, 0x65, 0x00, 0xb6, 0x2e, 0x70, 0x65, 0x72, 0x66, 0x5f, 0x64, 0x61,
    0x74, 0x61, 0x5f, 0x62, 0x75, 0x66, 0x66, 0x65, 0x72, 0x5f, 0x73, 0x69, 0x7a, 0x65, 0x00, 0xaa, 0x2e, 0x75, 0x73,
    0x65, 0x73, 0x5f, 0x75, 0x61, 0x76, 0x73, 0xc3, 0xac, 0x2e, 0x77, 0x72, 0x69, 0x74, 0x65, 0x73, 0x5f, 0x75, 0x61,
    0x76, 0x73, 0xc3, 0xb4, 0x2e, 0x75, 0x73, 0x65, 0x73, 0x5f, 0x61, 0x70, 0x70, 0x65, 0x6e, 0x64, 0x5f, 0x63, 0x6f,
    0x6e, 0x73, 0x75, 0x6d, 0x65, 0xc2, 0xaf, 0x2e, 0x77, 0x61, 0x76, 0x65, 0x66, 0x72, 0x6f, 0x6e, 0x74, 0x5f, 0x73,
    0x69, 0x7a, 0x65, 0x40, 0xb2, 0x2e, 0x75, 0x73, 0x65, 0x72, 0x5f, 0x64, 0x61, 0x74, 0x61, 0x5f, 0x72, 0x65, 0x67,
    0x5f, 0x6d, 0x61, 0x70, 0xdc, 0x00, 0x20, 0xce, 0xff, 0xff, 0xff, 0xff, 0xce, 0xff, 0xff, 0xff, 0xff, 0x00, 0xce,
    0xff, 0xff, 0xff, 0xff, 0xce, 0xff, 0xff, 0xff, 0xff, 0xce, 0xff, 0xff, 0xff, 0xff, 0xce, 0xff, 0xff, 0xff, 0xff,
    0xce, 0xff, 0xff, 0xff, 0xff, 0xce, 0xff, 0xff, 0xff, 0xff, 0xce, 0xff, 0xff, 0xff, 0xff, 0xce, 0xff, 0xff, 0xff,
    0xff, 0xce, 0xff, 0xff, 0xff, 0xff, 0xce, 0xff, 0xff, 0xff, 0xff, 0xce, 0xff, 0xff, 0xff, 0xff, 0xce, 0xff, 0xff,
    0xff, 0xff, 0xce, 0xff, 0xff, 0xff, 0xff, 0xce, 0xff, 0xff, 0xff, 0xff, 0xce, 0xff, 0xff, 0xff, 0xff, 0xce, 0xff,
    0xff, 0xff, 0xff, 0xce, 0xff, 0xff, 0xff, 0xff, 0xce, 0xff, 0xff, 0xff, 0xff, 0xce, 0xff, 0xff, 0xff, 0xff, 0xce,
    0xff, 0xff, 0xff, 0xff, 0xce, 0xff, 0xff, 0xff, 0xff, 0xce, 0xff, 0xff, 0xff, 0xff, 0xce, 0xff, 0xff, 0xff, 0xff,
    0xce, 0xff, 0xff, 0xff, 0xff, 0xce, 0xff, 0xff, 0xff, 0xff, 0xce, 0xff, 0xff, 0xff, 0xff, 0xce, 0xff, 0xff, 0xff,
    0xff, 0xce, 0xff, 0xff, 0xff, 0xff, 0xce, 0xff, 0xff, 0xff, 0xff, 0xb7, 0x2e, 0x74, 0x68, 0x72, 0x65, 0x61, 0x64,
    0x67, 0x72, 0x6f, 0x75, 0x70, 0x5f, 0x64, 0x69, 0x6d, 0x65, 0x6e, 0x73, 0x69, 0x6f, 0x6e, 0x73, 0x93, 0x08, 0x08,
    0x01, 0xab, 0x2e, 0x66, 0x6c, 0x6f, 0x61, 0x74, 0x5f, 0x6d, 0x6f, 0x64, 0x65, 0xcc, 0xc0, 0xae, 0x2e, 0x66, 0x70,
    0x31, 0x36, 0x5f, 0x6f, 0x76, 0x65, 0x72, 0x66, 0x6c, 0x6f, 0x77, 0xc2, 0xaa, 0x2e, 0x69, 0x65, 0x65, 0x65, 0x5f,
    0x6d, 0x6f, 0x64, 0x65, 0xc2, 0xa9, 0x2e, 0x77, 0x67, 0x70, 0x5f, 0x6d, 0x6f, 0x64, 0x65, 0xc2, 0xac, 0x2e, 0x6d,
    0x65, 0x6d, 0x5f, 0x6f, 0x72, 0x64, 0x65, 0x72, 0x65, 0x64, 0xc2, 0xb1, 0x2e, 0x66, 0x6f, 0x72, 0x77, 0x61, 0x72,
    0x64, 0x5f, 0x70, 0x72, 0x6f, 0x67, 0x72, 0x65, 0x73, 0x73, 0xc2, 0xab, 0x2e, 0x75, 0x73, 0x65, 0x72, 0x5f, 0x73,
    0x67, 0x70, 0x72, 0x73, 0x03, 0xa8, 0x2e, 0x65, 0x78, 0x63, 0x70, 0x5f, 0x65, 0x6e, 0x00, 0xab, 0x2e, 0x73, 0x63,
    0x72, 0x61, 0x74, 0x63, 0x68, 0x5f, 0x65, 0x6e, 0xc2, 0xad, 0x2e, 0x74, 0x72, 0x61, 0x70, 0x5f, 0x70, 0x72, 0x65,
    0x73, 0x65, 0x6e, 0x74, 0xc2, 0xb0, 0x2e, 0x73, 0x68, 0x61, 0x72, 0x65, 0x64, 0x5f, 0x76, 0x67, 0x70, 0x72, 0x5f,
    0x63, 0x6e, 0x74, 0x00, 0xad, 0x2e, 0x77, 0x61, 0x76, 0x65, 0x73, 0x5f, 0x70, 0x65, 0x72, 0x5f, 0x73, 0x65, 0x00,
    0xaa, 0x2e, 0x72, 0x65, 0x67, 0x69, 0x73, 0x74, 0x65, 0x72, 0x73, 0x81, 0xcd, 0x2e, 0x42, 0x00, 0xa5, 0x2e, 0x6e,
    0x61, 0x6d, 0x65, 0xb5, 0x4d, 0x6c, 0x61, 0x61, 0x43, 0x61, 0x6c, 0x63, 0x53, 0x65, 0x70, 0x45, 0x64, 0x67, 0x65,
    0x4c, 0x65, 0x6e, 0x67, 0x74, 0x68, 0xb7, 0x2e, 0x69, 0x6e, 0x74, 0x65, 0x72, 0x6e, 0x61, 0x6c, 0x5f, 0x70, 0x69,
    0x70, 0x65, 0x6c, 0x69, 0x6e, 0x65, 0x5f, 0x68, 0x61, 0x73, 0x68, 0x92, 0xcf, 0xbf, 0xd3, 0x85, 0x98, 0x87, 0xd1,
    0x19, 0x25, 0xcf, 0x40, 0xfb, 0xd6, 0xb5, 0xea, 0x4b, 0x6c, 0x63, 0xb2, 0x2e, 0x63, 0x6f, 0x6d, 0x70, 0x75, 0x74,
    0x65, 0x5f, 0x72, 0x65, 0x67, 0x69, 0x73, 0x74, 0x65, 0x72, 0x73, 0x85, 0xaf, 0x2e, 0x74, 0x69, 0x64, 0x69, 0x67,
    0x5f, 0x63, 0x6f, 0x6d, 0x70, 0x5f, 0x63, 0x6e, 0x74, 0x01, 0xaa, 0x2e, 0x74, 0x67, 0x69, 0x64, 0x5f, 0x78, 0x5f,
    0x65, 0x6e, 0xc3, 0xaa, 0x2e, 0x74, 0x67, 0x69, 0x64, 0x5f, 0x79, 0x5f, 0x65, 0x6e, 0xc3, 0xaa, 0x2e, 0x74, 0x67,
    0x69, 0x64, 0x5f, 0x7a, 0x5f, 0x65, 0x6e, 0xc2, 0xab, 0x2e, 0x74, 0x67, 0x5f, 0x73, 0x69, 0x7a, 0x65, 0x5f, 0x65,
    0x6e, 0xc2, 0xa4, 0x2e, 0x61, 0x70, 0x69, 0xa7, 0x73, 0x63, 0x70, 0x63, 0x42, 0x6c, 0x64, 0x00, 0x00, 0x00, 0x00,
    0x00, 0x00, 0x00, 0x00, 0x00, 0x00, 0x00, 0x00, 0x00, 0x00, 0x00, 0x00, 0x00, 0x00, 0x00, 0x00, 0x00, 0x00, 0x00,
    0x00, 0x00, 0x00, 0x00, 0x00, 0x00, 0x00, 0x00, 0x00, 0x00, 0x00, 0x00, 0x00, 0x00, 0x00, 0x00, 0x00, 0x00, 0x00,
    0x00, 0x00, 0x00, 0x00, 0x00, 0x00, 0x00, 0x00, 0x00, 0x00, 0x00, 0x00, 0x00, 0x00, 0x00, 0x00, 0x00, 0x00, 0x00,
    0x00, 0x00, 0x00, 0x00, 0x00, 0x00, 0x00, 0x00, 0x01, 0x00, 0x00, 0x00, 0x03, 0x00, 0x00, 0x00, 0x00, 0x00, 0x00,
    0x00, 0x00, 0x00, 0x00, 0x00, 0x00, 0x00, 0x00, 0x00, 0x00, 0x00, 0x00, 0x00, 0x40, 0x00, 0x00, 0x00, 0x00, 0x00,
    0x00, 0x00, 0x36, 0x00, 0x00, 0x00, 0x00, 0x00, 0x00, 0x00, 0x00, 0x00, 0x00, 0x00, 0x00, 0x00, 0x00, 0x00, 0x00,
    0x00, 0x00, 0x00, 0x00, 0x00, 0x00, 0x00, 0x00, 0x00, 0x00, 0x00, 0x00, 0x00, 0x00, 0x00, 0x0b, 0x00, 0x00, 0x00,
    0x01, 0x00, 0x00, 0x00, 0x06, 0x00, 0x00, 0x00, 0x00, 0x00, 0x00, 0x00, 0x00, 0x00, 0x00, 0x00, 0x00, 0x00, 0x00,
    0x00, 0x76, 0x00, 0x00, 0x00, 0x00, 0x00, 0x00, 0x00, 0xac, 0x05, 0x00, 0x00, 0x00, 0x00, 0x00, 0x00, 0x00, 0x00,
    0x00, 0x00, 0x00, 0x00, 0x00, 0x00, 0x00, 0x01, 0x00, 0x00, 0x00, 0x00, 0x00, 0x00, 0x00, 0x00, 0x00, 0x00, 0x00,
    0x00, 0x00, 0x00, 0x11, 0x00, 0x00, 0x00, 0x01, 0x00, 0x00, 0x00, 0x03, 0x00, 0x00, 0x00, 0x00, 0x00, 0x00, 0x00,
    0x00, 0x00, 0x00, 0x00, 0x00, 0x00, 0x00, 0x00, 0x22, 0x06, 0x00, 0x00, 0x00, 0x00, 0x00, 0x00, 0x10, 0x00, 0x00,
    0x00, 0x00, 0x00, 0x00, 0x00, 0x00, 0x00, 0x00, 0x00, 0x00, 0x00, 0x00, 0x00, 0x20, 0x00, 0x00, 0x00, 0x00, 0x00,
    0x00, 0x00, 0x00, 0x00, 0x00, 0x00, 0x00, 0x00, 0x00, 0x00, 0x17, 0x00, 0x00, 0x00, 0x01, 0x00, 0x00, 0x00, 0x00,
    0x00, 0x00, 0x00, 0x00, 0x00, 0x00, 0x00, 0x00, 0x00, 0x00, 0x00, 0x00, 0x00, 0x00, 0x00, 0x32, 0x06, 0x00, 0x00,
    0x00, 0x00, 0x00, 0x00, 0x50, 0x00, 0x00, 0x00, 0x00, 0x00, 0x00, 0x00, 0x00, 0x00, 0x00, 0x00, 0x00, 0x00, 0x00,
    0x00, 0x00, 0x00, 0x00, 0x00, 0x00, 0x00, 0x00, 0x00, 0x00, 0x00, 0x00, 0x00, 0x00, 0x00, 0x00, 0x00, 0x20, 0x00,
    0x00, 0x00, 0x03, 0x00, 0x00, 0x00, 0x00, 0x00, 0x00, 0x00, 0x00, 0x00, 0x00, 0x00, 0x00, 0x00, 0x00, 0x00, 0x00,
    0x00, 0x00, 0x00, 0x82, 0x06, 0x00, 0x00, 0x00, 0x00, 0x00, 0x00, 0x2b, 0x00, 0x00, 0x00, 0x00, 0x00, 0x00, 0x00,
    0x00, 0x00, 0x00, 0x00, 0x00, 0x00, 0x00, 0x00, 0x00, 0x00, 0x00, 0x00, 0x00, 0x00, 0x00, 0x00, 0x00, 0x00, 0x00,
    0x00, 0x00, 0x00, 0x00, 0x00, 0x28, 0x00, 0x00, 0x00, 0x02, 0x00, 0x00, 0x00, 0x00, 0x00, 0x00, 0x00, 0x00, 0x00,
    0x00, 0x00, 0x00, 0x00, 0x00, 0x00, 0x00, 0x00, 0x00, 0x00, 0xad, 0x06, 0x00, 0x00, 0x00, 0x00, 0x00, 0x00, 0x48,
    0x00, 0x00, 0x00, 0x00, 0x00, 0x00, 0x00, 0x05, 0x00, 0x00, 0x00, 0x00, 0x00, 0x00, 0x00, 0x00, 0x00, 0x00, 0x00,
    0x00, 0x00, 0x00, 0x00, 0x18, 0x00, 0x00, 0x00, 0x00, 0x00, 0x00, 0x00, 0x30, 0x00, 0x00, 0x00, 0x07, 0x00, 0x00,
    0x00, 0x00, 0x00, 0x00, 0x00, 0x00, 0x00, 0x00, 0x00, 0x00, 0x00, 0x00, 0x00, 0x00, 0x00, 0x00, 0x00, 0xf5, 0x06,
    0x00, 0x00, 0x00, 0x00, 0x00, 0x00, 0x18, 0x04, 0x00, 0x00, 0x00, 0x00, 0x00, 0x00, 0x00, 0x00, 0x00, 0x00, 0x00,
    0x00, 0x00, 0x00, 0x00, 0x00, 0x00, 0x00, 0x00, 0x00, 0x00, 0x00, 0x00, 0x00, 0x00, 0x00, 0x00, 0x00, 0x00, 0x00,
};

// Mlaa Calc Sep Edge Length Fast compute shader binary
inline constexpr Util::uint8 MlaaCalcSepEdgeLengthFast_Cs_519251A5[] =
{
    0x7f, 0x45, 0x4c, 0x46, 0x02, 0x01, 0x01, 0x41, 0x00, 0x00, 0x00, 0x00, 0x00, 0x00, 0x00, 0x00, 0x01, 0x00, 0xe0,
    0x00, 0x01, 0x00, 0x00, 0x00, 0x00, 0x00, 0x00, 0x00, 0x00, 0x00, 0x00, 0x00, 0x00, 0x00, 0x00, 0x00, 0x00, 0x00,
    0x00, 0x00, 0x1c, 0x0d, 0x00, 0x00, 0x00, 0x00, 0x00, 0x00, 0x44, 0x05, 0x00, 0x00, 0x40, 0x00, 0x00, 0x00, 0x00,
    0x00, 0x40, 0x00, 0x08, 0x00, 0x01, 0x00, 0x00, 0x2e, 0x73, 0x68, 0x73, 0x74, 0x72, 0x74, 0x61, 0x62, 0x00, 0x2e,
    0x74, 0x65, 0x78, 0x74, 0x00, 0x2e, 0x64, 0x61, 0x74, 0x61, 0x00, 0x2e, 0x63, 0x6f, 0x6d, 0x6d, 0x65, 0x6e, 0x74,
    0x00, 0x2e, 0x73, 0x74, 0x72, 0x74, 0x61, 0x62, 0x00, 0x2e, 0x73, 0x79, 0x6d, 0x74, 0x61, 0x62, 0x00, 0x2e, 0x6e,
    0x6f, 0x74, 0x65, 0x00, 0x06, 0x20, 0x80, 0xb0, 0x03, 0x00, 0xb5, 0xbf, 0x80, 0x47, 0x86, 0xbe, 0x03, 0x00, 0x84,
    0xbf, 0x02, 0x00, 0x80, 0xbe, 0x07, 0x00, 0x81, 0xbe, 0x80, 0x01, 0x04, 0xf4, 0x44, 0x00, 0x00, 0xf8, 0xff, 0x00,
    0x02, 0x36, 0xff, 0x03, 0x00, 0x00, 0x00, 0x00, 0x10, 0xd6, 0x00, 0x15, 0x29, 0x02, 0x12, 0x01, 0x87, 0xbf, 0x01,
    0x00, 0x46, 0xd6, 0x03, 0x06, 0x05, 0x04, 0x02, 0x00, 0x46, 0xd6, 0x04, 0x06, 0x01, 0x04, 0x07, 0xfc, 0x89, 0xbf,
    0x12, 0x01, 0x87, 0xbf, 0x02, 0x00, 0x4e, 0xd4, 0x06, 0x02, 0x02, 0x00, 0x07, 0x04, 0x9c, 0x7c, 0x02, 0x6a, 0xea,
    0x8b, 0x09, 0x00, 0x87, 0xbf, 0x6a, 0x21, 0x82, 0xbe, 0x8f, 0x01, 0xa5, 0xbf, 0x00, 0x02, 0x0c, 0xf4, 0x20, 0x00,
    0x00, 0xf8, 0x06, 0x02, 0x00, 0x22, 0x07, 0x04, 0x06, 0x22, 0x07, 0xfc, 0x89, 0xbf, 0x85, 0x01, 0x00, 0xf0, 0x00,
    0x00, 0x02, 0x00, 0x03, 0x00, 0x00, 0x00, 0xf7, 0x03, 0x89, 0xbf, 0x83, 0x00, 0x06, 0x36, 0x7e, 0x01, 0x84, 0xbe,
    0x01, 0x00, 0x87, 0xbf, 0x7e, 0x00, 0xcd, 0xd4, 0x03, 0x01, 0x01, 0x00, 0x64, 0x01, 0xa5, 0xbf, 0xc1, 0x02, 0x06,
    0x4a, 0x81, 0x02, 0x08, 0x4a, 0x81, 0x04, 0x0a, 0x4a, 0x93, 0x01, 0x87, 0xbf, 0x06, 0x06, 0x10, 0x26, 0x06, 0x08,
    0x08, 0x26, 0xc3, 0x01, 0x87, 0xbf, 0x07, 0x0a, 0x06, 0x26, 0xc1, 0x04, 0x0a, 0x4a, 0x07, 0x04, 0x0c, 0x26, 0x06,
    0x02, 0x12, 0x26, 0x07, 0x0a, 0x0e, 0x26, 0xc2, 0x02, 0x0a, 0x4a, 0x82, 0x02, 0x14, 0x4a, 0x82, 0x04, 0x16, 0x4a,
    0x93, 0x01, 0x87, 0xbf, 0x06, 0x0a, 0x0a, 0x26, 0x06, 0x14, 0x18, 0x26, 0xa3, 0x00, 0x87, 0xbf, 0x07, 0x16, 0x14,
    0x26, 0xc2, 0x04, 0x16, 0x4a, 0x07, 0x16, 0x16, 0x26, 0xc3, 0x02, 0x1a, 0x4a, 0x83, 0x02, 0x1c, 0x4a, 0x83, 0x04,
    0x1e, 0x4a, 0x93, 0x01, 0x87, 0xbf, 0x06, 0x1a, 0x1a, 0x26, 0x06, 0x1c, 0x20, 0x26, 0xa3, 0x00, 0x87, 0xbf, 0x07,
    0x1e, 0x1c, 0x26, 0xc3, 0x04, 0x1e, 0x4a, 0x07, 0x1e, 0x1e, 0x26, 0xc4, 0x02, 0x22, 0x4a, 0x84, 0x02, 0x24, 0x4a,
    0x84, 0x04, 0x26, 0x4a, 0x93, 0x01, 0x87, 0xbf, 0x06, 0x22, 0x22, 0x26, 0x06, 0x24, 0x28, 0x26, 0x03, 0x00, 0x87,
    0xbf, 0x07, 0x26, 0x24, 0x26, 0x0d, 0x00, 0x85, 0xbf, 0x85, 0x01, 0x00, 0xf0, 0x08, 0x08, 0x02, 0x00, 0x06, 0x00,
    0x00, 0x00, 0x85, 0x01, 0x00, 0xf0, 0x04, 0x04, 0x02, 0x00, 0x06, 0x00, 0x00, 0x00, 0x85, 0x01, 0x00, 0xf0, 0x09,
    0x03, 0x02, 0x00, 0x03, 0x00, 0x00, 0x00, 0x85, 0x01, 0x00, 0xf0, 0x09, 0x07, 0x02, 0x00, 0x07, 0x00, 0x00, 0x00,
    0x85, 0x01, 0x00, 0xf0, 0x05, 0x05, 0x02, 0x00, 0x06, 0x00, 0x00, 0x00, 0x85, 0x01, 0x00, 0xf0, 0x0c, 0x0c, 0x02,
    0x00, 0x06, 0x00, 0x00, 0x00, 0x85, 0x01, 0x00, 0xf0, 0x09, 0x0a, 0x02, 0x00, 0x0a, 0x00, 0x00, 0x00, 0x85, 0x01,
    0x00, 0xf0, 0x09, 0x0b, 0x02, 0x00, 0x0b, 0x00, 0x00, 0x00, 0x85, 0x01, 0x00, 0xf0, 0x0d, 0x0d, 0x02, 0x00, 0x06,
    0x00, 0x00, 0x00, 0x85, 0x01, 0x00, 0xf0, 0x10, 0x10, 0x02, 0x00, 0x06, 0x00, 0x00, 0x00, 0x85, 0x01, 0x00, 0xf0,
    0x09, 0x0e, 0x02, 0x00, 0x0e, 0x00, 0x00, 0x00, 0x85, 0x01, 0x00, 0xf0, 0x09, 0x0f, 0x02, 0x00, 0x0f, 0x00, 0x00,
    0x00, 0x85, 0x01, 0x00, 0xf0, 0x11, 0x11, 0x02, 0x00, 0x06, 0x00, 0x00, 0x00, 0x85, 0x01, 0x00, 0xf0, 0x14, 0x14,
    0x02, 0x00, 0x06, 0x00, 0x00, 0x00, 0xc4, 0x04, 0x26, 0x4a, 0xc1, 0x01, 0x87, 0xbf, 0x07, 0x26, 0x26, 0x26, 0xc5,
    0x02, 0x2a, 0x4a, 0x85, 0x02, 0x2c, 0x4a, 0x85, 0x04, 0x2e, 0x4a, 0x06, 0x2a, 0x2a, 0x26, 0x93, 0x01, 0x87, 0xbf,
    0x06, 0x2c, 0x30, 0x26, 0x07, 0x2e, 0x2c, 0x26, 0xc5, 0x04, 0x2e, 0x4a, 0xc1, 0x01, 0x87, 0xbf, 0x07, 0x2e, 0x2e,
    0x26, 0xc6, 0x02, 0x32, 0x4a, 0x86, 0x02, 0x34, 0x4a, 0x86, 0x04, 0x36, 0x4a, 0x06, 0x32, 0x32, 0x26, 0x93, 0x01,
    0x87, 0xbf, 0x06, 0x34, 0x38, 0x26, 0x07, 0x36, 0x34, 0x26, 0xc6, 0x04, 0x36, 0x4a, 0xc1, 0x01, 0x87, 0xbf, 0x07,
    0x36, 0x36, 0x26, 0xc7, 0x02, 0x3a, 0x4a, 0x87, 0x02, 0x3c, 0x4a, 0x87, 0x04, 0x3e, 0x4a, 0x06, 0x3a, 0x3a, 0x26,
    0x93, 0x01, 0x87, 0xbf, 0x06, 0x3c, 0x40, 0x26, 0x07, 0x3e, 0x3c, 0x26, 0xc7, 0x04, 0x3e, 0x4a, 0x01, 0x00, 0x87,
    0xbf, 0x07, 0x3e, 0x3e, 0x26, 0x0d, 0x00, 0x85, 0xbf, 0x85, 0x01, 0x00, 0xf0, 0x09, 0x12, 0x02, 0x00, 0x12, 0x00,
    0x00, 0x00, 0x85, 0x01, 0x00, 0xf0, 0x09, 0x13, 0x02, 0x00, 0x13, 0x00, 0x00, 0x00, 0x85, 0x01, 0x00, 0xf0, 0x15,
    0x15, 0x02, 0x00, 0x06, 0x00, 0x00, 0x00, 0x85, 0x01, 0x00, 0xf0, 0x18, 0x18, 0x02, 0x00, 0x06, 0x00, 0x00, 0x00,
    0x85, 0x01, 0x00, 0xf0, 0x09, 0x16, 0x02, 0x00, 0x16, 0x00, 0x00, 0x00, 0x85, 0x01, 0x00, 0xf0, 0x09, 0x17, 0x02,
    0x00, 0x17, 0x00, 0x00, 0x00, 0x85, 0x01, 0x00, 0xf0, 0x19, 0x19, 0x02, 0x00, 0x06, 0x00, 0x00, 0x00, 0x85, 0x01,
    0x00, 0xf0, 0x1c, 0x1c, 0x02, 0x00, 0x06, 0x00, 0x00, 0x00, 0x85, 0x01, 0x00, 0xf0, 0x09, 0x1a, 0x02, 0x00, 0x1a,
    0x00, 0x00, 0x00, 0x85, 0x01, 0x00, 0xf0, 0x09, 0x1b, 0x02, 0x00, 0x1b, 0x00, 0x00, 0x00, 0x85, 0x01, 0x00, 0xf0,
    0x1d, 0x1d, 0x02, 0x00, 0x06, 0x00, 0x00, 0x00, 0x85, 0x01, 0x00, 0xf0, 0x20, 0x06, 0x02, 0x00, 0x06, 0x00, 0x00,
    0x00, 0x85, 0x01, 0x00, 0xf0, 0x09, 0x20, 0x02, 0x00, 0x1e, 0x00, 0x00, 0x00, 0x85, 0x01, 0x00, 0xf0, 0x09, 0x09,
    0x02, 0x00, 0x1f, 0x00, 0x00, 0x00, 0x00, 0x00, 0xb5, 0xbf, 0x81, 0x00, 0x3c, 0x36, 0x82, 0x00, 0x00, 0x36, 0xa2,
    0x01, 0x87, 0xbf, 0x80, 0x3c, 0x8a, 0x7c, 0x1e, 0x00, 0x01, 0xd5, 0x80, 0x10, 0xa9, 0x01, 0x06, 0x00, 0x45, 0xd4,
    0x00, 0x01, 0x01, 0x00, 0x00, 0x00, 0x01, 0xd5, 0x80, 0x10, 0x19, 0x00, 0xf7, 0x6f, 0x89, 0xbf, 0x80, 0x10, 0x10,
    0x02, 0xf7, 0x6b, 0x89, 0xbf, 0x80, 0x08, 0x08, 0x02, 0xf7, 0x67, 0x89, 0xbf, 0x03, 0x00, 0x01, 0xd5, 0x80, 0x06,
    0x1a, 0x00, 0x93, 0x01, 0x87, 0xbf, 0x81, 0x10, 0x3e, 0x36, 0x81, 0x08, 0x44, 0x36, 0xb3, 0x00, 0x87, 0xbf, 0x82,
    0x06, 0x08, 0x36, 0xf7, 0x63, 0x89, 0xbf, 0x03, 0x00, 0x01, 0xd5, 0x80, 0x0e, 0x1a, 0x00, 0x82, 0x06, 0x10, 0x36,
    0x80, 0x3e, 0x84, 0x7c, 0x81, 0x3c, 0x42, 0x02, 0x80, 0x44, 0x84, 0x7c, 0x81, 0x3c, 0x06, 0x02, 0x80, 0x08, 0x84,
    0x7c, 0x81, 0x00, 0x0e, 0x02, 0x80, 0x10, 0x84, 0x7c, 0x81, 0x00, 0x46, 0x02, 0xf7, 0x5f, 0x89, 0xbf, 0x1f, 0x0b,
    0x3e, 0x36, 0xf7, 0x5b, 0x89, 0xbf, 0x22, 0x19, 0x44, 0x36, 0xf7, 0x57, 0x89, 0xbf, 0x04, 0x15, 0x08, 0x36, 0xf7,
    0x53, 0x89, 0xbf, 0x08, 0x17, 0x0a, 0x36, 0x81, 0x42, 0x10, 0x4a, 0x1e, 0x43, 0x14, 0x38, 0x80, 0x3e, 0x8a, 0x7c,
    0x81, 0x06, 0x16, 0x4a, 0xc3, 0x01, 0x87, 0xbf, 0x0a, 0x11, 0x10, 0x02, 0x1e, 0x07, 0x18, 0x38, 0x80, 0x44, 0x8a,
    0x7c, 0x81, 0x0e, 0x06, 0x4a, 0x0c, 0x17, 0x18, 0x02, 0x00, 0x0f, 0x42, 0x38, 0x80, 0x08, 0x8a, 0x7c, 0x81, 0x46,
    0x0e, 0x4a, 0x33, 0x01, 0x87, 0xbf, 0x21, 0x07, 0x06, 0x02, 0x00, 0x47, 0x42, 0x38, 0x80, 0x0a, 0x8a, 0x7c, 0x21,
    0x0f, 0x0e, 0x02, 0xf7, 0x4f, 0x89, 0xbf, 0x1f, 0x1b, 0x14, 0x36, 0xf7, 0x4b, 0x89, 0xbf, 0x22, 0x21, 0x16, 0x36,
    0xf7, 0x47, 0x89, 0xbf, 0x04, 0x1d, 0x08, 0x36, 0xf7, 0x43, 0x89, 0xbf, 0x05, 0x1f, 0x0a, 0x36, 0x81, 0x10, 0x1a,
    0x4a, 0x1e, 0x11, 0x1c, 0x38, 0x80, 0x14, 0x8a, 0x7c, 0x81, 0x18, 0x10, 0x4a, 0xc3, 0x01, 0x87, 0xbf, 0x0e, 0x1b,
    0x1a, 0x02, 0x1e, 0x19, 0x1c, 0x38, 0x80, 0x16, 0x8a, 0x7c, 0x81, 0x06, 0x18, 0x4a, 0x0e, 0x11, 0x10, 0x02, 0x00,
    0x07, 0x06, 0x38, 0x80, 0x08, 0x8a, 0x7c, 0x81, 0x0e, 0x1c, 0x4a, 0x33, 0x01, 0x87, 0xbf, 0x03, 0x19, 0x06, 0x02,
    0x00, 0x0f, 0x18, 0x38, 0x80, 0x0a, 0x8a, 0x7c, 0x0c, 0x1d, 0x0e, 0x02, 0xf7, 0x3f, 0x89, 0xbf, 0x0a, 0x23, 0x14,
    0x36, 0xf7, 0x3b, 0x89, 0xbf, 0x0b, 0x29, 0x16, 0x36, 0xf7, 0x37, 0x89, 0xbf, 0x04, 0x25, 0x08, 0x36, 0xf7, 0x33,
    0x89, 0xbf, 0x05, 0x27, 0x0a, 0x36, 0x81, 0x1a, 0x18, 0x4a, 0x1e, 0x1b, 0x1c, 0x38, 0x80, 0x14, 0x8a, 0x7c, 0x81,
    0x10, 0x1a, 0x4a, 0xc3, 0x01, 0x87, 0xbf, 0x0e, 0x19, 0x18, 0x02, 0x1e, 0x11, 0x1c, 0x38, 0x80, 0x16, 0x8a, 0x7c,
    0x81, 0x06, 0x10, 0x4a, 0x0e, 0x1b, 0x1a, 0x02, 0x00, 0x07, 0x06, 0x38, 0x80, 0x08, 0x8a, 0x7c, 0x81, 0x0e, 0x1c,
    0x4a, 0x33, 0x01, 0x87, 0xbf, 0x03, 0x11, 0x06, 0x02, 0x00, 0x0f, 0x10, 0x38, 0x80, 0x0a, 0x8a, 0x7c, 0x08, 0x1d,
    0x0e, 0x02, 0xf7, 0x2f, 0x89, 0xbf, 0x0a, 0x2b, 0x14, 0x36, 0xf7, 0x2b, 0x89, 0xbf, 0x0b, 0x31, 0x16, 0x36, 0xf7,
    0x27, 0x89, 0xbf, 0x04, 0x2d, 0x08, 0x36, 0xf7, 0x23, 0x89, 0xbf, 0x05, 0x2f, 0x0a, 0x36, 0x81, 0x18, 0x10, 0x4a,
    0x1e, 0x19, 0x1c, 0x38, 0x80, 0x14, 0x8a, 0x7c, 0x81, 0x1a, 0x18, 0x4a, 0xc3, 0x01, 0x87, 0xbf, 0x0e, 0x11, 0x10,
    0x02, 0x1e, 0x1b, 0x1c, 0x38, 0x80, 0x16, 0x8a, 0x7c, 0x81, 0x06, 0x1a, 0x4a, 0x0e, 0x19, 0x18, 0x02, 0x00, 0x07,
    0x06, 0x38, 0x80, 0x08, 0x8a, 0x7c, 0x81, 0x0e, 0x1c, 0x4a, 0x33, 0x01, 0x87, 0xbf, 0x03, 0x1b, 0x06, 0x02, 0x00,
    0x0f, 0x1a, 0x38, 0x80, 0x0a, 0x8a, 0x7c, 0x0d, 0x1d, 0x0e, 0x02, 0xf7, 0x1f, 0x89, 0xbf, 0x0a, 0x33, 0x14, 0x36,
    0xf7, 0x1b, 0x89, 0xbf, 0x0b, 0x39, 0x1a, 0x36, 0xf7, 0x17, 0x89, 0xbf, 0x04, 0x35, 0x16, 0x36, 0xf7, 0x13, 0x89,
    0xbf, 0x05, 0x37, 0x1c, 0x36, 0x81, 0x10, 0x08, 0x4a, 0x1e, 0x11, 0x1e, 0x38, 0x80, 0x14, 0x8a, 0x7c, 0x81, 0x18,
    0x0a, 0x4a, 0xc3, 0x01, 0x87, 0xbf, 0x0f, 0x09, 0x08, 0x02, 0x1e, 0x19, 0x1e, 0x38, 0x80, 0x1a, 0x8a, 0x7c, 0x81,
    0x06, 0x10, 0x4a, 0x0f, 0x0b, 0x0a, 0x02, 0x00, 0x07, 0x06, 0x38, 0x80, 0x16, 0x8a, 0x7c, 0x81, 0x0e, 0x18, 0x4a,
    0x33, 0x01, 0x87, 0xbf, 0x03, 0x11, 0x06, 0x02, 0x00, 0x0f, 0x0e, 0x38, 0x80, 0x1c, 0x8a, 0x7c, 0x07, 0x19, 0x0e,
    0x02, 0xf7, 0x0f, 0x89, 0xbf, 0x0a, 0x3b, 0x10, 0x36, 0xf7, 0x0b, 0x89, 0xbf, 0x0d, 0x0d, 0x0c, 0x36, 0xf7, 0x07,
    0x89, 0xbf, 0x0b, 0x41, 0x14, 0x36, 0x93, 0x01, 0x87, 0xbf, 0x06, 0x00, 0x45, 0xd4, 0x08, 0x01, 0x01, 0x00, 0x08,
    0x00, 0x45, 0xd4, 0x06, 0x01, 0x01, 0x00, 0xd3, 0x01, 0x87, 0xbf, 0x80, 0x14, 0x8a, 0x7c, 0x00, 0x07, 0x0c, 0x38,
    0x81, 0x06, 0x10, 0x4a, 0x1e, 0x0b, 0x06, 0x38, 0x81, 0x0a, 0x0a, 0x4a, 0x06, 0x11, 0x16, 0x02, 0x1e, 0x09, 0x14,
    0x38, 0xd3, 0x01, 0x87, 0xbf, 0x06, 0x00, 0x01, 0xd5, 0x03, 0x0b, 0x22, 0x00, 0x81, 0x08, 0x08, 0x4a, 0xf7, 0x03,
    0x89, 0xbf, 0x0e, 0x13, 0x0a, 0x36, 0x81, 0x0e, 0x10, 0x4a, 0x04, 0x00, 0x01, 0xd5, 0x0a, 0x09, 0x1a, 0x00, 0xa3,
    0x00, 0x87, 0xbf, 0x80, 0x0a, 0x8a, 0x7c, 0x00, 0x0f, 0x0e, 0x38, 0x07, 0x11, 0x0e, 0x02, 0x00, 0x00, 0xb5, 0xbf,
    0x04, 0x7e, 0xfe, 0x91, 0x80, 0x02, 0x08, 0x7e, 0x80, 0x02, 0x16, 0x7e, 0x80, 0x02, 0x0c, 0x7e, 0x80, 0x02, 0x0e,
    0x7e, 0x04, 0x01, 0xfe, 0xbe, 0x00, 0x01, 0x0c, 0xf4, 0x00, 0x00, 0x00, 0xf8, 0x84, 0x08, 0x00, 0x30, 0x84, 0x16,
    0x06, 0x30, 0x12, 0x01, 0x87, 0xbf, 0xff, 0x00, 0x00, 0x36, 0xf0, 0x00, 0x00, 0x00, 0xff, 0x06, 0x08, 0x36, 0xf0,
    0x00, 0x00, 0x00, 0x12, 0x01, 0x87, 0xbf, 0x03, 0x00, 0x12, 0xd6, 0x8f, 0x0c, 0x02, 0x04, 0x04, 0x00, 0x12, 0xd6,
    0x8f, 0x0e, 0x12, 0x04, 0x02, 0x00, 0x87, 0xbf, 0x03, 0x03, 0x0a, 0x7e, 0x03, 0x03, 0x0c, 0x7e, 0x07, 0xfc, 0x89,
    0xbf, 0x85, 0x4f, 0x18, 0xf0, 0x01, 0x03, 0x01, 0x00, 0x02, 0x00, 0x00, 0x00, 0x00, 0x00, 0xb5, 0xbf, 0x00, 0x00,
    0x80, 0xbf, 0x03, 0x00, 0xb6, 0xbf, 0x00, 0x00, 0xb0, 0xbf, 0x00, 0x00, 0x9f, 0xbf, 0x00, 0x00, 0x9f, 0xbf, 0x00,
    0x00, 0x9f, 0xbf, 0x00, 0x00, 0x9f, 0xbf, 0x00, 0x00, 0x9f, 0xbf, 0x00, 0x00, 0x9f, 0xbf, 0x00, 0x00, 0x9f, 0xbf,
    0x00, 0x00, 0x9f, 0xbf, 0x00, 0x00, 0x9f, 0xbf, 0x00, 0x00, 0x9f, 0xbf, 0x00, 0x00, 0x9f, 0xbf, 0x00, 0x00, 0x9f,
    0xbf, 0x00, 0x00, 0x9f, 0xbf, 0x00, 0x00, 0x9f, 0xbf, 0x00, 0x00, 0x9f, 0xbf, 0x00, 0x00, 0x9f, 0xbf, 0x00, 0x00,
    0x9f, 0xbf, 0x00, 0x00, 0x9f, 0xbf, 0x00, 0x00, 0x9f, 0xbf, 0x00, 0x00, 0x9f, 0xbf, 0x00, 0x00, 0x9f, 0xbf, 0x00,
    0x00, 0x9f, 0xbf, 0x00, 0x00, 0x9f, 0xbf, 0x00, 0x00, 0x9f, 0xbf, 0x00, 0x00, 0x9f, 0xbf, 0x00, 0x00, 0x9f, 0xbf,
    0x00, 0x00, 0x9f, 0xbf, 0x00, 0x00, 0x9f, 0xbf, 0x00, 0x00, 0x9f, 0xbf, 0x00, 0x00, 0x9f, 0xbf, 0x00, 0x00, 0x9f,
    0xbf, 0x00, 0x00, 0x9f, 0xbf, 0x00, 0x00, 0x9f, 0xbf, 0x00, 0x00, 0x9f, 0xbf, 0x00, 0x00, 0x9f, 0xbf, 0x00, 0x00,
    0x9f, 0xbf, 0x00, 0x00, 0x9f, 0xbf, 0x00, 0x00, 0x9f, 0xbf, 0x00, 0x00, 0x9f, 0xbf, 0x00, 0x00, 0x9f, 0xbf, 0x00,
    0x00, 0x9f, 0xbf, 0x00, 0x00, 0x9f, 0xbf, 0x00, 0x00, 0x9f, 0xbf, 0x00, 0x00, 0x9f, 0xbf, 0x00, 0x00, 0x9f, 0xbf,
    0x00, 0x00, 0x9f, 0xbf, 0x00, 0x00, 0x9f, 0xbf, 0x00, 0x00, 0x9f, 0xbf, 0x00, 0x00, 0x9f, 0xbf, 0x00, 0x00, 0x9f,
    0xbf, 0x00, 0x00, 0x9f, 0xbf, 0x00, 0x00, 0x9f, 0xbf, 0x00, 0x00, 0x9f, 0xbf, 0x00, 0x00, 0x9f, 0xbf, 0x00, 0x00,
    0x9f, 0xbf, 0x00, 0x00, 0x9f, 0xbf, 0x00, 0x00, 0x9f, 0xbf, 0x00, 0x00, 0x9f, 0xbf, 0x00, 0x00, 0x9f, 0xbf, 0x00,
    0x00, 0x9f, 0xbf, 0x00, 0x00, 0x9f, 0xbf, 0x00, 0x00, 0x9f, 0xbf, 0x00, 0x00, 0x9f, 0xbf, 0x00, 0x00, 0x9f, 0xbf,
    0x00, 0x00, 0x00, 0x00, 0x00, 0x00, 0x10, 0x00, 0x00, 0x00, 0x00, 0x00, 0xac, 0xdf, 0x03, 0x10, 0x47, 0x65, 0x6e,
    0x65, 0x72, 0x61, 0x74, 0x65, 0x64, 0x20, 0x62, 0x79, 0x20, 0x74, 0x68, 0x65, 0x20, 0x41, 0x64, 0x76, 0x61, 0x6e,
    0x63, 0x65, 0x64, 0x20, 0x4d, 0x69, 0x63, 0x72, 0x6f, 0x20, 0x44, 0x65, 0x76, 0x69, 0x63, 0x65, 0x73, 0x2c, 0x20,
    0x49, 0x6e, 0x63, 0x2e, 0x2c, 0x20, 0x50, 0x72, 0x6f, 0x70, 0x72, 0x69, 0x65, 0x74, 0x61, 0x72, 0x79, 0x20, 0x47,
    0x50, 0x55, 0x20, 0x53, 0x68, 0x61, 0x64, 0x65, 0x72, 0x20, 0x43, 0x6f, 0x6d, 0x70, 0x69, 0x6c, 0x65, 0x72, 0x2e,
    0x00, 0x00, 0x5f, 0x61, 0x6d, 0x64, 0x67, 0x70, 0x75, 0x5f, 0x63, 0x73, 0x5f, 0x6d, 0x61, 0x69, 0x6e, 0x00, 0x5f,
    0x61, 0x6d, 0x64, 0x67, 0x70, 0x75, 0x5f, 0x63, 0x73, 0x5f, 0x73, 0x68, 0x64, 0x72, 0x5f, 0x69, 0x6e, 0x74, 0x72,
    0x6c, 0x5f, 0x74, 0x62, 0x6c, 0x00, 0x00, 0x00, 0x00, 0x00, 0x00, 0x00, 0x00, 0x00, 0x00, 0x00, 0x00, 0x00, 0x00,
    0x00, 0x00, 0x00, 0x00, 0x00, 0x00, 0x00, 0x00, 0x00, 0x00, 0x00, 0x01, 0x00, 0x00, 0x00, 0x12, 0x00, 0x02, 0x00,
    0x00, 0x00, 0x00, 0x00, 0x00, 0x00, 0x00, 0x00, 0xb4, 0x07, 0x00, 0x00, 0x00, 0x00, 0x00, 0x00, 0x11, 0x00, 0x00,
    0x00, 0x11, 0x00, 0x03, 0x00, 0x00, 0x00, 0x00, 0x00, 0x00, 0x00, 0x00, 0x00, 0x10, 0x00, 0x00, 0x00, 0x00, 0x00,
    0x00, 0x00, 0x07, 0x00, 0x00, 0x00, 0x06, 0x04, 0x00, 0x00, 0x20, 0x00, 0x00, 0x00, 0x41, 0x4d, 0x44, 0x47, 0x50,
    0x55, 0x00, 0x00, 0x82, 0xae, 0x61, 0x6d, 0x64, 0x70, 0x61, 0x6c, 0x2e, 0x76, 0x65, 0x72, 0x73, 0x69, 0x6f, 0x6e,
    0x92, 0x03, 0x06, 0xb0, 0x61, 0x6d, 0x64, 0x70, 0x61, 0x6c, 0x2e, 0x70, 0x69, 0x70, 0x65, 0x6c, 0x69, 0x6e, 0x65,
    0x73, 0x91, 0x8b, 0xa5, 0x2e, 0x74, 0x79, 0x70, 0x65, 0xa2, 0x43, 0x73, 0xae, 0x2e, 0x72, 0x65, 0x73, 0x6f, 0x75,
    0x72, 0x63, 0x65, 0x5f, 0x68, 0x61, 0x73, 0x68, 0xcf, 0x9d, 0xab, 0x92, 0x5d, 0x0a, 0x7a, 0xaf, 0x2a, 0xb0, 0x2e,
    0x73, 0x70, 0x69, 0x6c, 0x6c, 0x5f, 0x74, 0x68, 0x72, 0x65, 0x73, 0x68, 0x6f, 0x6c, 0x64, 0xcd, 0xff, 0xff, 0xb0,
    0x2e, 0x75, 0x73, 0x65, 0x72, 0x5f, 0x64, 0x61, 0x74, 0x61, 0x5f, 0x6c, 0x69, 0x6d, 0x69, 0x74, 0x01, 0xa8, 0x2e,
    0x73, 0x68, 0x61, 0x64, 0x65, 0x72, 0x73, 0x81, 0xa8, 0x2e, 0x63, 0x6f, 0x6d, 0x70, 0x75, 0x74, 0x65, 0x83, 0xb0,
    0x2e, 0x61, 0x70, 0x69, 0x5f, 0x73, 0x68, 0x61, 0x64, 0x65, 0x72, 0x5f, 0x68, 0x61, 0x73, 0x68, 0x92, 0xcf, 0x95,
    0xb6, 0x6b, 0x13, 0x8c, 0x92, 0x44, 0x07, 0xcf, 0x52, 0x9c, 0xf7, 0xb6, 0x34, 0x11, 0xbb, 0x10, 0xb1, 0x2e, 0x68,
    0x61, 0x72, 0x64, 0x77, 0x61, 0x72, 0x65, 0x5f, 0x6d, 0x61, 0x70, 0x70, 0x69, 0x6e, 0x67, 0x91, 0xa3, 0x2e, 0x63,
    0x73, 0xaf, 0x2e, 0x73, 0x68, 0x61, 0x64, 0x65, 0x72, 0x5f, 0x73, 0x75, 0x62, 0x74, 0x79, 0x70, 0x65, 0xa7, 0x55,
    0x6e, 0x6b, 0x6e, 0x6f, 0x77, 0x6e, 0xb0, 0x2e, 0x68, 0x61, 0x72, 0x64, 0x77, 0x61, 0x72, 0x65, 0x5f, 0x73, 0x74,
    0x61, 0x67, 0x65, 0x73, 0x81, 0xa3, 0x2e, 0x63, 0x73, 0xde, 0x00, 0x1a, 0xb3, 0x2e, 0x65, 0x6e, 0x74, 0x72, 0x79,
    0x5f, 0x70, 0x6f, 0x69, 0x6e, 0x74, 0x5f, 0x73, 0x79, 0x6d, 0x62, 0x6f, 0x6c, 0xaf, 0x5f, 0x61, 0x6d, 0x64, 0x67,
    0x70, 0x75, 0x5f, 0x63, 0x73, 0x5f, 0x6d, 0x61, 0x69, 0x6e, 0xab, 0x2e, 0x73, 0x67, 0x70, 0x72, 0x5f, 0x63, 0x6f,
    0x75, 0x6e, 0x74, 0x10, 0xab, 0x2e, 0x76, 0x67, 0x70, 0x72, 0x5f, 0x63, 0x6f, 0x75, 0x6e, 0x74, 0x24, 0xa9, 0x2e,
    0x6c, 0x64, 0x73, 0x5f, 0x73, 0x69, 0x7a, 0x65, 0x00, 0xb4, 0x2e, 0x73, 0x63, 0x72, 0x61, 0x74, 0x63, 0x68, 0x5f,
    0x6d, 0x65, 0x6d, 0x6f, 0x72, 0x79, 0x5f, 0x73, 0x69, 0x7a, 0x65, 0x00, 0xb4, 0x2e, 0x66, 0x72, 0x6f, 0x6e, 0x74,
    0x65, 0x6e, 0x64, 0x5f, 0x73, 0x74, 0x61, 0x63, 0x6b, 0x5f, 0x73, 0x69, 0x7a, 0x65, 0x00, 0xb3, 0x2e, 0x62, 0x61,
    0x63, 0x6b, 0x65, 0x6e, 0x64, 0x5f, 0x73, 0x74, 0x61, 0x63, 0x6b, 0x5f, 0x73, 0x69, 0x7a, 0x65, 0x00, 0xb6, 0x2e,
    0x70, 0x65, 0x72, 0x66, 0x5f, 0x64, 0x61, 0x74, 0x61, 0x5f, 0x62, 0x75, 0x66, 0x66, 0x65, 0x72, 0x5f, 0x73, 0x69,
    0x7a, 0x65, 0x00, 0xaa, 0x2e, 0x75, 0x73, 0x65, 0x73, 0x5f, 0x75, 0x61, 0x76, 0x73, 0xc3, 0xac, 0x2e, 0x77, 0x72,
    0x69, 0x74, 0x65, 0x73, 0x5f, 0x75, 0x61, 0x76, 0x73, 0xc3, 0xb4, 0x2e, 0x75, 0x73, 0x65, 0x73, 0x5f, 0x61, 0x70,
    0x70, 0x65, 0x6e, 0x64, 0x5f, 0x63, 0x6f, 0x6e, 0x73, 0x75, 0x6d, 0x65, 0xc2, 0xaf, 0x2e, 0x77, 0x61, 0x76, 0x65,
    0x66, 0x72, 0x6f, 0x6e, 0x74, 0x5f, 0x73, 0x69, 0x7a, 0x65, 0x40, 0xb2, 0x2e, 0x75, 0x73, 0x65, 0x72, 0x5f, 0x64,
    0x61, 0x74, 0x61, 0x5f, 0x72, 0x65, 0x67, 0x5f, 0x6d, 0x61, 0x70, 0xdc, 0x00, 0x20, 0xce, 0xff, 0xff, 0xff, 0xff,
    0xce, 0xff, 0xff, 0xff, 0xff, 0x00, 0xce, 0xff, 0xff, 0xff, 0xff, 0xce, 0xff, 0xff, 0xff, 0xff, 0xce, 0xff, 0xff,
    0xff, 0xff, 0xce, 0xff, 0xff, 0xff, 0xff, 0xce, 0xff, 0xff, 0xff, 0xff, 0xce, 0xff, 0xff, 0xff, 0xff, 0xce, 0xff,
    0xff, 0xff, 0xff, 0xce, 0xff, 0xff, 0xff, 0xff, 0xce, 0xff, 0xff, 0xff, 0xff, 0xce, 0xff, 0xff, 0xff, 0xff, 0xce,
    0xff, 0xff, 0xff, 0xff, 0xce, 0xff, 0xff, 0xff, 0xff, 0xce, 0xff, 0xff, 0xff, 0xff, 0xce, 0xff, 0xff, 0xff, 0xff,
    0xce, 0xff, 0xff, 0xff, 0xff, 0xce, 0xff, 0xff, 0xff, 0xff, 0xce, 0xff, 0xff, 0xff, 0xff, 0xce, 0xff, 0xff, 0xff,
    0xff, 0xce, 0xff, 0xff, 0xff, 0xff, 0xce, 0xff, 0xff, 0xff, 0xff, 0xce, 0xff, 0xff, 0xff, 0xff, 0xce, 0xff, 0xff,
    0xff, 0xff, 0xce, 0xff, 0xff, 0xff, 0xff, 0xce, 0xff, 0xff, 0xff, 0xff, 0xce, 0xff, 0xff, 0xff, 0xff, 0xce, 0xff,
    0xff, 0xff, 0xff, 0xce, 0xff, 0xff, 0xff, 0xff, 0xce, 0xff, 0xff, 0xff, 0xff, 0xce, 0xff, 0xff, 0xff, 0xff, 0xb7,
    0x2e, 0x74, 0x68, 0x72, 0x65, 0x61, 0x64, 0x67, 0x72, 0x6f, 0x75, 0x70, 0x5f, 0x64, 0x69, 0x6d, 0x65, 0x6e, 0x73,
    0x69, 0x6f, 0x6e, 0x73, 0x93, 0x08, 0x08, 0x01, 0xab, 0x2e, 0x66, 0x6c, 0x6f, 0x61, 0x74, 0x5f, 0x6d, 0x6f, 0x64,
    0x65, 0xcc, 0xc0, 0xae, 0x2e, 0x66, 0x70, 0x31, 0x36, 0x5f, 0x6f, 0x76, 0x65, 0x72, 0x66, 0x6c, 0x6f, 0x77, 0xc2,
    0xaa, 0x2e, 0x69, 0x65, 0x65, 0x65, 0x5f, 0x6d, 0x6f, 0x64, 0x65, 0xc2, 0xa9, 0x2e, 0x77, 0x67, 0x70, 0x5f, 0x6d,
    0x6f, 0x64, 0x65, 0xc2, 0xac, 0x2e, 0x6d, 0x65, 0x6d, 0x5f, 0x6f, 0x72, 0x64, 0x65, 0x72, 0x65, 0x64, 0xc2, 0xb1,
    0x2e, 0x66, 0x6f, 0x72, 0x77, 0x61, 0x72, 0x64, 0x5f, 0x70, 0x72, 0x6f, 0x67, 0x72, 0x65, 0x73, 0x73, 0xc2, 0xab,
    0x2e, 0x75, 0x73, 0x65, 0x72, 0x5f, 0x73, 0x67, 0x70, 0x72, 0x73, 0x03, 0xa8, 0x2e, 0x65, 0x78, 0x63, 0x70, 0x5f,
    0x65, 0x6e, 0x00, 0xab, 0x2e, 0x73, 0x63, 0x72, 0x61, 0x74, 0x63, 0x68, 0x5f, 0x65, 0x6e, 0xc2, 0xad, 0x2e, 0x74,
    0x72, 0x61, 0x70, 0x5f, 0x70, 0x72, 0x65, 0x73, 0x65, 0x6e, 0x74, 0xc2, 0xb0, 0x2e, 0x73, 0x68, 0x61, 0x72, 0x65,
    0x64, 0x5f, 0x76, 0x67, 0x70, 0x72, 0x5f, 0x63, 0x6e, 0x74, 0x00, 0xad, 0x2e, 0x77, 0x61, 0x76, 0x65, 0x73, 0x5f,
    0x70, 0x65, 0x72, 0x5f, 0x73, 0x65, 0x00, 0xaa, 0x2e, 0x72, 0x65, 0x67, 0x69, 0x73, 0x74, 0x65, 0x72, 0x73, 0x81,
    0xcd, 0x2e, 0x42, 0x00, 0xa5, 0x2e, 0x6e, 0x61, 0x6d, 0x65, 0xb9, 0x4d, 0x6c, 0x61, 0x61, 0x43, 0x61, 0x6c, 0x63,
    0x53, 0x65, 0x70, 0x45, 0x64, 0x67, 0x65, 0x4c, 0x65, 0x6e, 0x67, 0x74, 0x68, 0x46, 0x61, 0x73, 0x74, 0xb7, 0x2e,
    0x69, 0x6e, 0x74, 0x65, 0x72, 0x6e, 0x61, 0x6c, 0x5f, 0x70, 0x69, 0x70, 0x65, 0x6c, 0x69, 0x6e, 0x65, 0x5f, 0x68,
    0x61, 0x73, 0x68, 0x92, 0xcf, 0x1b, 0x82, 0x04, 0x2d, 0x6d, 0x8a, 0xd5, 0x7b, 0xcf, 0x23, 0xc4, 0x45, 0xf0, 0x85,
    0xe0, 0x68, 0x5d, 0xb2, 0x2e, 0x63, 0x6f, 0x6d, 0x70, 0x75, 0x74, 0x65, 0x5f, 0x72, 0x65, 0x67, 0x69, 0x73, 0x74,
    0x65, 0x72, 0x73, 0x85, 0xaf, 0x2e, 0x74, 0x69, 0x64, 0x69, 0x67, 0x5f, 0x63, 0x6f, 0x6d, 0x70, 0x5f, 0x63, 0x6e,
    0x74, 0x01, 0xaa, 0x2e, 0x74, 0x67, 0x69, 0x64, 0x5f, 0x78, 0x5f, 0x65, 0x6e, 0xc3, 0xaa, 0x2e, 0x74, 0x67, 0x69,
    0x64, 0x5f, 0x79, 0x5f, 0x65, 0x6e, 0xc3, 0xaa, 0x2e, 0x74, 0x67, 0x69, 0x64, 0x5f, 0x7a, 0x5f, 0x65, 0x6e, 0xc2,
    0xab, 0x2e, 0x74, 0x67, 0x5f, 0x73, 0x69, 0x7a, 0x65, 0x5f, 0x65, 0x6e, 0xc2, 0xa4, 0x2e, 0x61, 0x70, 0x69, 0xa7,
    0x73, 0x63, 0x70, 0x63, 0x42, 0x6c, 0x64, 0x00, 0x00, 0x00, 0x00, 0x00, 0x00, 0x00, 0x00, 0x00, 0x00, 0x00, 0x00,
    0x00, 0x00, 0x00, 0x00, 0x00, 0x00, 0x00, 0x00, 0x00, 0x00, 0x00, 0x00, 0x00, 0x00, 0x00, 0x00, 0x00, 0x00, 0x00,
    0x00, 0x00, 0x00, 0x00, 0x00, 0x00, 0x00, 0x00, 0x00, 0x00, 0x00, 0x00, 0x00, 0x00, 0x00, 0x00, 0x00, 0x00, 0x00,
    0x00, 0x00, 0x00, 0x00, 0x00, 0x00, 0x00, 0x00, 0x00, 0x00, 0x00, 0x00, 0x00, 0x00, 0x00, 0x00, 0x00, 0x00, 0x00,
    0x01, 0x00, 0x00, 0x00, 0x03, 0x00, 0x00, 0x00, 0x00, 0x00, 0x00, 0x00, 0x00, 0x00, 0x00, 0x00, 0x00, 0x00, 0x00,
    0x00, 0x00, 0x00, 0x00, 0x00, 0x40, 0x00, 0x00, 0x00, 0x00, 0x00, 0x00, 0x00, 0x36, 0x00, 0x00, 0x00, 0x00, 0x00,
    0x00, 0x00, 0x00, 0x00, 0x00, 0x00, 0x00, 0x00, 0x00, 0x00, 0x00, 0x00, 0x00, 0x00, 0x00, 0x00, 0x00, 0x00, 0x00,
    0x00, 0x00, 0x00, 0x00, 0x00, 0x00, 0x00, 0x0b, 0x00, 0x00, 0x00, 0x01, 0x00, 0x00, 0x00, 0x06, 0x00, 0x00, 0x00,
    0x00, 0x00, 0x00, 0x00, 0x00, 0x00, 0x00, 0x00, 0x00, 0x00, 0x00, 0x00, 0x76, 0x00, 0x00, 0x00, 0x00, 0x00, 0x00,
    0x00, 0xb4, 0x07, 0x00, 0x00, 0x00, 0x00, 0x00, 0x00, 0x00, 0x00, 0x00, 0x00, 0x00, 0x00, 0x00, 0x00, 0x00, 0x01,
    0x00, 0x00, 0x00, 0x00, 0x00, 0x00, 0x00, 0x00, 0x00, 0x00, 0x00, 0x00, 0x00, 0x00, 0x11, 0x00, 0x00, 0x00, 0x01,
    0x00, 0x00, 0x00, 0x03, 0x00, 0x00, 0x00, 0x00, 0x00, 0x00, 0x00, 0x00, 0x00, 0x00, 0x00, 0x00, 0x00, 0x00, 0x00,
    0x2a, 0x08, 0x00, 0x00, 0x00, 0x00, 0x00, 0x00, 0x10, 0x00, 0x00, 0x00, 0x00, 0x00, 0x00, 0x00, 0x00, 0x00, 0x00,
    0x00, 0x00, 0x00, 0x00, 0x00, 0x20, 0x00, 0x00, 0x00, 0x00, 0x00, 0x00, 0x00, 0x00, 0x00, 0x00, 0x00, 0x00, 0x00,
    0x00, 0x00, 0x17, 0x00, 0x00, 0x00, 0x01, 0x00, 0x00, 0x00, 0x00, 0x00, 0x00, 0x00, 0x00, 0x00, 0x00, 0x00, 0x00,
    0x00, 0x00, 0x00, 0x00, 0x00, 0x00, 0x00, 0x3a, 0x08, 0x00, 0x00, 0x00, 0x00, 0x00, 0x00, 0x50, 0x00, 0x00, 0x00,
    0x00, 0x00, 0x00, 0x00, 0x00, 0x00, 0x00, 0x00, 0x00, 0x00, 0x00, 0x00, 0x00, 0x00, 0x00, 0x00, 0x00, 0x00, 0x00,
    0x00, 0x00, 0x00, 0x00, 0x00, 0x00, 0x00, 0x00, 0x00, 0x20, 0x00, 0x00, 0x00, 0x03, 0x00, 0x00, 0x00, 0x00, 0x00,
    0x00, 0x00, 0x00, 0x00, 0x00, 0x00, 0x00, 0x00, 0x00, 0x00, 0x00, 0x00, 0x00, 0x00, 0x8a, 0x08, 0x00, 0x00, 0x00,
    0x00, 0x00, 0x00, 0x2b, 0x00, 0x00, 0x00, 0x00, 0x00, 0x00, 0x00, 0x00, 0x00, 0x00, 0x00, 0x00, 0x00, 0x00, 0x00,
    0x00, 0x00, 0x00, 0x00, 0x00, 0x00, 0x00, 0x00, 0x00, 0x00, 0x00, 0x00, 0x00, 0x00, 0x00, 0x00, 0x28, 0x00, 0x00,
    0x00, 0x02, 0x00, 0x00, 0x00, 0x00, 0x00, 0x00, 0x00, 0x00, 0x00, 0x00, 0x00, 0x00, 0x00, 0x00, 0x00, 0x00, 0x00,
    0x00, 0x00, 0xb5, 0x08, 0x00, 0x00, 0x00, 0x00, 0x00, 0x00, 0x48, 0x00, 0x00, 0x00, 0x00, 0x00, 0x00, 0x00, 0x05,
    0x00, 0x00, 0x00, 0x00, 0x00, 0x00, 0x00, 0x00, 0x00, 0x00, 0x00, 0x00, 0x00, 0x00, 0x00, 0x18, 0x00, 0x00, 0x00,
    0x00, 0x00, 0x00, 0x00, 0x30, 0x00, 0x00, 0x00, 0x07, 0x00, 0x00, 0x00, 0x00, 0x00, 0x00, 0x00, 0x00, 0x00, 0x00,
    0x00, 0x00, 0x00, 0x00, 0x00, 0x00, 0x00, 0x00, 0x00, 0xfd, 0x08, 0x00, 0x00, 0x00, 0x00, 0x00, 0x00, 0x1c, 0x04,
    0x00, 0x00, 0x00, 0x00, 0x00, 0x00, 0x00, 0x00, 0x00, 0x00, 0x00, 0x00, 0x00, 0x00, 0x00, 0x00, 0x00, 0x00, 0x00,
    0x00, 0x00, 0x00, 0x00, 0x00, 0x00, 0x00, 0x00, 0x00, 0x00, 0x00,
};

// Mlaa Calc Sep Edge Length Initial compute shader binary
inline constexpr Util::uint8 MlaaCalcSepEdgeLengthInitial_Cs_519251A5[] =
{
    0x7f, 0x45, 0x4c, 0x46, 0x02, 0x01, 0x01, 0x41, 0x00, 0x00, 0x00, 0x00, 0x00, 0x00, 0x00, 0x00, 0x01, 0x00, 0xe0,
    0x00, 0x01, 0x00, 0x00, 0x00, 0x00, 0x00, 0x00, 0x00, 0x00, 0x00, 0x00, 0x00, 0x00, 0x00, 0x00, 0x00, 0x00, 0x00,
    0x00, 0x00, 0xfc, 0x08, 0x00, 0x00, 0x00, 0x00, 0x00, 0x00, 0x44, 0x05, 0x00, 0x00, 0x40, 0x00, 0x00, 0x00, 0x00,
    0x00, 0x40, 0x00, 0x08, 0x00, 0x01, 0x00, 0x00, 0x2e, 0x73, 0x68, 0x73, 0x74, 0x72, 0x74, 0x61, 0x62, 0x00, 0x2e,
    0x74, 0x65, 0x78, 0x74, 0x00, 0x2e, 0x64, 0x61, 0x74, 0x61, 0x00, 0x2e, 0x63, 0x6f, 0x6d, 0x6d, 0x65, 0x6e, 0x74,
    0x00, 0x2e, 0x73, 0x74, 0x72, 0x74, 0x61, 0x62, 0x00, 0x2e, 0x73, 0x79, 0x6d, 0x74, 0x61, 0x62, 0x00, 0x2e, 0x6e,
    0x6f, 0x74, 0x65, 0x00, 0x06, 0x20, 0x80, 0xb0, 0x80, 0x47, 0x86, 0xbe, 0x03, 0x00, 0x84, 0xbf, 0x02, 0x00, 0x80,
    0xbe, 0x07, 0x00, 0x81, 0xbe, 0x00, 0x02, 0x08, 0xf4, 0xa0, 0x00, 0x00, 0xf8, 0xff, 0x00, 0x02, 0x36, 0xff, 0x03,
    0x00, 0x00, 0x00, 0x00, 0x10, 0xd6, 0x00, 0x15, 0x29, 0x02, 0x12, 0x01, 0x87, 0xbf, 0x04, 0x00, 0x46, 0xd6, 0x03,
    0x06, 0x05, 0x04, 0x06, 0x00, 0x46, 0xd6, 0x04, 0x06, 0x01, 0x04, 0x07, 0xfc, 0x89, 0xbf, 0x12, 0x01, 0x87, 0xbf,
    0x02, 0x00, 0x4e, 0xd4, 0x09, 0x08, 0x02, 0x00, 0x0a, 0x0c, 0x9c, 0x7c, 0x02, 0x6a, 0xea, 0x8b, 0x09, 0x00, 0x87,
    0xbf, 0x6a, 0x21, 0x82, 0xbe, 0x88, 0x00, 0xa5, 0xbf, 0x00, 0x03, 0x0c, 0xf4, 0x40, 0x00, 0x00, 0xf8, 0x07, 0xfc,
    0x89, 0xbf, 0x85, 0x01, 0x00, 0xf0, 0x04, 0x00, 0x03, 0x00, 0x06, 0x00, 0x00, 0x00, 0xf7, 0x03, 0x89, 0xbf, 0x83,
    0x00, 0x02, 0x36, 0x7e, 0x01, 0x84, 0xbe, 0x01, 0x00, 0x87, 0xbf, 0x7e, 0x00, 0xc5, 0xd4, 0x01, 0x01, 0x01, 0x00,
    0x5d, 0x00, 0xa5, 0xbf, 0x81, 0x08, 0x06, 0x84, 0xc1, 0x08, 0x07, 0x84, 0x49, 0x02, 0x87, 0xbf, 0x07, 0x08, 0x02,
    0x4a, 0x06, 0x08, 0x04, 0x4a, 0x06, 0x0c, 0x06, 0x4a, 0x07, 0x0c, 0x0a, 0x4a, 0x07, 0x00, 0x64, 0xd6, 0x01, 0x01,
    0x25, 0x00, 0x0a, 0x0c, 0x10, 0x22, 0x0a, 0x00, 0x64, 0xd6, 0x02, 0x01, 0x25, 0x00, 0x09, 0x08, 0x12, 0x22, 0x0b,
    0x00, 0x64, 0xd6, 0x03, 0x01, 0x29, 0x00, 0x0e, 0x00, 0x64, 0xd6, 0x05, 0x01, 0x29, 0x00, 0x03, 0x00, 0x85, 0xbf,
    0x85, 0x01, 0x00, 0xf0, 0x07, 0x07, 0x03, 0x00, 0x08, 0x00, 0x00, 0x00, 0x85, 0x01, 0x00, 0xf0, 0x0a, 0x08, 0x03,
    0x00, 0x08, 0x00, 0x00, 0x00, 0x85, 0x01, 0x00, 0xf0, 0x09, 0x0a, 0x03, 0x00, 0x0b, 0x00, 0x00, 0x00, 0x85, 0x01,
    0x00, 0xf0, 0x09, 0x09, 0x03, 0x00, 0x0e, 0x00, 0x00, 0x00, 0x09, 0x02, 0x16, 0x26, 0x0a, 0x0a, 0x18, 0x26, 0x80,
    0x0a, 0x0a, 0x4c, 0x93, 0x01, 0x87, 0xbf, 0x80, 0x16, 0x16, 0x4c, 0x80, 0x18, 0x18, 0x4c, 0x80, 0x02, 0x02, 0x4c,
    0x81, 0x00, 0x1a, 0x36, 0x82, 0x00, 0x00, 0x36, 0x14, 0x02, 0x87, 0xbf, 0x0c, 0x00, 0x45, 0xd4, 0x05, 0x19, 0x02,
    0x00, 0x0e, 0x00, 0x45, 0xd4, 0x01, 0x17, 0x02, 0x00, 0x09, 0x04, 0x02, 0x26, 0x0a, 0x06, 0x0a, 0x26, 0x80, 0x1a,
    0x8a, 0x7c, 0x0d, 0x00, 0x01, 0xd5, 0x80, 0xfe, 0xa9, 0x01, 0x00, 0x80, 0x00, 0x00, 0x0e, 0x00, 0x01, 0xd5, 0x80,
    0x0c, 0xa8, 0x01, 0x80, 0x00, 0x8a, 0x7c, 0x0b, 0x00, 0x01, 0xd5, 0x80, 0x0c, 0xa8, 0x01, 0x06, 0x00, 0x45, 0xd4,
    0x03, 0x0b, 0x02, 0x00, 0x08, 0x00, 0x45, 0xd4, 0x02, 0x03, 0x02, 0x00, 0x00, 0x00, 0x01, 0xd5, 0x80, 0xfe, 0xa9,
    0x01, 0x00, 0x80, 0x00, 0x00, 0xf7, 0x0f, 0x89, 0xbf, 0x81, 0x0e, 0x0e, 0x36, 0xf7, 0x0b, 0x89, 0xbf, 0x81, 0x10,
    0x02, 0x36, 0xf7, 0x07, 0x89, 0xbf, 0x82, 0x14, 0x04, 0x36, 0xf7, 0x03, 0x89, 0xbf, 0x82, 0x12, 0x06, 0x36, 0x94,
    0x01, 0x87, 0xbf, 0x0a, 0x00, 0x42, 0xd4, 0x07, 0x01, 0x01, 0x00, 0x12, 0x00, 0x42, 0xd4, 0x02, 0x01, 0x01, 0x00,
    0x03, 0x00, 0x87, 0xbf, 0x14, 0x00, 0x42, 0xd4, 0x03, 0x01, 0x01, 0x00, 0x10, 0x00, 0x42, 0xd4, 0x01, 0x01, 0x01,
    0x00, 0x0a, 0x0e, 0x8a, 0x8c, 0x14, 0x0c, 0x8c, 0x8c, 0x12, 0x06, 0x86, 0x8c, 0x10, 0x08, 0xea, 0x8c, 0x09, 0x00,
    0x87, 0xbf, 0x9e, 0xff, 0x88, 0xbf, 0x0e, 0x1b, 0x04, 0x02, 0x05, 0x00, 0x01, 0xd5, 0x0e, 0x1b, 0x2a, 0x00, 0x01,
    0x00, 0x01, 0xd5, 0x0b, 0x01, 0x1a, 0x00, 0x03, 0x00, 0x01, 0xd5, 0x0b, 0x01, 0x32, 0x00, 0x04, 0x7e, 0xfe, 0x91,
    0x80, 0x02, 0x0a, 0x7e, 0x80, 0x02, 0x02, 0x7e, 0x80, 0x02, 0x04, 0x7e, 0x80, 0x02, 0x06, 0x7e, 0x04, 0x01, 0xfe,
    0xbe, 0x00, 0x01, 0x0c, 0xf4, 0x00, 0x00, 0x00, 0xf8, 0x00, 0x03, 0x0c, 0xf4, 0x20, 0x00, 0x00, 0xf8, 0x00, 0x00,
    0x44, 0xd6, 0x05, 0x05, 0xfe, 0x03, 0x00, 0x01, 0x04, 0x05, 0x07, 0x00, 0x44, 0xd6, 0x01, 0x07, 0xfe, 0x03, 0x00,
    0x01, 0x04, 0x05, 0x32, 0x02, 0x87, 0xbf, 0x00, 0x03, 0x02, 0x7e, 0x00, 0x03, 0x04, 0x7e, 0x00, 0x03, 0x06, 0x7e,
    0x07, 0x03, 0x10, 0x7e, 0x07, 0x03, 0x12, 0x7e, 0x07, 0x03, 0x14, 0x7e, 0x07, 0xfc, 0x89, 0xbf, 0x85, 0x4f, 0x18,
    0xf0, 0x04, 0x00, 0x01, 0x00, 0x06, 0x00, 0x00, 0x00, 0x85, 0x4f, 0x18, 0xf0, 0x04, 0x07, 0x03, 0x00, 0x06, 0x00,
    0x00, 0x00, 0x00, 0x00, 0x80, 0xbf, 0x03, 0x00, 0xb6, 0xbf, 0x00, 0x00, 0xb0, 0xbf, 0x00, 0x00, 0x9f, 0xbf, 0x00,
    0x00, 0x9f, 0xbf, 0x00, 0x00, 0x9f, 0xbf, 0x00, 0x00, 0x9f, 0xbf, 0x00, 0x00, 0x9f, 0xbf, 0x00, 0x00, 0x9f, 0xbf,
    0x00, 0x00, 0x9f, 0xbf, 0x00, 0x00, 0x9f, 0xbf, 0x00, 0x00, 0x9f, 0xbf, 0x00, 0x00, 0x9f, 0xbf, 0x00, 0x00, 0x9f,
    0xbf, 0x00, 0x00, 0x9f, 0xbf, 0x00, 0x00, 0x9f, 0xbf, 0x00, 0x00, 0x9f, 0xbf, 0x00, 0x00, 0x9f, 0xbf, 0x00, 0x00,
    0x9f, 0xbf, 0x00, 0x00, 0x9f, 0xbf, 0x00, 0x00, 0x9f, 0xbf, 0x00, 0x00, 0x9f, 0xbf, 0x00, 0x00, 0x9f, 0xbf, 0x00,
    0x00, 0x9f, 0xbf, 0x00, 0x00, 0x9f, 0xbf, 0x00, 0x00, 0x9f, 0xbf, 0x00, 0x00, 0x9f, 0xbf, 0x00, 0x00, 0x9f, 0xbf,
    0x00, 0x00, 0x9f, 0xbf, 0x00, 0x00, 0x9f, 0xbf, 0x00, 0x00, 0x9f, 0xbf, 0x00, 0x00, 0x9f, 0xbf, 0x00, 0x00, 0x9f,
    0xbf, 0x00, 0x00, 0x9f, 0xbf, 0x00, 0x00, 0x9f, 0xbf, 0x00, 0x00, 0x9f, 0xbf, 0x00, 0x00, 0x9f, 0xbf, 0x00, 0x00,
    0x9f, 0xbf, 0x00, 0x00, 0x9f, 0xbf, 0x00, 0x00, 0x9f, 0xbf, 0x00, 0x00, 0x9f, 0xbf, 0x00, 0x00, 0x9f, 0xbf, 0x00,
    0x00, 0x9f, 0xbf, 0x00, 0x00, 0x9f, 0xbf, 0x00, 0x00, 0x9f, 0xbf, 0x00, 0x00, 0x9f, 0xbf, 0x00, 0x00, 0x9f, 0xbf,
    0x00, 0x00, 0x9f, 0xbf, 0x00, 0x00, 0x9f, 0xbf, 0x00, 0x00, 0x9f, 0xbf, 0x00, 0x00, 0x9f, 0xbf, 0x00, 0x00, 0x9f,
    0xbf, 0x00, 0x00, 0x9f, 0xbf, 0x00, 0x00, 0x9f, 0xbf, 0x00, 0x00, 0x9f, 0xbf, 0x00, 0x00, 0x9f, 0xbf, 0x00, 0x00,
    0x9f, 0xbf, 0x00, 0x00, 0x9f, 0xbf, 0x00, 0x00, 0x9f, 0xbf, 0x00, 0x00, 0x9f, 0xbf, 0x00, 0x00, 0x9f, 0xbf, 0x00,
    0x00, 0x9f, 0xbf, 0x00, 0x00, 0x9f, 0xbf, 0x00, 0x00, 0x9f, 0xbf, 0x00, 0x00, 0x9f, 0xbf, 0x00, 0x00, 0x9f, 0xbf,
    0x00, 0x00, 0x9f, 0xbf, 0x00, 0x00, 0x00, 0x00, 0x00, 0x00, 0x10, 0x00, 0x00, 0x00, 0x00, 0x00, 0xac, 0xdf, 0x03,
    0x10, 0x47, 0x65, 0x6e, 0x65, 0x72, 0x61, 0x74, 0x65, 0x64, 0x20, 0x62, 0x79, 0x20, 0x74, 0x68, 0x65, 0x20, 0x41,
    0x64, 0x76, 0x61, 0x6e, 0x63, 0x65, 0x64, 0x20, 0x4d, 0x69, 0x63, 0x72, 0x6f, 0x20, 0x44, 0x65, 0x76, 0x69, 0x63,
    0x65, 0x73, 0x2c, 0x20, 0x49, 0x6e, 0x63, 0x2e, 0x2c, 0x20, 0x50, 0x72, 0x6f, 0x70, 0x72, 0x69, 0x65, 0x74, 0x61,
    0x72, 0x79, 0x20, 0x47, 0x50, 0x55, 0x20, 0x53, 0x68, 0x61, 0x64, 0x65, 0x72, 0x20, 0x43, 0x6f, 0x6d, 0x70, 0x69,
    0x6c, 0x65, 0x72, 0x2e, 0x00, 0x00, 0x5f, 0x61, 0x6d, 0x64, 0x67, 0x70, 0x75, 0x5f, 0x63, 0x73, 0x5f, 0x6d, 0x61,
    0x69, 0x6e, 0x00, 0x5f, 0x61, 0x6d, 0x64, 0x67, 0x70, 0x75, 0x5f, 0x63, 0x73, 0x5f, 0x73, 0x68, 0x64, 0x72, 0x5f,
    0x69, 0x6e, 0x74, 0x72, 0x6c, 0x5f, 0x74, 0x62, 0x6c, 0x00, 0x00, 0x00, 0x00, 0x00, 0x00, 0x00, 0x00, 0x00, 0x00,
    0x00, 0x00, 0x00, 0x00, 0x00, 0x00, 0x00, 0x00, 0x00, 0x00, 0x00, 0x00, 0x00, 0x00, 0x00, 0x01, 0x00, 0x00, 0x00,
    0x12, 0x00, 0x02, 0x00, 0x00, 0x00, 0x00, 0x00, 0x00, 0x00, 0x00, 0x00, 0x90, 0x03, 0x00, 0x00, 0x00, 0x00, 0x00,
    0x00, 0x11, 0x00, 0x00, 0x00, 0x11, 0x00, 0x03, 0x00, 0x00, 0x00, 0x00, 0x00, 0x00, 0x00, 0x00, 0x00, 0x10, 0x00,
    0x00, 0x00, 0x00, 0x00, 0x00, 0x00, 0x07, 0x00, 0x00, 0x00, 0x09, 0x04, 0x00, 0x00, 0x20, 0x00, 0x00, 0x00, 0x41,
    0x4d, 0x44, 0x47, 0x50, 0x55, 0x00, 0x00, 0x82, 0xae, 0x61, 0x6d, 0x64, 0x70, 0x61, 0x6c, 0x2e, 0x76, 0x65, 0x72,
    0x73, 0x69, 0x6f, 0x6e, 0x92, 0x03, 0x06, 0xb0, 0x61, 0x6d, 0x64, 0x70, 0x61, 0x6c, 0x2e, 0x70, 0x69, 0x70, 0x65,
    0x6c, 0x69, 0x6e, 0x65, 0x73, 0x91, 0x8b, 0xa5, 0x2e, 0x74, 0x79, 0x70, 0x65, 0xa2, 0x43, 0x73, 0xae, 0x2e, 0x72,
    0x65, 0x73, 0x6f, 0x75, 0x72, 0x63, 0x65, 0x5f, 0x68, 0x61, 0x73, 0x68, 0xcf, 0x9e, 0xbd, 0xe0, 0x73, 0x00, 0x98,
    0xf3, 0x1e, 0xb0, 0x2e, 0x73, 0x70, 0x69, 0x6c, 0x6c, 0x5f, 0x74, 0x68, 0x72, 0x65, 0x73, 0x68, 0x6f, 0x6c, 0x64,
    0xcd, 0xff, 0xff, 0xb0, 0x2e, 0x75, 0x73, 0x65, 0x72, 0x5f, 0x64, 0x61, 0x74, 0x61, 0x5f, 0x6c, 0x69, 0x6d, 0x69,
    0x74, 0x01, 0xa8, 0x2e, 0x73, 0x68, 0x61, 0x64, 0x65, 0x72, 0x73, 0x81, 0xa8, 0x2e, 0x63, 0x6f, 0x6d, 0x70, 0x75,
    0x74, 0x65, 0x83, 0xb0, 0x2e, 0x61, 0x70, 0x69, 0x5f, 0x73, 0x68, 0x61, 0x64, 0x65, 0x72, 0x5f, 0x68, 0x61, 0x73,
    0x68, 0x92, 0xcf, 0xfa, 0xbd, 0x40, 0x62, 0x7e, 0xdd, 0xdb, 0x6b, 0xcf, 0xbd, 0xdd, 0xee, 0xf8, 0x82, 0xa8, 0x11,
    0xfe, 0xb1, 0x2e, 0x68, 0x61, 0x72, 0x64, 0x77, 0x61, 0x72, 0x65, 0x5f, 0x6d, 0x61, 0x70, 0x70, 0x69, 0x6e, 0x67,
    0x91, 0xa3, 0x2e, 0x63, 0x73, 0xaf, 0x2e, 0x73, 0x68, 0x61, 0x64, 0x65, 0x72, 0x5f, 0x73, 0x75, 0x62, 0x74, 0x79,
    0x70, 0x65, 0xa7, 0x55, 0x6e, 0x6b, 0x6e, 0x6f, 0x77, 0x6e, 0xb0, 0x2e, 0x68, 0x61, 0x72, 0x64, 0x77, 0x61, 0x72,
    0x65, 0x5f, 0x73, 0x74, 0x61, 0x67, 0x65, 0x73, 0x81, 0xa3, 0x2e, 0x63, 0x73, 0xde, 0x00, 0x1a, 0xb3, 0x2e, 0x65,
    0x6e, 0x74, 0x72, 0x79, 0x5f, 0x70, 0x6f, 0x69, 0x6e, 0x74, 0x5f, 0x73, 0x79, 0x6d, 0x62, 0x6f, 0x6c, 0xaf, 0x5f,
    0x61, 0x6d, 0x64, 0x67, 0x70, 0x75, 0x5f, 0x63, 0x73, 0x5f, 0x6d, 0x61, 0x69, 0x6e, 0xab, 0x2e, 0x73, 0x67, 0x70,
    0x72, 0x5f, 0x63, 0x6f, 0x75, 0x6e, 0x74, 0x16, 0xab, 0x2e, 0x76, 0x67, 0x70, 0x72, 0x5f, 0x63, 0x6f, 0x75, 0x6e,
    0x74, 0x0f, 0xa9, 0x2e, 0x6c, 0x64, 0x73, 0x5f, 0x73, 0x69, 0x7a, 0x65, 0x00, 0xb4, 0x2e, 0x73, 0x63, 0x72, 0x61,
    0x74, 0x63, 0x68, 0x5f, 0x6d, 0x65, 0x6d, 0x6f, 0x72, 0x79, 0x5f, 0x73, 0x69, 0x7a, 0x65, 0x00, 0xb4, 0x2e, 0x66,
    0x72, 0x6f, 0x6e, 0x74, 0x65, 0x6e, 0x64, 0x5f, 0x73, 0x74, 0x61, 0x63, 0x6b, 0x5f, 0x73, 0x69, 0x7a, 0x65, 0x00,
    0xb3, 0x2e, 0x62, 0x61, 0x63, 0x6b, 0x65, 0x6e, 0x64, 0x5f, 0x73, 0x74, 0x61, 0x63, 0x6b, 0x5f, 0x73, 0x69, 0x7a,
    0x65, 0x00, 0xb6, 0x2e, 0x70, 0x65, 0x72, 0x66, 0x5f, 0x64, 0x61, 0x74, 0x61, 0x5f, 0x62, 0x75, 0x66, 0x66, 0x65,
    0x72, 0x5f, 0x73, 0x69, 0x7a, 0x65, 0x00, 0xaa, 0x2e, 0x75, 0x73, 0x65, 0x73, 0x5f, 0x75, 0x61, 0x76, 0x73, 0xc3,
    0xac, 0x2e, 0x77, 0x72, 0x69, 0x74, 0x65, 0x73, 0x5f, 0x75, 0x61, 0x76, 0x73, 0xc3, 0xb4, 0x2e, 0x75, 0x73, 0x65,
    0x73, 0x5f, 0x61, 0x70, 0x70, 0x65, 0x6e, 0x64, 0x5f, 0x63, 0x6f, 0x6e, 0x73, 0x75, 0x6d, 0x65, 0xc2, 0xaf, 0x2e,
    0x77, 0x61, 0x76, 0x65, 0x66, 0x72, 0x6f, 0x6e, 0x74, 0x5f, 0x73, 0x69, 0x7a, 0x65, 0x40, 0xb2, 0x2e, 0x75, 0x73,
    0x65, 0x72, 0x5f, 0x64, 0x61, 0x74, 0x61, 0x5f, 0x72, 0x65, 0x67, 0x5f, 0x6d, 0x61, 0x70, 0xdc, 0x00, 0x20, 0xce,
    0xff, 0xff, 0xff, 0xff, 0xce, 0xff, 0xff, 0xff, 0xff, 0x00, 0xce, 0xff, 0xff, 0xff, 0xff, 0xce, 0xff, 0xff, 0xff,
    0xff, 0xce, 0xff, 0xff, 0xff, 0xff, 0xce, 0xff, 0xff, 0xff, 0xff, 0xce, 0xff, 0xff, 0xff, 0xff, 0xce, 0xff, 0xff,
    0xff, 0xff, 0xce, 0xff, 0xff, 0xff, 0xff, 0xce, 0xff, 0xff, 0xff, 0xff, 0xce, 0xff, 0xff, 0xff, 0xff, 0xce, 0xff,
    0xff, 0xff, 0xff, 0xce, 0xff, 0xff, 0xff, 0xff, 0xce, 0xff, 0xff, 0xff, 0xff, 0xce, 0xff, 0xff, 0xff, 0xff, 0xce,
    0xff, 0xff, 0xff, 0xff, 0xce, 0xff, 0xff, 0xff, 0xff, 0xce, 0xff, 0xff, 0xff, 0xff, 0xce, 0xff, 0xff, 0xff, 0xff,
    0xce, 0xff, 0xff, 0xff, 0xff, 0xce, 0xff, 0xff, 0xff, 0xff, 0xce, 0xff, 0xff, 0xff, 0xff, 0xce, 0xff, 0xff, 0xff,
    0xff, 0xce, 0xff, 0xff, 0xff, 0xff, 0xce, 0xff, 0xff, 0xff, 0xff, 0xce, 0xff, 0xff, 0xff, 0xff, 0xce, 0xff, 0xff,
    0xff, 0xff, 0xce, 0xff, 0xff, 0xff, 0xff, 0xce, 0xff, 0xff, 0xff, 0xff, 0xce, 0xff, 0xff, 0xff, 0xff, 0xce, 0xff,
    0xff, 0xff, 0xff, 0xb7, 0x2e, 0x74, 0x68, 0x72, 0x65, 0x61, 0x64, 0x67, 0x72, 0x6f, 0x75, 0x70, 0x5f, 0x64, 0x69,
    0x6d, 0x65, 0x6e, 0x73, 0x69, 0x6f, 0x6e, 0x73, 0x93, 0x08, 0x08, 0x01, 0xab, 0x2e, 0x66, 0x6c, 0x6f, 0x61, 0x74,
    0x5f, 0x6d, 0x6f, 0x64, 0x65, 0xcc, 0xc0, 0xae, 0x2e, 0x66, 0x70, 0x31, 0x36, 0x5f, 0x6f, 0x76, 0x65, 0x72, 0x66,
    0x6c, 0x6f, 0x77, 0xc2, 0xaa, 0x2e, 0x69, 0x65, 0x65, 0x65, 0x5f, 0x6d, 0x6f, 0x64, 0x65, 0xc2, 0xa9, 0x2e, 0x77,
    0x67, 0x70, 0x5f, 0x6d, 0x6f, 0x64, 0x65, 0xc2, 0xac, 0x2e, 0x6d, 0x65, 0x6d, 0x5f, 0x6f, 0x72, 0x64, 0x65, 0x72,
    0x65, 0x64, 0xc2, 0xb1, 0x2e, 0x66, 0x6f, 0x72, 0x77, 0x61, 0x72, 0x64, 0x5f, 0x70, 0x72, 0x6f, 0x67, 0x72, 0x65,
    0x73, 0x73, 0xc2, 0xab, 0x2e, 0x75, 0x73, 0x65, 0x72, 0x5f, 0x73, 0x67, 0x70, 0x72, 0x73, 0x03, 0xa8, 0x2e, 0x65,
    0x78, 0x63, 0x70, 0x5f, 0x65, 0x6e, 0x00, 0xab, 0x2e, 0x73, 0x63, 0x72, 0x61, 0x74, 0x63, 0x68, 0x5f, 0x65, 0x6e,
    0xc2, 0xad, 0x2e, 0x74, 0x72, 0x61, 0x70, 0x5f, 0x70, 0x72, 0x65, 0x73, 0x65, 0x6e, 0x74, 0xc2, 0xb0, 0x2e, 0x73,
    0x68, 0x61, 0x72, 0x65, 0x64, 0x5f, 0x76, 0x67, 0x70, 0x72, 0x5f, 0x63, 0x6e, 0x74, 0x00, 0xad, 0x2e, 0x77, 0x61,
    0x76, 0x65, 0x73, 0x5f, 0x70, 0x65, 0x72, 0x5f, 0x73, 0x65, 0x00, 0xaa, 0x2e, 0x72, 0x65, 0x67, 0x69, 0x73, 0x74,
    0x65, 0x72, 0x73, 0x81, 0xcd, 0x2e, 0x42, 0x00, 0xa5, 0x2e, 0x6e, 0x61, 0x6d, 0x65, 0xbc, 0x4d, 0x6c, 0x61, 0x61,
    0x43, 0x61, 0x6c, 0x63, 0x53, 0x65, 0x70, 0x45, 0x64, 0x67, 0x65, 0x4c, 0x65, 0x6e, 0x67, 0x74, 0x68, 0x49, 0x6e,
    0x69, 0x74, 0x69, 0x61, 0x6c, 0xb7, 0x2e, 0x69, 0x6e, 0x74, 0x65, 0x72, 0x6e, 0x61, 0x6c, 0x5f, 0x70, 0x69, 0x70,
    0x65, 0x6c, 0x69, 0x6e, 0x65, 0x5f, 0x68, 0x61, 0x73, 0x68, 0x92, 0xcf, 0xe7, 0x91, 0x67, 0x97, 0xfa, 0x8e, 0x55,
    0x62, 0xcf, 0x47, 0xef, 0xa9, 0x31, 0x56, 0xca, 0x7d, 0x9a, 0xb2, 0x2e, 0x63, 0x6f, 0x6d, 0x70, 0x75, 0x74, 0x65,
    0x5f, 0x72, 0x65, 0x67, 0x69, 0x73, 0x74, 0x65, 0x72, 0x73, 0x85, 0xaf, 0x2e, 0x74, 0x69, 0x64, 0x69, 0x67, 0x5f,
    0x63, 0x6f, 0x6d, 0x70, 0x5f, 0x63, 0x6e, 0x74, 0x01, 0xaa, 0x2e, 0x74, 0x67, 0x69, 0x64, 0x5f, 0x78, 0x5f, 0x65,
    0x6e, 0xc3, 0xaa, 0x2e, 0x74, 0x67, 0x69, 0x64, 0x5f, 0x79, 0x5f, 0x65, 0x6e, 0xc3, 0xaa, 0x2e, 0x74, 0x67, 0x69,
    0x64, 0x5f, 0x7a, 0x5f, 0x65, 0x6e, 0xc2, 0xab, 0x2e, 0x74, 0x67, 0x5f, 0x73, 0x69, 0x7a, 0x65, 0x5f, 0x65, 0x6e,
    0xc2, 0xa4, 0x2e, 0x61, 0x70, 0x69, 0xa7, 0x73, 0x63, 0x70, 0x63, 0x42, 0x6c, 0x64, 0x00, 0x00, 0x00, 0x00, 0x00,
    0x00, 0x00, 0x00, 0x00, 0x00, 0x00, 0x00, 0x00, 0x00, 0x00, 0x00, 0x00, 0x00, 0x00, 0x00, 0x00, 0x00, 0x00, 0x00,
    0x00, 0x00, 0x00, 0x00, 0x00, 0x00, 0x00, 0x00, 0x00, 0x00, 0x00, 0x00, 0x00, 0x00, 0x00, 0x00, 0x00, 0x00, 0x00,
    0x00, 0x00, 0x00, 0x00, 0x00, 0x00, 0x00, 0x00, 0x00, 0x00, 0x00, 0x00, 0x00, 0x00, 0x00, 0x00, 0x00, 0x00, 0x00,
    0x00, 0x00, 0x00, 0x00, 0x00, 0x00, 0x00, 0x00, 0x01, 0x00, 0x00, 0x00, 0x03, 0x00, 0x00, 0x00, 0x00, 0x00, 0x00,
    0x00, 0x00, 0x00, 0x00, 0x00, 0x00, 0x00, 0x00, 0x00, 0x00, 0x00, 0x00, 0x00, 0x40, 0x00, 0x00, 0x00, 0x00, 0x00,
    0x00, 0x00, 0x36, 0x00, 0x00, 0x00, 0x00, 0x00, 0x00, 0x00, 0x00, 0x00, 0x00, 0x00, 0x00, 0x00, 0x00, 0x00, 0x00,
    0x00, 0x00, 0x00, 0x00, 0x00, 0x00, 0x00, 0x00, 0x00, 0x00, 0x00, 0x00, 0x00, 0x00, 0x00, 0x0b, 0x00, 0x00, 0x00,
    0x01, 0x00, 0x00, 0x00, 0x06, 0x00, 0x00, 0x00, 0x00, 0x00, 0x00, 0x00, 0x00, 0x00, 0x00, 0x00, 0x00, 0x00, 0x00,
    0x00, 0x76, 0x00, 0x00, 0x00, 0x00, 0x00, 0x00, 0x00, 0x90, 0x03, 0x00, 0x00, 0x00, 0x00, 0x00, 0x00, 0x00, 0x00,
    0x00, 0x00, 0x00, 0x00, 0x00, 0x00, 0x00, 0x01, 0x00, 0x00, 0x00, 0x00, 0x00, 0x00, 0x00, 0x00, 0x00, 0x00, 0x00,
    0x00, 0x00, 0x00, 0x11, 0x00, 0x00, 0x00, 0x01, 0x00, 0x00, 0x00, 0x03, 0x00, 0x00, 0x00, 0x00, 0x00, 0x00, 0x00,
    0x00, 0x00, 0x00, 0x00, 0x00, 0x00, 0x00, 0x00, 0x06, 0x04, 0x00, 0x00, 0x00, 0x00, 0x00, 0x00, 0x10, 0x00, 0x00,
    0x00, 0x00, 0x00, 0x00, 0x00, 0x00, 0x00, 0x00, 0x00, 0x00, 0x00, 0x00, 0x00, 0x20, 0x00, 0x00, 0x00, 0x00, 0x00,
    0x00, 0x00, 0x00, 0x00, 0x00, 0x00, 0x00, 0x00, 0x00, 0x00, 0x17, 0x00, 0x00, 0x00, 0x01, 0x00, 0x00, 0x00, 0x00,
    0x00, 0x00, 0x00, 0x00, 0x00, 0x00, 0x00, 0x00, 0x00, 0x00, 0x00, 0x00, 0x00, 0x00, 0x00, 0x16, 0x04, 0x00, 0x00,
    0x00, 0x00, 0x00, 0x00, 0x50, 0x00, 0x00, 0x00, 0x00, 0x00, 0x00, 0x00, 0x00, 0x00, 0x00, 0x00, 0x00, 0x00, 0x00,
    0x00, 0x00, 0x00, 0x00, 0x00, 0x00, 0x00, 0x00, 0x00, 0x00, 0x00, 0x00, 0x00, 0x00, 0x00, 0x00, 0x00, 0x20, 0x00,
    0x00, 0x00, 0x03, 0x00, 0x00, 0x00, 0x00, 0x00, 0x00, 0x00, 0x00, 0x00, 0x00, 0x00, 0x00, 0x00, 0x00, 0x00, 0x00,
    0x00, 0x00, 0x00, 0x66, 0x04, 0x00, 0x00, 0x00, 0x00, 0x00, 0x00, 0x2b, 0x00, 0x00, 0x00, 0x00, 0x00, 0x00, 0x00,
    0x00, 0x00, 0x00, 0x00, 0x00, 0x00, 0x00, 0x00, 0x00, 0x00, 0x00, 0x00, 0x00, 0x00, 0x00, 0x00, 0x00, 0x00, 0x00,
    0x00, 0x00, 0x00, 0x00, 0x00, 0x28, 0x00, 0x00, 0x00, 0x02, 0x00, 0x00, 0x00, 0x00, 0x00, 0x00, 0x00, 0x00, 0x00,
    0x00, 0x00, 0x00, 0x00, 0x00, 0x00, 0x00, 0x00, 0x00, 0x00, 0x91, 0x04, 0x00, 0x00, 0x00, 0x00, 0x00, 0x00, 0x48,
    0x00, 0x00, 0x00, 0x00, 0x00, 0x00, 0x00, 0x05, 0x00, 0x00, 0x00, 0x00, 0x00, 0x00, 0x00, 0x00, 0x00, 0x00, 0x00,
    0x00, 0x00, 0x00, 0x00, 0x18, 0x00, 0x00, 0x00, 0x00, 0x00, 0x00, 0x00, 0x30, 0x00, 0x00, 0x00, 0x07, 0x00, 0x00,
    0x00, 0x00, 0x00, 0x00, 0x00, 0x00, 0x00, 0x00, 0x00, 0x00, 0x00, 0x00, 0x00, 0x00, 0x00, 0x00, 0x00, 0xd9, 0x04,
    0x00, 0x00, 0x00, 0x00, 0x00, 0x00, 0x20, 0x04, 0x00, 0x00, 0x00, 0x00, 0x00, 0x00, 0x00, 0x00, 0x00, 0x00, 0x00,
    0x00, 0x00, 0x00, 0x00, 0x00, 0x00, 0x00, 0x00, 0x00, 0x00, 0x00, 0x00, 0x00, 0x00, 0x00, 0x00, 0x00, 0x00, 0x00,
};

// Mlaa Final Blend compute shader binary
inline constexpr Util::uint8 MlaaFinalBlend_Cs_519251A5[] =
{
    0x7f, 0x45, 0x4c, 0x46, 0x02, 0x01, 0x01, 0x41, 0x00, 0x00, 0x00, 0x00, 0x00, 0x00, 0x00, 0x00, 0x01, 0x00, 0xe0,
    0x00, 0x01, 0x00, 0x00, 0x00, 0x00, 0x00, 0x00, 0x00, 0x00, 0x00, 0x00, 0x00, 0x00, 0x00, 0x00, 0x00, 0x00, 0x00,
    0x00, 0x00, 0x10, 0x10, 0x00, 0x00, 0x00, 0x00, 0x00, 0x00, 0x44, 0x05, 0x00, 0x00, 0x40, 0x00, 0x00, 0x00, 0x00,
    0x00, 0x40, 0x00, 0x08, 0x00, 0x01, 0x00, 0x00, 0x2e, 0x73, 0x68, 0x73, 0x74, 0x72, 0x74, 0x61, 0x62, 0x00, 0x2e,
    0x74, 0x65, 0x78, 0x74, 0x00, 0x2e, 0x64, 0x61, 0x74, 0x61, 0x00, 0x2e, 0x63, 0x6f, 0x6d, 0x6d, 0x65, 0x6e, 0x74,
    0x00, 0x2e, 0x73, 0x74, 0x72, 0x74, 0x61, 0x62, 0x00, 0x2e, 0x73, 0x79, 0x6d, 0x74, 0x61, 0x62, 0x00, 0x2e, 0x6e,
    0x6f, 0x74, 0x65, 0x00, 0x06, 0x20, 0x80, 0xb0, 0x80, 0x47, 0x86, 0xbe, 0x03, 0x00, 0x84, 0xbf, 0x02, 0x00, 0x80,
    0xbe, 0x07, 0x00, 0x81, 0xbe, 0x80, 0x01, 0x04, 0xf4, 0x84, 0x00, 0x00, 0xf8, 0xff, 0x00, 0x02, 0x36, 0xff, 0x03,
    0x00, 0x00, 0x00, 0x00, 0x10, 0xd6, 0x00, 0x15, 0x29, 0x02, 0x12, 0x01, 0x87, 0xbf, 0x15, 0x00, 0x46, 0xd6, 0x03,
    0x06, 0x05, 0x04, 0x16, 0x00, 0x46, 0xd6, 0x04, 0x06, 0x01, 0x04, 0x07, 0xfc, 0x89, 0xbf, 0x12, 0x01, 0x87, 0xbf,
    0x02, 0x00, 0x4e, 0xd4, 0x06, 0x2a, 0x02, 0x00, 0x07, 0x2c, 0x9c, 0x7c, 0x02, 0x6a, 0xea, 0x8b, 0x09, 0x00, 0x87,
    0xbf, 0x6a, 0x21, 0x82, 0xbe, 0x51, 0x02, 0xa5, 0xbf, 0x00, 0x01, 0x0c, 0xf4, 0x40, 0x00, 0x00, 0xf8, 0x00, 0x03,
    0x0c, 0xf4, 0x20, 0x00, 0x00, 0xf8, 0x07, 0xfc, 0x89, 0xbf, 0x85, 0x01, 0x00, 0xf0, 0x15, 0x04, 0x01, 0x00, 0x16,
    0x00, 0x00, 0x00, 0x85, 0x0f, 0x00, 0xf0, 0x15, 0x19, 0x03, 0x00, 0x16, 0x00, 0x00, 0x00, 0xf7, 0x07, 0x89, 0xbf,
    0xff, 0x08, 0x0a, 0x36, 0x00, 0x80, 0x00, 0x80, 0x7e, 0x01, 0x94, 0xbe, 0x01, 0x00, 0x87, 0xbf, 0x7e, 0x00, 0xcd,
    0xd4, 0x05, 0x01, 0x01, 0x00, 0x83, 0x00, 0xa5, 0xbf, 0x0b, 0x00, 0x10, 0xd6, 0x04, 0x21, 0x3d, 0x02, 0xff, 0x08,
    0x2e, 0x36, 0xff, 0x7f, 0x00, 0x00, 0xa2, 0x01, 0x87, 0xbf, 0xc1, 0x16, 0x0c, 0x4c, 0x15, 0x17, 0x10, 0x4c, 0x15,
    0x2f, 0x20, 0x4a, 0xa3, 0x01, 0x87, 0xbf, 0x15, 0x0d, 0x18, 0x4a, 0xc1, 0x2c, 0x0c, 0x4a, 0x81, 0x20, 0x28, 0x4a,
    0x04, 0x00, 0x85, 0xbf, 0x85, 0x0f, 0x00, 0xf0, 0x15, 0x04, 0x03, 0x00, 0x06, 0x00, 0x00, 0x00, 0x85, 0x07, 0x00,
    0xf0, 0x08, 0x08, 0x03, 0x00, 0x16, 0x00, 0x00, 0x00, 0x85, 0x07, 0x00, 0xf0, 0x0c, 0x0c, 0x03, 0x00, 0x16, 0x00,
    0x00, 0x00, 0x85, 0x07, 0x00, 0xf0, 0x10, 0x0f, 0x03, 0x00, 0x16, 0x00, 0x00, 0x00, 0x85, 0x07, 0x00, 0xf0, 0x14,
    0x12, 0x03, 0x00, 0x16, 0x00, 0x00, 0x00, 0x0b, 0x2f, 0x2e, 0x4a, 0x0b, 0x0b, 0x16, 0x7e, 0x92, 0x00, 0x87, 0xbf,
    0x81, 0x2e, 0x30, 0x4a, 0x18, 0x0b, 0x30, 0x7e, 0xf7, 0x0b, 0x89, 0xbf, 0x08, 0x19, 0x10, 0x08, 0x09, 0x1b, 0x12,
    0x08, 0x0a, 0x1d, 0x14, 0x08, 0xf7, 0x03, 0x89, 0xbf, 0x0f, 0x25, 0x18, 0x08, 0x14, 0x02, 0x87, 0xbf, 0x16, 0x01,
    0x14, 0xd4, 0x08, 0xff, 0x01, 0x00, 0x00, 0x00, 0x80, 0x3d, 0x18, 0x01, 0x14, 0xd4, 0x09, 0xff, 0x01, 0x00, 0x00,
    0x00, 0x80, 0x3d, 0xd4, 0x00, 0x87, 0xbf, 0x1a, 0x01, 0x14, 0xd4, 0x0a, 0xff, 0x01, 0x00, 0x00, 0x00, 0x80, 0x3d,
    0x10, 0x27, 0x1a, 0x08, 0x11, 0x29, 0x1c, 0x08, 0x18, 0x55, 0x10, 0x7e, 0x18, 0x17, 0x14, 0x08, 0xf3, 0x14, 0x1e,
    0x06, 0x16, 0x18, 0xea, 0x8c, 0x19, 0x02, 0x87, 0xbf, 0x1a, 0x6a, 0xea, 0x8c, 0x16, 0x01, 0x14, 0xd4, 0x0d, 0xff,
    0x01, 0x00, 0x00, 0x00, 0x80, 0x3d, 0x1a, 0x01, 0x14, 0xd4, 0x0c, 0xff, 0x01, 0x00, 0x00, 0x00, 0x80, 0x3d, 0x18,
    0x01, 0x14, 0xd4, 0x0e, 0xff, 0x01, 0x00, 0x00, 0x00, 0x80, 0x3d, 0x09, 0x00, 0x01, 0xd5, 0x80, 0x82, 0xa9, 0x01,
    0x0e, 0x00, 0x01, 0xd5, 0x80, 0x02, 0xa9, 0x01, 0xc5, 0x01, 0x87, 0xbf, 0x0d, 0x00, 0x13, 0xd6, 0x08, 0x1f, 0xc6,
    0x03, 0x0a, 0x00, 0x13, 0xd6, 0x08, 0x15, 0xc6, 0x03, 0x1a, 0x0b, 0x1e, 0x0a, 0x09, 0x00, 0x12, 0xd6, 0x81, 0x12,
    0x0a, 0x02, 0x08, 0x03, 0x03, 0xd5, 0x0a, 0x1b, 0x02, 0x18, 0x19, 0x09, 0x14, 0x0a, 0x1b, 0x0d, 0x08, 0x0a, 0x1c,
    0x0f, 0x0a, 0x0a, 0x0f, 0x35, 0x02, 0x58, 0x00, 0x00, 0x00, 0x3e, 0x1a, 0x16, 0xea, 0x8c, 0x99, 0x04, 0x87, 0xbf,
    0x9e, 0xff, 0x88, 0xbf, 0x18, 0x6a, 0xea, 0x8c, 0x0e, 0x13, 0x0c, 0x02, 0xf0, 0x30, 0x12, 0x10, 0x07, 0x00, 0x13,
    0xd6, 0x08, 0x15, 0x66, 0x04, 0x04, 0x37, 0x04, 0x58, 0x00, 0x00, 0x00, 0x3e, 0x0a, 0x33, 0x00, 0x58, 0x00, 0x00,
    0x00, 0x3e, 0x16, 0x00, 0x42, 0xd4, 0x06, 0x05, 0x01, 0x00, 0x18, 0x00, 0x16, 0xd4, 0x0b, 0x13, 0x02, 0x00, 0x1a,
    0x00, 0x42, 0xd4, 0x06, 0x03, 0x01, 0x00, 0x09, 0x17, 0x2c, 0x7c, 0x0b, 0x00, 0x13, 0xd6, 0x08, 0x1f, 0x6a, 0x04,
    0x09, 0x00, 0x13, 0xd6, 0x08, 0x09, 0x6e, 0x04, 0x08, 0x00, 0x13, 0xd6, 0x08, 0x0b, 0x72, 0x04, 0x05, 0x39, 0x08,
    0x58, 0x00, 0x00, 0x00, 0x3e, 0x16, 0x18, 0x96, 0x8b, 0x1a, 0x6a, 0xea, 0x8b, 0xb9, 0x04, 0x87, 0xbf, 0x9e, 0xff,
    0x88, 0xbf, 0x16, 0x6a, 0x96, 0x8c, 0x83, 0x0c, 0x84, 0x7c, 0x6a, 0x16, 0xea, 0x8c, 0x19, 0x0f, 0x0c, 0x02, 0x54,
    0x02, 0x87, 0xbf, 0x1c, 0x11, 0x0e, 0x02, 0x1b, 0x13, 0x10, 0x02, 0x1a, 0x17, 0x06, 0x02, 0x80, 0x2e, 0x8a, 0x7c,
    0x00, 0x0d, 0x32, 0x02, 0x02, 0x11, 0x36, 0x02, 0x04, 0x00, 0x87, 0xbf, 0x01, 0x07, 0x34, 0x02, 0x04, 0x0f, 0x38,
    0x02, 0x14, 0x01, 0xfe, 0xbe, 0x81, 0x2c, 0x1c, 0x4a, 0x85, 0x01, 0x00, 0xf0, 0x15, 0x00, 0x01, 0x00, 0x0e, 0x00,
    0x00, 0x00, 0xf7, 0x03, 0x89, 0xbf, 0xff, 0x00, 0x02, 0x36, 0x00, 0x80, 0x00, 0x80, 0x01, 0x00, 0x87, 0xbf, 0x80,
    0x02, 0x9a, 0x7c, 0x14, 0x6a, 0xfe, 0x8b, 0x84, 0x00, 0xa5, 0xbf, 0x17, 0x00, 0x10, 0xd6, 0x00, 0x21, 0x3d, 0x02,
    0xff, 0x00, 0x28, 0x36, 0xff, 0x7f, 0x00, 0x00, 0xa2, 0x01, 0x87, 0xbf, 0xc1, 0x2e, 0x04, 0x4c, 0x15, 0x2f, 0x08,
    0x4c, 0x15, 0x29, 0x18, 0x4a, 0x13, 0x01, 0x87, 0xbf, 0x15, 0x05, 0x10, 0x4a, 0x81, 0x18, 0x20, 0x4a, 0x04, 0x00,
    0x85, 0xbf, 0x85, 0x0f, 0x00, 0xf0, 0x15, 0x00, 0x03, 0x00, 0x0e, 0x00, 0x00, 0x00, 0x85, 0x07, 0x00, 0xf0, 0x04,
    0x04, 0x03, 0x00, 0x0e, 0x00, 0x00, 0x00, 0x85, 0x07, 0x00, 0xf0, 0x08, 0x08, 0x03, 0x00, 0x0e, 0x00, 0x00, 0x00,
    0x85, 0x07, 0x00, 0xf0, 0x0c, 0x0b, 0x03, 0x00, 0x0e, 0x00, 0x00, 0x00, 0x85, 0x07, 0x00, 0xf0, 0x10, 0x0e, 0x03,
    0x00, 0x0e, 0x00, 0x00, 0x00, 0x17, 0x29, 0x28, 0x4a, 0x17, 0x0b, 0x2e, 0x7e, 0x92, 0x00, 0x87, 0xbf, 0x81, 0x28,
    0x30, 0x4a, 0x18, 0x0b, 0x30, 0x7e, 0xf7, 0x13, 0x89, 0xbf, 0x19, 0x01, 0x00, 0x0a, 0xf7, 0x0b, 0x89, 0xbf, 0x04,
    0x11, 0x08, 0x08, 0x05, 0x13, 0x0a, 0x08, 0x06, 0x15, 0x0c, 0x08, 0xf7, 0x03, 0x89, 0xbf, 0x0b, 0x1d, 0x10, 0x08,
    0x14, 0x02, 0x87, 0xbf, 0x04, 0x01, 0x14, 0xd4, 0x04, 0xff, 0x01, 0x00, 0x00, 0x00, 0x80, 0x3d, 0x06, 0x01, 0x14,
    0xd4, 0x05, 0xff, 0x01, 0x00, 0x00, 0x00, 0x80, 0x3d, 0xd4, 0x00, 0x87, 0xbf, 0x08, 0x01, 0x14, 0xd4, 0x06, 0xff,
    0x01, 0x00, 0x00, 0x00, 0x80, 0x3d, 0x0c, 0x1f, 0x12, 0x08, 0x0d, 0x21, 0x14, 0x08, 0x18, 0x55, 0x08, 0x7e, 0x18,
    0x2f, 0x0c, 0x08, 0xf3, 0x0c, 0x16, 0x06, 0x04, 0x06, 0xea, 0x8c, 0x19, 0x02, 0x87, 0xbf, 0x08, 0x6a, 0xea, 0x8c,
    0x04, 0x01, 0x14, 0xd4, 0x09, 0xff, 0x01, 0x00, 0x00, 0x00, 0x80, 0x3d, 0x08, 0x01, 0x14, 0xd4, 0x08, 0xff, 0x01,
    0x00, 0x00, 0x00, 0x80, 0x3d, 0x06, 0x01, 0x14, 0xd4, 0x0a, 0xff, 0x01, 0x00, 0x00, 0x00, 0x80, 0x3d, 0x05, 0x00,
    0x01, 0xd5, 0x80, 0x82, 0xa9, 0x01, 0x0a, 0x00, 0x01, 0xd5, 0x80, 0x02, 0xa9, 0x01, 0xc5, 0x01, 0x87, 0xbf, 0x09,
    0x00, 0x13, 0xd6, 0x04, 0x17, 0xc6, 0x03, 0x06, 0x00, 0x13, 0xd6, 0x04, 0x0d, 0xc6, 0x03, 0x1c, 0x07, 0x10, 0x0a,
    0x05, 0x00, 0x12, 0xd6, 0x81, 0x0a, 0x0a, 0x02, 0x04, 0x03, 0x03, 0xd5, 0x06, 0x13, 0x02, 0x18, 0x1a, 0x03, 0x0c,
    0x0a, 0x1b, 0x05, 0x02, 0x0a, 0x08, 0x39, 0x16, 0x58, 0x00, 0x00, 0x00, 0x3e, 0x08, 0x04, 0xea, 0x8c, 0x99, 0x04,
    0x87, 0xbf, 0x9e, 0xff, 0x88, 0xbf, 0x06, 0x6a, 0xea, 0x8c, 0x0a, 0x0b, 0x04, 0x02, 0xf0, 0x30, 0x0a, 0x10, 0x03,
    0x00, 0x13, 0xd6, 0x04, 0x0d, 0x6a, 0x04, 0x09, 0x00, 0x13, 0xd6, 0x04, 0x03, 0x6e, 0x04, 0x01, 0x37, 0x14, 0x58,
    0x00, 0x00, 0x00, 0x3e, 0x04, 0x00, 0x42, 0xd4, 0x02, 0x05, 0x01, 0x00, 0x06, 0x00, 0x16, 0xd4, 0x05, 0x2f, 0x02,
    0x00, 0x08, 0x00, 0x42, 0xd4, 0x02, 0x03, 0x01, 0x00, 0x17, 0x0b, 0x2c, 0x7c, 0x05, 0x00, 0x13, 0xd6, 0x04, 0x01,
    0x66, 0x04, 0x04, 0x00, 0x13, 0xd6, 0x04, 0x11, 0x72, 0x04, 0x00, 0x33, 0x00, 0x58, 0x00, 0x00, 0x00, 0x3e, 0x04,
    0x06, 0x84, 0x8b, 0x08, 0x6a, 0xea, 0x8b, 0x09, 0x00, 0x87, 0xbf, 0x9e, 0xff, 0x88, 0xbf, 0x04, 0x6a, 0x84, 0x8c,
    0x80, 0x04, 0x84, 0x7c, 0x6a, 0x04, 0xea, 0x8c, 0x84, 0x04, 0x87, 0xbf, 0x19, 0x0b, 0x04, 0x02, 0x04, 0x00, 0x87,
    0xbf, 0x1c, 0x09, 0x08, 0x02, 0x1b, 0x13, 0x0a, 0x02, 0x1a, 0x07, 0x02, 0x02, 0x06, 0x35, 0x06, 0x58, 0x00, 0x00,
    0x00, 0x3e, 0x80, 0x28, 0x8a, 0x7c, 0x00, 0x05, 0x32, 0x02, 0x03, 0x00, 0x87, 0xbf, 0x03, 0x03, 0x34, 0x02, 0x0a,
    0x0b, 0x36, 0x02, 0x0b, 0x09, 0x38, 0x02, 0x14, 0x01, 0xfe, 0xbe, 0x00, 0x01, 0x0c, 0xf4, 0x60, 0x00, 0x00, 0xf8,
    0x07, 0xfc, 0x89, 0xbf, 0x85, 0x01, 0x00, 0xf0, 0x15, 0x00, 0x01, 0x00, 0x16, 0x00, 0x00, 0x00, 0xf7, 0x03, 0x89,
    0xbf, 0xff, 0x00, 0x02, 0x36, 0x00, 0x80, 0x00, 0x80, 0x7e, 0x01, 0x94, 0xbe, 0x01, 0x00, 0x87, 0xbf, 0x7e, 0x00,
    0xcd, 0xd4, 0x01, 0x01, 0x01, 0x00, 0x85, 0x00, 0xa5, 0xbf, 0x14, 0x00, 0x10, 0xd6, 0x00, 0x21, 0x3d, 0x02, 0xff,
    0x00, 0x2e, 0x36, 0xff, 0x7f, 0x00, 0x00, 0x81, 0x2a, 0x00, 0x4a, 0x23, 0x02, 0x87, 0xbf, 0x14, 0x2d, 0x0c, 0x4a,
    0x0a, 0x00, 0x55, 0xd6, 0x14, 0x2d, 0x06, 0x02, 0x16, 0x2f, 0x16, 0x4c, 0x01, 0x00, 0x87, 0xbf, 0xc1, 0x16, 0x1c,
    0x4a, 0x04, 0x00, 0x85, 0xbf, 0x85, 0x0f, 0x00, 0xf0, 0x00, 0x00, 0x03, 0x00, 0x16, 0x00, 0x00, 0x00, 0x85, 0x07,
    0x00, 0xf0, 0x15, 0x04, 0x03, 0x00, 0x06, 0x00, 0x00, 0x00, 0x85, 0x07, 0x00, 0xf0, 0x15, 0x08, 0x03, 0x00, 0x0a,
    0x00, 0x00, 0x00, 0x85, 0x07, 0x00, 0xf0, 0x15, 0x0b, 0x03, 0x00, 0x0b, 0x00, 0x00, 0x00, 0x85, 0x07, 0x00, 0xf0,
    0x15, 0x0e, 0x03, 0x00, 0x0e, 0x00, 0x00, 0x00, 0x14, 0x2f, 0x2e, 0x4a, 0x91, 0x00, 0x87, 0xbf, 0x81, 0x2e, 0x30,
    0x4a, 0x18, 0x0b, 0x30, 0x7e, 0xf7, 0x13, 0x89, 0xbf, 0x19, 0x01, 0x00, 0x0a, 0xf7, 0x0b, 0x89, 0xbf, 0x04, 0x11,
    0x08, 0x08, 0x05, 0x13, 0x0a, 0x08, 0x06, 0x15, 0x0c, 0x08, 0x14, 0x0b, 0x10, 0x7e, 0x14, 0x02, 0x87, 0xbf, 0x16,
    0x01, 0x14, 0xd4, 0x04, 0xff, 0x01, 0x00, 0x00, 0x00, 0x80, 0x3d, 0x18, 0x01, 0x14, 0xd4, 0x05, 0xff, 0x01, 0x00,
    0x00, 0x00, 0x80, 0x3d, 0x04, 0x00, 0x87, 0xbf, 0x1a, 0x01, 0x14, 0xd4, 0x06, 0xff, 0x01, 0x00, 0x00, 0x00, 0x80,
    0x3d, 0xf7, 0x03, 0x89, 0xbf, 0x0b, 0x1d, 0x12, 0x08, 0x0c, 0x1f, 0x14, 0x08, 0x0d, 0x21, 0x16, 0x08, 0x18, 0x55,
    0x08, 0x7e, 0x18, 0x11, 0x0c, 0x08, 0x16, 0x18, 0xea, 0x8c, 0x99, 0x01, 0x87, 0xbf, 0x1a, 0x6a, 0xea, 0x8c, 0x16,
    0x01, 0x14, 0xd4, 0x0a, 0xff, 0x01, 0x00, 0x00, 0x00, 0x80, 0x3d, 0x1a, 0x01, 0x14, 0xd4, 0x09, 0xff, 0x01, 0x00,
    0x00, 0x00, 0x80, 0x3d, 0x54, 0x02, 0x87, 0xbf, 0x18, 0x01, 0x14, 0xd4, 0x0b, 0xff, 0x01, 0x00, 0x00, 0x00, 0x80,
    0x3d, 0x05, 0x00, 0x01, 0xd5, 0x80, 0x82, 0xa9, 0x01, 0xf3, 0x0c, 0x1c, 0x06, 0x1c, 0x07, 0x12, 0x0a, 0xf0, 0x30,
    0x06, 0x10, 0x05, 0x00, 0x12, 0xd6, 0x81, 0x0a, 0x0a, 0x02, 0x05, 0x02, 0x87, 0xbf, 0x0a, 0x00, 0x13, 0xd6, 0x04,
    0x1d, 0xc6, 0x03, 0x04, 0x00, 0x13, 0xd6, 0x04, 0x0d, 0xc6, 0x03, 0x06, 0x00, 0x01, 0xd5, 0x80, 0x02, 0xa9, 0x01,
    0x09, 0x39, 0x16, 0x58, 0x00, 0x00, 0x00, 0x3e, 0xa3, 0x04, 0x87, 0xbf, 0x04, 0x03, 0x03, 0xd5, 0x04, 0x15, 0x02,
    0x18, 0x1a, 0x16, 0xea, 0x8c, 0x9e, 0xff, 0x88, 0xbf, 0x18, 0x6a, 0xea, 0x8c, 0x1a, 0x03, 0x14, 0x0a, 0x1b, 0x05,
    0x02, 0x0a, 0x06, 0x0b, 0x04, 0x02, 0x18, 0x00, 0x16, 0xd4, 0x08, 0x07, 0x02, 0x00, 0x03, 0x11, 0x2c, 0x7c, 0x03,
    0x00, 0x87, 0xbf, 0x16, 0x00, 0x42, 0xd4, 0x02, 0x05, 0x01, 0x00, 0x1a, 0x00, 0x42, 0xd4, 0x02, 0x03, 0x01, 0x00,
    0x05, 0x00, 0x13, 0xd6, 0x04, 0x01, 0x66, 0x04, 0x03, 0x00, 0x13, 0xd6, 0x04, 0x15, 0x6a, 0x04, 0x08, 0x00, 0x13,
    0xd6, 0x04, 0x03, 0x6e, 0x04, 0x04, 0x00, 0x13, 0xd6, 0x04, 0x13, 0x72, 0x04, 0x01, 0x37, 0x0c, 0x58, 0x00, 0x00,
    0x00, 0x3e, 0x00, 0x33, 0x00, 0x58, 0x00, 0x00, 0x00, 0x3e, 0x16, 0x18, 0x96, 0x8b, 0x1a, 0x6a, 0xea, 0x8b, 0xb9,
    0x04, 0x87, 0xbf, 0x9e, 0xff, 0x88, 0xbf, 0x16, 0x6a, 0x96, 0x8c, 0x83, 0x04, 0x84, 0x7c, 0x6a, 0x16, 0xea, 0x8c,
    0x19, 0x0b, 0x04, 0x02, 0x1c, 0x09, 0x08, 0x02, 0x1b, 0x11, 0x0a, 0x02, 0x1a, 0x07, 0x02, 0x02, 0x0a, 0x35, 0x06,
    0x58, 0x00, 0x00, 0x00, 0x3e, 0x80, 0x2e, 0x8a, 0x7c, 0x00, 0x05, 0x32, 0x02, 0x03, 0x00, 0x87, 0xbf, 0x03, 0x03,
    0x34, 0x02, 0x06, 0x0b, 0x36, 0x02, 0x0b, 0x09, 0x38, 0x02, 0x14, 0x01, 0xfe, 0xbe, 0xc1, 0x2a, 0x20, 0x4a, 0x85,
    0x01, 0x00, 0xf0, 0x10, 0x00, 0x01, 0x00, 0x16, 0x00, 0x00, 0x00, 0xf7, 0x03, 0x89, 0xbf, 0xff, 0x00, 0x02, 0x36,
    0x00, 0x80, 0x00, 0x80, 0x01, 0x00, 0x87, 0xbf, 0x80, 0x02, 0x9a, 0x7c, 0x14, 0x6a, 0xfe, 0x8b, 0x84, 0x00, 0xa5,
    0xbf, 0x14, 0x00, 0x10, 0xd6, 0x00, 0x21, 0x3d, 0x02, 0xff, 0x00, 0x2e, 0x36, 0xff, 0x7f, 0x00, 0x00, 0xa2, 0x01,
    0x87, 0xbf, 0x14, 0x2d, 0x0c, 0x4a, 0x0a, 0x00, 0x55, 0xd6, 0x14, 0x2d, 0x06, 0x02, 0x16, 0x2f, 0x16, 0x4c, 0x01,
    0x00, 0x87, 0xbf, 0xc1, 0x16, 0x1c, 0x4a, 0x04, 0x00, 0x85, 0xbf, 0x85, 0x0f, 0x00, 0xf0, 0x10, 0x00, 0x03, 0x00,
    0x16, 0x00, 0x00, 0x00, 0x85, 0x07, 0x00, 0xf0, 0x10, 0x04, 0x03, 0x00, 0x06, 0x00, 0x00, 0x00, 0x85, 0x07, 0x00,
    0xf0, 0x10, 0x08, 0x03, 0x00, 0x0a, 0x00, 0x00, 0x00, 0x85, 0x07, 0x00, 0xf0, 0x10, 0x0b, 0x03, 0x00, 0x0b, 0x00,
    0x00, 0x00, 0x85, 0x07, 0x00, 0xf0, 0x10, 0x0e, 0x03, 0x00, 0x0e, 0x00, 0x00, 0x00, 0x14, 0x2f, 0x2e, 0x4a, 0x91,
    0x00, 0x87, 0xbf, 0x81, 0x2e, 0x30, 0x4a, 0x18, 0x0b, 0x30, 0x7e, 0xf7, 0x13, 0x89, 0xbf, 0x19, 0x01, 0x00, 0x0a,
    0xf7, 0x0b, 0x89, 0xbf, 0x04, 0x11, 0x08, 0x08, 0x05, 0x13, 0x0a, 0x08, 0x06, 0x15, 0x0c, 0x08, 0x14, 0x0b, 0x10,
    0x7e, 0x14, 0x02, 0x87, 0xbf, 0x04, 0x01, 0x14, 0xd4, 0x04, 0xff, 0x01, 0x00, 0x00, 0x00, 0x80, 0x3d, 0x06, 0x01,
    0x14, 0xd4, 0x05, 0xff, 0x01, 0x00, 0x00, 0x00, 0x80, 0x3d, 0x04, 0x00, 0x87, 0xbf, 0x08, 0x01, 0x14, 0xd4, 0x06,
    0xff, 0x01, 0x00, 0x00, 0x00, 0x80, 0x3d, 0xf7, 0x03, 0x89, 0xbf, 0x0b, 0x1d, 0x12, 0x08, 0x0c, 0x1f, 0x14, 0x08,
    0x0d, 0x21, 0x16, 0x08, 0x18, 0x55, 0x08, 0x7e, 0x18, 0x11, 0x0c, 0x08, 0x04, 0x06, 0xea, 0x8c, 0x99, 0x01, 0x87,
    0xbf, 0x08, 0x6a, 0xea, 0x8c, 0x04, 0x01, 0x14, 0xd4, 0x0a, 0xff, 0x01, 0x00, 0x00, 0x00, 0x80, 0x3d, 0x08, 0x01,
    0x14, 0xd4, 0x09, 0xff, 0x01, 0x00, 0x00, 0x00, 0x80, 0x3d, 0x54, 0x02, 0x87, 0xbf, 0x06, 0x01, 0x14, 0xd4, 0x0b,
    0xff, 0x01, 0x00, 0x00, 0x00, 0x80, 0x3d, 0x05, 0x00, 0x01, 0xd5, 0x80, 0x82, 0xa9, 0x01, 0xf3, 0x0c, 0x1c, 0x06,
    0x1c, 0x07, 0x12, 0x0a, 0xf0, 0x30, 0x06, 0x10, 0x05, 0x00, 0x12, 0xd6, 0x81, 0x0a, 0x0a, 0x02, 0x05, 0x02, 0x87,
    0xbf, 0x0a, 0x00, 0x13, 0xd6, 0x04, 0x1d, 0xc6, 0x03, 0x04, 0x00, 0x13, 0xd6, 0x04, 0x0d, 0xc6, 0x03, 0x06, 0x00,
    0x01, 0xd5, 0x80, 0x02, 0xa9, 0x01, 0x09, 0x39, 0x16, 0x58, 0x00, 0x00, 0x00, 0x3e, 0xa3, 0x04, 0x87, 0xbf, 0x04,
    0x03, 0x03, 0xd5, 0x04, 0x15, 0x02, 0x18, 0x08, 0x04, 0xea, 0x8c, 0x9e, 0xff, 0x88, 0xbf, 0x06, 0x6a, 0xea, 0x8c,
    0x1a, 0x03, 0x14, 0x0a, 0x1b, 0x05, 0x02, 0x0a, 0x06, 0x0b, 0x04, 0x02, 0x06, 0x00, 0x16, 0xd4, 0x03, 0x11, 0x02,
    0x00, 0x08, 0x07, 0x2c, 0x7c, 0x03, 0x00, 0x87, 0xbf, 0x04, 0x00, 0x42, 0xd4, 0x02, 0x05, 0x01, 0x00, 0x08, 0x00,
    0x42, 0xd4, 0x02, 0x03, 0x01, 0x00, 0x05, 0x00, 0x13, 0xd6, 0x04, 0x01, 0x66, 0x04, 0x03, 0x00, 0x13, 0xd6, 0x04,
    0x15, 0x6a, 0x04, 0x08, 0x00, 0x13, 0xd6, 0x04, 0x03, 0x6e, 0x04, 0x04, 0x00, 0x13, 0xd6, 0x04, 0x13, 0x72, 0x04,
    0x01, 0x37, 0x0c, 0x58, 0x00, 0x00, 0x00, 0x3e, 0x00, 0x33, 0x00, 0x58, 0x00, 0x00, 0x00, 0x3e, 0x04, 0x06, 0x84,
    0x8b, 0x08, 0x6a, 0xea, 0x8b, 0xb9, 0x04, 0x87, 0xbf, 0x9e, 0xff, 0x88, 0xbf, 0x04, 0x6a, 0x84, 0x8c, 0x80, 0x04,
    0x84, 0x7c, 0x6a, 0x04, 0xea, 0x8c, 0x19, 0x0b, 0x04, 0x02, 0x1c, 0x09, 0x08, 0x02, 0x1b, 0x11, 0x0a, 0x02, 0x1a,
    0x07, 0x02, 0x02, 0x0a, 0x35, 0x06, 0x58, 0x00, 0x00, 0x00, 0x3e, 0x80, 0x2e, 0x8a, 0x7c, 0x00, 0x05, 0x32, 0x02,
    0x03, 0x00, 0x87, 0xbf, 0x03, 0x03, 0x34, 0x02, 0x06, 0x0b, 0x36, 0x02, 0x0b, 0x09, 0x38, 0x02, 0x14, 0x01, 0xfe,
    0xbe, 0x00, 0x01, 0x0c, 0xf4, 0x00, 0x00, 0x00, 0xf8, 0x07, 0xfc, 0x89, 0xbf, 0x85, 0x4f, 0x18, 0xf0, 0x15, 0x19,
    0x01, 0x00, 0x16, 0x00, 0x00, 0x00, 0x00, 0x00, 0x80, 0xbf, 0x03, 0x00, 0xb6, 0xbf, 0x00, 0x00, 0xb0, 0xbf, 0x00,
    0x00, 0x9f, 0xbf, 0x00, 0x00, 0x9f, 0xbf, 0x00, 0x00, 0x9f, 0xbf, 0x00, 0x00, 0x9f, 0xbf, 0x00, 0x00, 0x9f, 0xbf,
    0x00, 0x00, 0x9f, 0xbf, 0x00, 0x00, 0x9f, 0xbf, 0x00, 0x00, 0x9f, 0xbf, 0x00, 0x00, 0x9f, 0xbf, 0x00, 0x00, 0x9f,
    0xbf, 0x00, 0x00, 0x9f, 0xbf, 0x00, 0x00, 0x9f, 0xbf, 0x00, 0x00, 0x9f, 0xbf, 0x00, 0x00, 0x9f, 0xbf, 0x00, 0x00,
    0x9f, 0xbf, 0x00, 0x00, 0x9f, 0xbf, 0x00, 0x00, 0x9f, 0xbf, 0x00, 0x00, 0x9f, 0xbf, 0x00, 0x00, 0x9f, 0xbf, 0x00,
    0x00, 0x9f, 0xbf, 0x00, 0x00, 0x9f, 0xbf, 0x00, 0x00, 0x9f, 0xbf, 0x00, 0x00, 0x9f, 0xbf, 0x00, 0x00, 0x9f, 0xbf,
    0x00, 0x00, 0x9f, 0xbf, 0x00, 0x00, 0x9f, 0xbf, 0x00, 0x00, 0x9f, 0xbf, 0x00, 0x00, 0x9f, 0xbf, 0x00, 0x00, 0x9f,
    0xbf, 0x00, 0x00, 0x9f, 0xbf, 0x00, 0x00, 0x9f, 0xbf, 0x00, 0x00, 0x9f, 0xbf, 0x00, 0x00, 0x9f, 0xbf, 0x00, 0x00,
    0x9f, 0xbf, 0x00, 0x00, 0x9f, 0xbf, 0x00, 0x00, 0x9f, 0xbf, 0x00, 0x00, 0x9f, 0xbf, 0x00, 0x00, 0x9f, 0xbf, 0x00,
    0x00, 0x9f, 0xbf, 0x00, 0x00, 0x9f, 0xbf, 0x00, 0x00, 0x9f, 0xbf, 0x00, 0x00, 0x9f, 0xbf, 0x00, 0x00, 0x9f, 0xbf,
    0x00, 0x00, 0x9f, 0xbf, 0x00, 0x00, 0x9f, 0xbf, 0x00, 0x00, 0x9f, 0xbf, 0x00, 0x00, 0x9f, 0xbf, 0x00, 0x00, 0x9f,
    0xbf, 0x00, 0x00, 0x9f, 0xbf, 0x00, 0x00, 0x9f, 0xbf, 0x00, 0x00, 0x9f, 0xbf, 0x00, 0x00, 0x9f, 0xbf, 0x00, 0x00,
    0x9f, 0xbf, 0x00, 0x00, 0x9f, 0xbf, 0x00, 0x00, 0x9f, 0xbf, 0x00, 0x00, 0x9f, 0xbf, 0x00, 0x00, 0x9f, 0xbf, 0x00,
    0x00, 0x9f, 0xbf, 0x00, 0x00, 0x9f, 0xbf, 0x00, 0x00, 0x9f, 0xbf, 0x00, 0x00, 0x9f, 0xbf, 0x00, 0x00, 0x9f, 0xbf,
    0x00, 0x00, 0x9f, 0xbf, 0x00, 0x00, 0x9f, 0xbf, 0x00, 0x00, 0x00, 0x00, 0x00, 0x00, 0x10, 0x00, 0x00, 0x00, 0x00,
    0x00, 0xac, 0xdf, 0x03, 0x10, 0x47, 0x65, 0x6e, 0x65, 0x72, 0x61, 0x74, 0x65, 0x64, 0x20, 0x62, 0x79, 0x20, 0x74,
    0x68, 0x65, 0x20, 0x41, 0x64, 0x76, 0x61, 0x6e, 0x63, 0x65, 0x64, 0x20, 0x4d, 0x69, 0x63, 0x72, 0x6f, 0x20, 0x44,
    0x65, 0x76, 0x69, 0x63, 0x65, 0x73, 0x2c, 0x20, 0x49, 0x6e, 0x63, 0x2e, 0x2c, 0x20, 0x50, 0x72, 0x6f, 0x70, 0x72,
    0x69, 0x65, 0x74, 0x61, 0x72, 0x79, 0x20, 0x47, 0x50, 0x55, 0x20, 0x53, 0x68, 0x61, 0x64, 0x65, 0x72, 0x20, 0x43,
    0x6f, 0x6d, 0x70, 0x69, 0x6c, 0x65, 0x72, 0x2e, 0x00, 0x00, 0x5f, 0x61, 0x6d, 0x64, 0x67, 0x70, 0x75, 0x5f, 0x63,
    0x73, 0x5f, 0x6d, 0x61, 0x69, 0x6e, 0x00, 0x5f, 0x61, 0x6d, 0x64, 0x67, 0x70, 0x75, 0x5f, 0x63, 0x73, 0x5f, 0x73,
    0x68, 0x64, 0x72, 0x5f, 0x69, 0x6e, 0x74, 0x72, 0x6c, 0x5f, 0x74, 0x62, 0x6c, 0x00, 0x00, 0x00, 0x00, 0x00, 0x00,
    0x00, 0x00, 0x00, 0x00, 0x00, 0x00, 0x00, 0x00, 0x00, 0x00, 0x00, 0x00, 0x00, 0x00, 0x00, 0x00, 0x00, 0x00, 0x00,
    0x01, 0x00, 0x00, 0x00, 0x12, 0x00, 0x02, 0x00, 0x00, 0x00, 0x00, 0x00, 0x00, 0x00, 0x00, 0x00, 0xb4, 0x0a, 0x00,
    0x00, 0x00, 0x00, 0x00, 0x00, 0x11, 0x00, 0x00, 0x00, 0x11, 0x00, 0x03, 0x00, 0x00, 0x00, 0x00, 0x00, 0x00, 0x00,
    0x00, 0x00, 0x10, 0x00, 0x00, 0x00, 0x00, 0x00, 0x00, 0x00, 0x07, 0x00, 0x00, 0x00, 0xfb, 0x03, 0x00, 0x00, 0x20,
    0x00, 0x00, 0x00, 0x41, 0x4d, 0x44, 0x47, 0x50, 0x55, 0x00, 0x00, 0x82, 0xae, 0x61, 0x6d, 0x64, 0x70, 0x61, 0x6c,
    0x2e, 0x76, 0x65, 0x72, 0x73, 0x69, 0x6f, 0x6e, 0x92, 0x03, 0x06, 0xb0, 0x61, 0x6d, 0x64, 0x70, 0x61, 0x6c, 0x2e,
    0x70, 0x69, 0x70, 0x65, 0x6c, 0x69, 0x6e, 0x65, 0x73, 0x91, 0x8b, 0xa5, 0x2e, 0x74, 0x79, 0x70, 0x65, 0xa2, 0x43,
    0x73, 0xae, 0x2e, 0x72, 0x65, 0x73, 0x6f, 0x75, 0x72, 0x63, 0x65, 0x5f, 0x68, 0x61, 0x73, 0x68, 0xcf, 0xd5, 0x3b,
    0x56, 0xf8, 0x53, 0xfa, 0x64, 0x4e, 0xb0, 0x2e, 0x73, 0x70, 0x69, 0x6c, 0x6c, 0x5f, 0x74, 0x68, 0x72, 0x65, 0x73,
    0x68, 0x6f, 0x6c, 0x64, 0xcd, 0xff, 0xff, 0xb0, 0x2e, 0x75, 0x73, 0x65, 0x72, 0x5f, 0x64, 0x61, 0x74, 0x61, 0x5f,
    0x6c, 0x69, 0x6d, 0x69, 0x74, 0x01, 0xa8, 0x2e, 0x73, 0x68, 0x61, 0x64, 0x65, 0x72, 0x73, 0x81, 0xa8, 0x2e, 0x63,
    0x6f, 0x6d, 0x70, 0x75, 0x74, 0x65, 0x83, 0xb0, 0x2e, 0x61, 0x70, 0x69, 0x5f, 0x73, 0x68, 0x61, 0x64, 0x65, 0x72,
    0x5f, 0x68, 0x61, 0x73, 0x68, 0x92, 0xcf, 0xce, 0xca, 0xe8, 0xd6, 0x79, 0xa0, 0x8e, 0x33, 0xcf, 0x74, 0x05, 0x57,
    0x7c, 0xd4, 0x4f, 0xf4, 0xf0, 0xb1, 0x2e, 0x68, 0x61, 0x72, 0x64, 0x77, 0x61, 0x72, 0x65, 0x5f, 0x6d, 0x61, 0x70,
    0x70, 0x69, 0x6e, 0x67, 0x91, 0xa3, 0x2e, 0x63, 0x73, 0xaf, 0x2e, 0x73, 0x68, 0x61, 0x64, 0x65, 0x72, 0x5f, 0x73,
    0x75, 0x62, 0x74, 0x79, 0x70, 0x65, 0xa7, 0x55, 0x6e, 0x6b, 0x6e, 0x6f, 0x77, 0x6e, 0xb0, 0x2e, 0x68, 0x61, 0x72,
    0x64, 0x77, 0x61, 0x72, 0x65, 0x5f, 0x73, 0x74, 0x61, 0x67, 0x65, 0x73, 0x81, 0xa3, 0x2e, 0x63, 0x73, 0xde, 0x00,
    0x1a, 0xb3, 0x2e, 0x65, 0x6e, 0x74, 0x72, 0x79, 0x5f, 0x70, 0x6f, 0x69, 0x6e, 0x74, 0x5f, 0x73, 0x79, 0x6d, 0x62,
    0x6f, 0x6c, 0xaf, 0x5f, 0x61, 0x6d, 0x64, 0x67, 0x70, 0x75, 0x5f, 0x63, 0x73, 0x5f, 0x6d, 0x61, 0x69, 0x6e, 0xab,
    0x2e, 0x73, 0x67, 0x70, 0x72, 0x5f, 0x63, 0x6f, 0x75, 0x6e, 0x74, 0x1c, 0xab, 0x2e, 0x76, 0x67, 0x70, 0x72, 0x5f,
    0x63, 0x6f, 0x75, 0x6e, 0x74, 0x1d, 0xa9, 0x2e, 0x6c, 0x64, 0x73, 0x5f, 0x73, 0x69, 0x7a, 0x65, 0x00, 0xb4, 0x2e,
    0x73, 0x63, 0x72, 0x61, 0x74, 0x63, 0x68, 0x5f, 0x6d, 0x65, 0x6d, 0x6f, 0x72, 0x79, 0x5f, 0x73, 0x69, 0x7a, 0x65,
    0x00, 0xb4, 0x2e, 0x66, 0x72, 0x6f, 0x6e, 0x74, 0x65, 0x6e, 0x64, 0x5f, 0x73, 0x74, 0x61, 0x63, 0x6b, 0x5f, 0x73,
    0x69, 0x7a, 0x65, 0x00, 0xb3, 0x2e, 0x62, 0x61, 0x63, 0x6b, 0x65, 0x6e, 0x64, 0x5f, 0x73, 0x74, 0x61, 0x63, 0x6b,
    0x5f, 0x73, 0x69, 0x7a, 0x65, 0x00, 0xb6, 0x2e, 0x70, 0x65, 0x72, 0x66, 0x5f, 0x64, 0x61, 0x74, 0x61, 0x5f, 0x62,
    0x75, 0x66, 0x66, 0x65, 0x72, 0x5f, 0x73, 0x69, 0x7a, 0x65, 0x00, 0xaa, 0x2e, 0x75, 0x73, 0x65, 0x73, 0x5f, 0x75,
    0x61, 0x76, 0x73, 0xc3, 0xac, 0x2e, 0x77, 0x72, 0x69, 0x74, 0x65, 0x73, 0x5f, 0x75, 0x61, 0x76, 0x73, 0xc3, 0xb4,
    0x2e, 0x75, 0x73, 0x65, 0x73, 0x5f, 0x61, 0x70, 0x70, 0x65, 0x6e, 0x64, 0x5f, 0x63, 0x6f, 0x6e, 0x73, 0x75, 0x6d,
    0x65, 0xc2, 0xaf, 0x2e, 0x77, 0x61, 0x76, 0x65, 0x66, 0x72, 0x6f, 0x6e, 0x74, 0x5f, 0x73, 0x69, 0x7a, 0x65, 0x40,
    0xb2, 0x2e, 0x75, 0x73, 0x65, 0x72, 0x5f, 0x64, 0x61, 0x74, 0x61, 0x5f, 0x72, 0x65, 0x67, 0x5f, 0x6d, 0x61, 0x70,
    0xdc, 0x00, 0x20, 0xce, 0xff, 0xff, 0xff, 0xff, 0xce, 0xff, 0xff, 0xff, 0xff, 0x00, 0xce, 0xff, 0xff, 0xff, 0xff,
    0xce, 0xff, 0xff, 0xff, 0xff, 0xce, 0xff, 0xff, 0xff, 0xff, 0xce, 0xff, 0xff, 0xff, 0xff, 0xce, 0xff, 0xff, 0xff,
    0xff, 0xce, 0xff, 0xff, 0xff, 0xff, 0xce, 0xff, 0xff, 0xff, 0xff, 0xce, 0xff, 0xff, 0xff, 0xff, 0xce, 0xff, 0xff,
    0xff, 0xff, 0xce, 0xff, 0xff, 0xff, 0xff, 0xce, 0xff, 0xff, 0xff, 0xff, 0xce, 0xff, 0xff, 0xff, 0xff, 0xce, 0xff,
    0xff, 0xff, 0xff, 0xce, 0xff, 0xff, 0xff, 0xff, 0xce, 0xff, 0xff, 0xff, 0xff, 0xce, 0xff, 0xff, 0xff, 0xff, 0xce,
    0xff, 0xff, 0xff, 0xff, 0xce, 0xff, 0xff, 0xff, 0xff, 0xce, 0xff, 0xff, 0xff, 0xff, 0xce, 0xff, 0xff, 0xff, 0xff,
    0xce, 0xff, 0xff, 0xff, 0xff, 0xce, 0xff, 0xff, 0xff, 0xff, 0xce, 0xff, 0xff, 0xff, 0xff, 0xce, 0xff, 0xff, 0xff,
    0xff, 0xce, 0xff, 0xff, 0xff, 0xff, 0xce, 0xff, 0xff, 0xff, 0xff, 0xce, 0xff, 0xff, 0xff, 0xff, 0xce, 0xff, 0xff,
    0xff, 0xff, 0xce, 0xff, 0xff, 0xff, 0xff, 0xb7, 0x2e, 0x74, 0x68, 0x72, 0x65, 0x61, 0x64, 0x67, 0x72, 0x6f, 0x75,
    0x70, 0x5f, 0x64, 0x69, 0x6d, 0x65, 0x6e, 0x73, 0x69, 0x6f, 0x6e, 0x73, 0x93, 0x08, 0x08, 0x01, 0xab, 0x2e, 0x66,
    0x6c, 0x6f, 0x61, 0x74, 0x5f, 0x6d, 0x6f, 0x64, 0x65, 0xcc, 0xc0, 0xae, 0x2e, 0x66, 0x70, 0x31, 0x36, 0x5f, 0x6f,
    0x76, 0x65, 0x72, 0x66, 0x6c, 0x6f, 0x77, 0xc2, 0xaa, 0x2e, 0x69, 0x65, 0x65, 0x65, 0x5f, 0x6d, 0x6f, 0x64, 0x65,
    0xc2, 0xa9, 0x2e, 0x77, 0x67, 0x70, 0x5f, 0x6d, 0x6f, 0x64, 0x65, 0xc2, 0xac, 0x2e, 0x6d, 0x65, 0x6d, 0x5f, 0x6f,
    0x72, 0x64, 0x65, 0x72, 0x65, 0x64, 0xc2, 0xb1, 0x2e, 0x66, 0x6f, 0x72, 0x77, 0x61, 0x72, 0x64, 0x5f, 0x70, 0x72,
    0x6f, 0x67, 0x72, 0x65, 0x73, 0x73, 0xc2, 0xab, 0x2e, 0x75, 0x73, 0x65, 0x72, 0x5f, 0x73, 0x67, 0x70, 0x72, 0x73,
    0x03, 0xa8, 0x2e, 0x65, 0x78, 0x63, 0x70, 0x5f, 0x65, 0x6e, 0x00, 0xab, 0x2e, 0x73, 0x63, 0x72, 0x61, 0x74, 0x63,
    0x68, 0x5f, 0x65, 0x6e, 0xc2, 0xad, 0x2e, 0x74, 0x72, 0x61, 0x70, 0x5f, 0x70, 0x72, 0x65, 0x73, 0x65, 0x6e, 0x74,
    0xc2, 0xb0, 0x2e, 0x73, 0x68, 0x61, 0x72, 0x65, 0x64, 0x5f, 0x76, 0x67, 0x70, 0x72, 0x5f, 0x63, 0x6e, 0x74, 0x00,
    0xad, 0x2e, 0x77, 0x61, 0x76, 0x65, 0x73, 0x5f, 0x70, 0x65, 0x72, 0x5f, 0x73, 0x65, 0x00, 0xaa, 0x2e, 0x72, 0x65,
    0x67, 0x69, 0x73, 0x74, 0x65, 0x72, 0x73, 0x81, 0xcd, 0x2e, 0x42, 0x00, 0xa5, 0x2e, 0x6e, 0x61, 0x6d, 0x65, 0xae,
    0x4d, 0x6c, 0x61, 0x61, 0x46, 0x69, 0x6e, 0x61, 0x6c, 0x42, 0x6c, 0x65, 0x6e, 0x64, 0xb7, 0x2e, 0x69, 0x6e, 0x74,
    0x65, 0x72, 0x6e, 0x61, 0x6c, 0x5f, 0x70, 0x69, 0x70, 0x65, 0x6c, 0x69, 0x6e, 0x65, 0x5f, 0x68, 0x61, 0x73, 0x68,
    0x92, 0xcf, 0xdc, 0x75, 0xd2, 0x2a, 0x41, 0x83, 0xb1, 0xab, 0xcf, 0xb3, 0x4b, 0x11, 0x09, 0x79, 0x9e, 0xda, 0x21,
    0xb2, 0x2e, 0x63, 0x6f, 0x6d, 0x70, 0x75, 0x74, 0x65, 0x5f, 0x72, 0x65, 0x67, 0x69, 0x73, 0x74, 0x65, 0x72, 0x73,
    0x85, 0xaf, 0x2e, 0x74, 0x69, 0x64, 0x69, 0x67, 0x5f, 0x63, 0x6f, 0x6d, 0x70, 0x5f, 0x63, 0x6e, 0x74, 0x01, 0xaa,
    0x2e, 0x74, 0x67, 0x69, 0x64, 0x5f, 0x78, 0x5f, 0x65, 0x6e, 0xc3, 0xaa, 0x2e, 0x74, 0x67, 0x69, 0x64, 0x5f, 0x79,
    0x5f, 0x65, 0x6e, 0xc3, 0xaa, 0x2e, 0x74, 0x67, 0x69, 0x64, 0x5f, 0x7a, 0x5f, 0x65, 0x6e, 0xc2, 0xab, 0x2e, 0x74,
    0x67, 0x5f, 0x73, 0x69, 0x7a, 0x65, 0x5f, 0x65, 0x6e, 0xc2, 0xa4, 0x2e, 0x61, 0x70, 0x69, 0xa7, 0x73, 0x63, 0x70,
    0x63, 0x42, 0x6c, 0x64, 0x00, 0x00, 0x00, 0x00, 0x00, 0x00, 0x00, 0x00, 0x00, 0x00, 0x00, 0x00, 0x00, 0x00, 0x00,
    0x00, 0x00, 0x00, 0x00, 0x00, 0x00, 0x00, 0x00, 0x00, 0x00, 0x00, 0x00, 0x00, 0x00, 0x00, 0x00, 0x00, 0x00, 0x00,
    0x00, 0x00, 0x00, 0x00, 0x00, 0x00, 0x00, 0x00, 0x00, 0x00, 0x00, 0x00, 0x00, 0x00, 0x00, 0x00, 0x00, 0x00, 0x00,
    0x00, 0x00, 0x00, 0x00, 0x00, 0x00, 0x00, 0x00, 0x00, 0x00, 0x00, 0x00, 0x00, 0x00, 0x00, 0x01, 0x00, 0x00, 0x00,
    0x03, 0x00, 0x00, 0x00, 0x00, 0x00, 0x00, 0x00, 0x00, 0x00, 0x00, 0x00, 0x00, 0x00, 0x00, 0x00, 0x00, 0x00, 0x00,
    0x00, 0x40, 0x00, 0x00, 0x00, 0x00, 0x00, 0x00, 0x00, 0x36, 0x00, 0x00, 0x00, 0x00, 0x00, 0x00, 0x00, 0x00, 0x00,
    0x00, 0x00, 0x00, 0x00, 0x00, 0x00, 0x00, 0x00, 0x00, 0x00, 0x00, 0x00, 0x00, 0x00, 0x00, 0x00, 0x00, 0x00, 0x00,
    0x00, 0x00, 0x00, 0x0b, 0x00, 0x00, 0x00, 0x01, 0x00, 0x00, 0x00, 0x06, 0x00, 0x00, 0x00, 0x00, 0x00, 0x00, 0x00,
    0x00, 0x00, 0x00, 0x00, 0x00, 0x00, 0x00, 0x00, 0x76, 0x00, 0x00, 0x00, 0x00, 0x00, 0x00, 0x00, 0xb4, 0x0a, 0x00,
    0x00, 0x00, 0x00, 0x00, 0x00, 0x00, 0x00, 0x00, 0x00, 0x00, 0x00, 0x00, 0x00, 0x00, 0x01, 0x00, 0x00, 0x00, 0x00,
    0x00, 0x00, 0x00, 0x00, 0x00, 0x00, 0x00, 0x00, 0x00, 0x00, 0x11, 0x00, 0x00, 0x00, 0x01, 0x00, 0x00, 0x00, 0x03,
    0x00, 0x00, 0x00, 0x00, 0x00, 0x00, 0x00, 0x00, 0x00, 0x00, 0x00, 0x00, 0x00, 0x00, 0x00, 0x2a, 0x0b, 0x00, 0x00,
    0x00, 0x00, 0x00, 0x00, 0x10, 0x00, 0x00, 0x00, 0x00, 0x00, 0x00, 0x00, 0x00, 0x00, 0x00, 0x00, 0x00, 0x00, 0x00,
    0x00, 0x20, 0x00, 0x00, 0x00, 0x00, 0x00, 0x00, 0x00, 0x00, 0x00, 0x00, 0x00, 0x00, 0x00, 0x00, 0x00, 0x17, 0x00,
    0x00, 0x00, 0x01, 0x00, 0x00, 0x00, 0x00, 0x00, 0x00, 0x00, 0x00, 0x00, 0x00, 0x00, 0x00, 0x00, 0x00, 0x00, 0x00,
    0x00, 0x00, 0x00, 0x3a, 0x0b, 0x00, 0x00, 0x00, 0x00, 0x00, 0x00, 0x50, 0x00, 0x00, 0x00, 0x00, 0x00, 0x00, 0x00,
    0x00, 0x00, 0x00, 0x00, 0x00, 0x00, 0x00, 0x00, 0x00, 0x00, 0x00, 0x00, 0x00, 0x00, 0x00, 0x00, 0x00, 0x00, 0x00,
    0x00, 0x00, 0x00, 0x00, 0x00, 0x20, 0x00, 0x00, 0x00, 0x03, 0x00, 0x00, 0x00, 0x00, 0x00, 0x00, 0x00, 0x00, 0x00,
    0x00, 0x00, 0x00, 0x00, 0x00, 0x00, 0x00, 0x00, 0x00, 0x00, 0x8a, 0x0b, 0x00, 0x00, 0x00, 0x00, 0x00, 0x00, 0x2b,
    0x00, 0x00, 0x00, 0x00, 0x00, 0x00, 0x00, 0x00, 0x00, 0x00, 0x00, 0x00, 0x00, 0x00, 0x00, 0x00, 0x00, 0x00, 0x00,
    0x00, 0x00, 0x00, 0x00, 0x00, 0x00, 0x00, 0x00, 0x00, 0x00, 0x00, 0x00, 0x28, 0x00, 0x00, 0x00, 0x02, 0x00, 0x00,
    0x00, 0x00, 0x00, 0x00, 0x00, 0x00, 0x00, 0x00, 0x00, 0x00, 0x00, 0x00, 0x00, 0x00, 0x00, 0x00, 0x00, 0xb5, 0x0b,
    0x00, 0x00, 0x00, 0x00, 0x00, 0x00, 0x48, 0x00, 0x00, 0x00, 0x00, 0x00, 0x00, 0x00, 0x05, 0x00, 0x00, 0x00, 0x00,
    0x00, 0x00, 0x00, 0x00, 0x00, 0x00, 0x00, 0x00, 0x00, 0x00, 0x00, 0x18, 0x00, 0x00, 0x00, 0x00, 0x00, 0x00, 0x00,
    0x30, 0x00, 0x00, 0x00, 0x07, 0x00, 0x00, 0x00, 0x00, 0x00, 0x00, 0x00, 0x00, 0x00, 0x00, 0x00, 0x00, 0x00, 0x00,
    0x00, 0x00, 0x00, 0x00, 0x00, 0xfd, 0x0b, 0x00, 0x00, 0x00, 0x00, 0x00, 0x00, 0x10, 0x04, 0x00, 0x00, 0x00, 0x00,
    0x00, 0x00, 0x00, 0x00, 0x00, 0x00, 0x00, 0x00, 0x00, 0x00, 0x00, 0x00, 0x00, 0x00, 0x00, 0x00, 0x00, 0x00, 0x00,
    0x00, 0x00, 0x00, 0x00, 0x00, 0x00, 0x00,
};

// Mlaa Final Blend Fast compute shader binary
inline constexpr Util::uint8 MlaaFinalBlendFast_Cs_519251A5[] =
{
    0x7f, 0x45, 0x4c, 0x46, 0x02, 0x01, 0x01, 0x41, 0x00, 0x00, 0x00, 0x00, 0x00, 0x00, 0x00, 0x00, 0x01, 0x00, 0xe0,
    0x00, 0x01, 0x00, 0x00, 0x00, 0x00, 0x00, 0x00, 0x00, 0x00, 0x00, 0x00, 0x00, 0x00, 0x00, 0x00, 0x00, 0x00, 0x00,
    0x00, 0x00, 0xfc, 0x10, 0x00, 0x00, 0x00, 0x00, 0x00, 0x00, 0x44, 0x05, 0x00, 0x00, 0x40, 0x00, 0x00, 0x00, 0x00,
    0x00, 0x40, 0x00, 0x08, 0x00, 0x01, 0x00, 0x00, 0x2e, 0x73, 0x68, 0x73, 0x74, 0x72, 0x74, 0x61, 0x62, 0x00, 0x2e,
    0x74, 0x65, 0x78, 0x74, 0x00, 0x2e, 0x64, 0x61, 0x74, 0x61, 0x00, 0x2e, 0x63, 0x6f, 0x6d, 0x6d, 0x65, 0x6e, 0x74,
    0x00, 0x2e, 0x73, 0x74, 0x72, 0x74, 0x61, 0x62, 0x00, 0x2e, 0x73, 0x79, 0x6d, 0x74, 0x61, 0x62, 0x00, 0x2e, 0x6e,
    0x6f, 0x74, 0x65, 0x00, 0x06, 0x20, 0x80, 0xb0, 0x80, 0x47, 0x86, 0xbe, 0x03, 0x00, 0x84, 0xbf, 0x02, 0x00, 0x80,
    0xbe, 0x07, 0x00, 0x81, 0xbe, 0x80, 0x01, 0x04, 0xf4, 0x64, 0x00, 0x00, 0xf8, 0xff, 0x00, 0x02, 0x36, 0xff, 0x03,
    0x00, 0x00, 0x00, 0x00, 0x10, 0xd6, 0x00, 0x15, 0x29, 0x02, 0x12, 0x01, 0x87, 0xbf, 0x01, 0x00, 0x46, 0xd6, 0x03,
    0x06, 0x05, 0x04, 0x00, 0x00, 0x46, 0xd6, 0x04, 0x06, 0x01, 0x04, 0x07, 0xfc, 0x89, 0xbf, 0x12, 0x01, 0x87, 0xbf,
    0x02, 0x00, 0x4e, 0xd4, 0x06, 0x02, 0x02, 0x00, 0x07, 0x00, 0x9c, 0x7c, 0x02, 0x6a, 0xea, 0x8b, 0x09, 0x00, 0x87,
    0xbf, 0x6a, 0x21, 0x82, 0xbe, 0x8b, 0x02, 0xa5, 0xbf, 0x00, 0x02, 0x0c, 0xf4, 0x20, 0x00, 0x00, 0xf8, 0x00, 0x04,
    0x0c, 0xf4, 0x40, 0x00, 0x00, 0xf8, 0x06, 0x02, 0x04, 0x22, 0x07, 0x00, 0x08, 0x22, 0x07, 0xfc, 0x89, 0xbf, 0x85,
    0x0f, 0x00, 0xf0, 0x02, 0x06, 0x02, 0x00, 0x04, 0x00, 0x00, 0x00, 0x85, 0x03, 0x00, 0xf0, 0x02, 0x0a, 0x04, 0x00,
    0x04, 0x00, 0x00, 0x00, 0x7e, 0x01, 0x84, 0xbe, 0xf7, 0x03, 0x89, 0xbf, 0x7e, 0x00, 0xcd, 0xd4, 0x0a, 0x01, 0x01,
    0x00, 0x95, 0x00, 0xa5, 0xbf, 0xff, 0x14, 0x06, 0x36, 0x80, 0x00, 0x00, 0x00, 0x0e, 0x00, 0x10, 0xd6, 0x0a, 0x09,
    0x0d, 0x02, 0x07, 0x00, 0x20, 0x26, 0x93, 0x01, 0x87, 0xbf, 0x80, 0x06, 0x8a, 0x7c, 0x88, 0x1c, 0x0a, 0x02, 0x88,
    0x14, 0x18, 0x36, 0x87, 0x14, 0x1a, 0x36, 0x23, 0x02, 0x87, 0xbf, 0x81, 0x0a, 0x06, 0x4a, 0x01, 0x0b, 0x1e, 0x4c,
    0x80, 0x18, 0x8a, 0x7c, 0x93, 0x01, 0x87, 0xbf, 0x01, 0x07, 0x06, 0x4c, 0x06, 0x1e, 0x1e, 0x26, 0x88, 0x1a, 0x14,
    0x02, 0xa3, 0x01, 0x87, 0xbf, 0x06, 0x06, 0x06, 0x26, 0xc1, 0x00, 0x18, 0x4a, 0x01, 0x15, 0x22, 0x4a, 0x12, 0x00,
    0x55, 0xd6, 0x0a, 0x03, 0x06, 0x02, 0x93, 0x01, 0x87, 0xbf, 0x0c, 0x00, 0x64, 0xd6, 0x0c, 0x01, 0x1d, 0x00, 0x06,
    0x22, 0x26, 0x26, 0x03, 0x00, 0x87, 0xbf, 0x06, 0x24, 0x24, 0x26, 0x04, 0x00, 0x85, 0xbf, 0x85, 0x07, 0x00, 0xf0,
    0x02, 0x14, 0x02, 0x00, 0x0c, 0x00, 0x00, 0x00, 0x85, 0x07, 0x00, 0xf0, 0x0f, 0x17, 0x02, 0x00, 0x10, 0x00, 0x00,
    0x00, 0x85, 0x07, 0x00, 0xf0, 0x03, 0x1a, 0x02, 0x00, 0x10, 0x00, 0x00, 0x00, 0x85, 0x07, 0x00, 0xf0, 0x13, 0x1d,
    0x02, 0x00, 0x10, 0x00, 0x00, 0x00, 0x85, 0x07, 0x00, 0xf0, 0x12, 0x10, 0x02, 0x00, 0x10, 0x00, 0x00, 0x00, 0x03,
    0x00, 0x55, 0xd6, 0x05, 0x15, 0x06, 0x02, 0x05, 0x0d, 0x1e, 0x7e, 0x02, 0x00, 0x87, 0xbf, 0x03, 0x0d, 0x18, 0x7e,
    0xf7, 0x0b, 0x89, 0xbf, 0x17, 0x35, 0x06, 0x08, 0x18, 0x37, 0x14, 0x08, 0x19, 0x39, 0x0a, 0x08, 0xf7, 0x03, 0x89,
    0xbf, 0x1d, 0x21, 0x20, 0x08, 0x14, 0x02, 0x87, 0xbf, 0x18, 0x01, 0x14, 0xd4, 0x03, 0xff, 0x01, 0x00, 0x00, 0x00,
    0x80, 0x3d, 0x1a, 0x01, 0x14, 0xd4, 0x0a, 0xff, 0x01, 0x00, 0x00, 0x00, 0x80, 0x3d, 0x04, 0x00, 0x87, 0xbf, 0x1c,
    0x01, 0x14, 0xd4, 0x05, 0xff, 0x01, 0x00, 0x00, 0x00, 0x80, 0x3d, 0x1e, 0x23, 0x22, 0x08, 0x1f, 0x25, 0x24, 0x08,
    0x0c, 0x55, 0x06, 0x7e, 0x0c, 0x1f, 0x0a, 0x08, 0xf0, 0x18, 0x18, 0x10, 0xa2, 0x04, 0x87, 0xbf, 0xf3, 0x0a, 0x30,
    0x06, 0x18, 0x1a, 0xea, 0x8c, 0x1c, 0x6a, 0xea, 0x8c, 0x18, 0x01, 0x14, 0xd4, 0x11, 0xff, 0x01, 0x00, 0x00, 0x00,
    0x80, 0x3d, 0x1c, 0x01, 0x14, 0xd4, 0x10, 0xff, 0x01, 0x00, 0x00, 0x00, 0x80, 0x3d, 0x1a, 0x01, 0x14, 0xd4, 0x12,
    0xff, 0x01, 0x00, 0x00, 0x00, 0x80, 0x3d, 0x0a, 0x00, 0x01, 0xd5, 0x80, 0x82, 0xa9, 0x01, 0x35, 0x02, 0x87, 0xbf,
    0x05, 0x00, 0x13, 0xd6, 0x03, 0x0b, 0xc6, 0x03, 0x07, 0x2b, 0x20, 0x0a, 0x08, 0x2d, 0x22, 0x0a, 0x19, 0x00, 0x12,
    0xd6, 0x81, 0x14, 0x0a, 0x02, 0x0a, 0x00, 0x13, 0xd6, 0x03, 0x31, 0xc6, 0x03, 0x03, 0x00, 0x01, 0xd5, 0x80, 0x02,
    0xa9, 0x01, 0xb2, 0x04, 0x87, 0xbf, 0x05, 0x03, 0x03, 0xd5, 0x05, 0x15, 0x02, 0x18, 0x06, 0x29, 0x14, 0x0a, 0x1c,
    0x18, 0xea, 0x8c, 0x9e, 0xff, 0x88, 0xbf, 0x1a, 0x6a, 0xea, 0x8c, 0x83, 0x04, 0x87, 0xbf, 0x03, 0x33, 0x06, 0x02,
    0x1a, 0x00, 0x16, 0xd4, 0x0f, 0x19, 0x02, 0x00, 0x0c, 0x1f, 0x2c, 0x7c, 0x03, 0x00, 0x87, 0xbf, 0x18, 0x00, 0x42,
    0xd4, 0x03, 0x05, 0x01, 0x00, 0x1c, 0x00, 0x42, 0xd4, 0x03, 0x03, 0x01, 0x00, 0x0c, 0x00, 0x13, 0xd6, 0x05, 0x15,
    0x1a, 0x04, 0x0f, 0x00, 0x13, 0xd6, 0x05, 0x21, 0x1e, 0x04, 0x05, 0x00, 0x13, 0xd6, 0x05, 0x23, 0x22, 0x04, 0x18,
    0x1a, 0x98, 0x8b, 0x1c, 0x6a, 0xea, 0x8b, 0xc9, 0x00, 0x87, 0xbf, 0x9e, 0xff, 0x88, 0xbf, 0x18, 0x6a, 0x98, 0x8c,
    0x83, 0x06, 0x84, 0x7c, 0x0e, 0x1b, 0x06, 0x4a, 0x6a, 0x18, 0xea, 0x8c, 0x18, 0x00, 0x45, 0xd4, 0x03, 0x01, 0x01,
    0x00, 0x06, 0x19, 0x1c, 0x02, 0x08, 0x0b, 0x0a, 0x02, 0x07, 0x1f, 0x18, 0x02, 0x11, 0x11, 0x06, 0x58, 0x00, 0x00,
    0x00, 0x3e, 0x0a, 0x0d, 0x10, 0x58, 0x00, 0x00, 0x00, 0x3e, 0x10, 0x0f, 0x0c, 0x58, 0x00, 0x00, 0x00, 0x3e, 0x93,
    0x01, 0x87, 0xbf, 0x03, 0x00, 0x01, 0xd5, 0x03, 0x0b, 0x62, 0x00, 0x05, 0x00, 0x01, 0xd5, 0x08, 0x1d, 0x62, 0x00,
    0x03, 0x00, 0x87, 0xbf, 0x08, 0x00, 0x01, 0xd5, 0x06, 0x19, 0x62, 0x00, 0x04, 0x7e, 0xfe, 0x91, 0x06, 0x03, 0x0a,
    0x7e, 0x08, 0x03, 0x06, 0x7e, 0x07, 0x03, 0x10, 0x7e, 0x04, 0x01, 0xfe, 0xbe, 0x81, 0x00, 0x0c, 0x4a, 0x01, 0x00,
    0x87, 0xbf, 0x07, 0x0c, 0x18, 0x22, 0x85, 0x01, 0x00, 0xf0, 0x02, 0x07, 0x04, 0x00, 0x0c, 0x00, 0x00, 0x00, 0xf7,
    0x03, 0x89, 0xbf, 0x80, 0x0e, 0x9a, 0x7c, 0x04, 0x6a, 0xfe, 0x8b, 0x91, 0x00, 0xa5, 0xbf, 0xff, 0x0e, 0x14, 0x36,
    0x80, 0x00, 0x00, 0x00, 0x0d, 0x00, 0x10, 0xd6, 0x07, 0x09, 0x0d, 0x02, 0x07, 0x0c, 0x22, 0x26, 0x93, 0x01, 0x87,
    0xbf, 0x80, 0x14, 0x8a, 0x7c, 0x88, 0x1a, 0x20, 0x02, 0x88, 0x0e, 0x1c, 0x36, 0x87, 0x0e, 0x0e, 0x36, 0x23, 0x02,
    0x87, 0xbf, 0x81, 0x20, 0x14, 0x4a, 0x01, 0x21, 0x1e, 0x4c, 0x80, 0x1c, 0x8a, 0x7c, 0x93, 0x01, 0x87, 0xbf, 0x01,
    0x15, 0x14, 0x4c, 0x06, 0x1e, 0x1e, 0x26, 0x88, 0x0e, 0x1c, 0x02, 0x13, 0x01, 0x87, 0xbf, 0x06, 0x14, 0x14, 0x26,
    0x01, 0x1d, 0x0c, 0x4a, 0x12, 0x00, 0x55, 0xd6, 0x0e, 0x03, 0x06, 0x02, 0x12, 0x01, 0x87, 0xbf, 0x06, 0x0c, 0x0c,
    0x26, 0x06, 0x24, 0x24, 0x26, 0x04, 0x00, 0x85, 0xbf, 0x85, 0x07, 0x00, 0xf0, 0x02, 0x14, 0x02, 0x00, 0x0c, 0x00,
    0x00, 0x00, 0x85, 0x07, 0x00, 0xf0, 0x0f, 0x17, 0x02, 0x00, 0x11, 0x00, 0x00, 0x00, 0x85, 0x07, 0x00, 0xf0, 0x0a,
    0x1a, 0x02, 0x00, 0x11, 0x00, 0x00, 0x00, 0x85, 0x07, 0x00, 0xf0, 0x06, 0x1d, 0x02, 0x00, 0x11, 0x00, 0x00, 0x00,
    0x85, 0x07, 0x00, 0xf0, 0x12, 0x11, 0x02, 0x00, 0x11, 0x00, 0x00, 0x00, 0x02, 0x00, 0x55, 0xd6, 0x0e, 0x21, 0x06,
    0x02, 0x10, 0x0d, 0x18, 0x7e, 0x92, 0x00, 0x87, 0xbf, 0x02, 0x0d, 0x04, 0x7e, 0x02, 0x19, 0x20, 0x08, 0xf7, 0x0b,
    0x89, 0xbf, 0x19, 0x39, 0x1c, 0x08, 0x17, 0x35, 0x0c, 0x08, 0x18, 0x37, 0x14, 0x08, 0x04, 0x00, 0x87, 0xbf, 0xf3,
    0x20, 0x30, 0x06, 0xf7, 0x03, 0x89, 0xbf, 0x1e, 0x25, 0x1e, 0x08, 0x1c, 0x01, 0x14, 0xd4, 0x0e, 0xff, 0x01, 0x00,
    0x00, 0x00, 0x80, 0x3d, 0x18, 0x01, 0x14, 0xd4, 0x06, 0xff, 0x01, 0x00, 0x00, 0x00, 0x80, 0x3d, 0x1a, 0x01, 0x14,
    0xd4, 0x0a, 0xff, 0x01, 0x00, 0x00, 0x00, 0x80, 0x3d, 0x1d, 0x23, 0x1c, 0x08, 0x1f, 0x27, 0x22, 0x08, 0x02, 0x55,
    0x0c, 0x7e, 0xf0, 0x04, 0x04, 0x10, 0x9f, 0x0f, 0x88, 0xbf, 0xa5, 0x04, 0x87, 0xbf, 0x10, 0x00, 0x13, 0xd6, 0x06,
    0x21, 0xc6, 0x03, 0x18, 0x1a, 0xea, 0x8c, 0x1c, 0x6a, 0xea, 0x8c, 0x18, 0x01, 0x14, 0xd4, 0x0f, 0xff, 0x01, 0x00,
    0x00, 0x00, 0x80, 0x3d, 0x1c, 0x01, 0x14, 0xd4, 0x0e, 0xff, 0x01, 0x00, 0x00, 0x00, 0x80, 0x3d, 0x1a, 0x01, 0x14,
    0xd4, 0x11, 0xff, 0x01, 0x00, 0x00, 0x00, 0x80, 0x3d, 0x0a, 0x00, 0x01, 0xd5, 0x80, 0x82, 0xa9, 0x01, 0x11, 0x00,
    0x01, 0xd5, 0x80, 0x02, 0xa9, 0x01, 0x0f, 0x00, 0x13, 0xd6, 0x06, 0x31, 0xc6, 0x03, 0x05, 0x29, 0x1c, 0x0a, 0x94,
    0x01, 0x87, 0xbf, 0x0a, 0x00, 0x12, 0xd6, 0x81, 0x14, 0x0a, 0x02, 0x06, 0x03, 0x03, 0xd5, 0x10, 0x1f, 0x02, 0x18,
    0x08, 0x2b, 0x1e, 0x0a, 0x03, 0x2d, 0x20, 0x0a, 0x1c, 0x18, 0xea, 0x8c, 0x09, 0x00, 0x87, 0xbf, 0x9e, 0xff, 0x88,
    0xbf, 0x1a, 0x6a, 0xea, 0x8c, 0x84, 0x04, 0x87, 0xbf, 0x11, 0x15, 0x14, 0x02, 0x1a, 0x00, 0x16, 0xd4, 0x02, 0x19,
    0x02, 0x00, 0x0c, 0x05, 0x2c, 0x7c, 0x03, 0x00, 0x87, 0xbf, 0x18, 0x00, 0x42, 0xd4, 0x0a, 0x05, 0x01, 0x00, 0x1c,
    0x00, 0x42, 0xd4, 0x0a, 0x03, 0x01, 0x00, 0x02, 0x00, 0x13, 0xd6, 0x06, 0x1d, 0x16, 0x04, 0x12, 0x00, 0x13, 0xd6,
    0x06, 0x1f, 0x22, 0x04, 0x0c, 0x00, 0x13, 0xd6, 0x06, 0x21, 0x0e, 0x04, 0x0d, 0x0f, 0x0c, 0x4a, 0x18, 0x1a, 0x98,
    0x8b, 0x1c, 0x6a, 0xea, 0x8b, 0x39, 0x01, 0x87, 0xbf, 0x9e, 0xff, 0x88, 0xbf, 0x18, 0x6a, 0x98, 0x8c, 0x80, 0x14,
    0x84, 0x7c, 0x6a, 0x18, 0xea, 0x8c, 0x18, 0x00, 0x45, 0xd4, 0x06, 0x01, 0x01, 0x00, 0x05, 0x05, 0x04, 0x02, 0x03,
    0x19, 0x18, 0x02, 0x08, 0x25, 0x1a, 0x02, 0x10, 0x07, 0x06, 0x58, 0x00, 0x00, 0x00, 0x3e, 0x0e, 0x0b, 0x0a, 0x58,
    0x00, 0x00, 0x00, 0x3e, 0x0f, 0x11, 0x0c, 0x58, 0x00, 0x00, 0x00, 0x3e, 0x93, 0x01, 0x87, 0xbf, 0x03, 0x00, 0x01,
    0xd5, 0x03, 0x19, 0x62, 0x00, 0x02, 0x00, 0x01, 0xd5, 0x05, 0x05, 0x62, 0x00, 0x03, 0x00, 0x87, 0xbf, 0x1f, 0x00,
    0x01, 0xd5, 0x06, 0x1b, 0x62, 0x00, 0x04, 0x7e, 0xfe, 0x91, 0x05, 0x03, 0x04, 0x7e, 0x08, 0x03, 0x3e, 0x7e, 0x04,
    0x01, 0xfe, 0xbe, 0x80, 0x16, 0x9a, 0x7c, 0x04, 0x6a, 0xfe, 0x8b, 0x94, 0x00, 0xa5, 0xbf, 0xff, 0x16, 0x0c, 0x36,
    0x80, 0x00, 0x00, 0x00, 0x07, 0x00, 0x10, 0xd6, 0x0b, 0x09, 0x0d, 0x02, 0x88, 0x16, 0x10, 0x36, 0x93, 0x01, 0x87,
    0xbf, 0x80, 0x0c, 0x8a, 0x7c, 0x88, 0x0e, 0x0c, 0x02, 0xa3, 0x01, 0x87, 0xbf, 0x80, 0x10, 0x8a, 0x7c, 0x87, 0x16,
    0x10, 0x36, 0x00, 0x0d, 0x16, 0x4a, 0x0c, 0x00, 0x55, 0xd6, 0x06, 0x01, 0x06, 0x02, 0x06, 0x02, 0x1c, 0x26, 0x93,
    0x01, 0x87, 0xbf, 0x07, 0x16, 0x1a, 0x26, 0x07, 0x18, 0x18, 0x26, 0x88, 0x10, 0x14, 0x02, 0x81, 0x02, 0x16, 0x4a,
    0xa2, 0x01, 0x87, 0xbf, 0x81, 0x14, 0x1e, 0x4a, 0x00, 0x15, 0x20, 0x4c, 0x06, 0x16, 0x16, 0x22, 0x93, 0x01, 0x87,
    0xbf, 0x00, 0x1f, 0x1e, 0x4c, 0x07, 0x20, 0x20, 0x26, 0x02, 0x00, 0x87, 0xbf, 0x07, 0x1e, 0x22, 0x26, 0x04, 0x00,
    0x85, 0xbf, 0x85, 0x07, 0x00, 0xf0, 0x0b, 0x14, 0x02, 0x00, 0x04, 0x00, 0x00, 0x00, 0x85, 0x07, 0x00, 0xf0, 0x0e,
    0x18, 0x02, 0x00, 0x0d, 0x00, 0x00, 0x00, 0x85, 0x07, 0x00, 0xf0, 0x0e, 0x1c, 0x02, 0x00, 0x0c, 0x00, 0x00, 0x00,
    0x85, 0x07, 0x00, 0xf0, 0x0e, 0x0b, 0x02, 0x00, 0x10, 0x00, 0x00, 0x00, 0x85, 0x07, 0x00, 0xf0, 0x0e, 0x0e, 0x02,
    0x00, 0x11, 0x00, 0x00, 0x00, 0x0a, 0x00, 0x55, 0xd6, 0x0a, 0x0d, 0x06, 0x02, 0x06, 0x0d, 0x0c, 0x7e, 0x07, 0x11,
    0x0e, 0x4a, 0x53, 0x02, 0x87, 0xbf, 0x0a, 0x0d, 0x22, 0x7e, 0xf7, 0x0b, 0x89, 0xbf, 0x18, 0x39, 0x14, 0x08, 0x19,
    0x3b, 0x24, 0x08, 0x1a, 0x3d, 0x26, 0x08, 0x11, 0x55, 0x30, 0x7e, 0x93, 0x01, 0x87, 0xbf, 0x18, 0x01, 0x14, 0xd4,
    0x0a, 0xff, 0x01, 0x00, 0x00, 0x00, 0x80, 0x3d, 0x1a, 0x01, 0x14, 0xd4, 0x12, 0xff, 0x01, 0x00, 0x00, 0x00, 0x80,
    0x3d, 0x03, 0x00, 0x87, 0xbf, 0x1c, 0x01, 0x14, 0xd4, 0x13, 0xff, 0x01, 0x00, 0x00, 0x00, 0x80, 0x3d, 0xf7, 0x03,
    0x89, 0xbf, 0x0b, 0x1d, 0x16, 0x08, 0x0c, 0x1f, 0x18, 0x08, 0x0d, 0x21, 0x1a, 0x08, 0x11, 0x0d, 0x14, 0x08, 0x91,
    0x02, 0x87, 0xbf, 0xf3, 0x14, 0x1c, 0x06, 0x0a, 0x00, 0x13, 0xd6, 0x18, 0x15, 0xc6, 0x03, 0x18, 0x1a, 0xea, 0x8c,
    0x09, 0x00, 0x87, 0xbf, 0x1c, 0x6a, 0xea, 0x8c, 0x18, 0x01, 0x14, 0xd4, 0x0c, 0xff, 0x01, 0x00, 0x00, 0x00, 0x80,
    0x3d, 0x1c, 0x01, 0x14, 0xd4, 0x0b, 0xff, 0x01, 0x00, 0x00, 0x00, 0x80, 0x3d, 0x1a, 0x01, 0x14, 0xd4, 0x0d, 0xff,
    0x01, 0x00, 0x00, 0x00, 0x80, 0x3d, 0x12, 0x00, 0x01, 0xd5, 0x80, 0x82, 0xa9, 0x01, 0x0b, 0x00, 0x01, 0xd5, 0x80,
    0x02, 0xa9, 0x01, 0x0c, 0x00, 0x13, 0xd6, 0x18, 0x1d, 0xc6, 0x03, 0x02, 0x29, 0x1a, 0x0a, 0x03, 0x2d, 0x28, 0x0a,
    0x10, 0x00, 0x12, 0xd6, 0x81, 0x24, 0x0a, 0x02, 0xb4, 0x04, 0x87, 0xbf, 0x0c, 0x03, 0x03, 0xd5, 0x0a, 0x19, 0x02,
    0x18, 0x1f, 0x2b, 0x14, 0x0a, 0x1c, 0x18, 0xea, 0x8c, 0x9e, 0xff, 0x88, 0xbf, 0x1a, 0x6a, 0xea, 0x8c, 0x83, 0x04,
    0x87, 0xbf, 0x0b, 0x21, 0x16, 0x02, 0xf0, 0x22, 0x20, 0x10, 0x12, 0x01, 0x87, 0xbf, 0x18, 0x00, 0x42, 0xd4, 0x0b,
    0x05, 0x01, 0x00, 0x1a, 0x00, 0x16, 0xd4, 0x06, 0x21, 0x02, 0x00, 0x1c, 0x00, 0x42, 0xd4, 0x0b, 0x03, 0x01, 0x00,
    0x10, 0x0d, 0x2c, 0x7c, 0x10, 0x00, 0x13, 0xd6, 0x0c, 0x1b, 0x0a, 0x04, 0x06, 0x00, 0x13, 0xd6, 0x0c, 0x15, 0x7e,
    0x04, 0x0c, 0x00, 0x13, 0xd6, 0x0c, 0x29, 0x0e, 0x04, 0x18, 0x1a, 0x98, 0x8b, 0x1c, 0x6a, 0xea, 0x8b, 0xc9, 0x01,
    0x87, 0xbf, 0x9e, 0xff, 0x88, 0xbf, 0x18, 0x6a, 0x98, 0x8c, 0x83, 0x16, 0x84, 0x7c, 0x6a, 0x18, 0xea, 0x8c, 0x18,
    0x00, 0x45, 0xd4, 0x07, 0x01, 0x01, 0x00, 0x03, 0x19, 0x0e, 0x02, 0x14, 0x07, 0x18, 0x58, 0x00, 0x00, 0x00, 0x3e,
    0x02, 0x21, 0x10, 0x02, 0x0d, 0x05, 0x04, 0x58, 0x00, 0x00, 0x00, 0x3e, 0x1f, 0x0d, 0x1a, 0x02, 0x0a, 0x3f, 0x06,
    0x58, 0x00, 0x00, 0x00, 0x3e, 0x05, 0x00, 0x01, 0xd5, 0x0c, 0x0f, 0x62, 0x00, 0xa2, 0x01, 0x87, 0xbf, 0x1f, 0x00,
    0x01, 0xd5, 0x03, 0x1b, 0x62, 0x00, 0x02, 0x00, 0x01, 0xd5, 0x02, 0x11, 0x62, 0x00, 0x05, 0x03, 0x06, 0x7e, 0x04,
    0x01, 0xfe, 0xbe, 0xc1, 0x02, 0x0c, 0x4a, 0x01, 0x00, 0x87, 0xbf, 0x07, 0x00, 0x64, 0xd6, 0x06, 0x01, 0x19, 0x00,
    0x85, 0x02, 0x00, 0xf0, 0x07, 0x08, 0x04, 0x00, 0x04, 0x00, 0x00, 0x00, 0xf7, 0x03, 0x89, 0xbf, 0x80, 0x10, 0x9a,
    0x7c, 0x04, 0x6a, 0xfe, 0x8b, 0x93, 0x00, 0xa5, 0xbf, 0xff, 0x10, 0x14, 0x36, 0x80, 0x00, 0x00, 0x00, 0x0b, 0x00,
    0x10, 0xd6, 0x08, 0x09, 0x0d, 0x02, 0x88, 0x10, 0x18, 0x36, 0x93, 0x01, 0x87, 0xbf, 0x80, 0x14, 0x8a, 0x7c, 0x88,
    0x16, 0x14, 0x02, 0x87, 0x10, 0x10, 0x36, 0x94, 0x01, 0x87, 0xbf, 0x80, 0x18, 0x8a, 0x7c, 0x0e, 0x00, 0x55, 0xd6,
    0x0a, 0x01, 0x06, 0x02, 0xa3, 0x01, 0x87, 0xbf, 0x88, 0x10, 0x18, 0x02, 0x00, 0x15, 0x1a, 0x4a, 0x07, 0x1c, 0x20,
    0x26, 0x23, 0x02, 0x87, 0xbf, 0x81, 0x18, 0x1c, 0x4a, 0x06, 0x0c, 0x0c, 0x26, 0x07, 0x1a, 0x1a, 0x26, 0x00, 0x19,
    0x1e, 0x4c, 0x14, 0x01, 0x87, 0xbf, 0x00, 0x1d, 0x1c, 0x4c, 0x07, 0x1e, 0x22, 0x26, 0x02, 0x00, 0x87, 0xbf, 0x07,
    0x1c, 0x28, 0x26, 0x04, 0x00, 0x85, 0xbf, 0x85, 0x07, 0x00, 0xf0, 0x07, 0x15, 0x02, 0x00, 0x04, 0x00, 0x00, 0x00,
    0x85, 0x07, 0x00, 0xf0, 0x06, 0x0d, 0x02, 0x00, 0x0d, 0x00, 0x00, 0x00, 0x85, 0x07, 0x00, 0xf0, 0x06, 0x18, 0x02,
    0x00, 0x10, 0x00, 0x00, 0x00, 0x85, 0x07, 0x00, 0xf0, 0x06, 0x1b, 0x02, 0x00, 0x11, 0x00, 0x00, 0x00, 0x85, 0x07,
    0x00, 0xf0, 0x06, 0x12, 0x02, 0x00, 0x14, 0x00, 0x00, 0x00, 0x04, 0x00, 0x55, 0xd6, 0x0a, 0x19, 0x06, 0x02, 0x0a,
    0x0d, 0x14, 0x7e, 0x02, 0x00, 0x87, 0xbf, 0x04, 0x0d, 0x08, 0x7e, 0xf7, 0x0b, 0x89, 0xbf, 0x0d, 0x31, 0x0c, 0x08,
    0x0e, 0x33, 0x0e, 0x08, 0x0f, 0x35, 0x18, 0x08, 0xf7, 0x03, 0x89, 0xbf, 0x1b, 0x25, 0x1a, 0x08, 0x14, 0x02, 0x87,
    0xbf, 0x06, 0x01, 0x14, 0xd4, 0x06, 0xff, 0x01, 0x00, 0x00, 0x00, 0x80, 0x3d, 0x08, 0x01, 0x14, 0xd4, 0x07, 0xff,
    0x01, 0x00, 0x00, 0x00, 0x80, 0x3d, 0x04, 0x00, 0x87, 0xbf, 0x0a, 0x01, 0x14, 0xd4, 0x0c, 0xff, 0x01, 0x00, 0x00,
    0x00, 0x80, 0x3d, 0x1c, 0x27, 0x1c, 0x08, 0x1d, 0x29, 0x1e, 0x08, 0x04, 0x55, 0x18, 0x7e, 0x04, 0x15, 0x0c, 0x08,
    0xf0, 0x08, 0x08, 0x10, 0xa2, 0x04, 0x87, 0xbf, 0xf3, 0x0c, 0x24, 0x06, 0x06, 0x08, 0xea, 0x8c, 0x0a, 0x6a, 0xea,
    0x8c, 0x06, 0x01, 0x14, 0xd4, 0x0e, 0xff, 0x01, 0x00, 0x00, 0x00, 0x80, 0x3d, 0x0a, 0x01, 0x14, 0xd4, 0x0d, 0xff,
    0x01, 0x00, 0x00, 0x00, 0x80, 0x3d, 0x08, 0x01, 0x14, 0xd4, 0x0f, 0xff, 0x01, 0x00, 0x00, 0x00, 0x80, 0x3d, 0x07,
    0x00, 0x01, 0xd5, 0x80, 0x82, 0xa9, 0x01, 0x35, 0x02, 0x87, 0xbf, 0x11, 0x00, 0x13, 0xd6, 0x0c, 0x25, 0xc6, 0x03,
    0x06, 0x00, 0x13, 0xd6, 0x0c, 0x0d, 0xc6, 0x03, 0x02, 0x2b, 0x1a, 0x0a, 0x10, 0x00, 0x12, 0xd6, 0x81, 0x0e, 0x0a,
    0x02, 0x07, 0x00, 0x01, 0xd5, 0x80, 0x02, 0xa9, 0x01, 0xc4, 0x04, 0x87, 0xbf, 0x0c, 0x03, 0x03, 0xd5, 0x06, 0x23,
    0x02, 0x18, 0x1f, 0x2d, 0x0c, 0x0a, 0x03, 0x2f, 0x22, 0x0a, 0x0a, 0x06, 0xea, 0x8c, 0x9e, 0xff, 0x88, 0xbf, 0x08,
    0x6a, 0xea, 0x8c, 0x84, 0x04, 0x87, 0xbf, 0x07, 0x21, 0x0e, 0x02, 0x08, 0x00, 0x16, 0xd4, 0x04, 0x15, 0x02, 0x00,
    0x0a, 0x09, 0x2c, 0x7c, 0x03, 0x00, 0x87, 0xbf, 0x06, 0x00, 0x42, 0xd4, 0x07, 0x05, 0x01, 0x00, 0x0a, 0x00, 0x42,
    0xd4, 0x07, 0x03, 0x01, 0x00, 0x04, 0x00, 0x13, 0xd6, 0x0c, 0x1b, 0x0a, 0x04, 0x0a, 0x00, 0x13, 0xd6, 0x0c, 0x0d,
    0x7e, 0x04, 0x0c, 0x00, 0x13, 0xd6, 0x0c, 0x23, 0x0e, 0x04, 0x06, 0x08, 0x86, 0x8b, 0x0a, 0x6a, 0xea, 0x8b, 0x59,
    0x01, 0x87, 0xbf, 0x9e, 0xff, 0x88, 0xbf, 0x06, 0x6a, 0x86, 0x8c, 0x80, 0x0e, 0x84, 0x7c, 0x0b, 0x11, 0x0e, 0x4a,
    0x11, 0x07, 0x10, 0x58, 0x00, 0x00, 0x00, 0x3e, 0x6a, 0x06, 0xea, 0x8c, 0x06, 0x00, 0x45, 0xd4, 0x07, 0x01, 0x01,
    0x00, 0x03, 0x19, 0x0e, 0x02, 0x1f, 0x15, 0x18, 0x02, 0x06, 0x3f, 0x06, 0x58, 0x00, 0x00, 0x00, 0x3e, 0x02, 0x09,
    0x08, 0x02, 0x0d, 0x05, 0x04, 0x58, 0x00, 0x00, 0x00, 0x3e, 0x05, 0x00, 0x01, 0xd5, 0x08, 0x0f, 0x1a, 0x00, 0x94,
    0x01, 0x87, 0xbf, 0x1f, 0x00, 0x01, 0xd5, 0x03, 0x19, 0x1a, 0x00, 0x02, 0x00, 0x01, 0xd5, 0x02, 0x09, 0x1a, 0x00,
    0x03, 0x00, 0x87, 0xbf, 0x05, 0x03, 0x06, 0x7e, 0x04, 0x01, 0xfe, 0xbe, 0x00, 0x01, 0x0c, 0xf4, 0x00, 0x00, 0x00,
    0xf8, 0x03, 0x03, 0x08, 0x7e, 0x09, 0x03, 0x0a, 0x7e, 0x1f, 0x03, 0x06, 0x7e, 0x07, 0xfc, 0x89, 0xbf, 0x85, 0x4f,
    0x18, 0xf0, 0x01, 0x02, 0x01, 0x00, 0x00, 0x00, 0x00, 0x00, 0x00, 0x00, 0x80, 0xbf, 0x03, 0x00, 0xb6, 0xbf, 0x00,
    0x00, 0xb0, 0xbf, 0x00, 0x00, 0x9f, 0xbf, 0x00, 0x00, 0x9f, 0xbf, 0x00, 0x00, 0x9f, 0xbf, 0x00, 0x00, 0x9f, 0xbf,
    0x00, 0x00, 0x9f, 0xbf, 0x00, 0x00, 0x9f, 0xbf, 0x00, 0x00, 0x9f, 0xbf, 0x00, 0x00, 0x9f, 0xbf, 0x00, 0x00, 0x9f,
    0xbf, 0x00, 0x00, 0x9f, 0xbf, 0x00, 0x00, 0x9f, 0xbf, 0x00, 0x00, 0x9f, 0xbf, 0x00, 0x00, 0x9f, 0xbf, 0x00, 0x00,
    0x9f, 0xbf, 0x00, 0x00, 0x9f, 0xbf, 0x00, 0x00, 0x9f, 0xbf, 0x00, 0x00, 0x9f, 0xbf, 0x00, 0x00, 0x9f, 0xbf, 0x00,
    0x00, 0x9f, 0xbf, 0x00, 0x00, 0x9f, 0xbf, 0x00, 0x00, 0x9f, 0xbf, 0x00, 0x00, 0x9f, 0xbf, 0x00, 0x00, 0x9f, 0xbf,
    0x00, 0x00, 0x9f, 0xbf, 0x00, 0x00, 0x9f, 0xbf, 0x00, 0x00, 0x9f, 0xbf, 0x00, 0x00, 0x9f, 0xbf, 0x00, 0x00, 0x9f,
    0xbf, 0x00, 0x00, 0x9f, 0xbf, 0x00, 0x00, 0x9f, 0xbf, 0x00, 0x00, 0x9f, 0xbf, 0x00, 0x00, 0x9f, 0xbf, 0x00, 0x00,
    0x9f, 0xbf, 0x00, 0x00, 0x9f, 0xbf, 0x00, 0x00, 0x9f, 0xbf, 0x00, 0x00, 0x9f, 0xbf, 0x00, 0x00, 0x9f, 0xbf, 0x00,
    0x00, 0x9f, 0xbf, 0x00, 0x00, 0x9f, 0xbf, 0x00, 0x00, 0x9f, 0xbf, 0x00, 0x00, 0x9f, 0xbf, 0x00, 0x00, 0x9f, 0xbf,
    0x00, 0x00, 0x9f, 0xbf, 0x00, 0x00, 0x9f, 0xbf, 0x00, 0x00, 0x9f, 0xbf, 0x00, 0x00, 0x9f, 0xbf, 0x00, 0x00, 0x9f,
    0xbf, 0x00, 0x00, 0x9f, 0xbf, 0x00, 0x00, 0x9f, 0xbf, 0x00, 0x00, 0x9f, 0xbf, 0x00, 0x00, 0x9f, 0xbf, 0x00, 0x00,
    0x9f, 0xbf, 0x00, 0x00, 0x9f, 0xbf, 0x00, 0x00, 0x9f, 0xbf, 0x00, 0x00, 0x9f, 0xbf, 0x00, 0x00, 0x9f, 0xbf, 0x00,
    0x00, 0x9f, 0xbf, 0x00, 0x00, 0x9f, 0xbf, 0x00, 0x00, 0x9f, 0xbf, 0x00, 0x00, 0x9f, 0xbf, 0x00, 0x00, 0x9f, 0xbf,
    0x00, 0x00, 0x9f, 0xbf, 0x00, 0x00, 0x9f, 0xbf, 0x00, 0x00, 0x9f, 0xbf, 0x00, 0x00, 0x00, 0x00, 0x00, 0x00, 0x10,
    0x00, 0x00, 0x00, 0x00, 0x00, 0xac, 0xdf, 0x03, 0x10, 0x47, 0x65, 0x6e, 0x65, 0x72, 0x61, 0x74, 0x65, 0x64, 0x20,
    0x62, 0x79, 0x20, 0x74, 0x68, 0x65, 0x20, 0x41, 0x64, 0x76, 0x61, 0x6e, 0x63, 0x65, 0x64, 0x20, 0x4d, 0x69, 0x63,
    0x72, 0x6f, 0x20, 0x44, 0x65, 0x76, 0x69, 0x63, 0x65, 0x73, 0x2c, 0x20, 0x49, 0x6e, 0x63, 0x2e, 0x2c, 0x20, 0x50,
    0x72, 0x6f, 0x70, 0x72, 0x69, 0x65, 0x74, 0x61, 0x72, 0x79, 0x20, 0x47, 0x50, 0x55, 0x20, 0x53, 0x68, 0x61, 0x64,
    0x65, 0x72, 0x20, 0x43, 0x6f, 0x6d, 0x70, 0x69, 0x6c, 0x65, 0x72, 0x2e, 0x00, 0x00, 0x5f, 0x61, 0x6d, 0x64, 0x67,
    0x70, 0x75, 0x5f, 0x63, 0x73, 0x5f, 0x6d, 0x61, 0x69, 0x6e, 0x00, 0x5f, 0x61, 0x6d, 0x64, 0x67, 0x70, 0x75, 0x5f,
    0x63, 0x73, 0x5f, 0x73, 0x68, 0x64, 0x72, 0x5f, 0x69, 0x6e, 0x74, 0x72, 0x6c, 0x5f, 0x74, 0x62, 0x6c, 0x00, 0x00,
    0x00, 0x00, 0x00, 0x00, 0x00, 0x00, 0x00, 0x00, 0x00, 0x00, 0x00, 0x00, 0x00, 0x00, 0x00, 0x00, 0x00, 0x00, 0x00,
    0x00, 0x00, 0x00, 0x00, 0x01, 0x00, 0x00, 0x00, 0x12, 0x00, 0x02, 0x00, 0x00, 0x00, 0x00, 0x00, 0x00, 0x00, 0x00,
    0x00, 0x9c, 0x0b, 0x00, 0x00, 0x00, 0x00, 0x00, 0x00, 0x11, 0x00, 0x00, 0x00, 0x11, 0x00, 0x03, 0x00, 0x00, 0x00,
    0x00, 0x00, 0x00, 0x00, 0x00, 0x00, 0x10, 0x00, 0x00, 0x00, 0x00, 0x00, 0x00, 0x00, 0x07, 0x00, 0x00, 0x00, 0xff,
    0x03, 0x00, 0x00, 0x20, 0x00, 0x00, 0x00, 0x41, 0x4d, 0x44, 0x47, 0x50, 0x55, 0x00, 0x00, 0x82, 0xae, 0x61, 0x6d,
    0x64, 0x70, 0x61, 0x6c, 0x2e, 0x76, 0x65, 0x72, 0x73, 0x69, 0x6f, 0x6e, 0x92, 0x03, 0x06, 0xb0, 0x61, 0x6d, 0x64,
    0x70, 0x61, 0x6c, 0x2e, 0x70, 0x69, 0x70, 0x65, 0x6c, 0x69, 0x6e, 0x65, 0x73, 0x91, 0x8b, 0xa5, 0x2e, 0x74, 0x79,
    0x70, 0x65, 0xa2, 0x43, 0x73, 0xae, 0x2e, 0x72, 0x65, 0x73, 0x6f, 0x75, 0x72, 0x63, 0x65, 0x5f, 0x68, 0x61, 0x73,
    0x68, 0xcf, 0x72, 0xca, 0x76, 0xf7, 0x66, 0xe5, 0xac, 0x79, 0xb0, 0x2e, 0x73, 0x70, 0x69, 0x6c, 0x6c, 0x5f, 0x74,
    0x68, 0x72, 0x65, 0x73, 0x68, 0x6f, 0x6c, 0x64, 0xcd, 0xff, 0xff, 0xb0, 0x2e, 0x75, 0x73, 0x65, 0x72, 0x5f, 0x64,
    0x61, 0x74, 0x61, 0x5f, 0x6c, 0x69, 0x6d, 0x69, 0x74, 0x01, 0xa8, 0x2e, 0x73, 0x68, 0x61, 0x64, 0x65, 0x72, 0x73,
    0x81, 0xa8, 0x2e, 0x63, 0x6f, 0x6d, 0x70, 0x75, 0x74, 0x65, 0x83, 0xb0, 0x2e, 0x61, 0x70, 0x69, 0x5f, 0x73, 0x68,
    0x61, 0x64, 0x65, 0x72, 0x5f, 0x68, 0x61, 0x73, 0x68, 0x92, 0xcf, 0x08, 0xc5, 0xab, 0x4a, 0x96, 0xa2, 0x76, 0x23,
    0xcf, 0x6f, 0x86, 0xd9, 0xda, 0xcb, 0x99, 0xb6, 0x93, 0xb1, 0x2e, 0x68, 0x61, 0x72, 0x64, 0x77, 0x61, 0x72, 0x65,
    0x5f, 0x6d, 0x61, 0x70, 0x70, 0x69, 0x6e, 0x67, 0x91, 0xa3, 0x2e, 0x63, 0x73, 0xaf, 0x2e, 0x73, 0x68, 0x61, 0x64,
    0x65, 0x72, 0x5f, 0x73, 0x75, 0x62, 0x74, 0x79, 0x70, 0x65, 0xa7, 0x55, 0x6e, 0x6b, 0x6e, 0x6f, 0x77, 0x6e, 0xb0,
    0x2e, 0x68, 0x61, 0x72, 0x64, 0x77, 0x61, 0x72, 0x65, 0x5f, 0x73, 0x74, 0x61, 0x67, 0x65, 0x73, 0x81, 0xa3, 0x2e,
    0x63, 0x73, 0xde, 0x00, 0x1a, 0xb3, 0x2e, 0x65, 0x6e, 0x74, 0x72, 0x79, 0x5f, 0x70, 0x6f, 0x69, 0x6e, 0x74, 0x5f,
    0x73, 0x79, 0x6d, 0x62, 0x6f, 0x6c, 0xaf, 0x5f, 0x61, 0x6d, 0x64, 0x67, 0x70, 0x75, 0x5f, 0x63, 0x73, 0x5f, 0x6d,
    0x61, 0x69, 0x6e, 0xab, 0x2e, 0x73, 0x67, 0x70, 0x72, 0x5f, 0x63, 0x6f, 0x75, 0x6e, 0x74, 0x1e, 0xab, 0x2e, 0x76,
    0x67, 0x70, 0x72, 0x5f, 0x63, 0x6f, 0x75, 0x6e, 0x74, 0x20, 0xa9, 0x2e, 0x6c, 0x64, 0x73, 0x5f, 0x73, 0x69, 0x7a,
    0x65, 0x00, 0xb4, 0x2e, 0x73, 0x63, 0x72, 0x61, 0x74, 0x63, 0x68, 0x5f, 0x6d, 0x65, 0x6d, 0x6f, 0x72, 0x79, 0x5f,
    0x73, 0x69, 0x7a, 0x65, 0x00, 0xb4, 0x2e, 0x66, 0x72, 0x6f, 0x6e, 0x74, 0x65, 0x6e, 0x64, 0x5f, 0x73, 0x74, 0x61,
    0x63, 0x6b, 0x5f, 0x73, 0x69, 0x7a, 0x65, 0x00, 0xb3, 0x2e, 0x62, 0x61, 0x63, 0x6b, 0x65, 0x6e, 0x64, 0x5f, 0x73,
    0x74, 0x61, 0x63, 0x6b, 0x5f, 0x73, 0x69, 0x7a, 0x65, 0x00, 0xb6, 0x2e, 0x70, 0x65, 0x72, 0x66, 0x5f, 0x64, 0x61,
    0x74, 0x61, 0x5f, 0x62, 0x75, 0x66, 0x66, 0x65, 0x72, 0x5f, 0x73, 0x69, 0x7a, 0x65, 0x00, 0xaa, 0x2e, 0x75, 0x73,
    0x65, 0x73, 0x5f, 0x75, 0x61, 0x76, 0x73, 0xc3, 0xac, 0x2e, 0x77, 0x72, 0x69, 0x74, 0x65, 0x73, 0x5f, 0x75, 0x61,
    0x76, 0x73, 0xc3, 0xb4, 0x2e, 0x75, 0x73, 0x65, 0x73, 0x5f, 0x61, 0x70, 0x70, 0x65, 0x6e, 0x64, 0x5f, 0x63, 0x6f,
    0x6e, 0x73, 0x75, 0x6d, 0x65, 0xc2, 0xaf, 0x2e, 0x77, 0x61, 0x76, 0x65, 0x66, 0x72, 0x6f, 0x6e, 0x74, 0x5f, 0x73,
    0x69, 0x7a, 0x65, 0x40, 0xb2, 0x2e, 0x75, 0x73, 0x65, 0x72, 0x5f, 0x64, 0x61, 0x74, 0x61, 0x5f, 0x72, 0x65, 0x67,
    0x5f, 0x6d, 0x61, 0x70, 0xdc, 0x00, 0x20, 0xce, 0xff, 0xff, 0xff, 0xff, 0xce, 0xff, 0xff, 0xff, 0xff, 0x00, 0xce,
    0xff, 0xff, 0xff, 0xff, 0xce, 0xff, 0xff, 0xff, 0xff, 0xce, 0xff, 0xff, 0xff, 0xff, 0xce, 0xff, 0xff, 0xff, 0xff,
    0xce, 0xff, 0xff, 0xff, 0xff, 0xce, 0xff, 0xff, 0xff, 0xff, 0xce, 0xff, 0xff, 0xff, 0xff, 0xce, 0xff, 0xff, 0xff,
    0xff, 0xce, 0xff, 0xff, 0xff, 0xff, 0xce, 0xff, 0xff, 0xff, 0xff, 0xce, 0xff, 0xff, 0xff, 0xff, 0xce, 0xff, 0xff,
    0xff, 0xff, 0xce, 0xff, 0xff, 0xff, 0xff, 0xce, 0xff, 0xff, 0xff, 0xff, 0xce, 0xff, 0xff, 0xff, 0xff, 0xce, 0xff,
    0xff, 0xff, 0xff, 0xce, 0xff, 0xff, 0xff, 0xff, 0xce, 0xff, 0xff, 0xff, 0xff, 0xce, 0xff, 0xff, 0xff, 0xff, 0xce,
    0xff, 0xff, 0xff, 0xff, 0xce, 0xff, 0xff, 0xff, 0xff, 0xce, 0xff, 0xff, 0xff, 0xff, 0xce, 0xff, 0xff, 0xff, 0xff,
    0xce, 0xff, 0xff, 0xff, 0xff, 0xce, 0xff, 0xff, 0xff, 0xff, 0xce, 0xff, 0xff, 0xff, 0xff, 0xce, 0xff, 0xff, 0xff,
    0xff, 0xce, 0xff, 0xff, 0xff, 0xff, 0xce, 0xff, 0xff, 0xff, 0xff, 0xb7, 0x2e, 0x74, 0x68, 0x72, 0x65, 0x61, 0x64,
    0x67, 0x72, 0x6f, 0x75, 0x70, 0x5f, 0x64, 0x69, 0x6d, 0x65, 0x6e, 0x73, 0x69, 0x6f, 0x6e, 0x73, 0x93, 0x08, 0x08,
    0x01, 0xab, 0x2e, 0x66, 0x6c, 0x6f, 0x61, 0x74, 0x5f, 0x6d, 0x6f, 0x64, 0x65, 0xcc, 0xc0, 0xae, 0x2e, 0x66, 0x70,
    0x31, 0x36, 0x5f, 0x6f, 0x76, 0x65, 0x72, 0x66, 0x6c, 0x6f, 0x77, 0xc2, 0xaa, 0x2e, 0x69, 0x65, 0x65, 0x65, 0x5f,
    0x6d, 0x6f, 0x64, 0x65, 0xc2, 0xa9, 0x2e, 0x77, 0x67, 0x70, 0x5f, 0x6d, 0x6f, 0x64, 0x65, 0xc2, 0xac, 0x2e, 0x6d,
    0x65, 0x6d, 0x5f, 0x6f, 0x72, 0x64, 0x65, 0x72, 0x65, 0x64, 0xc2, 0xb1, 0x2e, 0x66, 0x6f, 0x72, 0x77, 0x61, 0x72,
    0x64, 0x5f, 0x70, 0x72, 0x6f, 0x67, 0x72, 0x65, 0x73, 0x73, 0xc2, 0xab, 0x2e, 0x75, 0x73, 0x65, 0x72, 0x5f, 0x73,
    0x67, 0x70, 0x72, 0x73, 0x03, 0xa8, 0x2e, 0x65, 0x78, 0x63, 0x70, 0x5f, 0x65, 0x6e, 0x00, 0xab, 0x2e, 0x73, 0x63,
    0x72, 0x61, 0x74, 0x63, 0x68, 0x5f, 0x65, 0x6e, 0xc2, 0xad, 0x2e, 0x74, 0x72, 0x61, 0x70, 0x5f, 0x70, 0x72, 0x65,
    0x73, 0x65, 0x6e, 0x74, 0xc2, 0xb0, 0x2e, 0x73, 0x68, 0x61, 0x72, 0x65, 0x64, 0x5f, 0x76, 0x67, 0x70, 0x72, 0x5f,
    0x63, 0x6e, 0x74, 0x00, 0xad, 0x2e, 0x77, 0x61, 0x76, 0x65, 0x73, 0x5f, 0x70, 0x65, 0x72, 0x5f, 0x73, 0x65, 0x00,
    0xaa, 0x2e, 0x72, 0x65, 0x67, 0x69, 0x73, 0x74, 0x65, 0x72, 0x73, 0x81, 0xcd, 0x2e, 0x42, 0x00, 0xa5, 0x2e, 0x6e,
    0x61, 0x6d, 0x65, 0xb2, 0x4d, 0x6c, 0x61, 0x61, 0x46, 0x69, 0x6e, 0x61, 0x6c, 0x42, 0x6c, 0x65, 0x6e, 0x64, 0x46,
    0x61, 0x73, 0x74, 0xb7, 0x2e, 0x69, 0x6e, 0x74, 0x65, 0x72, 0x6e, 0x61, 0x6c, 0x5f, 0x70, 0x69, 0x70, 0x65, 0x6c,
    0x69, 0x6e, 0x65, 0x5f, 0x68, 0x61, 0x73, 0x68, 0x92, 0xcf, 0x70, 0x98, 0xee, 0x9f, 0x80, 0x13, 0x4b, 0x84, 0xcf,
    0x5c, 0xc3, 0x19, 0x57, 0x72, 0x06, 0x54, 0x35, 0xb2, 0x2e, 0x63, 0x6f, 0x6d, 0x70, 0x75, 0x74, 0x65, 0x5f, 0x72,
    0x65, 0x67, 0x69, 0x73, 0x74, 0x65, 0x72, 0x73, 0x85, 0xaf, 0x2e, 0x74, 0x69, 0x64, 0x69, 0x67, 0x5f, 0x63, 0x6f,
    0x6d, 0x70, 0x5f, 0x63, 0x6e, 0x74, 0x01, 0xaa, 0x2e, 0x74, 0x67, 0x69, 0x64, 0x5f, 0x78, 0x5f, 0x65, 0x6e, 0xc3,
    0xaa, 0x2e, 0x74, 0x67, 0x69, 0x64, 0x5f, 0x79, 0x5f, 0x65, 0x6e, 0xc3, 0xaa, 0x2e, 0x74, 0x67, 0x69, 0x64, 0x5f,
    0x7a, 0x5f, 0x65, 0x6e, 0xc2, 0xab, 0x2e, 0x74, 0x67, 0x5f, 0x73, 0x69, 0x7a, 0x65, 0x5f, 0x65, 0x6e, 0xc2, 0xa4,
    0x2e, 0x61, 0x70, 0x69, 0xa7, 0x73, 0x63, 0x70, 0x63, 0x42, 0x6c, 0x64, 0x00, 0x00, 0x00, 0x00, 0x00, 0x00, 0x00,
    0x00, 0x00, 0x00, 0x00, 0x00, 0x00, 0x00, 0x00, 0x00, 0x00, 0x00, 0x00, 0x00, 0x00, 0x00, 0x00, 0x00, 0x00, 0x00,
    0x00, 0x00, 0x00, 0x00, 0x00, 0x00, 0x00, 0x00, 0x00, 0x00, 0x00, 0x00, 0x00, 0x00, 0x00, 0x00, 0x00, 0x00, 0x00,
    0x00, 0x00, 0x00, 0x00, 0x00, 0x00, 0x00, 0x00, 0x00, 0x00, 0x00, 0x00, 0x00, 0x00, 0x00, 0x00, 0x00, 0x00, 0x00,
    0x00, 0x00, 0x00, 0x00, 0x01, 0x00, 0x00, 0x00, 0x03, 0x00, 0x00, 0x00, 0x00, 0x00, 0x00, 0x00, 0x00, 0x00, 0x00,
    0x00, 0x00, 0x00, 0x00, 0x00, 0x00, 0x00, 0x00, 0x00, 0x40, 0x00, 0x00, 0x00, 0x00, 0x00, 0x00, 0x00, 0x36, 0x00,
    0x00, 0x00, 0x00, 0x00, 0x00, 0x00, 0x00, 0x00, 0x00, 0x00, 0x00, 0x00, 0x00, 0x00, 0x00, 0x00, 0x00, 0x00, 0x00,
    0x00, 0x00, 0x00, 0x00, 0x00, 0x00, 0x00, 0x00, 0x00, 0x00, 0x00, 0x0b, 0x00, 0x00, 0x00, 0x01, 0x00, 0x00, 0x00,
    0x06, 0x00, 0x00, 0x00, 0x00, 0x00, 0x00, 0x00, 0x00, 0x00, 0x00, 0x00, 0x00, 0x00, 0x00, 0x00, 0x76, 0x00, 0x00,
    0x00, 0x00, 0x00, 0x00, 0x00, 0x9c, 0x0b, 0x00, 0x00, 0x00, 0x00, 0x00, 0x00, 0x00, 0x00, 0x00, 0x00, 0x00, 0x00,
    0x00, 0x00, 0x00, 0x01, 0x00, 0x00, 0x00, 0x00, 0x00, 0x00, 0x00, 0x00, 0x00, 0x00, 0x00, 0x00, 0x00, 0x00, 0x11,
    0x00, 0x00, 0x00, 0x01, 0x00, 0x00, 0x00, 0x03, 0x00, 0x00, 0x00, 0x00, 0x00, 0x00, 0x00, 0x00, 0x00, 0x00, 0x00,
    0x00, 0x00, 0x00, 0x00, 0x12, 0x0c, 0x00, 0x00, 0x00, 0x00, 0x00, 0x00, 0x10, 0x00, 0x00, 0x00, 0x00, 0x00, 0x00,
    0x00, 0x00, 0x00, 0x00, 0x00, 0x00, 0x00, 0x00, 0x00, 0x20, 0x00, 0x00, 0x00, 0x00, 0x00, 0x00, 0x00, 0x00, 0x00,
    0x00, 0x00, 0x00, 0x00, 0x00, 0x00, 0x17, 0x00, 0x00, 0x00, 0x01, 0x00, 0x00, 0x00, 0x00, 0x00, 0x00, 0x00, 0x00,
    0x00, 0x00, 0x00, 0x00, 0x00, 0x00, 0x00, 0x00, 0x00, 0x00, 0x00, 0x22, 0x0c, 0x00, 0x00, 0x00, 0x00, 0x00, 0x00,
    0x50, 0x00, 0x00, 0x00, 0x00, 0x00, 0x00, 0x00, 0x00, 0x00, 0x00, 0x00, 0x00, 0x00, 0x00, 0x00, 0x00, 0x00, 0x00,
    0x00, 0x00, 0x00, 0x00, 0x00, 0x00, 0x00, 0x00, 0x00, 0x00, 0x00, 0x00, 0x00, 0x20, 0x00, 0x00, 0x00, 0x03, 0x00,
    0x00, 0x00, 0x00, 0x00, 0x00, 0x00, 0x00, 0x00, 0x00, 0x00, 0x00, 0x00, 0x00, 0x00, 0x00, 0x00, 0x00, 0x00, 0x72,
    0x0c, 0x00, 0x00, 0x00, 0x00, 0x00, 0x00, 0x2b, 0x00, 0x00, 0x00, 0x00, 0x00, 0x00, 0x00, 0x00, 0x00, 0x00, 0x00,
    0x00, 0x00, 0x00, 0x00, 0x00, 0x00, 0x00, 0x00, 0x00, 0x00, 0x00, 0x00, 0x00, 0x00, 0x00, 0x00, 0x00, 0x00, 0x00,
    0x00, 0x28, 0x00, 0x00, 0x00, 0x02, 0x00, 0x00, 0x00, 0x00, 0x00, 0x00, 0x00, 0x00, 0x00, 0x00, 0x00, 0x00, 0x00,
    0x00, 0x00, 0x00, 0x00, 0x00, 0x00, 0x9d, 0x0c, 0x00, 0x00, 0x00, 0x00, 0x00, 0x00, 0x48, 0x00, 0x00, 0x00, 0x00,
    0x00, 0x00, 0x00, 0x05, 0x00, 0x00, 0x00, 0x00, 0x00, 0x00, 0x00, 0x00, 0x00, 0x00, 0x00, 0x00, 0x00, 0x00, 0x00,
    0x18, 0x00, 0x00, 0x00, 0x00, 0x00, 0x00, 0x00, 0x30, 0x00, 0x00, 0x00, 0x07, 0x00, 0x00, 0x00, 0x00, 0x00, 0x00,
    0x00, 0x00, 0x00, 0x00, 0x00, 0x00, 0x00, 0x00, 0x00, 0x00, 0x00, 0x00, 0x00, 0xe5, 0x0c, 0x00, 0x00, 0x00, 0x00,
    0x00, 0x00, 0x14, 0x04, 0x00, 0x00, 0x00, 0x00, 0x00, 0x00, 0x00, 0x00, 0x00, 0x00, 0x00, 0x00, 0x00, 0x00, 0x00,
    0x00, 0x00, 0x00, 0x00, 0x00, 0x00, 0x00, 0x00, 0x00, 0x00, 0x00, 0x00, 0x00, 0x00, 0x00,
};

// Mlaa Find Sep Edge compute shader binary
inline constexpr Util::uint8 MlaaFindSepEdge_Cs_519251A5[] =
{
    0x7f, 0x45, 0x4c, 0x46, 0x02, 0x01, 0x01, 0x41, 0x00, 0x00, 0x00, 0x00, 0x00, 0x00, 0x00, 0x00, 0x01, 0x00, 0xe0,
    0x00, 0x01, 0x00, 0x00, 0x00, 0x00, 0x00, 0x00, 0x00, 0x00, 0x00, 0x00, 0x00, 0x00, 0x00, 0x00, 0x00, 0x00, 0x00,
    0x00, 0x00, 0xf4, 0x07, 0x00, 0x00, 0x00, 0x00, 0x00, 0x00, 0x44, 0x05, 0x00, 0x00, 0x40, 0x00, 0x00, 0x00, 0x00,
    0x00, 0x40, 0x00, 0x08, 0x00, 0x01, 0x00, 0x00, 0x2e, 0x73, 0x68, 0x73, 0x74, 0x72, 0x74, 0x61, 0x62, 0x00, 0x2e,
    0x74, 0x65, 0x78, 0x74, 0x00, 0x2e, 0x64, 0x61, 0x74, 0x61, 0x00, 0x2e, 0x63, 0x6f, 0x6d, 0x6d, 0x65, 0x6e, 0x74,
    0x00, 0x2e, 0x73, 0x74, 0x72, 0x74, 0x61, 0x62, 0x00, 0x2e, 0x73, 0x79, 0x6d, 0x74, 0x61, 0x62, 0x00, 0x2e, 0x6e,
    0x6f, 0x74, 0x65, 0x00, 0x06, 0x20, 0x80, 0xb0, 0x80, 0x47, 0x86, 0xbe, 0x03, 0x00, 0x84, 0xbf, 0x02, 0x00, 0x80,
    0xbe, 0x07, 0x00, 0x81, 0xbe, 0x80, 0x01, 0x04, 0xf4, 0x44, 0x00, 0x00, 0xf8, 0xff, 0x00, 0x02, 0x36, 0xff, 0x03,
    0x00, 0x00, 0x00, 0x00, 0x10, 0xd6, 0x00, 0x15, 0x29, 0x02, 0x12, 0x01, 0x87, 0xbf, 0x01, 0x00, 0x46, 0xd6, 0x03,
    0x06, 0x05, 0x04, 0x02, 0x00, 0x46, 0xd6, 0x04, 0x06, 0x01, 0x04, 0x07, 0xfc, 0x89, 0xbf, 0x12, 0x01, 0x87, 0xbf,
    0x02, 0x00, 0x4e, 0xd4, 0x06, 0x02, 0x02, 0x00, 0x07, 0x04, 0x9c, 0x7c, 0x02, 0x6a, 0xea, 0x8b, 0x09, 0x00, 0x87,
    0xbf, 0x6a, 0x21, 0x82, 0xbe, 0x4a, 0x00, 0xa5, 0xbf, 0x00, 0x02, 0x0c, 0xf4, 0x20, 0x00, 0x00, 0xf8, 0x00, 0x04,
    0x0c, 0xf4, 0x00, 0x00, 0x00, 0xf8, 0xc1, 0x04, 0x00, 0x4a, 0x06, 0x02, 0x06, 0x22, 0x07, 0x04, 0x08, 0x22, 0xa3,
    0x00, 0x87, 0xbf, 0x00, 0x00, 0x64, 0xd6, 0x00, 0x01, 0x1d, 0x00, 0x81, 0x02, 0x0a, 0x4a, 0x06, 0x0a, 0x0c, 0x22,
    0x07, 0xfc, 0x89, 0xbf, 0x02, 0x00, 0x85, 0xbf, 0x85, 0x07, 0x00, 0xf0, 0x03, 0x08, 0x02, 0x00, 0x04, 0x00, 0x00,
    0x00, 0x85, 0x07, 0x00, 0xf0, 0x03, 0x0b, 0x02, 0x00, 0x00, 0x00, 0x00, 0x00, 0x85, 0x07, 0x00, 0xf0, 0x06, 0x04,
    0x02, 0x00, 0x04, 0x00, 0x00, 0x00, 0xf7, 0x07, 0x89, 0xbf, 0x08, 0x17, 0x00, 0x08, 0x09, 0x19, 0x06, 0x08, 0x0a,
    0x1b, 0x0e, 0x08, 0x13, 0x01, 0x87, 0xbf, 0x00, 0x01, 0x14, 0xd4, 0x00, 0xff, 0x01, 0x00, 0x00, 0x00, 0x80, 0x3d,
    0x04, 0x01, 0x14, 0xd4, 0x07, 0xff, 0x01, 0x00, 0x00, 0x00, 0x80, 0x3d, 0xa4, 0x04, 0x87, 0xbf, 0x6a, 0x01, 0x14,
    0xd4, 0x03, 0xff, 0x01, 0x00, 0x00, 0x00, 0x80, 0x3d, 0x00, 0x6a, 0xea, 0x8c, 0x04, 0x6a, 0xea, 0x8c, 0x09, 0x00,
    0x87, 0xbf, 0x00, 0x00, 0x01, 0xd5, 0x80, 0x82, 0xa9, 0x01, 0xf7, 0x03, 0x89, 0xbf, 0x08, 0x09, 0x06, 0x08, 0x09,
    0x0b, 0x08, 0x08, 0x0a, 0x0d, 0x0a, 0x08, 0x08, 0x00, 0x01, 0xd5, 0x80, 0x02, 0xa9, 0x01, 0x06, 0x00, 0x12, 0xd6,
    0x81, 0x00, 0x0a, 0x02, 0x14, 0x02, 0x87, 0xbf, 0x00, 0x01, 0x14, 0xd4, 0x04, 0xff, 0x01, 0x00, 0x00, 0x00, 0x80,
    0x3d, 0x04, 0x01, 0x14, 0xd4, 0x05, 0xff, 0x01, 0x00, 0x00, 0x00, 0x80, 0x3d, 0x6a, 0x01, 0x14, 0xd4, 0x03, 0xff,
    0x01, 0x00, 0x00, 0x00, 0x80, 0x3d, 0x6a, 0x00, 0xea, 0x8c, 0x09, 0x00, 0x87, 0xbf, 0x9e, 0xff, 0x88, 0xbf, 0x04,
    0x6a, 0xea, 0x8c, 0x84, 0x04, 0x87, 0xbf, 0x08, 0x0d, 0x06, 0x02, 0x01, 0x00, 0x87, 0xbf, 0x03, 0x03, 0x08, 0x7e,
    0x03, 0x03, 0x0a, 0x7e, 0x03, 0x03, 0x0c, 0x7e, 0x85, 0x4f, 0x18, 0xf0, 0x01, 0x03, 0x04, 0x00, 0x02, 0x00, 0x00,
    0x00, 0x00, 0x00, 0x80, 0xbf, 0x03, 0x00, 0xb6, 0xbf, 0x00, 0x00, 0xb0, 0xbf, 0x00, 0x00, 0x9f, 0xbf, 0x00, 0x00,
    0x9f, 0xbf, 0x00, 0x00, 0x9f, 0xbf, 0x00, 0x00, 0x9f, 0xbf, 0x00, 0x00, 0x9f, 0xbf, 0x00, 0x00, 0x9f, 0xbf, 0x00,
    0x00, 0x9f, 0xbf, 0x00, 0x00, 0x9f, 0xbf, 0x00, 0x00, 0x9f, 0xbf, 0x00, 0x00, 0x9f, 0xbf, 0x00, 0x00, 0x9f, 0xbf,
    0x00, 0x00, 0x9f, 0xbf, 0x00, 0x00, 0x9f, 0xbf, 0x00, 0x00, 0x9f, 0xbf, 0x00, 0x00, 0x9f, 0xbf, 0x00, 0x00, 0x9f,
    0xbf, 0x00, 0x00, 0x9f, 0xbf, 0x00, 0x00, 0x9f, 0xbf, 0x00, 0x00, 0x9f, 0xbf, 0x00, 0x00, 0x9f, 0xbf, 0x00, 0x00,
    0x9f, 0xbf, 0x00, 0x00, 0x9f, 0xbf, 0x00, 0x00, 0x9f, 0xbf, 0x00, 0x00, 0x9f, 0xbf, 0x00, 0x00, 0x9f, 0xbf, 0x00,
    0x00, 0x9f, 0xbf, 0x00, 0x00, 0x9f, 0xbf, 0x00, 0x00, 0x9f, 0xbf, 0x00, 0x00, 0x9f, 0xbf, 0x00, 0x00, 0x9f, 0xbf,
    0x00, 0x00, 0x9f, 0xbf, 0x00, 0x00, 0x9f, 0xbf, 0x00, 0x00, 0x9f, 0xbf, 0x00, 0x00, 0x9f, 0xbf, 0x00, 0x00, 0x9f,
    0xbf, 0x00, 0x00, 0x9f, 0xbf, 0x00, 0x00, 0x9f, 0xbf, 0x00, 0x00, 0x9f, 0xbf, 0x00, 0x00, 0x9f, 0xbf, 0x00, 0x00,
    0x9f, 0xbf, 0x00, 0x00, 0x9f, 0xbf, 0x00, 0x00, 0x9f, 0xbf, 0x00, 0x00, 0x9f, 0xbf, 0x00, 0x00, 0x9f, 0xbf, 0x00,
    0x00, 0x9f, 0xbf, 0x00, 0x00, 0x9f, 0xbf, 0x00, 0x00, 0x9f, 0xbf, 0x00, 0x00, 0x9f, 0xbf, 0x00, 0x00, 0x9f, 0xbf,
    0x00, 0x00, 0x9f, 0xbf, 0x00, 0x00, 0x9f, 0xbf, 0x00, 0x00, 0x9f, 0xbf, 0x00, 0x00, 0x9f, 0xbf, 0x00, 0x00, 0x9f,
    0xbf, 0x00, 0x00, 0x9f, 0xbf, 0x00, 0x00, 0x9f, 0xbf, 0x00, 0x00, 0x9f, 0xbf, 0x00, 0x00, 0x9f, 0xbf, 0x00, 0x00,
    0x9f, 0xbf, 0x00, 0x00, 0x9f, 0xbf, 0x00, 0x00, 0x9f, 0xbf, 0x00, 0x00, 0x9f, 0xbf, 0x00, 0x00, 0x9f, 0xbf, 0x00,
    0x00, 0x9f, 0xbf, 0x00, 0x00, 0x00, 0x00, 0x00, 0x00, 0x10, 0x00, 0x00, 0x00, 0x00, 0x00, 0xac, 0xdf, 0x03, 0x10,
    0x47, 0x65, 0x6e, 0x65, 0x72, 0x61, 0x74, 0x65, 0x64, 0x20, 0x62, 0x79, 0x20, 0x74, 0x68, 0x65, 0x20, 0x41, 0x64,
    0x76, 0x61, 0x6e, 0x63, 0x65, 0x64, 0x20, 0x4d, 0x69, 0x63, 0x72, 0x6f, 0x20, 0x44, 0x65, 0x76, 0x69, 0x63, 0x65,
    0x73, 0x2c, 0x20, 0x49, 0x6e, 0x63, 0x2e, 0x2c, 0x20, 0x50, 0x72, 0x6f, 0x70, 0x72, 0x69, 0x65, 0x74, 0x61, 0x72,
    0x79, 0x20, 0x47, 0x50, 0x55, 0x20, 0x53, 0x68, 0x61, 0x64, 0x65, 0x72, 0x20, 0x43, 0x6f, 0x6d, 0x70, 0x69, 0x6c,
    0x65, 0x72, 0x2e, 0x00, 0x00, 0x5f, 0x61, 0x6d, 0x64, 0x67, 0x70, 0x75, 0x5f, 0x63, 0x73, 0x5f, 0x6d, 0x61, 0x69,
    0x6e, 0x00, 0x5f, 0x61, 0x6d, 0x64, 0x67, 0x70, 0x75, 0x5f, 0x63, 0x73, 0x5f, 0x73, 0x68, 0x64, 0x72, 0x5f, 0x69,
    0x6e, 0x74, 0x72, 0x6c, 0x5f, 0x74, 0x62, 0x6c, 0x00, 0x00, 0x00, 0x00, 0x00, 0x00, 0x00, 0x00, 0x00, 0x00, 0x00,
    0x00, 0x00, 0x00, 0x00, 0x00, 0x00, 0x00, 0x00, 0x00, 0x00, 0x00, 0x00, 0x00, 0x00, 0x01, 0x00, 0x00, 0x00, 0x12,
    0x00, 0x02, 0x00, 0x00, 0x00, 0x00, 0x00, 0x00, 0x00, 0x00, 0x00, 0x98, 0x02, 0x00, 0x00, 0x00, 0x00, 0x00, 0x00,
    0x11, 0x00, 0x00, 0x00, 0x11, 0x00, 0x03, 0x00, 0x00, 0x00, 0x00, 0x00, 0x00, 0x00, 0x00, 0x00, 0x10, 0x00, 0x00,
    0x00, 0x00, 0x00, 0x00, 0x00, 0x07, 0x00, 0x00, 0x00, 0xfc, 0x03, 0x00, 0x00, 0x20, 0x00, 0x00, 0x00, 0x41, 0x4d,
    0x44, 0x47, 0x50, 0x55, 0x00, 0x00, 0x82, 0xae, 0x61, 0x6d, 0x64, 0x70, 0x61, 0x6c, 0x2e, 0x76, 0x65, 0x72, 0x73,
    0x69, 0x6f, 0x6e, 0x92, 0x03, 0x06, 0xb0, 0x61, 0x6d, 0x64, 0x70, 0x61, 0x6c, 0x2e, 0x70, 0x69, 0x70, 0x65, 0x6c,
    0x69, 0x6e, 0x65, 0x73, 0x91, 0x8b, 0xa5, 0x2e, 0x74, 0x79, 0x70, 0x65, 0xa2, 0x43, 0x73, 0xae, 0x2e, 0x72, 0x65,
    0x73, 0x6f, 0x75, 0x72, 0x63, 0x65, 0x5f, 0x68, 0x61, 0x73, 0x68, 0xcf, 0x9d, 0xab, 0x92, 0x5d, 0x0a, 0x7a, 0xaf,
    0x2a, 0xb0, 0x2e, 0x73, 0x70, 0x69, 0x6c, 0x6c, 0x5f, 0x74, 0x68, 0x72, 0x65, 0x73, 0x68, 0x6f, 0x6c, 0x64, 0xcd,
    0xff, 0xff, 0xb0, 0x2e, 0x75, 0x73, 0x65, 0x72, 0x5f, 0x64, 0x61, 0x74, 0x61, 0x5f, 0x6c, 0x69, 0x6d, 0x69, 0x74,
    0x01, 0xa8, 0x2e, 0x73, 0x68, 0x61, 0x64, 0x65, 0x72, 0x73, 0x81, 0xa8, 0x2e, 0x63, 0x6f, 0x6d, 0x70, 0x75, 0x74,
    0x65, 0x83, 0xb0, 0x2e, 0x61, 0x70, 0x69, 0x5f, 0x73, 0x68, 0x61, 0x64, 0x65, 0x72, 0x5f, 0x68, 0x61, 0x73, 0x68,
    0x92, 0xcf, 0xe2, 0xc3, 0xfc, 0x66, 0xc2, 0xf3, 0xc5, 0x82, 0xcf, 0xe7, 0xf0, 0xaa, 0xac, 0xd5, 0x4e, 0x46, 0x5e,
    0xb1, 0x2e, 0x68, 0x61, 0x72, 0x64, 0x77, 0x61, 0x72, 0x65, 0x5f, 0x6d, 0x61, 0x70, 0x70, 0x69, 0x6e, 0x67, 0x91,
    0xa3, 0x2e, 0x63, 0x73, 0xaf, 0x2e, 0x73, 0x68, 0x61, 0x64, 0x65, 0x72, 0x5f, 0x73, 0x75, 0x62, 0x74, 0x79, 0x70,
    0x65, 0xa7, 0x55, 0x6e, 0x6b, 0x6e, 0x6f, 0x77, 0x6e, 0xb0, 0x2e, 0x68, 0x61, 0x72, 0x64, 0x77, 0x61, 0x72, 0x65,
    0x5f, 0x73, 0x74, 0x61, 0x67, 0x65, 0x73, 0x81, 0xa3, 0x2e, 0x63, 0x73, 0xde, 0x00, 0x1a, 0xb3, 0x2e, 0x65, 0x6e,
    0x74, 0x72, 0x79, 0x5f, 0x70, 0x6f, 0x69, 0x6e, 0x74, 0x5f, 0x73, 0x79, 0x6d, 0x62, 0x6f, 0x6c, 0xaf, 0x5f, 0x61,
    0x6d, 0x64, 0x67, 0x70, 0x75, 0x5f, 0x63, 0x73, 0x5f, 0x6d, 0x61, 0x69, 0x6e, 0xab, 0x2e, 0x73, 0x67, 0x70, 0x72,
    0x5f, 0x63, 0x6f, 0x75, 0x6e, 0x74, 0x18, 0xab, 0x2e, 0x76, 0x67, 0x70, 0x72, 0x5f, 0x63, 0x6f, 0x75, 0x6e, 0x74,
    0x0e, 0xa9, 0x2e, 0x6c, 0x64, 0x73, 0x5f, 0x73, 0x69, 0x7a, 0x65, 0x00, 0xb4, 0x2e, 0x73, 0x63, 0x72, 0x61, 0x74,
    0x63, 0x68, 0x5f, 0x6d, 0x65, 0x6d, 0x6f, 0x72, 0x79, 0x5f, 0x73, 0x69, 0x7a, 0x65, 0x00, 0xb4, 0x2e, 0x66, 0x72,
    0x6f, 0x6e, 0x74, 0x65, 0x6e, 0x64, 0x5f, 0x73, 0x74, 0x61, 0x63, 0x6b, 0x5f, 0x73, 0x69, 0x7a, 0x65, 0x00, 0xb3,
    0x2e, 0x62, 0x61, 0x63, 0x6b, 0x65, 0x6e, 0x64, 0x5f, 0x73, 0x74, 0x61, 0x63, 0x6b, 0x5f, 0x73, 0x69, 0x7a, 0x65,
    0x00, 0xb6, 0x2e, 0x70, 0x65, 0x72, 0x66, 0x5f, 0x64, 0x61, 0x74, 0x61, 0x5f, 0x62, 0x75, 0x66, 0x66, 0x65, 0x72,
    0x5f, 0x73, 0x69, 0x7a, 0x65, 0x00, 0xaa, 0x2e, 0x75, 0x73, 0x65, 0x73, 0x5f, 0x75, 0x61, 0x76, 0x73, 0xc3, 0xac,
    0x2e, 0x77, 0x72, 0x69, 0x74, 0x65, 0x73, 0x5f, 0x75, 0x61, 0x76, 0x73, 0xc3, 0xb4, 0x2e, 0x75, 0x73, 0x65, 0x73,
    0x5f, 0x61, 0x70, 0x70, 0x65, 0x6e, 0x64, 0x5f, 0x63, 0x6f, 0x6e, 0x73, 0x75, 0x6d, 0x65, 0xc2, 0xaf, 0x2e, 0x77,
    0x61, 0x76, 0x65, 0x66, 0x72, 0x6f, 0x6e, 0x74, 0x5f, 0x73, 0x69, 0x7a, 0x65, 0x40, 0xb2, 0x2e, 0x75, 0x73, 0x65,
    0x72, 0x5f, 0x64, 0x61, 0x74, 0x61, 0x5f, 0x72, 0x65, 0x67, 0x5f, 0x6d, 0x61, 0x70, 0xdc, 0x00, 0x20, 0xce, 0xff,
    0xff, 0xff, 0xff, 0xce, 0xff, 0xff, 0xff, 0xff, 0x00, 0xce, 0xff, 0xff, 0xff, 0xff, 0xce, 0xff, 0xff, 0xff, 0xff,
    0xce, 0xff, 0xff, 0xff, 0xff, 0xce, 0xff, 0xff, 0xff, 0xff, 0xce, 0xff, 0xff, 0xff, 0xff, 0xce, 0xff, 0xff, 0xff,
    0xff, 0xce, 0xff, 0xff, 0xff, 0xff, 0xce, 0xff, 0xff, 0xff, 0xff, 0xce, 0xff, 0xff, 0xff, 0xff, 0xce, 0xff, 0xff,
    0xff, 0xff, 0xce, 0xff, 0xff, 0xff, 0xff, 0xce, 0xff, 0xff, 0xff, 0xff, 0xce, 0xff, 0xff, 0xff, 0xff, 0xce, 0xff,
    0xff, 0xff, 0xff, 0xce, 0xff, 0xff, 0xff, 0xff, 0xce, 0xff, 0xff, 0xff, 0xff, 0xce, 0xff, 0xff, 0xff, 0xff, 0xce,
    0xff, 0xff, 0xff, 0xff, 0xce, 0xff, 0xff, 0xff, 0xff, 0xce, 0xff, 0xff, 0xff, 0xff, 0xce, 0xff, 0xff, 0xff, 0xff,
    0xce, 0xff, 0xff, 0xff, 0xff, 0xce, 0xff, 0xff, 0xff, 0xff, 0xce, 0xff, 0xff, 0xff, 0xff, 0xce, 0xff, 0xff, 0xff,
    0xff, 0xce, 0xff, 0xff, 0xff, 0xff, 0xce, 0xff, 0xff, 0xff, 0xff, 0xce, 0xff, 0xff, 0xff, 0xff, 0xce, 0xff, 0xff,
    0xff, 0xff, 0xb7, 0x2e, 0x74, 0x68, 0x72, 0x65, 0x61, 0x64, 0x67, 0x72, 0x6f, 0x75, 0x70, 0x5f, 0x64, 0x69, 0x6d,
    0x65, 0x6e, 0x73, 0x69, 0x6f, 0x6e, 0x73, 0x93, 0x08, 0x08, 0x01, 0xab, 0x2e, 0x66, 0x6c, 0x6f, 0x61, 0x74, 0x5f,
    0x6d, 0x6f, 0x64, 0x65, 0xcc, 0xc0, 0xae, 0x2e, 0x66, 0x70, 0x31, 0x36, 0x5f, 0x6f, 0x76, 0x65, 0x72, 0x66, 0x6c,
    0x6f, 0x77, 0xc2, 0xaa, 0x2e, 0x69, 0x65, 0x65, 0x65, 0x5f, 0x6d, 0x6f, 0x64, 0x65, 0xc2, 0xa9, 0x2e, 0x77, 0x67,
    0x70, 0x5f, 0x6d, 0x6f, 0x64, 0x65, 0xc2, 0xac, 0x2e, 0x6d, 0x65, 0x6d, 0x5f, 0x6f, 0x72, 0x64, 0x65, 0x72, 0x65,
    0x64, 0xc2, 0xb1, 0x2e, 0x66, 0x6f, 0x72, 0x77, 0x61, 0x72, 0x64, 0x5f, 0x70, 0x72, 0x6f, 0x67, 0x72, 0x65, 0x73,
    0x73, 0xc2, 0xab, 0x2e, 0x75, 0x73, 0x65, 0x72, 0x5f, 0x73, 0x67, 0x70, 0x72, 0x73, 0x03, 0xa8, 0x2e, 0x65, 0x78,
    0x63, 0x70, 0x5f, 0x65, 0x6e, 0x00, 0xab, 0x2e, 0x73, 0x63, 0x72, 0x61, 0x74, 0x63, 0x68, 0x5f, 0x65, 0x6e, 0xc2,
    0xad, 0x2e, 0x74, 0x72, 0x61, 0x70, 0x5f, 0x70, 0x72, 0x65, 0x73, 0x65, 0x6e, 0x74, 0xc2, 0xb0, 0x2e, 0x73, 0x68,
    0x61, 0x72, 0x65, 0x64, 0x5f, 0x76, 0x67, 0x70, 0x72, 0x5f, 0x63, 0x6e, 0x74, 0x00, 0xad, 0x2e, 0x77, 0x61, 0x76,
    0x65, 0x73, 0x5f, 0x70, 0x65, 0x72, 0x5f, 0x73, 0x65, 0x00, 0xaa, 0x2e, 0x72, 0x65, 0x67, 0x69, 0x73, 0x74, 0x65,
    0x72, 0x73, 0x81, 0xcd, 0x2e, 0x42, 0x00, 0xa5, 0x2e, 0x6e, 0x61, 0x6d, 0x65, 0xaf, 0x4d, 0x6c, 0x61, 0x61, 0x46,
    0x69, 0x6e, 0x64, 0x53, 0x65, 0x70, 0x45, 0x64, 0x67, 0x65, 0xb7, 0x2e, 0x69, 0x6e, 0x74, 0x65, 0x72, 0x6e, 0x61,
    0x6c, 0x5f, 0x70, 0x69, 0x70, 0x65, 0x6c, 0x69, 0x6e, 0x65, 0x5f, 0x68, 0x61, 0x73, 0x68, 0x92, 0xcf, 0xff, 0x85,
    0xe9, 0x25, 0x15, 0xfa, 0xf1, 0x04, 0xcf, 0x93, 0xa4, 0x18, 0x20, 0x95, 0x8c, 0x0e, 0xa5, 0xb2, 0x2e, 0x63, 0x6f,
    0x6d, 0x70, 0x75, 0x74, 0x65, 0x5f, 0x72, 0x65, 0x67, 0x69, 0x73, 0x74, 0x65, 0x72, 0x73, 0x85, 0xaf, 0x2e, 0x74,
    0x69, 0x64, 0x69, 0x67, 0x5f, 0x63, 0x6f, 0x6d, 0x70, 0x5f, 0x63, 0x6e, 0x74, 0x01, 0xaa, 0x2e, 0x74, 0x67, 0x69,
    0x64, 0x5f, 0x78, 0x5f, 0x65, 0x6e, 0xc3, 0xaa, 0x2e, 0x74, 0x67, 0x69, 0x64, 0x5f, 0x79, 0x5f, 0x65, 0x6e, 0xc3,
    0xaa, 0x2e, 0x74, 0x67, 0x69, 0x64, 0x5f, 0x7a, 0x5f, 0x65, 0x6e, 0xc2, 0xab, 0x2e, 0x74, 0x67, 0x5f, 0x73, 0x69,
    0x7a, 0x65, 0x5f, 0x65, 0x6e, 0xc2, 0xa4, 0x2e, 0x61, 0x70, 0x69, 0xa7, 0x73, 0x63, 0x70, 0x63, 0x42, 0x6c, 0x64,
    0x00, 0x00, 0x00, 0x00, 0x00, 0x00, 0x00, 0x00, 0x00, 0x00, 0x00, 0x00, 0x00, 0x00, 0x00, 0x00, 0x00, 0x00, 0x00,
    0x00, 0x00, 0x00, 0x00, 0x00, 0x00, 0x00, 0x00, 0x00, 0x00, 0x00, 0x00, 0x00, 0x00, 0x00, 0x00, 0x00, 0x00, 0x00,
    0x00, 0x00, 0x00, 0x00, 0x00, 0x00, 0x00, 0x00, 0x00, 0x00, 0x00, 0x00, 0x00, 0x00, 0x00, 0x00, 0x00, 0x00, 0x00,
    0x00, 0x00, 0x00, 0x00, 0x00, 0x00, 0x00, 0x00, 0x00, 0x00, 0x01, 0x00, 0x00, 0x00, 0x03, 0x00, 0x00, 0x00, 0x00,
    0x00, 0x00, 0x00, 0x00, 0x00, 0x00, 0x00, 0x00, 0x00, 0x00, 0x00, 0x00, 0x00, 0x00, 0x00, 0x40, 0x00, 0x00, 0x00,
    0x00, 0x00, 0x00, 0x00, 0x36, 0x00, 0x00, 0x00, 0x00, 0x00, 0x00, 0x00, 0x00, 0x00, 0x00, 0x00, 0x00, 0x00, 0x00,
    0x00, 0x00, 0x00, 0x00, 0x00, 0x00, 0x00, 0x00, 0x00, 0x00, 0x00, 0x00, 0x00, 0x00, 0x00, 0x00, 0x00, 0x0b, 0x00,
    0x00, 0x00, 0x01, 0x00, 0x00, 0x00, 0x06, 0x00, 0x00, 0x00, 0x00, 0x00, 0x00, 0x00, 0x00, 0x00, 0x00, 0x00, 0x00,
    0x00, 0x00, 0x00, 0x76, 0x00, 0x00, 0x00, 0x00, 0x00, 0x00, 0x00, 0x98, 0x02, 0x00, 0x00, 0x00, 0x00, 0x00, 0x00,
    0x00, 0x00, 0x00, 0x00, 0x00, 0x00, 0x00, 0x00, 0x00, 0x01, 0x00, 0x00, 0x00, 0x00, 0x00, 0x00, 0x00, 0x00, 0x00,
    0x00, 0x00, 0x00, 0x00, 0x00, 0x11, 0x00, 0x00, 0x00, 0x01, 0x00, 0x00, 0x00, 0x03, 0x00, 0x00, 0x00, 0x00, 0x00,
    0x00, 0x00, 0x00, 0x00, 0x00, 0x00, 0x00, 0x00, 0x00, 0x00, 0x0e, 0x03, 0x00, 0x00, 0x00, 0x00, 0x00, 0x00, 0x10,
    0x00, 0x00, 0x00, 0x00, 0x00, 0x00, 0x00, 0x00, 0x00, 0x00, 0x00, 0x00, 0x00, 0x00, 0x00, 0x20, 0x00, 0x00, 0x00,
    0x00, 0x00, 0x00, 0x00, 0x00, 0x00, 0x00, 0x00, 0x00, 0x00, 0x00, 0x00, 0x17, 0x00, 0x00, 0x00, 0x01, 0x00, 0x00,
    0x00, 0x00, 0x00, 0x00, 0x00, 0x00, 0x00, 0x00, 0x00, 0x00, 0x00, 0x00, 0x00, 0x00, 0x00, 0x00, 0x00, 0x1e, 0x03,
    0x00, 0x00, 0x00, 0x00, 0x00, 0x00, 0x50, 0x00, 0x00, 0x00, 0x00, 0x00, 0x00, 0x00, 0x00, 0x00, 0x00, 0x00, 0x00,
    0x00, 0x00, 0x00, 0x00, 0x00, 0x00, 0x00, 0x00, 0x00, 0x00, 0x00, 0x00, 0x00, 0x00, 0x00, 0x00, 0x00, 0x00, 0x00,
    0x20, 0x00, 0x00, 0x00, 0x03, 0x00, 0x00, 0x00, 0x00, 0x00, 0x00, 0x00, 0x00, 0x00, 0x00, 0x00, 0x00, 0x00, 0x00,
    0x00, 0x00, 0x00, 0x00, 0x00, 0x6e, 0x03, 0x00, 0x00, 0x00, 0x00, 0x00, 0x00, 0x2b, 0x00, 0x00, 0x00, 0x00, 0x00,
    0x00, 0x00, 0x00, 0x00, 0x00, 0x00, 0x00, 0x00, 0x00, 0x00, 0x00, 0x00, 0x00, 0x00, 0x00, 0x00, 0x00, 0x00, 0x00,
    0x00, 0x00, 0x00, 0x00, 0x00, 0x00, 0x00, 0x28, 0x00, 0x00, 0x00, 0x02, 0x00, 0x00, 0x00, 0x00, 0x00, 0x00, 0x00,
    0x00, 0x00, 0x00, 0x00, 0x00, 0x00, 0x00, 0x00, 0x00, 0x00, 0x00, 0x00, 0x99, 0x03, 0x00, 0x00, 0x00, 0x00, 0x00,
    0x00, 0x48, 0x00, 0x00, 0x00, 0x00, 0x00, 0x00, 0x00, 0x05, 0x00, 0x00, 0x00, 0x00, 0x00, 0x00, 0x00, 0x00, 0x00,
    0x00, 0x00, 0x00, 0x00, 0x00, 0x00, 0x18, 0x00, 0x00, 0x00, 0x00, 0x00, 0x00, 0x00, 0x30, 0x00, 0x00, 0x00, 0x07,
    0x00, 0x00, 0x00, 0x00, 0x00, 0x00, 0x00, 0x00, 0x00, 0x00, 0x00, 0x00, 0x00, 0x00, 0x00, 0x00, 0x00, 0x00, 0x00,
    0xe1, 0x03, 0x00, 0x00, 0x00, 0x00, 0x00, 0x00, 0x10, 0x04, 0x00, 0x00, 0x00, 0x00, 0x00, 0x00, 0x00, 0x00, 0x00,
    0x00, 0x00, 0x00, 0x00, 0x00, 0x00, 0x00, 0x00, 0x00, 0x00, 0x00, 0x00, 0x00, 0x00, 0x00, 0x00, 0x00, 0x00, 0x00,
    0x00, 0x00,
};

// Mlaa Calc Sep Edge Length compute shader binary
inline constexpr Util::uint8 MlaaCalcSepEdgeLength_Cs_20DE282F[] =
{
    0x7f, 0x45, 0x4c, 0x46, 0x02, 0x01, 0x01, 0x41, 0x00, 0x00, 0x00, 0x00, 0x00, 0x00, 0x00, 0x00, 0x01, 0x00, 0xe0,
    0x00, 0x01, 0x00, 0x00, 0x00, 0x00, 0x00, 0x00, 0x00, 0x00, 0x00, 0x00, 0x00, 0x00, 0x00, 0x00, 0x00, 0x00, 0x00,
    0x00, 0x00, 0x28, 0x0b, 0x00, 0x00, 0x00, 0x00, 0x00, 0x00, 0x43, 0x05, 0x00, 0x00, 0x40, 0x00, 0x00, 0x00, 0x00,
    0x00, 0x40, 0x00, 0x08, 0x00, 0x01, 0x00, 0x00, 0x2e, 0x73, 0x68, 0x73, 0x74, 0x72, 0x74, 0x61, 0x62, 0x00, 0x2e,
    0x74, 0x65, 0x78, 0x74, 0x00, 0x2e, 0x64, 0x61, 0x74, 0x61, 0x00, 0x2e, 0x63, 0x6f, 0x6d, 0x6d, 0x65, 0x6e, 0x74,
    0x00, 0x2e, 0x73, 0x74, 0x72, 0x74, 0x61, 0x62, 0x00, 0x2e, 0x73, 0x79, 0x6d, 0x74, 0x61, 0x62, 0x00, 0x2e, 0x6e,
    0x6f, 0x74, 0x65, 0x00, 0x06, 0x20, 0x80, 0xb0, 0x02, 0x00, 0xb5, 0xbf, 0x80, 0x47, 0x86, 0xbe, 0x03, 0x00, 0x84,
    0xbf, 0x02, 0x00, 0x80, 0xbe, 0x07, 0x00, 0x81, 0xbe, 0x00, 0x02, 0x08, 0xf4, 0xa0, 0x00, 0x00, 0xf8, 0xff, 0x00,
    0x02, 0x36, 0xff, 0x03, 0x00, 0x00, 0x00, 0x00, 0x10, 0xd6, 0x00, 0x15, 0x29, 0x02, 0x12, 0x01, 0x87, 0xbf, 0x04,
    0x00, 0x46, 0xd6, 0x03, 0x06, 0x05, 0x04, 0x06, 0x00, 0x46, 0xd6, 0x04, 0x06, 0x01, 0x04, 0x07, 0xfc, 0x89, 0xbf,
    0x12, 0x01, 0x87, 0xbf, 0x02, 0x00, 0x4e, 0xd4, 0x09, 0x08, 0x02, 0x00, 0x0a, 0x0c, 0x9c, 0x7c, 0x02, 0x6a, 0xea,
    0x8b, 0x09, 0x00, 0x87, 0xbf, 0x6a, 0x21, 0x82, 0xbe, 0x0f, 0x01, 0xa5, 0xbf, 0x00, 0x03, 0x0c, 0xf4, 0x40, 0x00,
    0x00, 0xf8, 0x00, 0x05, 0x0c, 0xf4, 0x60, 0x00, 0x00, 0xf8, 0x00, 0x07, 0x0c, 0xf4, 0x80, 0x00, 0x00, 0xf8, 0x07,
    0xfc, 0x89, 0xbf, 0x85, 0x01, 0x00, 0xf0, 0x04, 0x00, 0x03, 0x00, 0x06, 0x00, 0x00, 0x00, 0x85, 0x01, 0x00, 0xf0,
    0x04, 0x01, 0x05, 0x00, 0x06, 0x00, 0x00, 0x00, 0x85, 0x01, 0x00, 0xf0, 0x04, 0x02, 0x07, 0x00, 0x06, 0x00, 0x00,
    0x00, 0xf7, 0x0b, 0x89, 0xbf, 0x81, 0x00, 0x06, 0x36, 0x82, 0x00, 0x00, 0x36, 0xf7, 0x03, 0x89, 0xbf, 0x80, 0x04,
    0x86, 0x7c, 0x93, 0x01, 0x87, 0xbf, 0x04, 0x00, 0x45, 0xd4, 0x03, 0x01, 0x01, 0x00, 0x06, 0x00, 0x45, 0xd4, 0x00,
    0x01, 0x01, 0x00, 0xff, 0x02, 0x0a, 0x36, 0x00, 0x80, 0x00, 0x00, 0xff, 0x04, 0x00, 0x36, 0x00, 0x80, 0x00, 0x00,
    0x28, 0x00, 0x46, 0xd4, 0x01, 0x01, 0x01, 0x00, 0x93, 0x01, 0x87, 0xbf, 0x24, 0x00, 0x42, 0xd4, 0x05, 0x01, 0x01,
    0x00, 0x26, 0x00, 0x42, 0xd4, 0x00, 0x01, 0x01, 0x00, 0x90, 0x02, 0x18, 0x32, 0x90, 0x04, 0x0a, 0x32, 0x01, 0xd7,
    0x00, 0x7e, 0x02, 0xd7, 0x06, 0x7e, 0x04, 0x28, 0xa8, 0x8b, 0x06, 0x6a, 0xaa, 0x8b, 0x04, 0x24, 0x84, 0x8b, 0x06,
    0x26, 0x86, 0x8b, 0x28, 0x2a, 0xac, 0x8c, 0x04, 0x06, 0xea, 0x8c, 0x99, 0x04, 0x87, 0xbf, 0x2c, 0x6a, 0xea, 0x8c,
    0x6a, 0x21, 0xa4, 0xbe, 0xc3, 0x00, 0xa5, 0xbf, 0x08, 0x81, 0x8b, 0x8a, 0x81, 0x08, 0x27, 0x84, 0x0b, 0x81, 0x26,
    0x84, 0x0b, 0xc2, 0x0b, 0x87, 0xff, 0xff, 0x26, 0xb8, 0xc1, 0x08, 0x08, 0x84, 0x00, 0x00, 0x55, 0xd6, 0x26, 0x08,
    0x0a, 0x02, 0x08, 0x00, 0x55, 0xd6, 0x26, 0x0c, 0x0a, 0x02, 0x0b, 0x08, 0x06, 0x4a, 0x09, 0x08, 0x12, 0x22, 0x04,
    0x00, 0x87, 0xbf, 0x00, 0x00, 0x64, 0xd6, 0x00, 0x01, 0x25, 0x00, 0x0a, 0x0c, 0x0a, 0x22, 0x0a, 0x00, 0x64, 0xd6,
    0x08, 0x01, 0x29, 0x00, 0x08, 0x08, 0x10, 0x4a, 0x03, 0x00, 0x64, 0xd6, 0x03, 0x01, 0x25, 0x00, 0x27, 0x08, 0x20,
    0x4a, 0x27, 0x0c, 0x1e, 0x4a, 0x94, 0x01, 0x87, 0xbf, 0x0e, 0x00, 0x64, 0xd6, 0x08, 0x01, 0x25, 0x00, 0x12, 0x00,
    0x64, 0xd6, 0x10, 0x01, 0x25, 0x00, 0x33, 0x01, 0x87, 0xbf, 0x13, 0x00, 0x64, 0xd6, 0x0f, 0x01, 0x29, 0x00, 0x0b,
    0x0c, 0x0e, 0x4a, 0x08, 0x0c, 0x16, 0x4a, 0x07, 0x00, 0x64, 0xd6, 0x07, 0x01, 0x29, 0x00, 0x02, 0x00, 0x87, 0xbf,
    0x11, 0x00, 0x64, 0xd6, 0x0b, 0x01, 0x29, 0x00, 0x02, 0x00, 0x85, 0xbf, 0x85, 0x01, 0x00, 0xf0, 0x09, 0x07, 0x07,
    0x00, 0x07, 0x00, 0x00, 0x00, 0x85, 0x01, 0x00, 0xf0, 0x09, 0x0a, 0x07, 0x00, 0x0a, 0x00, 0x00, 0x00, 0x85, 0x01,
    0x00, 0xf0, 0x04, 0x0d, 0x07, 0x00, 0x0b, 0x00, 0x00, 0x00, 0x02, 0x00, 0x85, 0xbf, 0x85, 0x01, 0x00, 0xf0, 0x00,
    0x00, 0x05, 0x00, 0x05, 0x00, 0x00, 0x00, 0x85, 0x01, 0x00, 0xf0, 0x03, 0x03, 0x05, 0x00, 0x05, 0x00, 0x00, 0x00,
    0x85, 0x01, 0x00, 0xf0, 0x08, 0x0c, 0x05, 0x00, 0x06, 0x00, 0x00, 0x00, 0x03, 0x00, 0x85, 0xbf, 0x85, 0x01, 0x00,
    0xf0, 0x0e, 0x0e, 0x03, 0x00, 0x05, 0x00, 0x00, 0x00, 0x85, 0x01, 0x00, 0xf0, 0x12, 0x05, 0x03, 0x00, 0x05, 0x00,
    0x00, 0x00, 0x85, 0x01, 0x00, 0xf0, 0x09, 0x12, 0x03, 0x00, 0x13, 0x00, 0x00, 0x00, 0x85, 0x01, 0x00, 0xf0, 0x09,
    0x09, 0x03, 0x00, 0x11, 0x00, 0x00, 0x00, 0x85, 0x01, 0x00, 0xf0, 0x10, 0x11, 0x05, 0x00, 0x06, 0x00, 0x00, 0x00,
    0x85, 0x01, 0x00, 0xf0, 0x04, 0x13, 0x07, 0x00, 0x0f, 0x00, 0x00, 0x00, 0x80, 0x10, 0x28, 0x4c, 0x09, 0x10, 0x10,
    0x26, 0x80, 0x16, 0x2a, 0x4c, 0x0a, 0x16, 0x16, 0x26, 0x13, 0x01, 0x87, 0xbf, 0x80, 0x10, 0x10, 0x4c, 0x80, 0x16,
    0x16, 0x4c, 0xa2, 0x01, 0x87, 0xbf, 0x0c, 0x00, 0x45, 0xd4, 0x14, 0x11, 0x02, 0x00, 0x0a, 0x1e, 0x10, 0x26, 0x0e,
    0x00, 0x45, 0xd4, 0x15, 0x17, 0x02, 0x00, 0x09, 0x20, 0x16, 0x26, 0xa3, 0x01, 0x87, 0xbf, 0x0a, 0x00, 0x45, 0xd4,
    0x0f, 0x11, 0x02, 0x00, 0x90, 0x02, 0x10, 0x32, 0x08, 0x00, 0x45, 0xd4, 0x10, 0x17, 0x02, 0x00, 0xf7, 0x2f, 0x89,
    0xbf, 0x12, 0x00, 0x41, 0xd4, 0x07, 0x01, 0x01, 0x00, 0xf7, 0x23, 0x89, 0xbf, 0x10, 0x00, 0x41, 0xd4, 0x00, 0x01,
    0x01, 0x00, 0xff, 0x14, 0x00, 0x36, 0x00, 0x80, 0x00, 0x00, 0xf7, 0x1f, 0x89, 0xbf, 0xff, 0x06, 0x06, 0x36, 0x00,
    0x80, 0x00, 0x00, 0xff, 0x10, 0x14, 0x38, 0x00, 0x80, 0x00, 0x00, 0x33, 0x02, 0x87, 0xbf, 0x16, 0x00, 0x45, 0xd4,
    0x00, 0x01, 0x01, 0x00, 0xf7, 0x17, 0x89, 0xbf, 0x81, 0x1c, 0x00, 0x36, 0x14, 0x00, 0x45, 0xd4, 0x03, 0x01, 0x01,
    0x00, 0xf7, 0x13, 0x89, 0xbf, 0x81, 0x0a, 0x06, 0x36, 0xf7, 0x0f, 0x89, 0xbf, 0x82, 0x24, 0x0a, 0x36, 0xb4, 0x01,
    0x87, 0xbf, 0x18, 0x00, 0x42, 0xd4, 0x00, 0x01, 0x01, 0x00, 0xf7, 0x0b, 0x89, 0xbf, 0x82, 0x12, 0x00, 0x36, 0x1c,
    0x00, 0x42, 0xd4, 0x05, 0x01, 0x01, 0x00, 0x05, 0x00, 0x10, 0xd6, 0x0c, 0x21, 0x3d, 0x02, 0xa3, 0x01, 0x87, 0xbf,
    0x1e, 0x00, 0x42, 0xd4, 0x00, 0x01, 0x01, 0x00, 0x1a, 0x00, 0x42, 0xd4, 0x03, 0x01, 0x01, 0x00, 0x27, 0x0a, 0x16,
    0x4a, 0xf7, 0x03, 0x89, 0xbf, 0x00, 0x00, 0x10, 0xd6, 0x13, 0x21, 0x3d, 0x02, 0x05, 0x00, 0x01, 0xd5, 0x08, 0x15,
    0xa2, 0x00, 0x90, 0x04, 0x12, 0x32, 0xa4, 0x01, 0x87, 0xbf, 0x0a, 0x00, 0x01, 0xd5, 0x08, 0x17, 0xa2, 0x00, 0xff,
    0x22, 0x0e, 0x36, 0xff, 0x7f, 0x00, 0x00, 0xff, 0x12, 0x16, 0x38, 0x00, 0x80, 0x00, 0x00, 0xff, 0x1a, 0x06, 0x36,
    0xff, 0x7f, 0x00, 0x00, 0x10, 0x18, 0x90, 0x8c, 0x09, 0x00, 0x87, 0xbf, 0x10, 0x0c, 0xea, 0x8c, 0x84, 0x04, 0x87,
    0xbf, 0x0a, 0x0b, 0x18, 0x02, 0x16, 0x1e, 0x8c, 0x8c, 0xa9, 0x04, 0x87, 0xbf, 0x0c, 0x0e, 0x8c, 0x8c, 0x12, 0x1c,
    0x8e, 0x8c, 0x0e, 0x0a, 0x8a, 0x8c, 0x14, 0x1a, 0x8e, 0x8c, 0xd9, 0x01, 0x87, 0xbf, 0x0e, 0x08, 0x88, 0x8c, 0x27,
    0x00, 0x14, 0x4a, 0x01, 0xd7, 0x00, 0x7e, 0x27, 0x0e, 0x0e, 0x4a, 0x08, 0x00, 0x01, 0xd5, 0x09, 0x17, 0xaa, 0x00,
    0xff, 0x00, 0x16, 0x38, 0x00, 0x80, 0x00, 0x00, 0x0a, 0x00, 0x01, 0xd5, 0x09, 0x15, 0xaa, 0x00, 0x02, 0xd7, 0x02,
    0x7e, 0x23, 0x02, 0x87, 0xbf, 0x02, 0x00, 0x01, 0xd5, 0x00, 0x17, 0x12, 0x00, 0x00, 0x00, 0x01, 0xd5, 0x00, 0x0f,
    0x12, 0x00, 0x05, 0x00, 0x01, 0xd5, 0x0a, 0x11, 0x2a, 0x00, 0x94, 0x01, 0x87, 0xbf, 0xff, 0x02, 0x14, 0x38, 0x00,
    0x80, 0x00, 0x00, 0x00, 0x00, 0x01, 0xd5, 0x00, 0x05, 0x22, 0x00, 0x27, 0x06, 0x04, 0x4a, 0x13, 0x01, 0x87, 0xbf,
    0x08, 0x00, 0x01, 0xd5, 0x01, 0x15, 0x1a, 0x00, 0x02, 0x00, 0x01, 0xd5, 0x01, 0x05, 0x1a, 0x00, 0x01, 0x00, 0x87,
    0xbf, 0x03, 0x00, 0x01, 0xd5, 0x02, 0x11, 0x32, 0x00, 0x24, 0x01, 0xfe, 0xbe, 0x00, 0x01, 0x0c, 0xf4, 0x00, 0x00,
    0x00, 0xf8, 0x00, 0x03, 0x0c, 0xf4, 0x20, 0x00, 0x00, 0xf8, 0x00, 0x00, 0x44, 0xd6, 0x0c, 0x01, 0xfe, 0x03, 0x00,
    0x01, 0x04, 0x05, 0x07, 0x00, 0x44, 0xd6, 0x05, 0x07, 0xfe, 0x03, 0x00, 0x01, 0x04, 0x05, 0x32, 0x02, 0x87, 0xbf,
    0x00, 0x03, 0x02, 0x7e, 0x00, 0x03, 0x04, 0x7e, 0x00, 0x03, 0x06, 0x7e, 0x07, 0x03, 0x10, 0x7e, 0x07, 0x03, 0x12,
    0x7e, 0x07, 0x03, 0x14, 0x7e, 0x07, 0xfc, 0x89, 0xbf, 0x85, 0x4f, 0x18, 0xf0, 0x04, 0x00, 0x01, 0x00, 0x06, 0x00,
    0x00, 0x00, 0x85, 0x4f, 0x18, 0xf0, 0x04, 0x07, 0x03, 0x00, 0x06, 0x00, 0x00, 0x00, 0x00, 0x00, 0x80, 0xbf, 0x03,
    0x00, 0xb6, 0xbf, 0x00, 0x00, 0xb0, 0xbf, 0x00, 0x00, 0x9f, 0xbf, 0x00, 0x00, 0x9f, 0xbf, 0x00, 0x00, 0x9f, 0xbf,
    0x00, 0x00, 0x9f, 0xbf, 0x00, 0x00, 0x9f, 0xbf, 0x00, 0x00, 0x9f, 0xbf, 0x00, 0x00, 0x9f, 0xbf, 0x00, 0x00, 0x9f,
    0xbf, 0x00, 0x00, 0x9f, 0xbf, 0x00, 0x00, 0x9f, 0xbf, 0x00, 0x00, 0x9f, 0xbf, 0x00, 0x00, 0x9f, 0xbf, 0x00, 0x00,
    0x9f, 0xbf, 0x00, 0x00, 0x9f, 0xbf, 0x00, 0x00, 0x9f, 0xbf, 0x00, 0x00, 0x9f, 0xbf, 0x00, 0x00, 0x9f, 0xbf, 0x00,
    0x00, 0x9f, 0xbf, 0x00, 0x00, 0x9f, 0xbf, 0x00, 0x00, 0x9f, 0xbf, 0x00, 0x00, 0x9f, 0xbf, 0x00, 0x00, 0x9f, 0xbf,
    0x00, 0x00, 0x9f, 0xbf, 0x00, 0x00, 0x9f, 0xbf, 0x00, 0x00, 0x9f, 0xbf, 0x00, 0x00, 0x9f, 0xbf, 0x00, 0x00, 0x9f,
    0xbf, 0x00, 0x00, 0x9f, 0xbf, 0x00, 0x00, 0x9f, 0xbf, 0x00, 0x00, 0x9f, 0xbf, 0x00, 0x00, 0x9f, 0xbf, 0x00, 0x00,
    0x9f, 0xbf, 0x00, 0x00, 0x9f, 0xbf, 0x00, 0x00, 0x9f, 0xbf, 0x00, 0x00, 0x9f, 0xbf, 0x00, 0x00, 0x9f, 0xbf, 0x00,
    0x00, 0x9f, 0xbf, 0x00, 0x00, 0x9f, 0xbf, 0x00, 0x00, 0x9f, 0xbf, 0x00, 0x00, 0x9f, 0xbf, 0x00, 0x00, 0x9f, 0xbf,
    0x00, 0x00, 0x9f, 0xbf, 0x00, 0x00, 0x9f, 0xbf, 0x00, 0x00, 0x9f, 0xbf, 0x00, 0x00, 0x9f, 0xbf, 0x00, 0x00, 0x9f,
    0xbf, 0x00, 0x00, 0x9f, 0xbf, 0x00, 0x00, 0x9f, 0xbf, 0x00, 0x00, 0x9f, 0xbf, 0x00, 0x00, 0x9f, 0xbf, 0x00, 0x00,
    0x9f, 0xbf, 0x00, 0x00, 0x9f, 0xbf, 0x00, 0x00, 0x9f, 0xbf, 0x00, 0x00, 0x9f, 0xbf, 0x00, 0x00, 0x9f, 0xbf, 0x00,
    0x00, 0x9f, 0xbf, 0x00, 0x00, 0x9f, 0xbf, 0x00, 0x00, 0x9f, 0xbf, 0x00, 0x00, 0x9f, 0xbf, 0x00, 0x00, 0x9f, 0xbf,
    0x00, 0x00, 0x9f, 0xbf, 0x00, 0x00, 0x9f, 0xbf, 0x00, 0x00, 0x9f, 0xbf, 0x00, 0x00, 0x9f, 0xbf, 0x00, 0x00, 0x00,
    0x00, 0x00, 0x00, 0x10, 0x00, 0x00, 0x00, 0x00, 0x00, 0xac, 0xdf, 0x03, 0x10, 0x47, 0x65, 0x6e, 0x65, 0x72, 0x61,
    0x74, 0x65, 0x64, 0x20, 0x62, 0x79, 0x20, 0x74, 0x68, 0x65, 0x20, 0x41, 0x64, 0x76, 0x61, 0x6e, 0x63, 0x65, 0x64,
    0x20, 0x4d, 0x69, 0x63, 0x72, 0x6f, 0x20, 0x44, 0x65, 0x76, 0x69, 0x63, 0x65, 0x73, 0x2c, 0x20, 0x49, 0x6e, 0x63,
    0x2e, 0x2c, 0x20, 0x50, 0x72, 0x6f, 0x70, 0x72, 0x69, 0x65, 0x74, 0x61, 0x72, 0x79, 0x20, 0x47, 0x50, 0x55, 0x20,
    0x53, 0x68, 0x61, 0x64, 0x65, 0x72, 0x20, 0x43, 0x6f, 0x6d, 0x70, 0x69, 0x6c, 0x65, 0x72, 0x2e, 0x00, 0x00, 0x5f,
    0x61, 0x6d, 0x64, 0x67, 0x70, 0x75, 0x5f, 0x63, 0x73, 0x5f, 0x6d, 0x61, 0x69, 0x6e, 0x00, 0x5f, 0x61, 0x6d, 0x64,
    0x67, 0x70, 0x75, 0x5f, 0x63, 0x73, 0x5f, 0x73, 0x68, 0x64, 0x72, 0x5f, 0x69, 0x6e, 0x74, 0x72, 0x6c, 0x5f, 0x74,
    0x62, 0x6c, 0x00, 0x00, 0x00, 0x00, 0x00, 0x00, 0x00, 0x00, 0x00, 0x00, 0x00, 0x00, 0x00, 0x00, 0x00, 0x00, 0x00,
    0x00, 0x00, 0x00, 0x00, 0x00, 0x00, 0x00, 0x00, 0x01, 0x00, 0x00, 0x00, 0x12, 0x00, 0x02, 0x00, 0x00, 0x00, 0x00,
    0x00, 0x00, 0x00, 0x00, 0x00, 0xb0, 0x05, 0x00, 0x00, 0x00, 0x00, 0x00, 0x00, 0x11, 0x00, 0x00, 0x00, 0x11, 0x00,
    0x03, 0x00, 0x00, 0x00, 0x00, 0x00, 0x00, 0x00, 0x00, 0x00, 0x10, 0x00, 0x00, 0x00, 0x00, 0x00, 0x00, 0x00, 0x07,
    0x00, 0x00, 0x00, 0x17, 0x04, 0x00, 0x00, 0x20, 0x00, 0x00, 0x00, 0x41, 0x4d, 0x44, 0x47, 0x50, 0x55, 0x00, 0x00,
    0x82, 0xae, 0x61, 0x6d, 0x64, 0x70, 0x61, 0x6c, 0x2e, 0x76, 0x65, 0x72, 0x73, 0x69, 0x6f, 0x6e, 0x92, 0x03, 0x06,
    0xb0, 0x61, 0x6d, 0x64, 0x70, 0x61, 0x6c, 0x2e, 0x70, 0x69, 0x70, 0x65, 0x6c, 0x69, 0x6e, 0x65, 0x73, 0x91, 0x8b,
    0xa5, 0x2e, 0x74, 0x79, 0x70, 0x65, 0xa2, 0x43, 0x73, 0xae, 0x2e, 0x72, 0x65, 0x73, 0x6f, 0x75, 0x72, 0x63, 0x65,
    0x5f, 0x68, 0x61, 0x73, 0x68, 0xcf, 0x9e, 0xbd, 0xe0, 0x73, 0x00, 0x98, 0xf3, 0x1e, 0xb0, 0x2e, 0x73, 0x70, 0x69,
    0x6c, 0x6c, 0x5f, 0x74, 0x68, 0x72, 0x65, 0x73, 0x68, 0x6f, 0x6c, 0x64, 0xcd, 0xff, 0xff, 0xb0, 0x2e, 0x75, 0x73,
    0x65, 0x72, 0x5f, 0x64, 0x61, 0x74, 0x61, 0x5f, 0x6c, 0x69, 0x6d, 0x69, 0x74, 0x01, 0xa8, 0x2e, 0x73, 0x68, 0x61,
    0x64, 0x65, 0x72, 0x73, 0x81, 0xa8, 0x2e, 0x63, 0x6f, 0x6d, 0x70, 0x75, 0x74, 0x65, 0x83, 0xb0, 0x2e, 0x61, 0x70,
    0x69, 0x5f, 0x73, 0x68, 0x61, 0x64, 0x65, 0x72, 0x5f, 0x68, 0x61, 0x73, 0x68, 0x92, 0xcf, 0xf6, 0xce, 0xcd, 0x8e,
    0xdc, 0x35, 0x82, 0xda, 0xcf, 0x58, 0xef, 0x69, 0x13, 0xf5, 0xcc, 0x01, 0xd9, 0xb1, 0x2e, 0x68, 0x61, 0x72, 0x64,
    0x77, 0x61, 0x72, 0x65, 0x5f, 0x6d, 0x61, 0x70, 0x70, 0x69, 0x6e, 0x67, 0x91, 0xa3, 0x2e, 0x63, 0x73, 0xaf, 0x2e,
    0x73, 0x68, 0x61, 0x64, 0x65, 0x72, 0x5f, 0x73, 0x75, 0x62, 0x74, 0x79, 0x70, 0x65, 0xa7, 0x55, 0x6e, 0x6b, 0x6e,
    0x6f, 0x77, 0x6e, 0xb0, 0x2e, 0x68, 0x61, 0x72, 0x64, 0x77, 0x61, 0x72, 0x65, 0x5f, 0x73, 0x74, 0x61, 0x67, 0x65,
    0x73, 0x81, 0xa3, 0x2e, 0x63, 0x73, 0xde, 0x00, 0x1b, 0xb3, 0x2e, 0x65, 0x6e, 0x74, 0x72, 0x79, 0x5f, 0x70, 0x6f,
    0x69, 0x6e, 0x74, 0x5f, 0x73, 0x79, 0x6d, 0x62, 0x6f, 0x6c, 0xaf, 0x5f, 0x61, 0x6d, 0x64, 0x67, 0x70, 0x75, 0x5f,
    0x63, 0x73, 0x5f, 0x6d, 0x61, 0x69, 0x6e, 0xab, 0x2e, 0x73, 0x67, 0x70, 0x72, 0x5f, 0x63, 0x6f, 0x75, 0x6e, 0x74,
    0x2e, 0xab, 0x2e, 0x76, 0x67, 0x70, 0x72, 0x5f, 0x63, 0x6f, 0x75, 0x6e, 0x74, 0x16, 0xa9, 0x2e, 0x6c, 0x64, 0x73,
    0x5f, 0x73, 0x69, 0x7a, 0x65, 0x00, 0xb4, 0x2e, 0x73, 0x63, 0x72, 0x61, 0x74, 0x63, 0x68, 0x5f, 0x6d, 0x65, 0x6d,
    0x6f, 0x72, 0x79, 0x5f, 0x73, 0x69, 0x7a, 0x65, 0x00, 0xb4, 0x2e, 0x66, 0x72, 0x6f, 0x6e, 0x74, 0x65, 0x6e, 0x64,
    0x5f, 0x73, 0x74, 0x61, 0x63, 0x6b, 0x5f, 0x73, 0x69, 0x7a, 0x65, 0x00, 0xb3, 0x2e, 0x62, 0x61, 0x63, 0x6b, 0x65,
    0x6e, 0x64, 0x5f, 0x73, 0x74, 0x61, 0x63, 0x6b, 0x5f, 0x73, 0x69, 0x7a, 0x65, 0x00, 0xb6, 0x2e, 0x70, 0x65, 0x72,
    0x66, 0x5f, 0x64, 0x61, 0x74, 0x61, 0x5f, 0x62, 0x75, 0x66, 0x66, 0x65, 0x72, 0x5f, 0x73, 0x69, 0x7a, 0x65, 0x00,
    0xaa, 0x2e, 0x75, 0x73, 0x65, 0x73, 0x5f, 0x75, 0x61, 0x76, 0x73, 0xc3, 0xac, 0x2e, 0x77, 0x72, 0x69, 0x74, 0x65,
    0x73, 0x5f, 0x75, 0x61, 0x76, 0x73, 0xc3, 0xb4, 0x2e, 0x75, 0x73, 0x65, 0x73, 0x5f, 0x61, 0x70, 0x70, 0x65, 0x6e,
    0x64, 0x5f, 0x63, 0x6f, 0x6e, 0x73, 0x75, 0x6d, 0x65, 0xc2, 0xaf, 0x2e, 0x77, 0x61, 0x76, 0x65, 0x66, 0x72, 0x6f,
    0x6e, 0x74, 0x5f, 0x73, 0x69, 0x7a, 0x65, 0x40, 0xb2, 0x2e, 0x75, 0x73, 0x65, 0x72, 0x5f, 0x64, 0x61, 0x74, 0x61,
    0x5f, 0x72, 0x65, 0x67, 0x5f, 0x6d, 0x61, 0x70, 0xdc, 0x00, 0x20, 0xce, 0xff, 0xff, 0xff, 0xff, 0xce, 0xff, 0xff,
    0xff, 0xff, 0x00, 0xce, 0xff, 0xff, 0xff, 0xff, 0xce, 0xff, 0xff, 0xff, 0xff, 0xce, 0xff, 0xff, 0xff, 0xff, 0xce,
    0xff, 0xff, 0xff, 0xff, 0xce, 0xff, 0xff, 0xff, 0xff, 0xce, 0xff, 0xff, 0xff, 0xff, 0xce, 0xff, 0xff, 0xff, 0xff,
    0xce, 0xff, 0xff, 0xff, 0xff, 0xce, 0xff, 0xff, 0xff, 0xff, 0xce, 0xff, 0xff, 0xff, 0xff, 0xce, 0xff, 0xff, 0xff,
    0xff, 0xce, 0xff, 0xff, 0xff, 0xff, 0xce, 0xff, 0xff, 0xff, 0xff, 0xce, 0xff, 0xff, 0xff, 0xff, 0xce, 0xff, 0xff,
    0xff, 0xff, 0xce, 0xff, 0xff, 0xff, 0xff, 0xce, 0xff, 0xff, 0xff, 0xff, 0xce, 0xff, 0xff, 0xff, 0xff, 0xce, 0xff,
    0xff, 0xff, 0xff, 0xce, 0xff, 0xff, 0xff, 0xff, 0xce, 0xff, 0xff, 0xff, 0xff, 0xce, 0xff, 0xff, 0xff, 0xff, 0xce,
    0xff, 0xff, 0xff, 0xff, 0xce, 0xff, 0xff, 0xff, 0xff, 0xce, 0xff, 0xff, 0xff, 0xff, 0xce, 0xff, 0xff, 0xff, 0xff,
    0xce, 0xff, 0xff, 0xff, 0xff, 0xce, 0xff, 0xff, 0xff, 0xff, 0xce, 0xff, 0xff, 0xff, 0xff, 0xb7, 0x2e, 0x74, 0x68,
    0x72, 0x65, 0x61, 0x64, 0x67, 0x72, 0x6f, 0x75, 0x70, 0x5f, 0x64, 0x69, 0x6d, 0x65, 0x6e, 0x73, 0x69, 0x6f, 0x6e,
    0x73, 0x93, 0x08, 0x08, 0x01, 0xab, 0x2e, 0x66, 0x6c, 0x6f, 0x61, 0x74, 0x5f, 0x6d, 0x6f, 0x64, 0x65, 0xcc, 0xc0,
    0xae, 0x2e, 0x66, 0x70, 0x31, 0x36, 0x5f, 0x6f, 0x76, 0x65, 0x72, 0x66, 0x6c, 0x6f, 0x77, 0xc2, 0xaa, 0x2e, 0x69,
    0x65, 0x65, 0x65, 0x5f, 0x6d, 0x6f, 0x64, 0x65, 0xc2, 0xa9, 0x2e, 0x77, 0x67, 0x70, 0x5f, 0x6d, 0x6f, 0x64, 0x65,
    0xc2, 0xac, 0x2e, 0x6d, 0x65, 0x6d, 0x5f, 0x6f, 0x72, 0x64, 0x65, 0x72, 0x65, 0x64, 0xc2, 0xb1, 0x2e, 0x66, 0x6f,
    0x72, 0x77, 0x61, 0x72, 0x64, 0x5f, 0x70, 0x72, 0x6f, 0x67, 0x72, 0x65, 0x73, 0x73, 0xc2, 0xab, 0x2e, 0x75, 0x73,
    0x65, 0x72, 0x5f, 0x73, 0x67, 0x70, 0x72, 0x73, 0x03, 0xa8, 0x2e, 0x65, 0x78, 0x63, 0x70, 0x5f, 0x65, 0x6e, 0x00,
    0xab, 0x2e, 0x73, 0x63, 0x72, 0x61, 0x74, 0x63, 0x68, 0x5f, 0x65, 0x6e, 0xc2, 0xad, 0x2e, 0x74, 0x72, 0x61, 0x70,
    0x5f, 0x70, 0x72, 0x65, 0x73, 0x65, 0x6e, 0x74, 0xc2, 0xb0, 0x2e, 0x73, 0x68, 0x61, 0x72, 0x65, 0x64, 0x5f, 0x76,
    0x67, 0x70, 0x72, 0x5f, 0x63, 0x6e, 0x74, 0x00, 0xad, 0x2e, 0x77, 0x61, 0x76, 0x65, 0x73, 0x5f, 0x70, 0x65, 0x72,
    0x5f, 0x73, 0x65, 0x00, 0xaf, 0x2e, 0x63, 0x68, 0x65, 0x63, 0x6b, 0x73, 0x75, 0x6d, 0x5f, 0x76, 0x61, 0x6c, 0x75,
    0x65, 0xce, 0x87, 0xd8, 0x27, 0x9e, 0xaa, 0x2e, 0x72, 0x65, 0x67, 0x69, 0x73, 0x74, 0x65, 0x72, 0x73, 0x81, 0xcd,
    0x2e, 0x42, 0x00, 0xa5, 0x2e, 0x6e, 0x61, 0x6d, 0x65, 0xb5, 0x4d, 0x6c, 0x61, 0x61, 0x43, 0x61, 0x6c, 0x63, 0x53,
    0x65, 0x70, 0x45, 0x64, 0x67, 0x65, 0x4c, 0x65, 0x6e, 0x67, 0x74, 0x68, 0xb7, 0x2e, 0x69, 0x6e, 0x74, 0x65, 0x72,
    0x6e, 0x61, 0x6c, 0x5f, 0x70, 0x69, 0x70, 0x65, 0x6c, 0x69, 0x6e, 0x65, 0x5f, 0x68, 0x61, 0x73, 0x68, 0x92, 0xcf,
    0xbf, 0xd3, 0x85, 0x98, 0x87, 0xd1, 0x19, 0x25, 0xcf, 0x3e, 0x7a, 0xf7, 0x74, 0xf2, 0x1d, 0x1e, 0x50, 0xb2, 0x2e,
    0x63, 0x6f, 0x6d, 0x70, 0x75, 0x74, 0x65, 0x5f, 0x72, 0x65, 0x67, 0x69, 0x73, 0x74, 0x65, 0x72, 0x73, 0x85, 0xaf,
    0x2e, 0x74, 0x69, 0x64, 0x69, 0x67, 0x5f, 0x63, 0x6f, 0x6d, 0x70, 0x5f, 0x63, 0x6e, 0x74, 0x01, 0xaa, 0x2e, 0x74,
    0x67, 0x69, 0x64, 0x5f, 0x78, 0x5f, 0x65, 0x6e, 0xc3, 0xaa, 0x2e, 0x74, 0x67, 0x69, 0x64, 0x5f, 0x79, 0x5f, 0x65,
    0x6e, 0xc3, 0xaa, 0x2e, 0x74, 0x67, 0x69, 0x64, 0x5f, 0x7a, 0x5f, 0x65, 0x6e, 0xc2, 0xab, 0x2e, 0x74, 0x67, 0x5f,
    0x73, 0x69, 0x7a, 0x65, 0x5f, 0x65, 0x6e, 0xc2, 0xa4, 0x2e, 0x61, 0x70, 0x69, 0xa7, 0x73, 0x63, 0x70, 0x63, 0x42,
    0x6c, 0x64, 0x00, 0x00, 0x00, 0x00, 0x00, 0x00, 0x00, 0x00, 0x00, 0x00, 0x00, 0x00, 0x00, 0x00, 0x00, 0x00, 0x00,
    0x00, 0x00, 0x00, 0x00, 0x00, 0x00, 0x00, 0x00, 0x00, 0x00, 0x00, 0x00, 0x00, 0x00, 0x00, 0x00, 0x00, 0x00, 0x00,
    0x00, 0x00, 0x00, 0x00, 0x00, 0x00, 0x00, 0x00, 0x00, 0x00, 0x00, 0x00, 0x00, 0x00, 0x00, 0x00, 0x00, 0x00, 0x00,
    0x00, 0x00, 0x00, 0x00, 0x00, 0x00, 0x00, 0x00, 0x00, 0x00, 0x00, 0x00, 0x00, 0x01, 0x00, 0x00, 0x00, 0x03, 0x00,
    0x00, 0x00, 0x00, 0x00, 0x00, 0x00, 0x00, 0x00, 0x00, 0x00, 0x00, 0x00, 0x00, 0x00, 0x00, 0x00, 0x00, 0x00, 0x40,
    0x00, 0x00, 0x00, 0x00, 0x00, 0x00, 0x00, 0x36, 0x00, 0x00, 0x00, 0x00, 0x00, 0x00, 0x00, 0x00, 0x00, 0x00, 0x00,
    0x00, 0x00, 0x00, 0x00, 0x00, 0x00, 0x00, 0x00, 0x00, 0x00, 0x00, 0x00, 0x00, 0x00, 0x00, 0x00, 0x00, 0x00, 0x00,
    0x00, 0x0b, 0x00, 0x00, 0x00, 0x01, 0x00, 0x00, 0x00, 0x06, 0x00, 0x00, 0x00, 0x00, 0x00, 0x00, 0x00, 0x00, 0x00,
    0x00, 0x00, 0x00, 0x00, 0x00, 0x00, 0x76, 0x00, 0x00, 0x00, 0x00, 0x00, 0x00, 0x00, 0xb0, 0x05, 0x00, 0x00, 0x00,
    0x00, 0x00, 0x00, 0x00, 0x00, 0x00, 0x00, 0x00, 0x00, 0x00, 0x00, 0x00, 0x01, 0x00, 0x00, 0x00, 0x00, 0x00, 0x00,
    0x00, 0x00, 0x00, 0x00, 0x00, 0x00, 0x00, 0x00, 0x11, 0x00, 0x00, 0x00, 0x01, 0x00, 0x00, 0x00, 0x03, 0x00, 0x00,
    0x00, 0x00, 0x00, 0x00, 0x00, 0x00, 0x00, 0x00, 0x00, 0x00, 0x00, 0x00, 0x00, 0x26, 0x06, 0x00, 0x00, 0x00, 0x00,
    0x00, 0x00, 0x10, 0x00, 0x00, 0x00, 0x00, 0x00, 0x00, 0x00, 0x00, 0x00, 0x00, 0x00, 0x00, 0x00, 0x00, 0x00, 0x20,
    0x00, 0x00, 0x00, 0x00, 0x00, 0x00, 0x00, 0x00, 0x00, 0x00, 0x00, 0x00, 0x00, 0x00, 0x00, 0x17, 0x00, 0x00, 0x00,
    0x01, 0x00, 0x00, 0x00, 0x00, 0x00, 0x00, 0x00, 0x00, 0x00, 0x00, 0x00, 0x00, 0x00, 0x00, 0x00, 0x00, 0x00, 0x00,
    0x00, 0x36, 0x06, 0x00, 0x00, 0x00, 0x00, 0x00, 0x00, 0x50, 0x00, 0x00, 0x00, 0x00, 0x00, 0x00, 0x00, 0x00, 0x00,
    0x00, 0x00, 0x00, 0x00, 0x00, 0x00, 0x00, 0x00, 0x00, 0x00, 0x00, 0x00, 0x00, 0x00, 0x00, 0x00, 0x00, 0x00, 0x00,
    0x00, 0x00, 0x00, 0x20, 0x00, 0x00, 0x00, 0x03, 0x00, 0x00, 0x00, 0x00, 0x00, 0x00, 0x00, 0x00, 0x00, 0x00, 0x00,
    0x00, 0x00, 0x00, 0x00, 0x00, 0x00, 0x00, 0x00, 0x86, 0x06, 0x00, 0x00, 0x00, 0x00, 0x00, 0x00, 0x2b, 0x00, 0x00,
    0x00, 0x00, 0x00, 0x00, 0x00, 0x00, 0x00, 0x00, 0x00, 0x00, 0x00, 0x00, 0x00, 0x00, 0x00, 0x00, 0x00, 0x00, 0x00,
    0x00, 0x00, 0x00, 0x00, 0x00, 0x00, 0x00, 0x00, 0x00, 0x00, 0x28, 0x00, 0x00, 0x00, 0x02, 0x00, 0x00, 0x00, 0x00,
    0x00, 0x00, 0x00, 0x00, 0x00, 0x00, 0x00, 0x00, 0x00, 0x00, 0x00, 0x00, 0x00, 0x00, 0x00, 0xb1, 0x06, 0x00, 0x00,
    0x00, 0x00, 0x00, 0x00, 0x48, 0x00, 0x00, 0x00, 0x00, 0x00, 0x00, 0x00, 0x05, 0x00, 0x00, 0x00, 0x00, 0x00, 0x00,
    0x00, 0x00, 0x00, 0x00, 0x00, 0x00, 0x00, 0x00, 0x00, 0x18, 0x00, 0x00, 0x00, 0x00, 0x00, 0x00, 0x00, 0x30, 0x00,
    0x00, 0x00, 0x07, 0x00, 0x00, 0x00, 0x00, 0x00, 0x00, 0x00, 0x00, 0x00, 0x00, 0x00, 0x00, 0x00, 0x00, 0x00, 0x00,
    0x00, 0x00, 0x00, 0xf9, 0x06, 0x00, 0x00, 0x00, 0x00, 0x00, 0x00, 0x2c, 0x04, 0x00, 0x00, 0x00, 0x00, 0x00, 0x00,
    0x00, 0x00, 0x00, 0x00, 0x00, 0x00, 0x00, 0x00, 0x00, 0x00, 0x00, 0x00, 0x00, 0x00, 0x00, 0x00, 0x00, 0x00, 0x00,
    0x00, 0x00, 0x00, 0x00, 0x00,
};

// Mlaa Calc Sep Edge Length Fast compute shader binary
inline constexpr Util::uint8 MlaaCalcSepEdgeLengthFast_Cs_20DE282F[] =
{
    0x7f, 0x45, 0x4c, 0x46, 0x02, 0x01, 0x01, 0x41, 0x00, 0x00, 0x00, 0x00, 0x00, 0x00, 0x00, 0x00, 0x01, 0x00, 0xe0,
    0x00, 0x01, 0x00, 0x00, 0x00, 0x00, 0x00, 0x00, 0x00, 0x00, 0x00, 0x00, 0x00, 0x00, 0x00, 0x00, 0x00, 0x00, 0x00,
    0x00, 0x00, 0x34, 0x0d, 0x00, 0x00, 0x00, 0x00, 0x00, 0x00, 0x43, 0x05, 0x00, 0x00, 0x40, 0x00, 0x00, 0x00, 0x00,
    0x00, 0x40, 0x00, 0x08, 0x00, 0x01, 0x00, 0x00, 0x2e, 0x73, 0x68, 0x73, 0x74, 0x72, 0x74, 0x61, 0x62, 0x00, 0x2e,
    0x74, 0x65, 0x78, 0x74, 0x00, 0x2e, 0x64, 0x61, 0x74, 0x61, 0x00, 0x2e, 0x63, 0x6f, 0x6d, 0x6d, 0x65, 0x6e, 0x74,
    0x00, 0x2e, 0x73, 0x74, 0x72, 0x74, 0x61, 0x62, 0x00, 0x2e, 0x73, 0x79, 0x6d, 0x74, 0x61, 0x62, 0x00, 0x2e, 0x6e,
    0x6f, 0x74, 0x65, 0x00, 0x06, 0x20, 0x80, 0xb0, 0x02, 0x00, 0xb5, 0xbf, 0x03, 0x00, 0xb5, 0xbf, 0x80, 0x47, 0x86,
    0xbe, 0x03, 0x00, 0x84, 0xbf, 0x02, 0x00, 0x80, 0xbe, 0x07, 0x00, 0x81, 0xbe, 0x80, 0x01, 0x04, 0xf4, 0x44, 0x00,
    0x00, 0xf8, 0xff, 0x00, 0x02, 0x36, 0xff, 0x03, 0x00, 0x00, 0x00, 0x00, 0x10, 0xd6, 0x00, 0x15, 0x29, 0x02, 0x12,
    0x01, 0x87, 0xbf, 0x01, 0x00, 0x46, 0xd6, 0x03, 0x06, 0x05, 0x04, 0x02, 0x00, 0x46, 0xd6, 0x04, 0x06, 0x01, 0x04,
    0x07, 0xfc, 0x89, 0xbf, 0x12, 0x01, 0x87, 0xbf, 0x02, 0x00, 0x4e, 0xd4, 0x06, 0x02, 0x02, 0x00, 0x07, 0x04, 0x9c,
    0x7c, 0x02, 0x6a, 0xea, 0x8b, 0x09, 0x00, 0x87, 0xbf, 0x6a, 0x21, 0x82, 0xbe, 0x8f, 0x01, 0xa5, 0xbf, 0x00, 0x02,
    0x0c, 0xf4, 0x20, 0x00, 0x00, 0xf8, 0x06, 0x02, 0x00, 0x22, 0x07, 0x04, 0x06, 0x22, 0x07, 0xfc, 0x89, 0xbf, 0x85,
    0x01, 0x00, 0xf0, 0x00, 0x00, 0x02, 0x00, 0x03, 0x00, 0x00, 0x00, 0xf7, 0x03, 0x89, 0xbf, 0x83, 0x00, 0x06, 0x36,
    0x7e, 0x01, 0x84, 0xbe, 0x01, 0x00, 0x87, 0xbf, 0x7e, 0x00, 0xcd, 0xd4, 0x03, 0x01, 0x01, 0x00, 0x64, 0x01, 0xa5,
    0xbf, 0xc1, 0x02, 0x06, 0x4a, 0x81, 0x02, 0x08, 0x4a, 0x81, 0x04, 0x0a, 0x4a, 0x93, 0x01, 0x87, 0xbf, 0x06, 0x06,
    0x10, 0x26, 0x06, 0x08, 0x08, 0x26, 0xc3, 0x01, 0x87, 0xbf, 0x07, 0x0a, 0x06, 0x26, 0xc1, 0x04, 0x0a, 0x4a, 0x07,
    0x04, 0x0c, 0x26, 0x06, 0x02, 0x12, 0x26, 0x07, 0x0a, 0x0e, 0x26, 0xc2, 0x02, 0x0a, 0x4a, 0x82, 0x02, 0x14, 0x4a,
    0x82, 0x04, 0x16, 0x4a, 0x93, 0x01, 0x87, 0xbf, 0x06, 0x0a, 0x0a, 0x26, 0x06, 0x14, 0x18, 0x26, 0xa3, 0x00, 0x87,
    0xbf, 0x07, 0x16, 0x14, 0x26, 0xc2, 0x04, 0x16, 0x4a, 0x07, 0x16, 0x16, 0x26, 0xc3, 0x02, 0x1a, 0x4a, 0x83, 0x02,
    0x1c, 0x4a, 0x83, 0x04, 0x1e, 0x4a, 0x93, 0x01, 0x87, 0xbf, 0x06, 0x1a, 0x1a, 0x26, 0x06, 0x1c, 0x20, 0x26, 0xa3,
    0x00, 0x87, 0xbf, 0x07, 0x1e, 0x1c, 0x26, 0xc3, 0x04, 0x1e, 0x4a, 0x07, 0x1e, 0x1e, 0x26, 0xc4, 0x02, 0x22, 0x4a,
    0x84, 0x02, 0x24, 0x4a, 0x84, 0x04, 0x26, 0x4a, 0x93, 0x01, 0x87, 0xbf, 0x06, 0x22, 0x22, 0x26, 0x06, 0x24, 0x28,
    0x26, 0x03, 0x00, 0x87, 0xbf, 0x07, 0x26, 0x24, 0x26, 0x0d, 0x00, 0x85, 0xbf, 0x85, 0x01, 0x00, 0xf0, 0x08, 0x08,
    0x02, 0x00, 0x06, 0x00, 0x00, 0x00, 0x85, 0x01, 0x00, 0xf0, 0x04, 0x04, 0x02, 0x00, 0x06, 0x00, 0x00, 0x00, 0x85,
    0x01, 0x00, 0xf0, 0x09, 0x03, 0x02, 0x00, 0x03, 0x00, 0x00, 0x00, 0x85, 0x01, 0x00, 0xf0, 0x09, 0x07, 0x02, 0x00,
    0x07, 0x00, 0x00, 0x00, 0x85, 0x01, 0x00, 0xf0, 0x05, 0x05, 0x02, 0x00, 0x06, 0x00, 0x00, 0x00, 0x85, 0x01, 0x00,
    0xf0, 0x0c, 0x0c, 0x02, 0x00, 0x06, 0x00, 0x00, 0x00, 0x85, 0x01, 0x00, 0xf0, 0x09, 0x0a, 0x02, 0x00, 0x0a, 0x00,
    0x00, 0x00, 0x85, 0x01, 0x00, 0xf0, 0x09, 0x0b, 0x02, 0x00, 0x0b, 0x00, 0x00, 0x00, 0x85, 0x01, 0x00, 0xf0, 0x0d,
    0x0d, 0x02, 0x00, 0x06, 0x00, 0x00, 0x00, 0x85, 0x01, 0x00, 0xf0, 0x10, 0x10, 0x02, 0x00, 0x06, 0x00, 0x00, 0x00,
    0x85, 0x01, 0x00, 0xf0, 0x09, 0x0e, 0x02, 0x00, 0x0e, 0x00, 0x00, 0x00, 0x85, 0x01, 0x00, 0xf0, 0x09, 0x0f, 0x02,
    0x00, 0x0f, 0x00, 0x00, 0x00, 0x85, 0x01, 0x00, 0xf0, 0x11, 0x11, 0x02, 0x00, 0x06, 0x00, 0x00, 0x00, 0x85, 0x01,
    0x00, 0xf0, 0x14, 0x14, 0x02, 0x00, 0x06, 0x00, 0x00, 0x00, 0xc4, 0x04, 0x26, 0x4a, 0xc1, 0x01, 0x87, 0xbf, 0x07,
    0x26, 0x26, 0x26, 0xc5, 0x02, 0x2a, 0x4a, 0x85, 0x02, 0x2c, 0x4a, 0x85, 0x04, 0x2e, 0x4a, 0x06, 0x2a, 0x2a, 0x26,
    0x93, 0x01, 0x87, 0xbf, 0x06, 0x2c, 0x30, 0x26, 0x07, 0x2e, 0x2c, 0x26, 0xc5, 0x04, 0x2e, 0x4a, 0xc1, 0x01, 0x87,
    0xbf, 0x07, 0x2e, 0x2e, 0x26, 0xc6, 0x02, 0x32, 0x4a, 0x86, 0x02, 0x34, 0x4a, 0x86, 0x04, 0x36, 0x4a, 0x06, 0x32,
    0x32, 0x26, 0x93, 0x01, 0x87, 0xbf, 0x06, 0x34, 0x38, 0x26, 0x07, 0x36, 0x34, 0x26, 0xc6, 0x04, 0x36, 0x4a, 0xc1,
    0x01, 0x87, 0xbf, 0x07, 0x36, 0x36, 0x26, 0xc7, 0x02, 0x3a, 0x4a, 0x87, 0x02, 0x3c, 0x4a, 0x87, 0x04, 0x3e, 0x4a,
    0x06, 0x3a, 0x3a, 0x26, 0x93, 0x01, 0x87, 0xbf, 0x06, 0x3c, 0x40, 0x26, 0x07, 0x3e, 0x3c, 0x26, 0xc7, 0x04, 0x3e,
    0x4a, 0x01, 0x00, 0x87, 0xbf, 0x07, 0x3e, 0x3e, 0x26, 0x0d, 0x00, 0x85, 0xbf, 0x85, 0x01, 0x00, 0xf0, 0x09, 0x12,
    0x02, 0x00, 0x12, 0x00, 0x00, 0x00, 0x85, 0x01, 0x00, 0xf0, 0x09, 0x13, 0x02, 0x00, 0x13, 0x00, 0x00, 0x00, 0x85,
    0x01, 0x00, 0xf0, 0x15, 0x15, 0x02, 0x00, 0x06, 0x00, 0x00, 0x00, 0x85, 0x01, 0x00, 0xf0, 0x18, 0x18, 0x02, 0x00,
    0x06, 0x00, 0x00, 0x00, 0x85, 0x01, 0x00, 0xf0, 0x09, 0x16, 0x02, 0x00, 0x16, 0x00, 0x00, 0x00, 0x85, 0x01, 0x00,
    0xf0, 0x09, 0x17, 0x02, 0x00, 0x17, 0x00, 0x00, 0x00, 0x85, 0x01, 0x00, 0xf0, 0x19, 0x19, 0x02, 0x00, 0x06, 0x00,
    0x00, 0x00, 0x85, 0x01, 0x00, 0xf0, 0x1c, 0x1c, 0x02, 0x00, 0x06, 0x00, 0x00, 0x00, 0x85, 0x01, 0x00, 0xf0, 0x09,
    0x1a, 0x02, 0x00, 0x1a, 0x00, 0x00, 0x00, 0x85, 0x01, 0x00, 0xf0, 0x09, 0x1b, 0x02, 0x00, 0x1b, 0x00, 0x00, 0x00,
    0x85, 0x01, 0x00, 0xf0, 0x1d, 0x1d, 0x02, 0x00, 0x06, 0x00, 0x00, 0x00, 0x85, 0x01, 0x00, 0xf0, 0x20, 0x06, 0x02,
    0x00, 0x06, 0x00, 0x00, 0x00, 0x85, 0x01, 0x00, 0xf0, 0x09, 0x20, 0x02, 0x00, 0x1e, 0x00, 0x00, 0x00, 0x85, 0x01,
    0x00, 0xf0, 0x09, 0x09, 0x02, 0x00, 0x1f, 0x00, 0x00, 0x00, 0x02, 0x00, 0xb5, 0xbf, 0x81, 0x00, 0x3c, 0x36, 0x82,
    0x00, 0x00, 0x36, 0xa2, 0x01, 0x87, 0xbf, 0x80, 0x3c, 0x8a, 0x7c, 0x1e, 0x00, 0x01, 0xd5, 0x80, 0x10, 0xa9, 0x01,
    0x06, 0x00, 0x45, 0xd4, 0x00, 0x01, 0x01, 0x00, 0x00, 0x00, 0x01, 0xd5, 0x80, 0x10, 0x19, 0x00, 0xf7, 0x6f, 0x89,
    0xbf, 0x80, 0x10, 0x10, 0x02, 0xf7, 0x6b, 0x89, 0xbf, 0x80, 0x08, 0x08, 0x02, 0xf7, 0x67, 0x89, 0xbf, 0x03, 0x00,
    0x01, 0xd5, 0x80, 0x06, 0x1a, 0x00, 0x93, 0x01, 0x87, 0xbf, 0x81, 0x10, 0x3e, 0x36, 0x81, 0x08, 0x44, 0x36, 0xb3,
    0x00, 0x87, 0xbf, 0x82, 0x06, 0x08, 0x36, 0xf7, 0x63, 0x89, 0xbf, 0x03, 0x00, 0x01, 0xd5, 0x80, 0x0e, 0x1a, 0x00,
    0x82, 0x06, 0x10, 0x36, 0x80, 0x3e, 0x84, 0x7c, 0x81, 0x3c, 0x42, 0x02, 0x80, 0x44, 0x84, 0x7c, 0x81, 0x3c, 0x06,
    0x02, 0x80, 0x08, 0x84, 0x7c, 0x81, 0x00, 0x0e, 0x02, 0x80, 0x10, 0x84, 0x7c, 0x81, 0x00, 0x46, 0x02, 0xf7, 0x5f,
    0x89, 0xbf, 0x1f, 0x0b, 0x3e, 0x36, 0xf7, 0x5b, 0x89, 0xbf, 0x22, 0x19, 0x44, 0x36, 0xf7, 0x57, 0x89, 0xbf, 0x04,
    0x15, 0x08, 0x36, 0xf7, 0x53, 0x89, 0xbf, 0x08, 0x17, 0x0a, 0x36, 0x81, 0x42, 0x10, 0x4a, 0x1e, 0x43, 0x14, 0x38,
    0x80, 0x3e, 0x8a, 0x7c, 0x81, 0x06, 0x16, 0x4a, 0xc3, 0x01, 0x87, 0xbf, 0x0a, 0x11, 0x10, 0x02, 0x1e, 0x07, 0x18,
    0x38, 0x80, 0x44, 0x8a, 0x7c, 0x81, 0x0e, 0x06, 0x4a, 0x0c, 0x17, 0x18, 0x02, 0x00, 0x0f, 0x42, 0x38, 0x80, 0x08,
    0x8a, 0x7c, 0x81, 0x46, 0x0e, 0x4a, 0x33, 0x01, 0x87, 0xbf, 0x21, 0x07, 0x06, 0x02, 0x00, 0x47, 0x42, 0x38, 0x80,
    0x0a, 0x8a, 0x7c, 0x21, 0x0f, 0x0e, 0x02, 0xf7, 0x4f, 0x89, 0xbf, 0x1f, 0x1b, 0x14, 0x36, 0xf7, 0x4b, 0x89, 0xbf,
    0x22, 0x21, 0x16, 0x36, 0xf7, 0x47, 0x89, 0xbf, 0x04, 0x1d, 0x08, 0x36, 0xf7, 0x43, 0x89, 0xbf, 0x05, 0x1f, 0x0a,
    0x36, 0x81, 0x10, 0x1a, 0x4a, 0x1e, 0x11, 0x1c, 0x38, 0x80, 0x14, 0x8a, 0x7c, 0x81, 0x18, 0x10, 0x4a, 0xc3, 0x01,
    0x87, 0xbf, 0x0e, 0x1b, 0x1a, 0x02, 0x1e, 0x19, 0x1c, 0x38, 0x80, 0x16, 0x8a, 0x7c, 0x81, 0x06, 0x18, 0x4a, 0x0e,
    0x11, 0x10, 0x02, 0x00, 0x07, 0x06, 0x38, 0x80, 0x08, 0x8a, 0x7c, 0x81, 0x0e, 0x1c, 0x4a, 0x33, 0x01, 0x87, 0xbf,
    0x03, 0x19, 0x06, 0x02, 0x00, 0x0f, 0x18, 0x38, 0x80, 0x0a, 0x8a, 0x7c, 0x0c, 0x1d, 0x0e, 0x02, 0xf7, 0x3f, 0x89,
    0xbf, 0x0a, 0x23, 0x14, 0x36, 0xf7, 0x3b, 0x89, 0xbf, 0x0b, 0x29, 0x16, 0x36, 0xf7, 0x37, 0x89, 0xbf, 0x04, 0x25,
    0x08, 0x36, 0xf7, 0x33, 0x89, 0xbf, 0x05, 0x27, 0x0a, 0x36, 0x81, 0x1a, 0x18, 0x4a, 0x1e, 0x1b, 0x1c, 0x38, 0x80,
    0x14, 0x8a, 0x7c, 0x81, 0x10, 0x1a, 0x4a, 0xc3, 0x01, 0x87, 0xbf, 0x0e, 0x19, 0x18, 0x02, 0x1e, 0x11, 0x1c, 0x38,
    0x80, 0x16, 0x8a, 0x7c, 0x81, 0x06, 0x10, 0x4a, 0x0e, 0x1b, 0x1a, 0x02, 0x00, 0x07, 0x06, 0x38, 0x80, 0x08, 0x8a,
    0x7c, 0x81, 0x0e, 0x1c, 0x4a, 0x33, 0x01, 0x87, 0xbf, 0x03, 0x11, 0x06, 0x02, 0x00, 0x0f, 0x10, 0x38, 0x80, 0x0a,
    0x8a, 0x7c, 0x08, 0x1d, 0x0e, 0x02, 0xf7, 0x2f, 0x89, 0xbf, 0x0a, 0x2b, 0x14, 0x36, 0xf7, 0x2b, 0x89, 0xbf, 0x0b,
    0x31, 0x16, 0x36, 0xf7, 0x27, 0x89, 0xbf, 0x04, 0x2d, 0x08, 0x36, 0xf7, 0x23, 0x89, 0xbf, 0x05, 0x2f, 0x0a, 0x36,
    0x81, 0x18, 0x10, 0x4a, 0x1e, 0x19, 0x1c, 0x38, 0x80, 0x14, 0x8a, 0x7c, 0x81, 0x1a, 0x18, 0x4a, 0xc3, 0x01, 0x87,
    0xbf, 0x0e, 0x11, 0x10, 0x02, 0x1e, 0x1b, 0x1c, 0x38, 0x80, 0x16, 0x8a, 0x7c, 0x81, 0x06, 0x1a, 0x4a, 0x0e, 0x19,
    0x18, 0x02, 0x00, 0x07, 0x06, 0x38, 0x80, 0x08, 0x8a, 0x7c, 0x81, 0x0e, 0x1c, 0x4a, 0x33, 0x01, 0x87, 0xbf, 0x03,
    0x1b, 0x06, 0x02, 0x00, 0x0f, 0x1a, 0x38, 0x80, 0x0a, 0x8a, 0x7c, 0x0d, 0x1d, 0x0e, 0x02, 0xf7, 0x1f, 0x89, 0xbf,
    0x0a, 0x33, 0x14, 0x36, 0xf7, 0x1b, 0x89, 0xbf, 0x0b, 0x39, 0x1a, 0x36, 0xf7, 0x17, 0x89, 0xbf, 0x04, 0x35, 0x16,
    0x36, 0xf7, 0x13, 0x89, 0xbf, 0x05, 0x37, 0x1c, 0x36, 0x81, 0x10, 0x08, 0x4a, 0x1e, 0x11, 0x1e, 0x38, 0x80, 0x14,
    0x8a, 0x7c, 0x81, 0x18, 0x0a, 0x4a, 0xc3, 0x01, 0x87, 0xbf, 0x0f, 0x09, 0x08, 0x02, 0x1e, 0x19, 0x1e, 0x38, 0x80,
    0x1a, 0x8a, 0x7c, 0x81, 0x06, 0x10, 0x4a, 0x0f, 0x0b, 0x0a, 0x02, 0x00, 0x07, 0x06, 0x38, 0x80, 0x16, 0x8a, 0x7c,
    0x81, 0x0e, 0x18, 0x4a, 0x33, 0x01, 0x87, 0xbf, 0x03, 0x11, 0x06, 0x02, 0x00, 0x0f, 0x0e, 0x38, 0x80, 0x1c, 0x8a,
    0x7c, 0x07, 0x19, 0x0e, 0x02, 0xf7, 0x0f, 0x89, 0xbf, 0x0a, 0x3b, 0x10, 0x36, 0xf7, 0x0b, 0x89, 0xbf, 0x0d, 0x0d,
    0x0c, 0x36, 0xf7, 0x07, 0x89, 0xbf, 0x0b, 0x41, 0x14, 0x36, 0x93, 0x01, 0x87, 0xbf, 0x06, 0x00, 0x45, 0xd4, 0x08,
    0x01, 0x01, 0x00, 0x08, 0x00, 0x45, 0xd4, 0x06, 0x01, 0x01, 0x00, 0xd3, 0x01, 0x87, 0xbf, 0x80, 0x14, 0x8a, 0x7c,
    0x00, 0x07, 0x0c, 0x38, 0x81, 0x06, 0x10, 0x4a, 0x1e, 0x0b, 0x06, 0x38, 0x81, 0x0a, 0x0a, 0x4a, 0x06, 0x11, 0x16,
    0x02, 0x1e, 0x09, 0x14, 0x38, 0xd3, 0x01, 0x87, 0xbf, 0x06, 0x00, 0x01, 0xd5, 0x03, 0x0b, 0x22, 0x00, 0x81, 0x08,
    0x08, 0x4a, 0xf7, 0x03, 0x89, 0xbf, 0x0e, 0x13, 0x0a, 0x36, 0x81, 0x0e, 0x10, 0x4a, 0x04, 0x00, 0x01, 0xd5, 0x0a,
    0x09, 0x1a, 0x00, 0xa3, 0x00, 0x87, 0xbf, 0x80, 0x0a, 0x8a, 0x7c, 0x00, 0x0f, 0x0e, 0x38, 0x07, 0x11, 0x0e, 0x02,
    0x02, 0x00, 0xb5, 0xbf, 0x04, 0x7e, 0xfe, 0x91, 0x80, 0x02, 0x08, 0x7e, 0x80, 0x02, 0x16, 0x7e, 0x80, 0x02, 0x0c,
    0x7e, 0x80, 0x02, 0x0e, 0x7e, 0x04, 0x01, 0xfe, 0xbe, 0x00, 0x01, 0x0c, 0xf4, 0x00, 0x00, 0x00, 0xf8, 0x84, 0x08,
    0x00, 0x30, 0x84, 0x16, 0x06, 0x30, 0x12, 0x01, 0x87, 0xbf, 0xff, 0x00, 0x00, 0x36, 0xf0, 0x00, 0x00, 0x00, 0xff,
    0x06, 0x08, 0x36, 0xf0, 0x00, 0x00, 0x00, 0x12, 0x01, 0x87, 0xbf, 0x03, 0x00, 0x12, 0xd6, 0x8f, 0x0c, 0x02, 0x04,
    0x04, 0x00, 0x12, 0xd6, 0x8f, 0x0e, 0x12, 0x04, 0x02, 0x00, 0x87, 0xbf, 0x03, 0x03, 0x0a, 0x7e, 0x03, 0x03, 0x0c,
    0x7e, 0x07, 0xfc, 0x89, 0xbf, 0x85, 0x4f, 0x18, 0xf0, 0x01, 0x03, 0x01, 0x00, 0x02, 0x00, 0x00, 0x00, 0x02, 0x00,
    0xb5, 0xbf, 0x00, 0x00, 0x80, 0xbf, 0x03, 0x00, 0xb6, 0xbf, 0x00, 0x00, 0xb0, 0xbf, 0x00, 0x00, 0x9f, 0xbf, 0x00,
    0x00, 0x9f, 0xbf, 0x00, 0x00, 0x9f, 0xbf, 0x00, 0x00, 0x9f, 0xbf, 0x00, 0x00, 0x9f, 0xbf, 0x00, 0x00, 0x9f, 0xbf,
    0x00, 0x00, 0x9f, 0xbf, 0x00, 0x00, 0x9f, 0xbf, 0x00, 0x00, 0x9f, 0xbf, 0x00, 0x00, 0x9f, 0xbf, 0x00, 0x00, 0x9f,
    0xbf, 0x00, 0x00, 0x9f, 0xbf, 0x00, 0x00, 0x9f, 0xbf, 0x00, 0x00, 0x9f, 0xbf, 0x00, 0x00, 0x9f, 0xbf, 0x00, 0x00,
    0x9f, 0xbf, 0x00, 0x00, 0x9f, 0xbf, 0x00, 0x00, 0x9f, 0xbf, 0x00, 0x00, 0x9f, 0xbf, 0x00, 0x00, 0x9f, 0xbf, 0x00,
    0x00, 0x9f, 0xbf, 0x00, 0x00, 0x9f, 0xbf, 0x00, 0x00, 0x9f, 0xbf, 0x00, 0x00, 0x9f, 0xbf, 0x00, 0x00, 0x9f, 0xbf,
    0x00, 0x00, 0x9f, 0xbf, 0x00, 0x00, 0x9f, 0xbf, 0x00, 0x00, 0x9f, 0xbf, 0x00, 0x00, 0x9f, 0xbf, 0x00, 0x00, 0x9f,
    0xbf, 0x00, 0x00, 0x9f, 0xbf, 0x00, 0x00, 0x9f, 0xbf, 0x00, 0x00, 0x9f, 0xbf, 0x00, 0x00, 0x9f, 0xbf, 0x00, 0x00,
    0x9f, 0xbf, 0x00, 0x00, 0x9f, 0xbf, 0x00, 0x00, 0x9f, 0xbf, 0x00, 0x00, 0x9f, 0xbf, 0x00, 0x00, 0x9f, 0xbf, 0x00,
    0x00, 0x9f, 0xbf, 0x00, 0x00, 0x9f, 0xbf, 0x00, 0x00, 0x9f, 0xbf, 0x00, 0x00, 0x9f, 0xbf, 0x00, 0x00, 0x9f, 0xbf,
    0x00, 0x00, 0x9f, 0xbf, 0x00, 0x00, 0x9f, 0xbf, 0x00, 0x00, 0x9f, 0xbf, 0x00, 0x00, 0x9f, 0xbf, 0x00, 0x00, 0x9f,
    0xbf, 0x00, 0x00, 0x9f, 0xbf, 0x00, 0x00, 0x9f, 0xbf, 0x00, 0x00, 0x9f, 0xbf, 0x00, 0x00, 0x9f, 0xbf, 0x00, 0x00,
    0x9f, 0xbf, 0x00, 0x00, 0x9f, 0xbf, 0x00, 0x00, 0x9f, 0xbf, 0x00, 0x00, 0x9f, 0xbf, 0x00, 0x00, 0x9f, 0xbf, 0x00,
    0x00, 0x9f, 0xbf, 0x00, 0x00, 0x9f, 0xbf, 0x00, 0x00, 0x9f, 0xbf, 0x00, 0x00, 0x9f, 0xbf, 0x00, 0x00, 0x9f, 0xbf,
    0x00, 0x00, 0x9f, 0xbf, 0x00, 0x00, 0x00, 0x00, 0x00, 0x00, 0x10, 0x00, 0x00, 0x00, 0x00, 0x00, 0xac, 0xdf, 0x03,
    0x10, 0x47, 0x65, 0x6e, 0x65, 0x72, 0x61, 0x74, 0x65, 0x64, 0x20, 0x62, 0x79, 0x20, 0x74, 0x68, 0x65, 0x20, 0x41,
    0x64, 0x76, 0x61, 0x6e, 0x63, 0x65, 0x64, 0x20, 0x4d, 0x69, 0x63, 0x72, 0x6f, 0x20, 0x44, 0x65, 0x76, 0x69, 0x63,
    0x65, 0x73, 0x2c, 0x20, 0x49, 0x6e, 0x63, 0x2e, 0x2c, 0x20, 0x50, 0x72, 0x6f, 0x70, 0x72, 0x69, 0x65, 0x74, 0x61,
    0x72, 0x79, 0x20, 0x47, 0x50, 0x55, 0x20, 0x53, 0x68, 0x61, 0x64, 0x65, 0x72, 0x20, 0x43, 0x6f, 0x6d, 0x70, 0x69,
    0x6c, 0x65, 0x72, 0x2e, 0x00, 0x00, 0x5f, 0x61, 0x6d, 0x64, 0x67, 0x70, 0x75, 0x5f, 0x63, 0x73, 0x5f, 0x6d, 0x61,
    0x69, 0x6e, 0x00, 0x5f, 0x61, 0x6d, 0x64, 0x67, 0x70, 0x75, 0x5f, 0x63, 0x73, 0x5f, 0x73, 0x68, 0x64, 0x72, 0x5f,
    0x69, 0x6e, 0x74, 0x72, 0x6c, 0x5f, 0x74, 0x62, 0x6c, 0x00, 0x00, 0x00, 0x00, 0x00, 0x00, 0x00, 0x00, 0x00, 0x00,
    0x00, 0x00, 0x00, 0x00, 0x00, 0x00, 0x00, 0x00, 0x00, 0x00, 0x00, 0x00, 0x00, 0x00, 0x00, 0x01, 0x00, 0x00, 0x00,
    0x12, 0x00, 0x02, 0x00, 0x00, 0x00, 0x00, 0x00, 0x00, 0x00, 0x00, 0x00, 0xb8, 0x07, 0x00, 0x00, 0x00, 0x00, 0x00,
    0x00, 0x11, 0x00, 0x00, 0x00, 0x11, 0x00, 0x03, 0x00, 0x00, 0x00, 0x00, 0x00, 0x00, 0x00, 0x00, 0x00, 0x10, 0x00,
    0x00, 0x00, 0x00, 0x00, 0x00, 0x00, 0x07, 0x00, 0x00, 0x00, 0x1b, 0x04, 0x00, 0x00, 0x20, 0x00, 0x00, 0x00, 0x41,
    0x4d, 0x44, 0x47, 0x50, 0x55, 0x00, 0x00, 0x82, 0xae, 0x61, 0x6d, 0x64, 0x70, 0x61, 0x6c, 0x2e, 0x76, 0x65, 0x72,
    0x73, 0x69, 0x6f, 0x6e, 0x92, 0x03, 0x06, 0xb0, 0x61, 0x6d, 0x64, 0x70, 0x61, 0x6c, 0x2e, 0x70, 0x69, 0x70, 0x65,
    0x6c, 0x69, 0x6e, 0x65, 0x73, 0x91, 0x8b, 0xa5, 0x2e, 0x74, 0x79, 0x70, 0x65, 0xa2, 0x43, 0x73, 0xae, 0x2e, 0x72,
    0x65, 0x73, 0x6f, 0x75, 0x72, 0x63, 0x65, 0x5f, 0x68, 0x61, 0x73, 0x68, 0xcf, 0x9d, 0xab, 0x92, 0x5d, 0x0a, 0x7a,
    0xaf, 0x2a, 0xb0, 0x2e, 0x73, 0x70, 0x69, 0x6c, 0x6c, 0x5f, 0x74, 0x68, 0x72, 0x65, 0x73, 0x68, 0x6f, 0x6c, 0x64,
    0xcd, 0xff, 0xff, 0xb0, 0x2e, 0x75, 0x73, 0x65, 0x72, 0x5f, 0x64, 0x61, 0x74, 0x61, 0x5f, 0x6c, 0x69, 0x6d, 0x69,
    0x74, 0x01, 0xa8, 0x2e, 0x73, 0x68, 0x61, 0x64, 0x65, 0x72, 0x73, 0x81, 0xa8, 0x2e, 0x63, 0x6f, 0x6d, 0x70, 0x75,
    0x74, 0x65, 0x83, 0xb0, 0x2e, 0x61, 0x70, 0x69, 0x5f, 0x73, 0x68, 0x61, 0x64, 0x65, 0x72, 0x5f, 0x68, 0x61, 0x73,
    0x68, 0x92, 0xcf, 0x95, 0xb6, 0x6b, 0x13, 0x8c, 0x92, 0x44, 0x07, 0xcf, 0x52, 0x9c, 0xf7, 0xb6, 0x34, 0x11, 0xbb,
    0x10, 0xb1, 0x2e, 0x68, 0x61, 0x72, 0x64, 0x77, 0x61, 0x72, 0x65, 0x5f, 0x6d, 0x61, 0x70, 0x70, 0x69, 0x6e, 0x67,
    0x91, 0xa3, 0x2e, 0x63, 0x73, 0xaf, 0x2e, 0x73, 0x68, 0x61, 0x64, 0x65, 0x72, 0x5f, 0x73, 0x75, 0x62, 0x74, 0x79,
    0x70, 0x65, 0xa7, 0x55, 0x6e, 0x6b, 0x6e, 0x6f, 0x77, 0x6e, 0xb0, 0x2e, 0x68, 0x61, 0x72, 0x64, 0x77, 0x61, 0x72,
    0x65, 0x5f, 0x73, 0x74, 0x61, 0x67, 0x65, 0x73, 0x81, 0xa3, 0x2e, 0x63, 0x73, 0xde, 0x00, 0x1b, 0xb3, 0x2e, 0x65,
    0x6e, 0x74, 0x72, 0x79, 0x5f, 0x70, 0x6f, 0x69, 0x6e, 0x74, 0x5f, 0x73, 0x79, 0x6d, 0x62, 0x6f, 0x6c, 0xaf, 0x5f,
    0x61, 0x6d, 0x64, 0x67, 0x70, 0x75, 0x5f, 0x63, 0x73, 0x5f, 0x6d, 0x61, 0x69, 0x6e, 0xab, 0x2e, 0x73, 0x67, 0x70,
    0x72, 0x5f, 0x63, 0x6f, 0x75, 0x6e, 0x74, 0x10, 0xab, 0x2e, 0x76, 0x67, 0x70, 0x72, 0x5f, 0x63, 0x6f, 0x75, 0x6e,
    0x74, 0x24, 0xa9, 0x2e, 0x6c, 0x64, 0x73, 0x5f, 0x73, 0x69, 0x7a, 0x65, 0x00, 0xb4, 0x2e, 0x73, 0x63, 0x72, 0x61,
    0x74, 0x63, 0x68, 0x5f, 0x6d, 0x65, 0x6d, 0x6f, 0x72, 0x79, 0x5f, 0x73, 0x69, 0x7a, 0x65, 0x00, 0xb4, 0x2e, 0x66,
    0x72, 0x6f, 0x6e, 0x74, 0x65, 0x6e, 0x64, 0x5f, 0x73, 0x74, 0x61, 0x63, 0x6b, 0x5f, 0x73, 0x69, 0x7a, 0x65, 0x00,
    0xb3, 0x2e, 0x62, 0x61, 0x63, 0x6b, 0x65, 0x6e, 0x64, 0x5f, 0x73, 0x74, 0x61, 0x63, 0x6b, 0x5f, 0x73, 0x69, 0x7a,
    0x65, 0x00, 0xb6, 0x2e, 0x70, 0x65, 0x72, 0x66, 0x5f, 0x64, 0x61, 0x74, 0x61, 0x5f, 0x62, 0x75, 0x66, 0x66, 0x65,
    0x72, 0x5f, 0x73, 0x69, 0x7a, 0x65, 0x00, 0xaa, 0x2e, 0x75, 0x73, 0x65, 0x73, 0x5f, 0x75, 0x61, 0x76, 0x73, 0xc3,
    0xac, 0x2e, 0x77, 0x72, 0x69, 0x74, 0x65, 0x73, 0x5f, 0x75, 0x61, 0x76, 0x73, 0xc3, 0xb4, 0x2e, 0x75, 0x73, 0x65,
    0x73, 0x5f, 0x61, 0x70, 0x70, 0x65, 0x6e, 0x64, 0x5f, 0x63, 0x6f, 0x6e, 0x73, 0x75, 0x6d, 0x65, 0xc2, 0xaf, 0x2e,
    0x77, 0x61, 0x76, 0x65, 0x66, 0x72, 0x6f, 0x6e, 0x74, 0x5f, 0x73, 0x69, 0x7a, 0x65, 0x40, 0xb2, 0x2e, 0x75, 0x73,
    0x65, 0x72, 0x5f, 0x64, 0x61, 0x74, 0x61, 0x5f, 0x72, 0x65, 0x67, 0x5f, 0x6d, 0x61, 0x70, 0xdc, 0x00, 0x20, 0xce,
    0xff, 0xff, 0xff, 0xff, 0xce, 0xff, 0xff, 0xff, 0xff, 0x00, 0xce, 0xff, 0xff, 0xff, 0xff, 0xce, 0xff, 0xff, 0xff,
    0xff, 0xce, 0xff, 0xff, 0xff, 0xff, 0xce, 0xff, 0xff, 0xff, 0xff, 0xce, 0xff, 0xff, 0xff, 0xff, 0xce, 0xff, 0xff,
    0xff, 0xff, 0xce, 0xff, 0xff, 0xff, 0xff, 0xce, 0xff, 0xff, 0xff, 0xff, 0xce, 0xff, 0xff, 0xff, 0xff, 0xce, 0xff,
    0xff, 0xff, 0xff, 0xce, 0xff, 0xff, 0xff, 0xff, 0xce, 0xff, 0xff, 0xff, 0xff, 0xce, 0xff, 0xff, 0xff, 0xff, 0xce,
    0xff, 0xff, 0xff, 0xff, 0xce, 0xff, 0xff, 0xff, 0xff, 0xce, 0xff, 0xff, 0xff, 0xff, 0xce, 0xff, 0xff, 0xff, 0xff,
    0xce, 0xff, 0xff, 0xff, 0xff, 0xce, 0xff, 0xff, 0xff, 0xff, 0xce, 0xff, 0xff, 0xff, 0xff, 0xce, 0xff, 0xff, 0xff,
    0xff, 0xce, 0xff, 0xff, 0xff, 0xff, 0xce, 0xff, 0xff, 0xff, 0xff, 0xce, 0xff, 0xff, 0xff, 0xff, 0xce, 0xff, 0xff,
    0xff, 0xff, 0xce, 0xff, 0xff, 0xff, 0xff, 0xce, 0xff, 0xff, 0xff, 0xff, 0xce, 0xff, 0xff, 0xff, 0xff, 0xce, 0xff,
    0xff, 0xff, 0xff, 0xb7, 0x2e, 0x74, 0x68, 0x72, 0x65, 0x61, 0x64, 0x67, 0x72, 0x6f, 0x75, 0x70, 0x5f, 0x64, 0x69,
    0x6d, 0x65, 0x6e, 0x73, 0x69, 0x6f, 0x6e, 0x73, 0x93, 0x08, 0x08, 0x01, 0xab, 0x2e, 0x66, 0x6c, 0x6f, 0x61, 0x74,
    0x5f, 0x6d, 0x6f, 0x64, 0x65, 0xcc, 0xc0, 0xae, 0x2e, 0x66, 0x70, 0x31, 0x36, 0x5f, 0x6f, 0x76, 0x65, 0x72, 0x66,
    0x6c, 0x6f, 0x77, 0xc2, 0xaa, 0x2e, 0x69, 0x65, 0x65, 0x65, 0x5f, 0x6d, 0x6f, 0x64, 0x65, 0xc2, 0xa9, 0x2e, 0x77,
    0x67, 0x70, 0x5f, 0x6d, 0x6f, 0x64, 0x65, 0xc2, 0xac, 0x2e, 0x6d, 0x65, 0x6d, 0x5f, 0x6f, 0x72, 0x64, 0x65, 0x72,
    0x65, 0x64, 0xc2, 0xb1, 0x2e, 0x66, 0x6f, 0x72, 0x77, 0x61, 0x72, 0x64, 0x5f, 0x70, 0x72, 0x6f, 0x67, 0x72, 0x65,
    0x73, 0x73, 0xc2, 0xab, 0x2e, 0x75, 0x73, 0x65, 0x72, 0x5f, 0x73, 0x67, 0x70, 0x72, 0x73, 0x03, 0xa8, 0x2e, 0x65,
    0x78, 0x63, 0x70, 0x5f, 0x65, 0x6e, 0x00, 0xab, 0x2e, 0x73, 0x63, 0x72, 0x61, 0x74, 0x63, 0x68, 0x5f, 0x65, 0x6e,
    0xc2, 0xad, 0x2e, 0x74, 0x72, 0x61, 0x70, 0x5f, 0x70, 0x72, 0x65, 0x73, 0x65, 0x6e, 0x74, 0xc2, 0xb0, 0x2e, 0x73,
    0x68, 0x61, 0x72, 0x65, 0x64, 0x5f, 0x76, 0x67, 0x70, 0x72, 0x5f, 0x63, 0x6e, 0x74, 0x00, 0xad, 0x2e, 0x77, 0x61,
    0x76, 0x65, 0x73, 0x5f, 0x70, 0x65, 0x72, 0x5f, 0x73, 0x65, 0x00, 0xaf, 0x2e, 0x63, 0x68, 0x65, 0x63, 0x6b, 0x73,
    0x75, 0x6d, 0x5f, 0x76, 0x61, 0x6c, 0x75, 0x65, 0xce, 0x7f, 0xa9, 0x63, 0xb2, 0xaa, 0x2e, 0x72, 0x65, 0x67, 0x69,
    0x73, 0x74, 0x65, 0x72, 0x73, 0x81, 0xcd, 0x2e, 0x42, 0x00, 0xa5, 0x2e, 0x6e, 0x61, 0x6d, 0x65, 0xb9, 0x4d, 0x6c,
    0x61, 0x61, 0x43, 0x61, 0x6c, 0x63, 0x53, 0x65, 0x70, 0x45, 0x64, 0x67, 0x65, 0x4c, 0x65, 0x6e, 0x67, 0x74, 0x68,
    0x46, 0x61, 0x73, 0x74, 0xb7, 0x2e, 0x69, 0x6e, 0x74, 0x65, 0x72, 0x6e, 0x61, 0x6c, 0x5f, 0x70, 0x69, 0x70, 0x65,
    0x6c, 0x69, 0x6e, 0x65, 0x5f, 0x68, 0x61, 0x73, 0x68, 0x92, 0xcf, 0x1b, 0x82, 0x04, 0x2d, 0x6d, 0x8a, 0xd5, 0x7b,
    0xcf, 0xdf, 0x28, 0xd3, 0xf6, 0x1c, 0x6f, 0x60, 0x18, 0xb2, 0x2e, 0x63, 0x6f, 0x6d, 0x70, 0x75, 0x74, 0x65, 0x5f,
    0x72, 0x65, 0x67, 0x69, 0x73, 0x74, 0x65, 0x72, 0x73, 0x85, 0xaf, 0x2e, 0x74, 0x69, 0x64, 0x69, 0x67, 0x5f, 0x63,
    0x6f, 0x6d, 0x70, 0x5f, 0x63, 0x6e, 0x74, 0x01, 0xaa, 0x2e, 0x74, 0x67, 0x69, 0x64, 0x5f, 0x78, 0x5f, 0x65, 0x6e,
    0xc3, 0xaa, 0x2e, 0x74, 0x67, 0x69, 0x64, 0x5f, 0x79, 0x5f, 0x65, 0x6e, 0xc3, 0xaa, 0x2e, 0x74, 0x67, 0x69, 0x64,
    0x5f, 0x7a, 0x5f, 0x65, 0x6e, 0xc2, 0xab, 0x2e, 0x74, 0x67, 0x5f, 0x73, 0x69, 0x7a, 0x65, 0x5f, 0x65, 0x6e, 0xc2,
    0xa4, 0x2e, 0x61, 0x70, 0x69, 0xa7, 0x73, 0x63, 0x70, 0x63, 0x42, 0x6c, 0x64, 0x00, 0x00, 0x00, 0x00, 0x00, 0x00,
    0x00, 0x00, 0x00, 0x00, 0x00, 0x00, 0x00, 0x00, 0x00, 0x00, 0x00, 0x00, 0x00, 0x00, 0x00, 0x00, 0x00, 0x00, 0x00,
    0x00, 0x00, 0x00, 0x00, 0x00, 0x00, 0x00, 0x00, 0x00, 0x00, 0x00, 0x00, 0x00, 0x00, 0x00, 0x00, 0x00, 0x00, 0x00,
    0x00, 0x00, 0x00, 0x00, 0x00, 0x00, 0x00, 0x00, 0x00, 0x00, 0x00, 0x00, 0x00, 0x00, 0x00, 0x00, 0x00, 0x00, 0x00,
    0x00, 0x00, 0x00, 0x00, 0x00, 0x01, 0x00, 0x00, 0x00, 0x03, 0x00, 0x00, 0x00, 0x00, 0x00, 0x00, 0x00, 0x00, 0x00,
    0x00, 0x00, 0x00, 0x00, 0x00, 0x00, 0x00, 0x00, 0x00, 0x00, 0x40, 0x00, 0x00, 0x00, 0x00, 0x00, 0x00, 0x00, 0x36,
    0x00, 0x00, 0x00, 0x00, 0x00, 0x00, 0x00, 0x00, 0x00, 0x00, 0x00, 0x00, 0x00, 0x00, 0x00, 0x00, 0x00, 0x00, 0x00,
    0x00, 0x00, 0x00, 0x00, 0x00, 0x00, 0x00, 0x00, 0x00, 0x00, 0x00, 0x00, 0x0b, 0x00, 0x00, 0x00, 0x01, 0x00, 0x00,
    0x00, 0x06, 0x00, 0x00, 0x00, 0x00, 0x00, 0x00, 0x00, 0x00, 0x00, 0x00, 0x00, 0x00, 0x00, 0x00, 0x00, 0x76, 0x00,
    0x00, 0x00, 0x00, 0x00, 0x00, 0x00, 0xb8, 0x07, 0x00, 0x00, 0x00, 0x00, 0x00, 0x00, 0x00, 0x00, 0x00, 0x00, 0x00,
    0x00, 0x00, 0x00, 0x00, 0x01, 0x00, 0x00, 0x00, 0x00, 0x00, 0x00, 0x00, 0x00, 0x00, 0x00, 0x00, 0x00, 0x00, 0x00,
    0x11, 0x00, 0x00, 0x00, 0x01, 0x00, 0x00, 0x00, 0x03, 0x00, 0x00, 0x00, 0x00, 0x00, 0x00, 0x00, 0x00, 0x00, 0x00,
    0x00, 0x00, 0x00, 0x00, 0x00, 0x2e, 0x08, 0x00, 0x00, 0x00, 0x00, 0x00, 0x00, 0x10, 0x00, 0x00, 0x00, 0x00, 0x00,
    0x00, 0x00, 0x00, 0x00, 0x00, 0x00, 0x00, 0x00, 0x00, 0x00, 0x20, 0x00, 0x00, 0x00, 0x00, 0x00, 0x00, 0x00, 0x00,
    0x00, 0x00, 0x00, 0x00, 0x00, 0x00, 0x00, 0x17, 0x00, 0x00, 0x00, 0x01, 0x00, 0x00, 0x00, 0x00, 0x00, 0x00, 0x00,
    0x00, 0x00, 0x00, 0x00, 0x00, 0x00, 0x00, 0x00, 0x00, 0x00, 0x00, 0x00, 0x3e, 0x08, 0x00, 0x00, 0x00, 0x00, 0x00,
    0x00, 0x50, 0x00, 0x00, 0x00, 0x00, 0x00, 0x00, 0x00, 0x00, 0x00, 0x00, 0x00, 0x00, 0x00, 0x00, 0x00, 0x00, 0x00,
    0x00, 0x00, 0x00, 0x00, 0x00, 0x00, 0x00, 0x00, 0x00, 0x00, 0x00, 0x00, 0x00, 0x00, 0x20, 0x00, 0x00, 0x00, 0x03,
    0x00, 0x00, 0x00, 0x00, 0x00, 0x00, 0x00, 0x00, 0x00, 0x00, 0x00, 0x00, 0x00, 0x00, 0x00, 0x00, 0x00, 0x00, 0x00,
    0x8e, 0x08, 0x00, 0x00, 0x00, 0x00, 0x00, 0x00, 0x2b, 0x00, 0x00, 0x00, 0x00, 0x00, 0x00, 0x00, 0x00, 0x00, 0x00,
    0x00, 0x00, 0x00, 0x00, 0x00, 0x00, 0x00, 0x00, 0x00, 0x00, 0x00, 0x00, 0x00, 0x00, 0x00, 0x00, 0x00, 0x00, 0x00,
    0x00, 0x00, 0x28, 0x00, 0x00, 0x00, 0x02, 0x00, 0x00, 0x00, 0x00, 0x00, 0x00, 0x00, 0x00, 0x00, 0x00, 0x00, 0x00,
    0x00, 0x00, 0x00, 0x00, 0x00, 0x00, 0x00, 0xb9, 0x08, 0x00, 0x00, 0x00, 0x00, 0x00, 0x00, 0x48, 0x00, 0x00, 0x00,
    0x00, 0x00, 0x00, 0x00, 0x05, 0x00, 0x00, 0x00, 0x00, 0x00, 0x00, 0x00, 0x00, 0x00, 0x00, 0x00, 0x00, 0x00, 0x00,
    0x00, 0x18, 0x00, 0x00, 0x00, 0x00, 0x00, 0x00, 0x00, 0x30, 0x00, 0x00, 0x00, 0x07, 0x00, 0x00, 0x00, 0x00, 0x00,
    0x00, 0x00, 0x00, 0x00, 0x00, 0x00, 0x00, 0x00, 0x00, 0x00, 0x00, 0x00, 0x00, 0x00, 0x01, 0x09, 0x00, 0x00, 0x00,
    0x00, 0x00, 0x00, 0x30, 0x04, 0x00, 0x00, 0x00, 0x00, 0x00, 0x00, 0x00, 0x00, 0x00, 0x00, 0x00, 0x00, 0x00, 0x00,
    0x00, 0x00, 0x00, 0x00, 0x00, 0x00, 0x00, 0x00, 0x00, 0x00, 0x00, 0x00, 0x00, 0x00, 0x00, 0x00,
};

// Mlaa Calc Sep Edge Length Initial compute shader binary
inline constexpr Util::uint8 MlaaCalcSepEdgeLengthInitial_Cs_20DE282F[] =
{
    0x7f, 0x45, 0x4c, 0x46, 0x02, 0x01, 0x01, 0x41, 0x00, 0x00, 0x00, 0x00, 0x00, 0x00, 0x00, 0x00, 0x01, 0x00, 0xe0,
    0x00, 0x01, 0x00, 0x00, 0x00, 0x00, 0x00, 0x00, 0x00, 0x00, 0x00, 0x00, 0x00, 0x00, 0x00, 0x00, 0x00, 0x00, 0x00,
    0x00, 0x00, 0x14, 0x09, 0x00, 0x00, 0x00, 0x00, 0x00, 0x00, 0x43, 0x05, 0x00, 0x00, 0x40, 0x00, 0x00, 0x00, 0x00,
    0x00, 0x40, 0x00, 0x08, 0x00, 0x01, 0x00, 0x00, 0x2e, 0x73, 0x68, 0x73, 0x74, 0x72, 0x74, 0x61, 0x62, 0x00, 0x2e,
    0x74, 0x65, 0x78, 0x74, 0x00, 0x2e, 0x64, 0x61, 0x74, 0x61, 0x00, 0x2e, 0x63, 0x6f, 0x6d, 0x6d, 0x65, 0x6e, 0x74,
    0x00, 0x2e, 0x73, 0x74, 0x72, 0x74, 0x61, 0x62, 0x00, 0x2e, 0x73, 0x79, 0x6d, 0x74, 0x61, 0x62, 0x00, 0x2e, 0x6e,
    0x6f, 0x74, 0x65, 0x00, 0x06, 0x20, 0x80, 0xb0, 0x02, 0x00, 0xb5, 0xbf, 0x80, 0x47, 0x86, 0xbe, 0x03, 0x00, 0x84,
    0xbf, 0x02, 0x00, 0x80, 0xbe, 0x07, 0x00, 0x81, 0xbe, 0x00, 0x02, 0x08, 0xf4, 0xa0, 0x00, 0x00, 0xf8, 0xff, 0x00,
    0x02, 0x36, 0xff, 0x03, 0x00, 0x00, 0x00, 0x00, 0x10, 0xd6, 0x00, 0x15, 0x29, 0x02, 0x12, 0x01, 0x87, 0xbf, 0x04,
    0x00, 0x46, 0xd6, 0x03, 0x06, 0x05, 0x04, 0x06, 0x00, 0x46, 0xd6, 0x04, 0x06, 0x01, 0x04, 0x07, 0xfc, 0x89, 0xbf,
    0x12, 0x01, 0x87, 0xbf, 0x02, 0x00, 0x4e, 0xd4, 0x09, 0x08, 0x02, 0x00, 0x0a, 0x0c, 0x9c, 0x7c, 0x02, 0x6a, 0xea,
    0x8b, 0x09, 0x00, 0x87, 0xbf, 0x6a, 0x21, 0x82, 0xbe, 0x88, 0x00, 0xa5, 0xbf, 0x00, 0x03, 0x0c, 0xf4, 0x40, 0x00,
    0x00, 0xf8, 0x07, 0xfc, 0x89, 0xbf, 0x85, 0x01, 0x00, 0xf0, 0x04, 0x00, 0x03, 0x00, 0x06, 0x00, 0x00, 0x00, 0xf7,
    0x03, 0x89, 0xbf, 0x83, 0x00, 0x02, 0x36, 0x7e, 0x01, 0x84, 0xbe, 0x01, 0x00, 0x87, 0xbf, 0x7e, 0x00, 0xc5, 0xd4,
    0x01, 0x01, 0x01, 0x00, 0x5d, 0x00, 0xa5, 0xbf, 0x81, 0x08, 0x06, 0x84, 0xc1, 0x08, 0x07, 0x84, 0x49, 0x02, 0x87,
    0xbf, 0x07, 0x08, 0x02, 0x4a, 0x06, 0x08, 0x04, 0x4a, 0x06, 0x0c, 0x06, 0x4a, 0x07, 0x0c, 0x0a, 0x4a, 0x07, 0x00,
    0x64, 0xd6, 0x01, 0x01, 0x25, 0x00, 0x0a, 0x0c, 0x10, 0x22, 0x0a, 0x00, 0x64, 0xd6, 0x02, 0x01, 0x25, 0x00, 0x09,
    0x08, 0x12, 0x22, 0x0b, 0x00, 0x64, 0xd6, 0x03, 0x01, 0x29, 0x00, 0x0e, 0x00, 0x64, 0xd6, 0x05, 0x01, 0x29, 0x00,
    0x03, 0x00, 0x85, 0xbf, 0x85, 0x01, 0x00, 0xf0, 0x07, 0x07, 0x03, 0x00, 0x08, 0x00, 0x00, 0x00, 0x85, 0x01, 0x00,
    0xf0, 0x0a, 0x08, 0x03, 0x00, 0x08, 0x00, 0x00, 0x00, 0x85, 0x01, 0x00, 0xf0, 0x09, 0x0a, 0x03, 0x00, 0x0b, 0x00,
    0x00, 0x00, 0x85, 0x01, 0x00, 0xf0, 0x09, 0x09, 0x03, 0x00, 0x0e, 0x00, 0x00, 0x00, 0x09, 0x02, 0x16, 0x26, 0x0a,
    0x0a, 0x18, 0x26, 0x80, 0x0a, 0x0a, 0x4c, 0x93, 0x01, 0x87, 0xbf, 0x80, 0x16, 0x16, 0x4c, 0x80, 0x18, 0x18, 0x4c,
    0x80, 0x02, 0x02, 0x4c, 0x81, 0x00, 0x1a, 0x36, 0x82, 0x00, 0x00, 0x36, 0x14, 0x02, 0x87, 0xbf, 0x0c, 0x00, 0x45,
    0xd4, 0x05, 0x19, 0x02, 0x00, 0x0e, 0x00, 0x45, 0xd4, 0x01, 0x17, 0x02, 0x00, 0x09, 0x04, 0x02, 0x26, 0x0a, 0x06,
    0x0a, 0x26, 0x80, 0x1a, 0x8a, 0x7c, 0x0d, 0x00, 0x01, 0xd5, 0x80, 0xfe, 0xa9, 0x01, 0x00, 0x80, 0x00, 0x00, 0x0e,
    0x00, 0x01, 0xd5, 0x80, 0x0c, 0xa8, 0x01, 0x80, 0x00, 0x8a, 0x7c, 0x0b, 0x00, 0x01, 0xd5, 0x80, 0x0c, 0xa8, 0x01,
    0x06, 0x00, 0x45, 0xd4, 0x03, 0x0b, 0x02, 0x00, 0x08, 0x00, 0x45, 0xd4, 0x02, 0x03, 0x02, 0x00, 0x00, 0x00, 0x01,
    0xd5, 0x80, 0xfe, 0xa9, 0x01, 0x00, 0x80, 0x00, 0x00, 0xf7, 0x0f, 0x89, 0xbf, 0x81, 0x0e, 0x0e, 0x36, 0xf7, 0x0b,
    0x89, 0xbf, 0x81, 0x10, 0x02, 0x36, 0xf7, 0x07, 0x89, 0xbf, 0x82, 0x14, 0x04, 0x36, 0xf7, 0x03, 0x89, 0xbf, 0x82,
    0x12, 0x06, 0x36, 0x94, 0x01, 0x87, 0xbf, 0x0a, 0x00, 0x42, 0xd4, 0x07, 0x01, 0x01, 0x00, 0x12, 0x00, 0x42, 0xd4,
    0x02, 0x01, 0x01, 0x00, 0x03, 0x00, 0x87, 0xbf, 0x14, 0x00, 0x42, 0xd4, 0x03, 0x01, 0x01, 0x00, 0x10, 0x00, 0x42,
    0xd4, 0x01, 0x01, 0x01, 0x00, 0x0a, 0x0e, 0x8a, 0x8c, 0x14, 0x0c, 0x8c, 0x8c, 0x12, 0x06, 0x86, 0x8c, 0x10, 0x08,
    0xea, 0x8c, 0x09, 0x00, 0x87, 0xbf, 0x9e, 0xff, 0x88, 0xbf, 0x0e, 0x1b, 0x04, 0x02, 0x05, 0x00, 0x01, 0xd5, 0x0e,
    0x1b, 0x2a, 0x00, 0x01, 0x00, 0x01, 0xd5, 0x0b, 0x01, 0x1a, 0x00, 0x03, 0x00, 0x01, 0xd5, 0x0b, 0x01, 0x32, 0x00,
    0x04, 0x7e, 0xfe, 0x91, 0x80, 0x02, 0x0a, 0x7e, 0x80, 0x02, 0x02, 0x7e, 0x80, 0x02, 0x04, 0x7e, 0x80, 0x02, 0x06,
    0x7e, 0x04, 0x01, 0xfe, 0xbe, 0x00, 0x01, 0x0c, 0xf4, 0x00, 0x00, 0x00, 0xf8, 0x00, 0x03, 0x0c, 0xf4, 0x20, 0x00,
    0x00, 0xf8, 0x00, 0x00, 0x44, 0xd6, 0x05, 0x05, 0xfe, 0x03, 0x00, 0x01, 0x04, 0x05, 0x07, 0x00, 0x44, 0xd6, 0x01,
    0x07, 0xfe, 0x03, 0x00, 0x01, 0x04, 0x05, 0x32, 0x02, 0x87, 0xbf, 0x00, 0x03, 0x02, 0x7e, 0x00, 0x03, 0x04, 0x7e,
    0x00, 0x03, 0x06, 0x7e, 0x07, 0x03, 0x10, 0x7e, 0x07, 0x03, 0x12, 0x7e, 0x07, 0x03, 0x14, 0x7e, 0x07, 0xfc, 0x89,
    0xbf, 0x85, 0x4f, 0x18, 0xf0, 0x04, 0x00, 0x01, 0x00, 0x06, 0x00, 0x00, 0x00, 0x85, 0x4f, 0x18, 0xf0, 0x04, 0x07,
    0x03, 0x00, 0x06, 0x00, 0x00, 0x00, 0x00, 0x00, 0x80, 0xbf, 0x03, 0x00, 0xb6, 0xbf, 0x00, 0x00, 0xb0, 0xbf, 0x00,
    0x00, 0x9f, 0xbf, 0x00, 0x00, 0x9f, 0xbf, 0x00, 0x00, 0x9f, 0xbf, 0x00, 0x00, 0x9f, 0xbf, 0x00, 0x00, 0x9f, 0xbf,
    0x00, 0x00, 0x9f, 0xbf, 0x00, 0x00, 0x9f, 0xbf, 0x00, 0x00, 0x9f, 0xbf, 0x00, 0x00, 0x9f, 0xbf, 0x00, 0x00, 0x9f,
    0xbf, 0x00, 0x00, 0x9f, 0xbf, 0x00, 0x00, 0x9f, 0xbf, 0x00, 0x00, 0x9f, 0xbf, 0x00, 0x00, 0x9f, 0xbf, 0x00, 0x00,
    0x9f, 0xbf, 0x00, 0x00, 0x9f, 0xbf, 0x00, 0x00, 0x9f, 0xbf, 0x00, 0x00, 0x9f, 0xbf, 0x00, 0x00, 0x9f, 0xbf, 0x00,
    0x00, 0x9f, 0xbf, 0x00, 0x00, 0x9f, 0xbf, 0x00, 0x00, 0x9f, 0xbf, 0x00, 0x00, 0x9f, 0xbf, 0x00, 0x00, 0x9f, 0xbf,
    0x00, 0x00, 0x9f, 0xbf, 0x00, 0x00, 0x9f, 0xbf, 0x00, 0x00, 0x9f, 0xbf, 0x00, 0x00, 0x9f, 0xbf, 0x00, 0x00, 0x9f,
    0xbf, 0x00, 0x00, 0x9f, 0xbf, 0x00, 0x00, 0x9f, 0xbf, 0x00, 0x00, 0x9f, 0xbf, 0x00, 0x00, 0x9f, 0xbf, 0x00, 0x00,
    0x9f, 0xbf, 0x00, 0x00, 0x9f, 0xbf, 0x00, 0x00, 0x9f, 0xbf, 0x00, 0x00, 0x9f, 0xbf, 0x00, 0x00, 0x9f, 0xbf, 0x00,
    0x00, 0x9f, 0xbf, 0x00, 0x00, 0x9f, 0xbf, 0x00, 0x00, 0x9f, 0xbf, 0x00, 0x00, 0x9f, 0xbf, 0x00, 0x00, 0x9f, 0xbf,
    0x00, 0x00, 0x9f, 0xbf, 0x00, 0x00, 0x9f, 0xbf, 0x00, 0x00, 0x9f, 0xbf, 0x00, 0x00, 0x9f, 0xbf, 0x00, 0x00, 0x9f,
    0xbf, 0x00, 0x00, 0x9f, 0xbf, 0x00, 0x00, 0x9f, 0xbf, 0x00, 0x00, 0x9f, 0xbf, 0x00, 0x00, 0x9f, 0xbf, 0x00, 0x00,
    0x9f, 0xbf, 0x00, 0x00, 0x9f, 0xbf, 0x00, 0x00, 0x9f, 0xbf, 0x00, 0x00, 0x9f, 0xbf, 0x00, 0x00, 0x9f, 0xbf, 0x00,
    0x00, 0x9f, 0xbf, 0x00, 0x00, 0x9f, 0xbf, 0x00, 0x00, 0x9f, 0xbf, 0x00, 0x00, 0x9f, 0xbf, 0x00, 0x00, 0x9f, 0xbf,
    0x00, 0x00, 0x9f, 0xbf, 0x00, 0x00, 0x9f, 0xbf, 0x00, 0x00, 0x00, 0x00, 0x00, 0x00, 0x10, 0x00, 0x00, 0x00, 0x00,
    0x00, 0xac, 0xdf, 0x03, 0x10, 0x47, 0x65, 0x6e, 0x65, 0x72, 0x61, 0x74, 0x65, 0x64, 0x20, 0x62, 0x79, 0x20, 0x74,
    0x68, 0x65, 0x20, 0x41, 0x64, 0x76, 0x61, 0x6e, 0x63, 0x65, 0x64, 0x20, 0x4d, 0x69, 0x63, 0x72, 0x6f, 0x20, 0x44,
    0x65, 0x76, 0x69, 0x63, 0x65, 0x73, 0x2c, 0x20, 0x49, 0x6e, 0x63, 0x2e, 0x2c, 0x20, 0x50, 0x72, 0x6f, 0x70, 0x72,
    0x69, 0x65, 0x74, 0x61, 0x72, 0x79, 0x20, 0x47, 0x50, 0x55, 0x20, 0x53, 0x68, 0x61, 0x64, 0x65, 0x72, 0x20, 0x43,
    0x6f, 0x6d, 0x70, 0x69, 0x6c, 0x65, 0x72, 0x2e, 0x00, 0x00, 0x5f, 0x61, 0x6d, 0x64, 0x67, 0x70, 0x75, 0x5f, 0x63,
    0x73, 0x5f, 0x6d, 0x61, 0x69, 0x6e, 0x00, 0x5f, 0x61, 0x6d, 0x64, 0x67, 0x70, 0x75, 0x5f, 0x63, 0x73, 0x5f, 0x73,
    0x68, 0x64, 0x72, 0x5f, 0x69, 0x6e, 0x74, 0x72, 0x6c, 0x5f, 0x74, 0x62, 0x6c, 0x00, 0x00, 0x00, 0x00, 0x00, 0x00,
    0x00, 0x00, 0x00, 0x00, 0x00, 0x00, 0x00, 0x00, 0x00, 0x00, 0x00, 0x00, 0x00, 0x00, 0x00, 0x00, 0x00, 0x00, 0x00,
    0x01, 0x00, 0x00, 0x00, 0x12, 0x00, 0x02, 0x00, 0x00, 0x00, 0x00, 0x00, 0x00, 0x00, 0x00, 0x00, 0x94, 0x03, 0x00,
    0x00, 0x00, 0x00, 0x00, 0x00, 0x11, 0x00, 0x00, 0x00, 0x11, 0x00, 0x03, 0x00, 0x00, 0x00, 0x00, 0x00, 0x00, 0x00,
    0x00, 0x00, 0x10, 0x00, 0x00, 0x00, 0x00, 0x00, 0x00, 0x00, 0x07, 0x00, 0x00, 0x00, 0x1e, 0x04, 0x00, 0x00, 0x20,
    0x00, 0x00, 0x00, 0x41, 0x4d, 0x44, 0x47, 0x50, 0x55, 0x00, 0x00, 0x82, 0xae, 0x61, 0x6d, 0x64, 0x70, 0x61, 0x6c,
    0x2e, 0x76, 0x65, 0x72, 0x73, 0x69, 0x6f, 0x6e, 0x92, 0x03, 0x06, 0xb0, 0x61, 0x6d, 0x64, 0x70, 0x61, 0x6c, 0x2e,
    0x70, 0x69, 0x70, 0x65, 0x6c, 0x69, 0x6e, 0x65, 0x73, 0x91, 0x8b, 0xa5, 0x2e, 0x74, 0x79, 0x70, 0x65, 0xa2, 0x43,
    0x73, 0xae, 0x2e, 0x72, 0x65, 0x73, 0x6f, 0x75, 0x72, 0x63, 0x65, 0x5f, 0x68, 0x61, 0x73, 0x68, 0xcf, 0x9e, 0xbd,
    0xe0, 0x73, 0x00, 0x98, 0xf3, 0x1e, 0xb0, 0x2e, 0x73, 0x70, 0x69, 0x6c, 0x6c, 0x5f, 0x74, 0x68, 0x72, 0x65, 0x73,
    0x68, 0x6f, 0x6c, 0x64, 0xcd, 0xff, 0xff, 0xb0, 0x2e, 0x75, 0x73, 0x65, 0x72, 0x5f, 0x64, 0x61, 0x74, 0x61, 0x5f,
    0x6c, 0x69, 0x6d, 0x69, 0x74, 0x01, 0xa8, 0x2e, 0x73, 0x68, 0x61, 0x64, 0x65, 0x72, 0x73, 0x81, 0xa8, 0x2e, 0x63,
    0x6f, 0x6d, 0x70, 0x75, 0x74, 0x65, 0x83, 0xb0, 0x2e, 0x61, 0x70, 0x69, 0x5f, 0x73, 0x68, 0x61, 0x64, 0x65, 0x72,
    0x5f, 0x68, 0x61, 0x73, 0x68, 0x92, 0xcf, 0xfa, 0xbd, 0x40, 0x62, 0x7e, 0xdd, 0xdb, 0x6b, 0xcf, 0xbd, 0xdd, 0xee,
    0xf8, 0x82, 0xa8, 0x11, 0xfe, 0xb1, 0x2e, 0x68, 0x61, 0x72, 0x64, 0x77, 0x61, 0x72, 0x65, 0x5f, 0x6d, 0x61, 0x70,
    0x70, 0x69, 0x6e, 0x67, 0x91, 0xa3, 0x2e, 0x63, 0x73, 0xaf, 0x2e, 0x73, 0x68, 0x61, 0x64, 0x65, 0x72, 0x5f, 0x73,
    0x75, 0x62, 0x74, 0x79, 0x70, 0x65, 0xa7, 0x55, 0x6e, 0x6b, 0x6e, 0x6f, 0x77, 0x6e, 0xb0, 0x2e, 0x68, 0x61, 0x72,
    0x64, 0x77, 0x61, 0x72, 0x65, 0x5f, 0x73, 0x74, 0x61, 0x67, 0x65, 0x73, 0x81, 0xa3, 0x2e, 0x63, 0x73, 0xde, 0x00,
    0x1b, 0xb3, 0x2e, 0x65, 0x6e, 0x74, 0x72, 0x79, 0x5f, 0x70, 0x6f, 0x69, 0x6e, 0x74, 0x5f, 0x73, 0x79, 0x6d, 0x62,
    0x6f, 0x6c, 0xaf, 0x5f, 0x61, 0x6d, 0x64, 0x67, 0x70, 0x75, 0x5f, 0x63, 0x73, 0x5f, 0x6d, 0x61, 0x69, 0x6e, 0xab,
    0x2e, 0x73, 0x67, 0x70, 0x72, 0x5f, 0x63, 0x6f, 0x75, 0x6e, 0x74, 0x16, 0xab, 0x2e, 0x76, 0x67, 0x70, 0x72, 0x5f,
    0x63, 0x6f, 0x75, 0x6e, 0x74, 0x0f, 0xa9, 0x2e, 0x6c, 0x64, 0x73, 0x5f, 0x73, 0x69, 0x7a, 0x65, 0x00, 0xb4, 0x2e,
    0x73, 0x63, 0x72, 0x61, 0x74, 0x63, 0x68, 0x5f, 0x6d, 0x65, 0x6d, 0x6f, 0x72, 0x79, 0x5f, 0x73, 0x69, 0x7a, 0x65,
    0x00, 0xb4, 0x2e, 0x66, 0x72, 0x6f, 0x6e, 0x74, 0x65, 0x6e, 0x64, 0x5f, 0x73, 0x74, 0x61, 0x63, 0x6b, 0x5f, 0x73,
    0x69, 0x7a, 0x65, 0x00, 0xb3, 0x2e, 0x62, 0x61, 0x63, 0x6b, 0x65, 0x6e, 0x64, 0x5f, 0x73, 0x74, 0x61, 0x63, 0x6b,
    0x5f, 0x73, 0x69, 0x7a, 0x65, 0x00, 0xb6, 0x2e, 0x70, 0x65, 0x72, 0x66, 0x5f, 0x64, 0x61, 0x74, 0x61, 0x5f, 0x62,
    0x75, 0x66, 0x66, 0x65, 0x72, 0x5f, 0x73, 0x69, 0x7a, 0x65, 0x00, 0xaa, 0x2e, 0x75, 0x73, 0x65, 0x73, 0x5f, 0x75,
    0x61, 0x76, 0x73, 0xc3, 0xac, 0x2e, 0x77, 0x72, 0x69, 0x74, 0x65, 0x73, 0x5f, 0x75, 0x61, 0x76, 0x73, 0xc3, 0xb4,
    0x2e, 0x75, 0x73, 0x65, 0x73, 0x5f, 0x61, 0x70, 0x70, 0x65, 0x6e, 0x64, 0x5f, 0x63, 0x6f, 0x6e, 0x73, 0x75, 0x6d,
    0x65, 0xc2, 0xaf, 0x2e, 0x77, 0x61, 0x76, 0x65, 0x66, 0x72, 0x6f, 0x6e, 0x74, 0x5f, 0x73, 0x69, 0x7a, 0x65, 0x40,
    0xb2, 0x2e, 0x75, 0x73, 0x65, 0x72, 0x5f, 0x64, 0x61, 0x74, 0x61, 0x5f, 0x72, 0x65, 0x67, 0x5f, 0x6d, 0x61, 0x70,
    0xdc, 0x00, 0x20, 0xce, 0xff, 0xff, 0xff, 0xff, 0xce, 0xff, 0xff, 0xff, 0xff, 0x00, 0xce, 0xff, 0xff, 0xff, 0xff,
    0xce, 0xff, 0xff, 0xff, 0xff, 0xce, 0xff, 0xff, 0xff, 0xff, 0xce, 0xff, 0xff, 0xff, 0xff, 0xce, 0xff, 0xff, 0xff,
    0xff, 0xce, 0xff, 0xff, 0xff, 0xff, 0xce, 0xff, 0xff, 0xff, 0xff, 0xce, 0xff, 0xff, 0xff, 0xff, 0xce, 0xff, 0xff,
    0xff, 0xff, 0xce, 0xff, 0xff, 0xff, 0xff, 0xce, 0xff, 0xff, 0xff, 0xff, 0xce, 0xff, 0xff, 0xff, 0xff, 0xce, 0xff,
    0xff, 0xff, 0xff, 0xce, 0xff, 0xff, 0xff, 0xff, 0xce, 0xff, 0xff, 0xff, 0xff, 0xce, 0xff, 0xff, 0xff, 0xff, 0xce,
    0xff, 0xff, 0xff, 0xff, 0xce, 0xff, 0xff, 0xff, 0xff, 0xce, 0xff, 0xff, 0xff, 0xff, 0xce, 0xff, 0xff, 0xff, 0xff,
    0xce, 0xff, 0xff, 0xff, 0xff, 0xce, 0xff, 0xff, 0xff, 0xff, 0xce, 0xff, 0xff, 0xff, 0xff, 0xce, 0xff, 0xff, 0xff,
    0xff, 0xce, 0xff, 0xff, 0xff, 0xff, 0xce, 0xff, 0xff, 0xff, 0xff, 0xce, 0xff, 0xff, 0xff, 0xff, 0xce, 0xff, 0xff,
    0xff, 0xff, 0xce, 0xff, 0xff, 0xff, 0xff, 0xb7, 0x2e, 0x74, 0x68, 0x72, 0x65, 0x61, 0x64, 0x67, 0x72, 0x6f, 0x75,
    0x70, 0x5f, 0x64, 0x69, 0x6d, 0x65, 0x6e, 0x73, 0x69, 0x6f, 0x6e, 0x73, 0x93, 0x08, 0x08, 0x01, 0xab, 0x2e, 0x66,
    0x6c, 0x6f, 0x61, 0x74, 0x5f, 0x6d, 0x6f, 0x64, 0x65, 0xcc, 0xc0, 0xae, 0x2e, 0x66, 0x70, 0x31, 0x36, 0x5f, 0x6f,
    0x76, 0x65, 0x72, 0x66, 0x6c, 0x6f, 0x77, 0xc2, 0xaa, 0x2e, 0x69, 0x65, 0x65, 0x65, 0x5f, 0x6d, 0x6f, 0x64, 0x65,
    0xc2, 0xa9, 0x2e, 0x77, 0x67, 0x70, 0x5f, 0x6d, 0x6f, 0x64, 0x65, 0xc2, 0xac, 0x2e, 0x6d, 0x65, 0x6d, 0x5f, 0x6f,
    0x72, 0x64, 0x65, 0x72, 0x65, 0x64, 0xc2, 0xb1, 0x2e, 0x66, 0x6f, 0x72, 0x77, 0x61, 0x72, 0x64, 0x5f, 0x70, 0x72,
    0x6f, 0x67, 0x72, 0x65, 0x73, 0x73, 0xc2, 0xab, 0x2e, 0x75, 0x73, 0x65, 0x72, 0x5f, 0x73, 0x67, 0x70, 0x72, 0x73,
    0x03, 0xa8, 0x2e, 0x65, 0x78, 0x63, 0x70, 0x5f, 0x65, 0x6e, 0x00, 0xab, 0x2e, 0x73, 0x63, 0x72, 0x61, 0x74, 0x63,
    0x68, 0x5f, 0x65, 0x6e, 0xc2, 0xad, 0x2e, 0x74, 0x72, 0x61, 0x70, 0x5f, 0x70, 0x72, 0x65, 0x73, 0x65, 0x6e, 0x74,
    0xc2, 0xb0, 0x2e, 0x73, 0x68, 0x61, 0x72, 0x65, 0x64, 0x5f, 0x76, 0x67, 0x70, 0x72, 0x5f, 0x63, 0x6e, 0x74, 0x00,
    0xad, 0x2e, 0x77, 0x61, 0x76, 0x65, 0x73, 0x5f, 0x70, 0x65, 0x72, 0x5f, 0x73, 0x65, 0x00, 0xaf, 0x2e, 0x63, 0x68,
    0x65, 0x63, 0x6b, 0x73, 0x75, 0x6d, 0x5f, 0x76, 0x61, 0x6c, 0x75, 0x65, 0xce, 0xbb, 0x15, 0x64, 0x0f, 0xaa, 0x2e,
    0x72, 0x65, 0x67, 0x69, 0x73, 0x74, 0x65, 0x72, 0x73, 0x81, 0xcd, 0x2e, 0x42, 0x00, 0xa5, 0x2e, 0x6e, 0x61, 0x6d,
    0x65, 0xbc, 0x4d, 0x6c, 0x61, 0x61, 0x43, 0x61, 0x6c, 0x63, 0x53, 0x65, 0x70, 0x45, 0x64, 0x67, 0x65, 0x4c, 0x65,
    0x6e, 0x67, 0x74, 0x68, 0x49, 0x6e, 0x69, 0x74, 0x69, 0x61, 0x6c, 0xb7, 0x2e, 0x69, 0x6e, 0x74, 0x65, 0x72, 0x6e,
    0x61, 0x6c, 0x5f, 0x70, 0x69, 0x70, 0x65, 0x6c, 0x69, 0x6e, 0x65, 0x5f, 0x68, 0x61, 0x73, 0x68, 0x92, 0xcf, 0xe7,
    0x91, 0x67, 0x97, 0xfa, 0x8e, 0x55, 0x62, 0xcf, 0xef, 0xe2, 0xdc, 0xce, 0xaf, 0x96, 0xac, 0x4b, 0xb2, 0x2e, 0x63,
    0x6f, 0x6d, 0x70, 0x75, 0x74, 0x65, 0x5f, 0x72, 0x65, 0x67, 0x69, 0x73, 0x74, 0x65, 0x72, 0x73, 0x85, 0xaf, 0x2e,
    0x74, 0x69, 0x64, 0x69, 0x67, 0x5f, 0x63, 0x6f, 0x6d, 0x70, 0x5f, 0x63, 0x6e, 0x74, 0x01, 0xaa, 0x2e, 0x74, 0x67,
    0x69, 0x64, 0x5f, 0x78, 0x5f, 0x65, 0x6e, 0xc3, 0xaa, 0x2e, 0x74, 0x67, 0x69, 0x64, 0x5f, 0x79, 0x5f, 0x65, 0x6e,
    0xc3, 0xaa, 0x2e, 0x74, 0x67, 0x69, 0x64, 0x5f, 0x7a, 0x5f, 0x65, 0x6e, 0xc2, 0xab, 0x2e, 0x74, 0x67, 0x5f, 0x73,
    0x69, 0x7a, 0x65, 0x5f, 0x65, 0x6e, 0xc2, 0xa4, 0x2e, 0x61, 0x70, 0x69, 0xa7, 0x73, 0x63, 0x70, 0x63, 0x42, 0x6c,
    0x64, 0x00, 0x00, 0x00, 0x00, 0x00, 0x00, 0x00, 0x00, 0x00, 0x00, 0x00, 0x00, 0x00, 0x00, 0x00, 0x00, 0x00, 0x00,
    0x00, 0x00, 0x00, 0x00, 0x00, 0x00, 0x00, 0x00, 0x00, 0x00, 0x00, 0x00, 0x00, 0x00, 0x00, 0x00, 0x00, 0x00, 0x00,
    0x00, 0x00, 0x00, 0x00, 0x00, 0x00, 0x00, 0x00, 0x00, 0x00, 0x00, 0x00, 0x00, 0x00, 0x00, 0x00, 0x00, 0x00, 0x00,
    0x00, 0x00, 0x00, 0x00, 0x00, 0x00, 0x00, 0x00, 0x00, 0x00, 0x00, 0x00, 0x00, 0x01, 0x00, 0x00, 0x00, 0x03, 0x00,
    0x00, 0x00, 0x00, 0x00, 0x00, 0x00, 0x00, 0x00, 0x00, 0x00, 0x00, 0x00, 0x00, 0x00, 0x00, 0x00, 0x00, 0x00, 0x40,
    0x00, 0x00, 0x00, 0x00, 0x00, 0x00, 0x00, 0x36, 0x00, 0x00, 0x00, 0x00, 0x00, 0x00, 0x00, 0x00, 0x00, 0x00, 0x00,
    0x00, 0x00, 0x00, 0x00, 0x00, 0x00, 0x00, 0x00, 0x00, 0x00, 0x00, 0x00, 0x00, 0x00, 0x00, 0x00, 0x00, 0x00, 0x00,
    0x00, 0x0b, 0x00, 0x00, 0x00, 0x01, 0x00, 0x00, 0x00, 0x06, 0x00, 0x00, 0x00, 0x00, 0x00, 0x00, 0x00, 0x00, 0x00,
    0x00, 0x00, 0x00, 0x00, 0x00, 0x00, 0x76, 0x00, 0x00, 0x00, 0x00, 0x00, 0x00, 0x00, 0x94, 0x03, 0x00, 0x00, 0x00,
    0x00, 0x00, 0x00, 0x00, 0x00, 0x00, 0x00, 0x00, 0x00, 0x00, 0x00, 0x00, 0x01, 0x00, 0x00, 0x00, 0x00, 0x00, 0x00,
    0x00, 0x00, 0x00, 0x00, 0x00, 0x00, 0x00, 0x00, 0x11, 0x00, 0x00, 0x00, 0x01, 0x00, 0x00, 0x00, 0x03, 0x00, 0x00,
    0x00, 0x00, 0x00, 0x00, 0x00, 0x00, 0x00, 0x00, 0x00, 0x00, 0x00, 0x00, 0x00, 0x0a, 0x04, 0x00, 0x00, 0x00, 0x00,
    0x00, 0x00, 0x10, 0x00, 0x00, 0x00, 0x00, 0x00, 0x00, 0x00, 0x00, 0x00, 0x00, 0x00, 0x00, 0x00, 0x00, 0x00, 0x20,
    0x00, 0x00, 0x00, 0x00, 0x00, 0x00, 0x00, 0x00, 0x00, 0x00, 0x00, 0x00, 0x00, 0x00, 0x00, 0x17, 0x00, 0x00, 0x00,
    0x01, 0x00, 0x00, 0x00, 0x00, 0x00, 0x00, 0x00, 0x00, 0x00, 0x00, 0x00, 0x00, 0x00, 0x00, 0x00, 0x00, 0x00, 0x00,
    0x00, 0x1a, 0x04, 0x00, 0x00, 0x00, 0x00, 0x00, 0x00, 0x50, 0x00, 0x00, 0x00, 0x00, 0x00, 0x00, 0x00, 0x00, 0x00,
    0x00, 0x00, 0x00, 0x00, 0x00, 0x00, 0x00, 0x00, 0x00, 0x00, 0x00, 0x00, 0x00, 0x00, 0x00, 0x00, 0x00, 0x00, 0x00,
    0x00, 0x00, 0x00, 0x20, 0x00, 0x00, 0x00, 0x03, 0x00, 0x00, 0x00, 0x00, 0x00, 0x00, 0x00, 0x00, 0x00, 0x00, 0x00,
    0x00, 0x00, 0x00, 0x00, 0x00, 0x00, 0x00, 0x00, 0x6a, 0x04, 0x00, 0x00, 0x00, 0x00, 0x00, 0x00, 0x2b, 0x00, 0x00,
    0x00, 0x00, 0x00, 0x00, 0x00, 0x00, 0x00, 0x00, 0x00, 0x00, 0x00, 0x00, 0x00, 0x00, 0x00, 0x00, 0x00, 0x00, 0x00,
    0x00, 0x00, 0x00, 0x00, 0x00, 0x00, 0x00, 0x00, 0x00, 0x00, 0x28, 0x00, 0x00, 0x00, 0x02, 0x00, 0x00, 0x00, 0x00,
    0x00, 0x00, 0x00, 0x00, 0x00, 0x00, 0x00, 0x00, 0x00, 0x00, 0x00, 0x00, 0x00, 0x00, 0x00, 0x95, 0x04, 0x00, 0x00,
    0x00, 0x00, 0x00, 0x00, 0x48, 0x00, 0x00, 0x00, 0x00, 0x00, 0x00, 0x00, 0x05, 0x00, 0x00, 0x00, 0x00, 0x00, 0x00,
    0x00, 0x00, 0x00, 0x00, 0x00, 0x00, 0x00, 0x00, 0x00, 0x18, 0x00, 0x00, 0x00, 0x00, 0x00, 0x00, 0x00, 0x30, 0x00,
    0x00, 0x00, 0x07, 0x00, 0x00, 0x00, 0x00, 0x00, 0x00, 0x00, 0x00, 0x00, 0x00, 0x00, 0x00, 0x00, 0x00, 0x00, 0x00,
    0x00, 0x00, 0x00, 0xdd, 0x04, 0x00, 0x00, 0x00, 0x00, 0x00, 0x00, 0x34, 0x04, 0x00, 0x00, 0x00, 0x00, 0x00, 0x00,
    0x00, 0x00, 0x00, 0x00, 0x00, 0x00, 0x00, 0x00, 0x00, 0x00, 0x00, 0x00, 0x00, 0x00, 0x00, 0x00, 0x00, 0x00, 0x00,
    0x00, 0x00, 0x00, 0x00, 0x00,
};

// Mlaa Final Blend compute shader binary
inline constexpr Util::uint8 MlaaFinalBlend_Cs_20DE282F[] =
{
    0x7f, 0x45, 0x4c, 0x46, 0x02, 0x01, 0x01, 0x41, 0x00, 0x00, 0x00, 0x00, 0x00, 0x00, 0x00, 0x00, 0x01, 0x00, 0xe0,
    0x00, 0x01, 0x00, 0x00, 0x00, 0x00, 0x00, 0x00, 0x00, 0x00, 0x00, 0x00, 0x00, 0x00, 0x00, 0x00, 0x00, 0x00, 0x00,
    0x00, 0x00, 0x28, 0x10, 0x00, 0x00, 0x00, 0x00, 0x00, 0x00, 0x43, 0x05, 0x00, 0x00, 0x40, 0x00, 0x00, 0x00, 0x00,
    0x00, 0x40, 0x00, 0x08, 0x00, 0x01, 0x00, 0x00, 0x2e, 0x73, 0x68, 0x73, 0x74, 0x72, 0x74, 0x61, 0x62, 0x00, 0x2e,
    0x74, 0x65, 0x78, 0x74, 0x00, 0x2e, 0x64, 0x61, 0x74, 0x61, 0x00, 0x2e, 0x63, 0x6f, 0x6d, 0x6d, 0x65, 0x6e, 0x74,
    0x00, 0x2e, 0x73, 0x74, 0x72, 0x74, 0x61, 0x62, 0x00, 0x2e, 0x73, 0x79, 0x6d, 0x74, 0x61, 0x62, 0x00, 0x2e, 0x6e,
    0x6f, 0x74, 0x65, 0x00, 0x06, 0x20, 0x80, 0xb0, 0x02, 0x00, 0xb5, 0xbf, 0x80, 0x47, 0x86, 0xbe, 0x03, 0x00, 0x84,
    0xbf, 0x02, 0x00, 0x80, 0xbe, 0x07, 0x00, 0x81, 0xbe, 0x80, 0x01, 0x04, 0xf4, 0x84, 0x00, 0x00, 0xf8, 0xff, 0x00,
    0x02, 0x36, 0xff, 0x03, 0x00, 0x00, 0x00, 0x00, 0x10, 0xd6, 0x00, 0x15, 0x29, 0x02, 0x12, 0x01, 0x87, 0xbf, 0x15,
    0x00, 0x46, 0xd6, 0x03, 0x06, 0x05, 0x04, 0x16, 0x00, 0x46, 0xd6, 0x04, 0x06, 0x01, 0x04, 0x07, 0xfc, 0x89, 0xbf,
    0x12, 0x01, 0x87, 0xbf, 0x02, 0x00, 0x4e, 0xd4, 0x06, 0x2a, 0x02, 0x00, 0x07, 0x2c, 0x9c, 0x7c, 0x02, 0x6a, 0xea,
    0x8b, 0x09, 0x00, 0x87, 0xbf, 0x6a, 0x21, 0x82, 0xbe, 0x51, 0x02, 0xa5, 0xbf, 0x00, 0x01, 0x0c, 0xf4, 0x40, 0x00,
    0x00, 0xf8, 0x00, 0x03, 0x0c, 0xf4, 0x20, 0x00, 0x00, 0xf8, 0x07, 0xfc, 0x89, 0xbf, 0x85, 0x01, 0x00, 0xf0, 0x15,
    0x04, 0x01, 0x00, 0x16, 0x00, 0x00, 0x00, 0x85, 0x0f, 0x00, 0xf0, 0x15, 0x19, 0x03, 0x00, 0x16, 0x00, 0x00, 0x00,
    0xf7, 0x07, 0x89, 0xbf, 0xff, 0x08, 0x0a, 0x36, 0x00, 0x80, 0x00, 0x80, 0x7e, 0x01, 0x94, 0xbe, 0x01, 0x00, 0x87,
    0xbf, 0x7e, 0x00, 0xcd, 0xd4, 0x05, 0x01, 0x01, 0x00, 0x83, 0x00, 0xa5, 0xbf, 0x0b, 0x00, 0x10, 0xd6, 0x04, 0x21,
    0x3d, 0x02, 0xff, 0x08, 0x2e, 0x36, 0xff, 0x7f, 0x00, 0x00, 0xa2, 0x01, 0x87, 0xbf, 0xc1, 0x16, 0x0c, 0x4c, 0x15,
    0x17, 0x10, 0x4c, 0x15, 0x2f, 0x20, 0x4a, 0xa3, 0x01, 0x87, 0xbf, 0x15, 0x0d, 0x18, 0x4a, 0xc1, 0x2c, 0x0c, 0x4a,
    0x81, 0x20, 0x28, 0x4a, 0x04, 0x00, 0x85, 0xbf, 0x85, 0x0f, 0x00, 0xf0, 0x15, 0x04, 0x03, 0x00, 0x06, 0x00, 0x00,
    0x00, 0x85, 0x07, 0x00, 0xf0, 0x08, 0x08, 0x03, 0x00, 0x16, 0x00, 0x00, 0x00, 0x85, 0x07, 0x00, 0xf0, 0x0c, 0x0c,
    0x03, 0x00, 0x16, 0x00, 0x00, 0x00, 0x85, 0x07, 0x00, 0xf0, 0x10, 0x0f, 0x03, 0x00, 0x16, 0x00, 0x00, 0x00, 0x85,
    0x07, 0x00, 0xf0, 0x14, 0x12, 0x03, 0x00, 0x16, 0x00, 0x00, 0x00, 0x0b, 0x2f, 0x2e, 0x4a, 0x0b, 0x0b, 0x16, 0x7e,
    0x92, 0x00, 0x87, 0xbf, 0x81, 0x2e, 0x30, 0x4a, 0x18, 0x0b, 0x30, 0x7e, 0xf7, 0x0b, 0x89, 0xbf, 0x08, 0x19, 0x10,
    0x08, 0x09, 0x1b, 0x12, 0x08, 0x0a, 0x1d, 0x14, 0x08, 0xf7, 0x03, 0x89, 0xbf, 0x0f, 0x25, 0x18, 0x08, 0x14, 0x02,
    0x87, 0xbf, 0x16, 0x01, 0x14, 0xd4, 0x08, 0xff, 0x01, 0x00, 0x00, 0x00, 0x80, 0x3d, 0x18, 0x01, 0x14, 0xd4, 0x09,
    0xff, 0x01, 0x00, 0x00, 0x00, 0x80, 0x3d, 0xd4, 0x00, 0x87, 0xbf, 0x1a, 0x01, 0x14, 0xd4, 0x0a, 0xff, 0x01, 0x00,
    0x00, 0x00, 0x80, 0x3d, 0x10, 0x27, 0x1a, 0x08, 0x11, 0x29, 0x1c, 0x08, 0x18, 0x55, 0x10, 0x7e, 0x18, 0x17, 0x14,
    0x08, 0xf3, 0x14, 0x1e, 0x06, 0x16, 0x18, 0xea, 0x8c, 0x19, 0x02, 0x87, 0xbf, 0x1a, 0x6a, 0xea, 0x8c, 0x16, 0x01,
    0x14, 0xd4, 0x0d, 0xff, 0x01, 0x00, 0x00, 0x00, 0x80, 0x3d, 0x1a, 0x01, 0x14, 0xd4, 0x0c, 0xff, 0x01, 0x00, 0x00,
    0x00, 0x80, 0x3d, 0x18, 0x01, 0x14, 0xd4, 0x0e, 0xff, 0x01, 0x00, 0x00, 0x00, 0x80, 0x3d, 0x09, 0x00, 0x01, 0xd5,
    0x80, 0x82, 0xa9, 0x01, 0x0e, 0x00, 0x01, 0xd5, 0x80, 0x02, 0xa9, 0x01, 0xc5, 0x01, 0x87, 0xbf, 0x0d, 0x00, 0x13,
    0xd6, 0x08, 0x1f, 0xc6, 0x03, 0x0a, 0x00, 0x13, 0xd6, 0x08, 0x15, 0xc6, 0x03, 0x1a, 0x0b, 0x1e, 0x0a, 0x09, 0x00,
    0x12, 0xd6, 0x81, 0x12, 0x0a, 0x02, 0x08, 0x03, 0x03, 0xd5, 0x0a, 0x1b, 0x02, 0x18, 0x19, 0x09, 0x14, 0x0a, 0x1b,
    0x0d, 0x08, 0x0a, 0x1c, 0x0f, 0x0a, 0x0a, 0x0f, 0x35, 0x02, 0x58, 0x00, 0x00, 0x00, 0x3e, 0x1a, 0x16, 0xea, 0x8c,
    0x99, 0x04, 0x87, 0xbf, 0x9e, 0xff, 0x88, 0xbf, 0x18, 0x6a, 0xea, 0x8c, 0x0e, 0x13, 0x0c, 0x02, 0xf0, 0x30, 0x12,
    0x10, 0x07, 0x00, 0x13, 0xd6, 0x08, 0x15, 0x66, 0x04, 0x04, 0x37, 0x04, 0x58, 0x00, 0x00, 0x00, 0x3e, 0x0a, 0x33,
    0x00, 0x58, 0x00, 0x00, 0x00, 0x3e, 0x16, 0x00, 0x42, 0xd4, 0x06, 0x05, 0x01, 0x00, 0x18, 0x00, 0x16, 0xd4, 0x0b,
    0x13, 0x02, 0x00, 0x1a, 0x00, 0x42, 0xd4, 0x06, 0x03, 0x01, 0x00, 0x09, 0x17, 0x2c, 0x7c, 0x0b, 0x00, 0x13, 0xd6,
    0x08, 0x1f, 0x6a, 0x04, 0x09, 0x00, 0x13, 0xd6, 0x08, 0x09, 0x6e, 0x04, 0x08, 0x00, 0x13, 0xd6, 0x08, 0x0b, 0x72,
    0x04, 0x05, 0x39, 0x08, 0x58, 0x00, 0x00, 0x00, 0x3e, 0x16, 0x18, 0x96, 0x8b, 0x1a, 0x6a, 0xea, 0x8b, 0xb9, 0x04,
    0x87, 0xbf, 0x9e, 0xff, 0x88, 0xbf, 0x16, 0x6a, 0x96, 0x8c, 0x83, 0x0c, 0x84, 0x7c, 0x6a, 0x16, 0xea, 0x8c, 0x19,
    0x0f, 0x0c, 0x02, 0x54, 0x02, 0x87, 0xbf, 0x1c, 0x11, 0x0e, 0x02, 0x1b, 0x13, 0x10, 0x02, 0x1a, 0x17, 0x06, 0x02,
    0x80, 0x2e, 0x8a, 0x7c, 0x00, 0x0d, 0x32, 0x02, 0x02, 0x11, 0x36, 0x02, 0x04, 0x00, 0x87, 0xbf, 0x01, 0x07, 0x34,
    0x02, 0x04, 0x0f, 0x38, 0x02, 0x14, 0x01, 0xfe, 0xbe, 0x81, 0x2c, 0x1c, 0x4a, 0x85, 0x01, 0x00, 0xf0, 0x15, 0x00,
    0x01, 0x00, 0x0e, 0x00, 0x00, 0x00, 0xf7, 0x03, 0x89, 0xbf, 0xff, 0x00, 0x02, 0x36, 0x00, 0x80, 0x00, 0x80, 0x01,
    0x00, 0x87, 0xbf, 0x80, 0x02, 0x9a, 0x7c, 0x14, 0x6a, 0xfe, 0x8b, 0x84, 0x00, 0xa5, 0xbf, 0x17, 0x00, 0x10, 0xd6,
    0x00, 0x21, 0x3d, 0x02, 0xff, 0x00, 0x28, 0x36, 0xff, 0x7f, 0x00, 0x00, 0xa2, 0x01, 0x87, 0xbf, 0xc1, 0x2e, 0x04,
    0x4c, 0x15, 0x2f, 0x08, 0x4c, 0x15, 0x29, 0x18, 0x4a, 0x13, 0x01, 0x87, 0xbf, 0x15, 0x05, 0x10, 0x4a, 0x81, 0x18,
    0x20, 0x4a, 0x04, 0x00, 0x85, 0xbf, 0x85, 0x0f, 0x00, 0xf0, 0x15, 0x00, 0x03, 0x00, 0x0e, 0x00, 0x00, 0x00, 0x85,
    0x07, 0x00, 0xf0, 0x04, 0x04, 0x03, 0x00, 0x0e, 0x00, 0x00, 0x00, 0x85, 0x07, 0x00, 0xf0, 0x08, 0x08, 0x03, 0x00,
    0x0e, 0x00, 0x00, 0x00, 0x85, 0x07, 0x00, 0xf0, 0x0c, 0x0b, 0x03, 0x00, 0x0e, 0x00, 0x00, 0x00, 0x85, 0x07, 0x00,
    0xf0, 0x10, 0x0e, 0x03, 0x00, 0x0e, 0x00, 0x00, 0x00, 0x17, 0x29, 0x28, 0x4a, 0x17, 0x0b, 0x2e, 0x7e, 0x92, 0x00,
    0x87, 0xbf, 0x81, 0x28, 0x30, 0x4a, 0x18, 0x0b, 0x30, 0x7e, 0xf7, 0x13, 0x89, 0xbf, 0x19, 0x01, 0x00, 0x0a, 0xf7,
    0x0b, 0x89, 0xbf, 0x04, 0x11, 0x08, 0x08, 0x05, 0x13, 0x0a, 0x08, 0x06, 0x15, 0x0c, 0x08, 0xf7, 0x03, 0x89, 0xbf,
    0x0b, 0x1d, 0x10, 0x08, 0x14, 0x02, 0x87, 0xbf, 0x04, 0x01, 0x14, 0xd4, 0x04, 0xff, 0x01, 0x00, 0x00, 0x00, 0x80,
    0x3d, 0x06, 0x01, 0x14, 0xd4, 0x05, 0xff, 0x01, 0x00, 0x00, 0x00, 0x80, 0x3d, 0xd4, 0x00, 0x87, 0xbf, 0x08, 0x01,
    0x14, 0xd4, 0x06, 0xff, 0x01, 0x00, 0x00, 0x00, 0x80, 0x3d, 0x0c, 0x1f, 0x12, 0x08, 0x0d, 0x21, 0x14, 0x08, 0x18,
    0x55, 0x08, 0x7e, 0x18, 0x2f, 0x0c, 0x08, 0xf3, 0x0c, 0x16, 0x06, 0x04, 0x06, 0xea, 0x8c, 0x19, 0x02, 0x87, 0xbf,
    0x08, 0x6a, 0xea, 0x8c, 0x04, 0x01, 0x14, 0xd4, 0x09, 0xff, 0x01, 0x00, 0x00, 0x00, 0x80, 0x3d, 0x08, 0x01, 0x14,
    0xd4, 0x08, 0xff, 0x01, 0x00, 0x00, 0x00, 0x80, 0x3d, 0x06, 0x01, 0x14, 0xd4, 0x0a, 0xff, 0x01, 0x00, 0x00, 0x00,
    0x80, 0x3d, 0x05, 0x00, 0x01, 0xd5, 0x80, 0x82, 0xa9, 0x01, 0x0a, 0x00, 0x01, 0xd5, 0x80, 0x02, 0xa9, 0x01, 0xc5,
    0x01, 0x87, 0xbf, 0x09, 0x00, 0x13, 0xd6, 0x04, 0x17, 0xc6, 0x03, 0x06, 0x00, 0x13, 0xd6, 0x04, 0x0d, 0xc6, 0x03,
    0x1c, 0x07, 0x10, 0x0a, 0x05, 0x00, 0x12, 0xd6, 0x81, 0x0a, 0x0a, 0x02, 0x04, 0x03, 0x03, 0xd5, 0x06, 0x13, 0x02,
    0x18, 0x1a, 0x03, 0x0c, 0x0a, 0x1b, 0x05, 0x02, 0x0a, 0x08, 0x39, 0x16, 0x58, 0x00, 0x00, 0x00, 0x3e, 0x08, 0x04,
    0xea, 0x8c, 0x99, 0x04, 0x87, 0xbf, 0x9e, 0xff, 0x88, 0xbf, 0x06, 0x6a, 0xea, 0x8c, 0x0a, 0x0b, 0x04, 0x02, 0xf0,
    0x30, 0x0a, 0x10, 0x03, 0x00, 0x13, 0xd6, 0x04, 0x0d, 0x6a, 0x04, 0x09, 0x00, 0x13, 0xd6, 0x04, 0x03, 0x6e, 0x04,
    0x01, 0x37, 0x14, 0x58, 0x00, 0x00, 0x00, 0x3e, 0x04, 0x00, 0x42, 0xd4, 0x02, 0x05, 0x01, 0x00, 0x06, 0x00, 0x16,
    0xd4, 0x05, 0x2f, 0x02, 0x00, 0x08, 0x00, 0x42, 0xd4, 0x02, 0x03, 0x01, 0x00, 0x17, 0x0b, 0x2c, 0x7c, 0x05, 0x00,
    0x13, 0xd6, 0x04, 0x01, 0x66, 0x04, 0x04, 0x00, 0x13, 0xd6, 0x04, 0x11, 0x72, 0x04, 0x00, 0x33, 0x00, 0x58, 0x00,
    0x00, 0x00, 0x3e, 0x04, 0x06, 0x84, 0x8b, 0x08, 0x6a, 0xea, 0x8b, 0x09, 0x00, 0x87, 0xbf, 0x9e, 0xff, 0x88, 0xbf,
    0x04, 0x6a, 0x84, 0x8c, 0x80, 0x04, 0x84, 0x7c, 0x6a, 0x04, 0xea, 0x8c, 0x84, 0x04, 0x87, 0xbf, 0x19, 0x0b, 0x04,
    0x02, 0x04, 0x00, 0x87, 0xbf, 0x1c, 0x09, 0x08, 0x02, 0x1b, 0x13, 0x0a, 0x02, 0x1a, 0x07, 0x02, 0x02, 0x06, 0x35,
    0x06, 0x58, 0x00, 0x00, 0x00, 0x3e, 0x80, 0x28, 0x8a, 0x7c, 0x00, 0x05, 0x32, 0x02, 0x03, 0x00, 0x87, 0xbf, 0x03,
    0x03, 0x34, 0x02, 0x0a, 0x0b, 0x36, 0x02, 0x0b, 0x09, 0x38, 0x02, 0x14, 0x01, 0xfe, 0xbe, 0x00, 0x01, 0x0c, 0xf4,
    0x60, 0x00, 0x00, 0xf8, 0x07, 0xfc, 0x89, 0xbf, 0x85, 0x01, 0x00, 0xf0, 0x15, 0x00, 0x01, 0x00, 0x16, 0x00, 0x00,
    0x00, 0xf7, 0x03, 0x89, 0xbf, 0xff, 0x00, 0x02, 0x36, 0x00, 0x80, 0x00, 0x80, 0x7e, 0x01, 0x94, 0xbe, 0x01, 0x00,
    0x87, 0xbf, 0x7e, 0x00, 0xcd, 0xd4, 0x01, 0x01, 0x01, 0x00, 0x85, 0x00, 0xa5, 0xbf, 0x14, 0x00, 0x10, 0xd6, 0x00,
    0x21, 0x3d, 0x02, 0xff, 0x00, 0x2e, 0x36, 0xff, 0x7f, 0x00, 0x00, 0x81, 0x2a, 0x00, 0x4a, 0x23, 0x02, 0x87, 0xbf,
    0x14, 0x2d, 0x0c, 0x4a, 0x0a, 0x00, 0x55, 0xd6, 0x14, 0x2d, 0x06, 0x02, 0x16, 0x2f, 0x16, 0x4c, 0x01, 0x00, 0x87,
    0xbf, 0xc1, 0x16, 0x1c, 0x4a, 0x04, 0x00, 0x85, 0xbf, 0x85, 0x0f, 0x00, 0xf0, 0x00, 0x00, 0x03, 0x00, 0x16, 0x00,
    0x00, 0x00, 0x85, 0x07, 0x00, 0xf0, 0x15, 0x04, 0x03, 0x00, 0x06, 0x00, 0x00, 0x00, 0x85, 0x07, 0x00, 0xf0, 0x15,
    0x08, 0x03, 0x00, 0x0a, 0x00, 0x00, 0x00, 0x85, 0x07, 0x00, 0xf0, 0x15, 0x0b, 0x03, 0x00, 0x0b, 0x00, 0x00, 0x00,
    0x85, 0x07, 0x00, 0xf0, 0x15, 0x0e, 0x03, 0x00, 0x0e, 0x00, 0x00, 0x00, 0x14, 0x2f, 0x2e, 0x4a, 0x91, 0x00, 0x87,
    0xbf, 0x81, 0x2e, 0x30, 0x4a, 0x18, 0x0b, 0x30, 0x7e, 0xf7, 0x13, 0x89, 0xbf, 0x19, 0x01, 0x00, 0x0a, 0xf7, 0x0b,
    0x89, 0xbf, 0x04, 0x11, 0x08, 0x08, 0x05, 0x13, 0x0a, 0x08, 0x06, 0x15, 0x0c, 0x08, 0x14, 0x0b, 0x10, 0x7e, 0x14,
    0x02, 0x87, 0xbf, 0x16, 0x01, 0x14, 0xd4, 0x04, 0xff, 0x01, 0x00, 0x00, 0x00, 0x80, 0x3d, 0x18, 0x01, 0x14, 0xd4,
    0x05, 0xff, 0x01, 0x00, 0x00, 0x00, 0x80, 0x3d, 0x04, 0x00, 0x87, 0xbf, 0x1a, 0x01, 0x14, 0xd4, 0x06, 0xff, 0x01,
    0x00, 0x00, 0x00, 0x80, 0x3d, 0xf7, 0x03, 0x89, 0xbf, 0x0b, 0x1d, 0x12, 0x08, 0x0c, 0x1f, 0x14, 0x08, 0x0d, 0x21,
    0x16, 0x08, 0x18, 0x55, 0x08, 0x7e, 0x18, 0x11, 0x0c, 0x08, 0x16, 0x18, 0xea, 0x8c, 0x99, 0x01, 0x87, 0xbf, 0x1a,
    0x6a, 0xea, 0x8c, 0x16, 0x01, 0x14, 0xd4, 0x0a, 0xff, 0x01, 0x00, 0x00, 0x00, 0x80, 0x3d, 0x1a, 0x01, 0x14, 0xd4,
    0x09, 0xff, 0x01, 0x00, 0x00, 0x00, 0x80, 0x3d, 0x54, 0x02, 0x87, 0xbf, 0x18, 0x01, 0x14, 0xd4, 0x0b, 0xff, 0x01,
    0x00, 0x00, 0x00, 0x80, 0x3d, 0x05, 0x00, 0x01, 0xd5, 0x80, 0x82, 0xa9, 0x01, 0xf3, 0x0c, 0x1c, 0x06, 0x1c, 0x07,
    0x12, 0x0a, 0xf0, 0x30, 0x06, 0x10, 0x05, 0x00, 0x12, 0xd6, 0x81, 0x0a, 0x0a, 0x02, 0x05, 0x02, 0x87, 0xbf, 0x0a,
    0x00, 0x13, 0xd6, 0x04, 0x1d, 0xc6, 0x03, 0x04, 0x00, 0x13, 0xd6, 0x04, 0x0d, 0xc6, 0x03, 0x06, 0x00, 0x01, 0xd5,
    0x80, 0x02, 0xa9, 0x01, 0x09, 0x39, 0x16, 0x58, 0x00, 0x00, 0x00, 0x3e, 0xa3, 0x04, 0x87, 0xbf, 0x04, 0x03, 0x03,
    0xd5, 0x04, 0x15, 0x02, 0x18, 0x1a, 0x16, 0xea, 0x8c, 0x9e, 0xff, 0x88, 0xbf, 0x18, 0x6a, 0xea, 0x8c, 0x1a, 0x03,
    0x14, 0x0a, 0x1b, 0x05, 0x02, 0x0a, 0x06, 0x0b, 0x04, 0x02, 0x18, 0x00, 0x16, 0xd4, 0x08, 0x07, 0x02, 0x00, 0x03,
    0x11, 0x2c, 0x7c, 0x03, 0x00, 0x87, 0xbf, 0x16, 0x00, 0x42, 0xd4, 0x02, 0x05, 0x01, 0x00, 0x1a, 0x00, 0x42, 0xd4,
    0x02, 0x03, 0x01, 0x00, 0x05, 0x00, 0x13, 0xd6, 0x04, 0x01, 0x66, 0x04, 0x03, 0x00, 0x13, 0xd6, 0x04, 0x15, 0x6a,
    0x04, 0x08, 0x00, 0x13, 0xd6, 0x04, 0x03, 0x6e, 0x04, 0x04, 0x00, 0x13, 0xd6, 0x04, 0x13, 0x72, 0x04, 0x01, 0x37,
    0x0c, 0x58, 0x00, 0x00, 0x00, 0x3e, 0x00, 0x33, 0x00, 0x58, 0x00, 0x00, 0x00, 0x3e, 0x16, 0x18, 0x96, 0x8b, 0x1a,
    0x6a, 0xea, 0x8b, 0xb9, 0x04, 0x87, 0xbf, 0x9e, 0xff, 0x88, 0xbf, 0x16, 0x6a, 0x96, 0x8c, 0x83, 0x04, 0x84, 0x7c,
    0x6a, 0x16, 0xea, 0x8c, 0x19, 0x0b, 0x04, 0x02, 0x1c, 0x09, 0x08, 0x02, 0x1b, 0x11, 0x0a, 0x02, 0x1a, 0x07, 0x02,
    0x02, 0x0a, 0x35, 0x06, 0x58, 0x00, 0x00, 0x00, 0x3e, 0x80, 0x2e, 0x8a, 0x7c, 0x00, 0x05, 0x32, 0x02, 0x03, 0x00,
    0x87, 0xbf, 0x03, 0x03, 0x34, 0x02, 0x06, 0x0b, 0x36, 0x02, 0x0b, 0x09, 0x38, 0x02, 0x14, 0x01, 0xfe, 0xbe, 0xc1,
    0x2a, 0x20, 0x4a, 0x85, 0x01, 0x00, 0xf0, 0x10, 0x00, 0x01, 0x00, 0x16, 0x00, 0x00, 0x00, 0xf7, 0x03, 0x89, 0xbf,
    0xff, 0x00, 0x02, 0x36, 0x00, 0x80, 0x00, 0x80, 0x01, 0x00, 0x87, 0xbf, 0x80, 0x02, 0x9a, 0x7c, 0x14, 0x6a, 0xfe,
    0x8b, 0x84, 0x00, 0xa5, 0xbf, 0x14, 0x00, 0x10, 0xd6, 0x00, 0x21, 0x3d, 0x02, 0xff, 0x00, 0x2e, 0x36, 0xff, 0x7f,
    0x00, 0x00, 0xa2, 0x01, 0x87, 0xbf, 0x14, 0x2d, 0x0c, 0x4a, 0x0a, 0x00, 0x55, 0xd6, 0x14, 0x2d, 0x06, 0x02, 0x16,
    0x2f, 0x16, 0x4c, 0x01, 0x00, 0x87, 0xbf, 0xc1, 0x16, 0x1c, 0x4a, 0x04, 0x00, 0x85, 0xbf, 0x85, 0x0f, 0x00, 0xf0,
    0x10, 0x00, 0x03, 0x00, 0x16, 0x00, 0x00, 0x00, 0x85, 0x07, 0x00, 0xf0, 0x10, 0x04, 0x03, 0x00, 0x06, 0x00, 0x00,
    0x00, 0x85, 0x07, 0x00, 0xf0, 0x10, 0x08, 0x03, 0x00, 0x0a, 0x00, 0x00, 0x00, 0x85, 0x07, 0x00, 0xf0, 0x10, 0x0b,
    0x03, 0x00, 0x0b, 0x00, 0x00, 0x00, 0x85, 0x07, 0x00, 0xf0, 0x10, 0x0e, 0x03, 0x00, 0x0e, 0x00, 0x00, 0x00, 0x14,
    0x2f, 0x2e, 0x4a, 0x91, 0x00, 0x87, 0xbf, 0x81, 0x2e, 0x30, 0x4a, 0x18, 0x0b, 0x30, 0x7e, 0xf7, 0x13, 0x89, 0xbf,
    0x19, 0x01, 0x00, 0x0a, 0xf7, 0x0b, 0x89, 0xbf, 0x04, 0x11, 0x08, 0x08, 0x05, 0x13, 0x0a, 0x08, 0x06, 0x15, 0x0c,
    0x08, 0x14, 0x0b, 0x10, 0x7e, 0x14, 0x02, 0x87, 0xbf, 0x04, 0x01, 0x14, 0xd4, 0x04, 0xff, 0x01, 0x00, 0x00, 0x00,
    0x80, 0x3d, 0x06, 0x01, 0x14, 0xd4, 0x05, 0xff, 0x01, 0x00, 0x00, 0x00, 0x80, 0x3d, 0x04, 0x00, 0x87, 0xbf, 0x08,
    0x01, 0x14, 0xd4, 0x06, 0xff, 0x01, 0x00, 0x00, 0x00, 0x80, 0x3d, 0xf7, 0x03, 0x89, 0xbf, 0x0b, 0x1d, 0x12, 0x08,
    0x0c, 0x1f, 0x14, 0x08, 0x0d, 0x21, 0x16, 0x08, 0x18, 0x55, 0x08, 0x7e, 0x18, 0x11, 0x0c, 0x08, 0x04, 0x06, 0xea,
    0x8c, 0x99, 0x01, 0x87, 0xbf, 0x08, 0x6a, 0xea, 0x8c, 0x04, 0x01, 0x14, 0xd4, 0x0a, 0xff, 0x01, 0x00, 0x00, 0x00,
    0x80, 0x3d, 0x08, 0x01, 0x14, 0xd4, 0x09, 0xff, 0x01, 0x00, 0x00, 0x00, 0x80, 0x3d, 0x54, 0x02, 0x87, 0xbf, 0x06,
    0x01, 0x14, 0xd4, 0x0b, 0xff, 0x01, 0x00, 0x00, 0x00, 0x80, 0x3d, 0x05, 0x00, 0x01, 0xd5, 0x80, 0x82, 0xa9, 0x01,
    0xf3, 0x0c, 0x1c, 0x06, 0x1c, 0x07, 0x12, 0x0a, 0xf0, 0x30, 0x06, 0x10, 0x05, 0x00, 0x12, 0xd6, 0x81, 0x0a, 0x0a,
    0x02, 0x05, 0x02, 0x87, 0xbf, 0x0a, 0x00, 0x13, 0xd6, 0x04, 0x1d, 0xc6, 0x03, 0x04, 0x00, 0x13, 0xd6, 0x04, 0x0d,
    0xc6, 0x03, 0x06, 0x00, 0x01, 0xd5, 0x80, 0x02, 0xa9, 0x01, 0x09, 0x39, 0x16, 0x58, 0x00, 0x00, 0x00, 0x3e, 0xa3,
    0x04, 0x87, 0xbf, 0x04, 0x03, 0x03, 0xd5, 0x04, 0x15, 0x02, 0x18, 0x08, 0x04, 0xea, 0x8c, 0x9e, 0xff, 0x88, 0xbf,
    0x06, 0x6a, 0xea, 0x8c, 0x1a, 0x03, 0x14, 0x0a, 0x1b, 0x05, 0x02, 0x0a, 0x06, 0x0b, 0x04, 0x02, 0x06, 0x00, 0x16,
    0xd4, 0x03, 0x11, 0x02, 0x00, 0x08, 0x07, 0x2c, 0x7c, 0x03, 0x00, 0x87, 0xbf, 0x04, 0x00, 0x42, 0xd4, 0x02, 0x05,
    0x01, 0x00, 0x08, 0x00, 0x42, 0xd4, 0x02, 0x03, 0x01, 0x00, 0x05, 0x00, 0x13, 0xd6, 0x04, 0x01, 0x66, 0x04, 0x03,
    0x00, 0x13, 0xd6, 0x04, 0x15, 0x6a, 0x04, 0x08, 0x00, 0x13, 0xd6, 0x04, 0x03, 0x6e, 0x04, 0x04, 0x00, 0x13, 0xd6,
    0x04, 0x13, 0x72, 0x04, 0x01, 0x37, 0x0c, 0x58, 0x00, 0x00, 0x00, 0x3e, 0x00, 0x33, 0x00, 0x58, 0x00, 0x00, 0x00,
    0x3e, 0x04, 0x06, 0x84, 0x8b, 0x08, 0x6a, 0xea, 0x8b, 0xb9, 0x04, 0x87, 0xbf, 0x9e, 0xff, 0x88, 0xbf, 0x04, 0x6a,
    0x84, 0x8c, 0x80, 0x04, 0x84, 0x7c, 0x6a, 0x04, 0xea, 0x8c, 0x19, 0x0b, 0x04, 0x02, 0x1c, 0x09, 0x08, 0x02, 0x1b,
    0x11, 0x0a, 0x02, 0x1a, 0x07, 0x02, 0x02, 0x0a, 0x35, 0x06, 0x58, 0x00, 0x00, 0x00, 0x3e, 0x80, 0x2e, 0x8a, 0x7c,
    0x00, 0x05, 0x32, 0x02, 0x03, 0x00, 0x87, 0xbf, 0x03, 0x03, 0x34, 0x02, 0x06, 0x0b, 0x36, 0x02, 0x0b, 0x09, 0x38,
    0x02, 0x14, 0x01, 0xfe, 0xbe, 0x00, 0x01, 0x0c, 0xf4, 0x00, 0x00, 0x00, 0xf8, 0x07, 0xfc, 0x89, 0xbf, 0x85, 0x4f,
    0x18, 0xf0, 0x15, 0x19, 0x01, 0x00, 0x16, 0x00, 0x00, 0x00, 0x00, 0x00, 0x80, 0xbf, 0x03, 0x00, 0xb6, 0xbf, 0x00,
    0x00, 0xb0, 0xbf, 0x00, 0x00, 0x9f, 0xbf, 0x00, 0x00, 0x9f, 0xbf, 0x00, 0x00, 0x9f, 0xbf, 0x00, 0x00, 0x9f, 0xbf,
    0x00, 0x00, 0x9f, 0xbf, 0x00, 0x00, 0x9f, 0xbf, 0x00, 0x00, 0x9f, 0xbf, 0x00, 0x00, 0x9f, 0xbf, 0x00, 0x00, 0x9f,
    0xbf, 0x00, 0x00, 0x9f, 0xbf, 0x00, 0x00, 0x9f, 0xbf, 0x00, 0x00, 0x9f, 0xbf, 0x00, 0x00, 0x9f, 0xbf, 0x00, 0x00,
    0x9f, 0xbf, 0x00, 0x00, 0x9f, 0xbf, 0x00, 0x00, 0x9f, 0xbf, 0x00, 0x00, 0x9f, 0xbf, 0x00, 0x00, 0x9f, 0xbf, 0x00,
    0x00, 0x9f, 0xbf, 0x00, 0x00, 0x9f, 0xbf, 0x00, 0x00, 0x9f, 0xbf, 0x00, 0x00, 0x9f, 0xbf, 0x00, 0x00, 0x9f, 0xbf,
    0x00, 0x00, 0x9f, 0xbf, 0x00, 0x00, 0x9f, 0xbf, 0x00, 0x00, 0x9f, 0xbf, 0x00, 0x00, 0x9f, 0xbf, 0x00, 0x00, 0x9f,
    0xbf, 0x00, 0x00, 0x9f, 0xbf, 0x00, 0x00, 0x9f, 0xbf, 0x00, 0x00, 0x9f, 0xbf, 0x00, 0x00, 0x9f, 0xbf, 0x00, 0x00,
    0x9f, 0xbf, 0x00, 0x00, 0x9f, 0xbf, 0x00, 0x00, 0x9f, 0xbf, 0x00, 0x00, 0x9f, 0xbf, 0x00, 0x00, 0x9f, 0xbf, 0x00,
    0x00, 0x9f, 0xbf, 0x00, 0x00, 0x9f, 0xbf, 0x00, 0x00, 0x9f, 0xbf, 0x00, 0x00, 0x9f, 0xbf, 0x00, 0x00, 0x9f, 0xbf,
    0x00, 0x00, 0x9f, 0xbf, 0x00, 0x00, 0x9f, 0xbf, 0x00, 0x00, 0x9f, 0xbf, 0x00, 0x00, 0x9f, 0xbf, 0x00, 0x00, 0x9f,
    0xbf, 0x00, 0x00, 0x9f, 0xbf, 0x00, 0x00, 0x9f, 0xbf, 0x00, 0x00, 0x9f, 0xbf, 0x00, 0x00, 0x9f, 0xbf, 0x00, 0x00,
    0x9f, 0xbf, 0x00, 0x00, 0x9f, 0xbf, 0x00, 0x00, 0x9f, 0xbf, 0x00, 0x00, 0x9f, 0xbf, 0x00, 0x00, 0x9f, 0xbf, 0x00,
    0x00, 0x9f, 0xbf, 0x00, 0x00, 0x9f, 0xbf, 0x00, 0x00, 0x9f, 0xbf, 0x00, 0x00, 0x9f, 0xbf, 0x00, 0x00, 0x9f, 0xbf,
    0x00, 0x00, 0x9f, 0xbf, 0x00, 0x00, 0x9f, 0xbf, 0x00, 0x00, 0x9f, 0xbf, 0x00, 0x00, 0x00, 0x00, 0x00, 0x00, 0x10,
    0x00, 0x00, 0x00, 0x00, 0x00, 0xac, 0xdf, 0x03, 0x10, 0x47, 0x65, 0x6e, 0x65, 0x72, 0x61, 0x74, 0x65, 0x64, 0x20,
    0x62, 0x79, 0x20, 0x74, 0x68, 0x65, 0x20, 0x41, 0x64, 0x76, 0x61, 0x6e, 0x63, 0x65, 0x64, 0x20, 0x4d, 0x69, 0x63,
    0x72, 0x6f, 0x20, 0x44, 0x65, 0x76, 0x69, 0x63, 0x65, 0x73, 0x2c, 0x20, 0x49, 0x6e, 0x63, 0x2e, 0x2c, 0x20, 0x50,
    0x72, 0x6f, 0x70, 0x72, 0x69, 0x65, 0x74, 0x61, 0x72, 0x79, 0x20, 0x47, 0x50, 0x55, 0x20, 0x53, 0x68, 0x61, 0x64,
    0x65, 0x72, 0x20, 0x43, 0x6f, 0x6d, 0x70, 0x69, 0x6c, 0x65, 0x72, 0x2e, 0x00, 0x00, 0x5f, 0x61, 0x6d, 0x64, 0x67,
    0x70, 0x75, 0x5f, 0x63, 0x73, 0x5f, 0x6d, 0x61, 0x69, 0x6e, 0x00, 0x5f, 0x61, 0x6d, 0x64, 0x67, 0x70, 0x75, 0x5f,
    0x63, 0x73, 0x5f, 0x73, 0x68, 0x64, 0x72, 0x5f, 0x69, 0x6e, 0x74, 0x72, 0x6c, 0x5f, 0x74, 0x62, 0x6c, 0x00, 0x00,
    0x00, 0x00, 0x00, 0x00, 0x00, 0x00, 0x00, 0x00, 0x00, 0x00, 0x00, 0x00, 0x00, 0x00, 0x00, 0x00, 0x00, 0x00, 0x00,
    0x00, 0x00, 0x00, 0x00, 0x01, 0x00, 0x00, 0x00, 0x12, 0x00, 0x02, 0x00, 0x00, 0x00, 0x00, 0x00, 0x00, 0x00, 0x00,
    0x00, 0xb8, 0x0a, 0x00, 0x00, 0x00, 0x00, 0x00, 0x00, 0x11, 0x00, 0x00, 0x00, 0x11, 0x00, 0x03, 0x00, 0x00, 0x00,
    0x00, 0x00, 0x00, 0x00, 0x00, 0x00, 0x10, 0x00, 0x00, 0x00, 0x00, 0x00, 0x00, 0x00, 0x07, 0x00, 0x00, 0x00, 0x10,
    0x04, 0x00, 0x00, 0x20, 0x00, 0x00, 0x00, 0x41, 0x4d, 0x44, 0x47, 0x50, 0x55, 0x00, 0x00, 0x82, 0xae, 0x61, 0x6d,
    0x64, 0x70, 0x61, 0x6c, 0x2e, 0x76, 0x65, 0x72, 0x73, 0x69, 0x6f, 0x6e, 0x92, 0x03, 0x06, 0xb0, 0x61, 0x6d, 0x64,
    0x70, 0x61, 0x6c, 0x2e, 0x70, 0x69, 0x70, 0x65, 0x6c, 0x69, 0x6e, 0x65, 0x73, 0x91, 0x8b, 0xa5, 0x2e, 0x74, 0x79,
    0x70, 0x65, 0xa2, 0x43, 0x73, 0xae, 0x2e, 0x72, 0x65, 0x73, 0x6f, 0x75, 0x72, 0x63, 0x65, 0x5f, 0x68, 0x61, 0x73,
    0x68, 0xcf, 0xd5, 0x3b, 0x56, 0xf8, 0x53, 0xfa, 0x64, 0x4e, 0xb0, 0x2e, 0x73, 0x70, 0x69, 0x6c, 0x6c, 0x5f, 0x74,
    0x68, 0x72, 0x65, 0x73, 0x68, 0x6f, 0x6c, 0x64, 0xcd, 0xff, 0xff, 0xb0, 0x2e, 0x75, 0x73, 0x65, 0x72, 0x5f, 0x64,
    0x61, 0x74, 0x61, 0x5f, 0x6c, 0x69, 0x6d, 0x69, 0x74, 0x01, 0xa8, 0x2e, 0x73, 0x68, 0x61, 0x64, 0x65, 0x72, 0x73,
    0x81, 0xa8, 0x2e, 0x63, 0x6f, 0x6d, 0x70, 0x75, 0x74, 0x65, 0x83, 0xb0, 0x2e, 0x61, 0x70, 0x69, 0x5f, 0x73, 0x68,
    0x61, 0x64, 0x65, 0x72, 0x5f, 0x68, 0x61, 0x73, 0x68, 0x92, 0xcf, 0xce, 0xca, 0xe8, 0xd6, 0x79, 0xa0, 0x8e, 0x33,
    0xcf, 0x74, 0x05, 0x57, 0x7c, 0xd4, 0x4f, 0xf4, 0xf0, 0xb1, 0x2e, 0x68, 0x61, 0x72, 0x64, 0x77, 0x61, 0x72, 0x65,
    0x5f, 0x6d, 0x61, 0x70, 0x70, 0x69, 0x6e, 0x67, 0x91, 0xa3, 0x2e, 0x63, 0x73, 0xaf, 0x2e, 0x73, 0x68, 0x61, 0x64,
    0x65, 0x72, 0x5f, 0x73, 0x75, 0x62, 0x74, 0x79, 0x70, 0x65, 0xa7, 0x55, 0x6e, 0x6b, 0x6e, 0x6f, 0x77, 0x6e, 0xb0,
    0x2e, 0x68, 0x61, 0x72, 0x64, 0x77, 0x61, 0x72, 0x65, 0x5f, 0x73, 0x74, 0x61, 0x67, 0x65, 0x73, 0x81, 0xa3, 0x2e,
    0x63, 0x73, 0xde, 0x00, 0x1b, 0xb3, 0x2e, 0x65, 0x6e, 0x74, 0x72, 0x79, 0x5f, 0x70, 0x6f, 0x69, 0x6e, 0x74, 0x5f,
    0x73, 0x79, 0x6d, 0x62, 0x6f, 0x6c, 0xaf, 0x5f, 0x61, 0x6d, 0x64, 0x67, 0x70, 0x75, 0x5f, 0x63, 0x73, 0x5f, 0x6d,
    0x61, 0x69, 0x6e, 0xab, 0x2e, 0x73, 0x67, 0x70, 0x72, 0x5f, 0x63, 0x6f, 0x75, 0x6e, 0x74, 0x1c, 0xab, 0x2e, 0x76,
    0x67, 0x70, 0x72, 0x5f, 0x63, 0x6f, 0x75, 0x6e, 0x74, 0x1d, 0xa9, 0x2e, 0x6c, 0x64, 0x73, 0x5f, 0x73, 0x69, 0x7a,
    0x65, 0x00, 0xb4, 0x2e, 0x73, 0x63, 0x72, 0x61, 0x74, 0x63, 0x68, 0x5f, 0x6d, 0x65, 0x6d, 0x6f, 0x72, 0x79, 0x5f,
    0x73, 0x69, 0x7a, 0x65, 0x00, 0xb4, 0x2e, 0x66, 0x72, 0x6f, 0x6e, 0x74, 0x65, 0x6e, 0x64, 0x5f, 0x73, 0x74, 0x61,
    0x63, 0x6b, 0x5f, 0x73, 0x69, 0x7a, 0x65, 0x00, 0xb3, 0x2e, 0x62, 0x61, 0x63, 0x6b, 0x65, 0x6e, 0x64, 0x5f, 0x73,
    0x74, 0x61, 0x63, 0x6b, 0x5f, 0x73, 0x69, 0x7a, 0x65, 0x00, 0xb6, 0x2e, 0x70, 0x65, 0x72, 0x66, 0x5f, 0x64, 0x61,
    0x74, 0x61, 0x5f, 0x62, 0x75, 0x66, 0x66, 0x65, 0x72, 0x5f, 0x73, 0x69, 0x7a, 0x65, 0x00, 0xaa, 0x2e, 0x75, 0x73,
    0x65, 0x73, 0x5f, 0x75, 0x61, 0x76, 0x73, 0xc3, 0xac, 0x2e, 0x77, 0x72, 0x69, 0x74, 0x65, 0x73, 0x5f, 0x75, 0x61,
    0x76, 0x73, 0xc3, 0xb4, 0x2e, 0x75, 0x73, 0x65, 0x73, 0x5f, 0x61, 0x70, 0x70, 0x65, 0x6e, 0x64, 0x5f, 0x63, 0x6f,
    0x6e, 0x73, 0x75, 0x6d, 0x65, 0xc2, 0xaf, 0x2e, 0x77, 0x61, 0x76, 0x65, 0x66, 0x72, 0x6f, 0x6e, 0x74, 0x5f, 0x73,
    0x69, 0x7a, 0x65, 0x40, 0xb2, 0x2e, 0x75, 0x73, 0x65, 0x72, 0x5f, 0x64, 0x61, 0x74, 0x61, 0x5f, 0x72, 0x65, 0x67,
    0x5f, 0x6d, 0x61, 0x70, 0xdc, 0x00, 0x20, 0xce, 0xff, 0xff, 0xff, 0xff, 0xce, 0xff, 0xff, 0xff, 0xff, 0x00, 0xce,
    0xff, 0xff, 0xff, 0xff, 0xce, 0xff, 0xff, 0xff, 0xff, 0xce, 0xff, 0xff, 0xff, 0xff, 0xce, 0xff, 0xff, 0xff, 0xff,
    0xce, 0xff, 0xff, 0xff, 0xff, 0xce, 0xff, 0xff, 0xff, 0xff, 0xce, 0xff, 0xff, 0xff, 0xff, 0xce, 0xff, 0xff, 0xff,
    0xff, 0xce, 0xff, 0xff, 0xff, 0xff, 0xce, 0xff, 0xff, 0xff, 0xff, 0xce, 0xff, 0xff, 0xff, 0xff, 0xce, 0xff, 0xff,
    0xff, 0xff, 0xce, 0xff, 0xff, 0xff, 0xff, 0xce, 0xff, 0xff, 0xff, 0xff, 0xce, 0xff, 0xff, 0xff, 0xff, 0xce, 0xff,
    0xff, 0xff, 0xff, 0xce, 0xff, 0xff, 0xff, 0xff, 0xce, 0xff, 0xff, 0xff, 0xff, 0xce, 0xff, 0xff, 0xff, 0xff, 0xce,
    0xff, 0xff, 0xff, 0xff, 0xce, 0xff, 0xff, 0xff, 0xff, 0xce, 0xff, 0xff, 0xff, 0xff, 0xce, 0xff, 0xff, 0xff, 0xff,
    0xce, 0xff, 0xff, 0xff, 0xff, 0xce, 0xff, 0xff, 0xff, 0xff, 0xce, 0xff, 0xff, 0xff, 0xff, 0xce, 0xff, 0xff, 0xff,
    0xff, 0xce, 0xff, 0xff, 0xff, 0xff, 0xce, 0xff, 0xff, 0xff, 0xff, 0xb7, 0x2e, 0x74, 0x68, 0x72, 0x65, 0x61, 0x64,
    0x67, 0x72, 0x6f, 0x75, 0x70, 0x5f, 0x64, 0x69, 0x6d, 0x65, 0x6e, 0x73, 0x69, 0x6f, 0x6e, 0x73, 0x93, 0x08, 0x08,
    0x01, 0xab, 0x2e, 0x66, 0x6c, 0x6f, 0x61, 0x74, 0x5f, 0x6d, 0x6f, 0x64, 0x65, 0xcc, 0xc0, 0xae, 0x2e, 0x66, 0x70,
    0x31, 0x36, 0x5f, 0x6f, 0x76, 0x65, 0x72, 0x66, 0x6c, 0x6f, 0x77, 0xc2, 0xaa, 0x2e, 0x69, 0x65, 0x65, 0x65, 0x5f,
    0x6d, 0x6f, 0x64, 0x65, 0xc2, 0xa9, 0x2e, 0x77, 0x67, 0x70, 0x5f, 0x6d, 0x6f, 0x64, 0x65, 0xc2, 0xac, 0x2e, 0x6d,
    0x65, 0x6d, 0x5f, 0x6f, 0x72, 0x64, 0x65, 0x72, 0x65, 0x64, 0xc2, 0xb1, 0x2e, 0x66, 0x6f, 0x72, 0x77, 0x61, 0x72,
    0x64, 0x5f, 0x70, 0x72, 0x6f, 0x67, 0x72, 0x65, 0x73, 0x73, 0xc2, 0xab, 0x2e, 0x75, 0x73, 0x65, 0x72, 0x5f, 0x73,
    0x67, 0x70, 0x72, 0x73, 0x03, 0xa8, 0x2e, 0x65, 0x78, 0x63, 0x70, 0x5f, 0x65, 0x6e, 0x00, 0xab, 0x2e, 0x73, 0x63,
    0x72, 0x61, 0x74, 0x63, 0x68, 0x5f, 0x65, 0x6e, 0xc2, 0xad, 0x2e, 0x74, 0x72, 0x61, 0x70, 0x5f, 0x70, 0x72, 0x65,
    0x73, 0x65, 0x6e, 0x74, 0xc2, 0xb0, 0x2e, 0x73, 0x68, 0x61, 0x72, 0x65, 0x64, 0x5f, 0x76, 0x67, 0x70, 0x72, 0x5f,
    0x63, 0x6e, 0x74, 0x00, 0xad, 0x2e, 0x77, 0x61, 0x76, 0x65, 0x73, 0x5f, 0x70, 0x65, 0x72, 0x5f, 0x73, 0x65, 0x00,
    0xaf, 0x2e, 0x63, 0x68, 0x65, 0x63, 0x6b, 0x73, 0x75, 0x6d, 0x5f, 0x76, 0x61, 0x6c, 0x75, 0x65, 0xce, 0x17, 0x20,
    0xc5, 0x69, 0xaa, 0x2e, 0x72, 0x65, 0x67, 0x69, 0x73, 0x74, 0x65, 0x72, 0x73, 0x81, 0xcd, 0x2e, 0x42, 0x00, 0xa5,
    0x2e, 0x6e, 0x61, 0x6d, 0x65, 0xae, 0x4d, 0x6c, 0x61, 0x61, 0x46, 0x69, 0x6e, 0x61, 0x6c, 0x42, 0x6c, 0x65, 0x6e,
    0x64, 0xb7, 0x2e, 0x69, 0x6e, 0x74, 0x65, 0x72, 0x6e, 0x61, 0x6c, 0x5f, 0x70, 0x69, 0x70, 0x65, 0x6c, 0x69, 0x6e,
    0x65, 0x5f, 0x68, 0x61, 0x73, 0x68, 0x92, 0xcf, 0xdc, 0x75, 0xd2, 0x2a, 0x41, 0x83, 0xb1, 0xab, 0xcf, 0x7c, 0x19,
    0xd3, 0x39, 0x09, 0xfc, 0x1d, 0xb3, 0xb2, 0x2e, 0x63, 0x6f, 0x6d, 0x70, 0x75, 0x74, 0x65, 0x5f, 0x72, 0x65, 0x67,
    0x69, 0x73, 0x74, 0x65, 0x72, 0x73, 0x85, 0xaf, 0x2e, 0x74, 0x69, 0x64, 0x69, 0x67, 0x5f, 0x63, 0x6f, 0x6d, 0x70,
    0x5f, 0x63, 0x6e, 0x74, 0x01, 0xaa, 0x2e, 0x74, 0x67, 0x69, 0x64, 0x5f, 0x78, 0x5f, 0x65, 0x6e, 0xc3, 0xaa, 0x2e,
    0x74, 0x67, 0x69, 0x64, 0x5f, 0x79, 0x5f, 0x65, 0x6e, 0xc3, 0xaa, 0x2e, 0x74, 0x67, 0x69, 0x64, 0x5f, 0x7a, 0x5f,
    0x65, 0x6e, 0xc2, 0xab, 0x2e, 0x74, 0x67, 0x5f, 0x73, 0x69, 0x7a, 0x65, 0x5f, 0x65, 0x6e, 0xc2, 0xa4, 0x2e, 0x61,
    0x70, 0x69, 0xa7, 0x73, 0x63, 0x70, 0x63, 0x42, 0x6c, 0x64, 0x00, 0x00, 0x00, 0x00, 0x00, 0x00, 0x00, 0x00, 0x00,
    0x00, 0x00, 0x00, 0x00, 0x00, 0x00, 0x00, 0x00, 0x00, 0x00, 0x00, 0x00, 0x00, 0x00, 0x00, 0x00, 0x00, 0x00, 0x00,
    0x00, 0x00, 0x00, 0x00, 0x00, 0x00, 0x00, 0x00, 0x00, 0x00, 0x00, 0x00, 0x00, 0x00, 0x00, 0x00, 0x00, 0x00, 0x00,
    0x00, 0x00, 0x00, 0x00, 0x00, 0x00, 0x00, 0x00, 0x00, 0x00, 0x00, 0x00, 0x00, 0x00, 0x00, 0x00, 0x00, 0x00, 0x00,
    0x00, 0x01, 0x00, 0x00, 0x00, 0x03, 0x00, 0x00, 0x00, 0x00, 0x00, 0x00, 0x00, 0x00, 0x00, 0x00, 0x00, 0x00, 0x00,
    0x00, 0x00, 0x00, 0x00, 0x00, 0x00, 0x40, 0x00, 0x00, 0x00, 0x00, 0x00, 0x00, 0x00, 0x36, 0x00, 0x00, 0x00, 0x00,
    0x00, 0x00, 0x00, 0x00, 0x00, 0x00, 0x00, 0x00, 0x00, 0x00, 0x00, 0x00, 0x00, 0x00, 0x00, 0x00, 0x00, 0x00, 0x00,
    0x00, 0x00, 0x00, 0x00, 0x00, 0x00, 0x00, 0x00, 0x0b, 0x00, 0x00, 0x00, 0x01, 0x00, 0x00, 0x00, 0x06, 0x00, 0x00,
    0x00, 0x00, 0x00, 0x00, 0x00, 0x00, 0x00, 0x00, 0x00, 0x00, 0x00, 0x00, 0x00, 0x76, 0x00, 0x00, 0x00, 0x00, 0x00,
    0x00, 0x00, 0xb8, 0x0a, 0x00, 0x00, 0x00, 0x00, 0x00, 0x00, 0x00, 0x00, 0x00, 0x00, 0x00, 0x00, 0x00, 0x00, 0x00,
    0x01, 0x00, 0x00, 0x00, 0x00, 0x00, 0x00, 0x00, 0x00, 0x00, 0x00, 0x00, 0x00, 0x00, 0x00, 0x11, 0x00, 0x00, 0x00,
    0x01, 0x00, 0x00, 0x00, 0x03, 0x00, 0x00, 0x00, 0x00, 0x00, 0x00, 0x00, 0x00, 0x00, 0x00, 0x00, 0x00, 0x00, 0x00,
    0x00, 0x2e, 0x0b, 0x00, 0x00, 0x00, 0x00, 0x00, 0x00, 0x10, 0x00, 0x00, 0x00, 0x00, 0x00, 0x00, 0x00, 0x00, 0x00,
    0x00, 0x00, 0x00, 0x00, 0x00, 0x00, 0x20, 0x00, 0x00, 0x00, 0x00, 0x00, 0x00, 0x00, 0x00, 0x00, 0x00, 0x00, 0x00,
    0x00, 0x00, 0x00, 0x17, 0x00, 0x00, 0x00, 0x01, 0x00, 0x00, 0x00, 0x00, 0x00, 0x00, 0x00, 0x00, 0x00, 0x00, 0x00,
    0x00, 0x00, 0x00, 0x00, 0x00, 0x00, 0x00, 0x00, 0x3e, 0x0b, 0x00, 0x00, 0x00, 0x00, 0x00, 0x00, 0x50, 0x00, 0x00,
    0x00, 0x00, 0x00, 0x00, 0x00, 0x00, 0x00, 0x00, 0x00, 0x00, 0x00, 0x00, 0x00, 0x00, 0x00, 0x00, 0x00, 0x00, 0x00,
    0x00, 0x00, 0x00, 0x00, 0x00, 0x00, 0x00, 0x00, 0x00, 0x00, 0x20, 0x00, 0x00, 0x00, 0x03, 0x00, 0x00, 0x00, 0x00,
    0x00, 0x00, 0x00, 0x00, 0x00, 0x00, 0x00, 0x00, 0x00, 0x00, 0x00, 0x00, 0x00, 0x00, 0x00, 0x8e, 0x0b, 0x00, 0x00,
    0x00, 0x00, 0x00, 0x00, 0x2b, 0x00, 0x00, 0x00, 0x00, 0x00, 0x00, 0x00, 0x00, 0x00, 0x00, 0x00, 0x00, 0x00, 0x00,
    0x00, 0x00, 0x00, 0x00, 0x00, 0x00, 0x00, 0x00, 0x00, 0x00, 0x00, 0x00, 0x00, 0x00, 0x00, 0x00, 0x00, 0x28, 0x00,
    0x00, 0x00, 0x02, 0x00, 0x00, 0x00, 0x00, 0x00, 0x00, 0x00, 0x00, 0x00, 0x00, 0x00, 0x00, 0x00, 0x00, 0x00, 0x00,
    0x00, 0x00, 0x00, 0xb9, 0x0b, 0x00, 0x00, 0x00, 0x00, 0x00, 0x00, 0x48, 0x00, 0x00, 0x00, 0x00, 0x00, 0x00, 0x00,
    0x05, 0x00, 0x00, 0x00, 0x00, 0x00, 0x00, 0x00, 0x00, 0x00, 0x00, 0x00, 0x00, 0x00, 0x00, 0x00, 0x18, 0x00, 0x00,
    0x00, 0x00, 0x00, 0x00, 0x00, 0x30, 0x00, 0x00, 0x00, 0x07, 0x00, 0x00, 0x00, 0x00, 0x00, 0x00, 0x00, 0x00, 0x00,
    0x00, 0x00, 0x00, 0x00, 0x00, 0x00, 0x00, 0x00, 0x00, 0x00, 0x01, 0x0c, 0x00, 0x00, 0x00, 0x00, 0x00, 0x00, 0x24,
    0x04, 0x00, 0x00, 0x00, 0x00, 0x00, 0x00, 0x00, 0x00, 0x00, 0x00, 0x00, 0x00, 0x00, 0x00, 0x00, 0x00, 0x00, 0x00,
    0x00, 0x00, 0x00, 0x00, 0x00, 0x00, 0x00, 0x00, 0x00, 0x00, 0x00, 0x00,
};

// Mlaa Final Blend Fast compute shader binary
inline constexpr Util::uint8 MlaaFinalBlendFast_Cs_20DE282F[] =
{
    0x7f, 0x45, 0x4c, 0x46, 0x02, 0x01, 0x01, 0x41, 0x00, 0x00, 0x00, 0x00, 0x00, 0x00, 0x00, 0x00, 0x01, 0x00, 0xe0,
    0x00, 0x01, 0x00, 0x00, 0x00, 0x00, 0x00, 0x00, 0x00, 0x00, 0x00, 0x00, 0x00, 0x00, 0x00, 0x00, 0x00, 0x00, 0x00,
    0x00, 0x00, 0x10, 0x11, 0x00, 0x00, 0x00, 0x00, 0x00, 0x00, 0x43, 0x05, 0x00, 0x00, 0x40, 0x00, 0x00, 0x00, 0x00,
    0x00, 0x40, 0x00, 0x08, 0x00, 0x01, 0x00, 0x00, 0x2e, 0x73, 0x68, 0x73, 0x74, 0x72, 0x74, 0x61, 0x62, 0x00, 0x2e,
    0x74, 0x65, 0x78, 0x74, 0x00, 0x2e, 0x64, 0x61, 0x74, 0x61, 0x00, 0x2e, 0x63, 0x6f, 0x6d, 0x6d, 0x65, 0x6e, 0x74,
    0x00, 0x2e, 0x73, 0x74, 0x72, 0x74, 0x61, 0x62, 0x00, 0x2e, 0x73, 0x79, 0x6d, 0x74, 0x61, 0x62, 0x00, 0x2e, 0x6e,
    0x6f, 0x74, 0x65, 0x00, 0x06, 0x20, 0x80, 0xb0, 0x02, 0x00, 0xb5, 0xbf, 0x80, 0x47, 0x86, 0xbe, 0x03, 0x00, 0x84,
    0xbf, 0x02, 0x00, 0x80, 0xbe, 0x07, 0x00, 0x81, 0xbe, 0x80, 0x01, 0x04, 0xf4, 0x64, 0x00, 0x00, 0xf8, 0xff, 0x00,
    0x02, 0x36, 0xff, 0x03, 0x00, 0x00, 0x00, 0x00, 0x10, 0xd6, 0x00, 0x15, 0x29, 0x02, 0x12, 0x01, 0x87, 0xbf, 0x01,
    0x00, 0x46, 0xd6, 0x03, 0x06, 0x05, 0x04, 0x00, 0x00, 0x46, 0xd6, 0x04, 0x06, 0x01, 0x04, 0x07, 0xfc, 0x89, 0xbf,
    0x12, 0x01, 0x87, 0xbf, 0x02, 0x00, 0x4e, 0xd4, 0x06, 0x02, 0x02, 0x00, 0x07, 0x00, 0x9c, 0x7c, 0x02, 0x6a, 0xea,
    0x8b, 0x09, 0x00, 0x87, 0xbf, 0x6a, 0x21, 0x82, 0xbe, 0x8a, 0x02, 0xa5, 0xbf, 0x00, 0x02, 0x0c, 0xf4, 0x20, 0x00,
    0x00, 0xf8, 0x00, 0x04, 0x0c, 0xf4, 0x40, 0x00, 0x00, 0xf8, 0x06, 0x02, 0x04, 0x22, 0x07, 0x00, 0x08, 0x22, 0x07,
    0xfc, 0x89, 0xbf, 0x85, 0x0f, 0x00, 0xf0, 0x02, 0x06, 0x02, 0x00, 0x04, 0x00, 0x00, 0x00, 0x85, 0x03, 0x00, 0xf0,
    0x02, 0x0a, 0x04, 0x00, 0x04, 0x00, 0x00, 0x00, 0x7e, 0x01, 0x84, 0xbe, 0xf7, 0x03, 0x89, 0xbf, 0x7e, 0x00, 0xcd,
    0xd4, 0x0a, 0x01, 0x01, 0x00, 0x95, 0x00, 0xa5, 0xbf, 0xff, 0x14, 0x06, 0x36, 0x80, 0x00, 0x00, 0x00, 0x0e, 0x00,
    0x10, 0xd6, 0x0a, 0x09, 0x0d, 0x02, 0x07, 0x00, 0x20, 0x26, 0x93, 0x01, 0x87, 0xbf, 0x80, 0x06, 0x8a, 0x7c, 0x88,
    0x1c, 0x0a, 0x02, 0x88, 0x14, 0x18, 0x36, 0x87, 0x14, 0x1a, 0x36, 0x23, 0x02, 0x87, 0xbf, 0x81, 0x0a, 0x06, 0x4a,
    0x01, 0x0b, 0x1e, 0x4c, 0x80, 0x18, 0x8a, 0x7c, 0x93, 0x01, 0x87, 0xbf, 0x01, 0x07, 0x06, 0x4c, 0x06, 0x1e, 0x1e,
    0x26, 0x88, 0x1a, 0x14, 0x02, 0xa3, 0x01, 0x87, 0xbf, 0x06, 0x06, 0x06, 0x26, 0xc1, 0x00, 0x18, 0x4a, 0x01, 0x15,
    0x22, 0x4a, 0x12, 0x00, 0x55, 0xd6, 0x0a, 0x03, 0x06, 0x02, 0x93, 0x01, 0x87, 0xbf, 0x0c, 0x00, 0x64, 0xd6, 0x0c,
    0x01, 0x1d, 0x00, 0x06, 0x22, 0x26, 0x26, 0x03, 0x00, 0x87, 0xbf, 0x06, 0x24, 0x24, 0x26, 0x04, 0x00, 0x85, 0xbf,
    0x85, 0x07, 0x00, 0xf0, 0x02, 0x14, 0x02, 0x00, 0x0c, 0x00, 0x00, 0x00, 0x85, 0x07, 0x00, 0xf0, 0x0f, 0x17, 0x02,
    0x00, 0x10, 0x00, 0x00, 0x00, 0x85, 0x07, 0x00, 0xf0, 0x03, 0x1a, 0x02, 0x00, 0x10, 0x00, 0x00, 0x00, 0x85, 0x07,
    0x00, 0xf0, 0x13, 0x1d, 0x02, 0x00, 0x10, 0x00, 0x00, 0x00, 0x85, 0x07, 0x00, 0xf0, 0x12, 0x10, 0x02, 0x00, 0x10,
    0x00, 0x00, 0x00, 0x03, 0x00, 0x55, 0xd6, 0x05, 0x15, 0x06, 0x02, 0x05, 0x0d, 0x1e, 0x7e, 0x02, 0x00, 0x87, 0xbf,
    0x03, 0x0d, 0x18, 0x7e, 0xf7, 0x0b, 0x89, 0xbf, 0x17, 0x35, 0x06, 0x08, 0x18, 0x37, 0x14, 0x08, 0x19, 0x39, 0x0a,
    0x08, 0xf7, 0x03, 0x89, 0xbf, 0x1d, 0x21, 0x20, 0x08, 0x14, 0x02, 0x87, 0xbf, 0x18, 0x01, 0x14, 0xd4, 0x03, 0xff,
    0x01, 0x00, 0x00, 0x00, 0x80, 0x3d, 0x1a, 0x01, 0x14, 0xd4, 0x0a, 0xff, 0x01, 0x00, 0x00, 0x00, 0x80, 0x3d, 0x04,
    0x00, 0x87, 0xbf, 0x1c, 0x01, 0x14, 0xd4, 0x05, 0xff, 0x01, 0x00, 0x00, 0x00, 0x80, 0x3d, 0x1e, 0x23, 0x22, 0x08,
    0x1f, 0x25, 0x24, 0x08, 0x0c, 0x55, 0x06, 0x7e, 0x0c, 0x1f, 0x0a, 0x08, 0xf0, 0x18, 0x18, 0x10, 0xa2, 0x04, 0x87,
    0xbf, 0xf3, 0x0a, 0x30, 0x06, 0x18, 0x1a, 0xea, 0x8c, 0x1c, 0x6a, 0xea, 0x8c, 0x18, 0x01, 0x14, 0xd4, 0x11, 0xff,
    0x01, 0x00, 0x00, 0x00, 0x80, 0x3d, 0x1c, 0x01, 0x14, 0xd4, 0x10, 0xff, 0x01, 0x00, 0x00, 0x00, 0x80, 0x3d, 0x1a,
    0x01, 0x14, 0xd4, 0x12, 0xff, 0x01, 0x00, 0x00, 0x00, 0x80, 0x3d, 0x0a, 0x00, 0x01, 0xd5, 0x80, 0x82, 0xa9, 0x01,
    0x35, 0x02, 0x87, 0xbf, 0x05, 0x00, 0x13, 0xd6, 0x03, 0x0b, 0xc6, 0x03, 0x07, 0x2b, 0x20, 0x0a, 0x08, 0x2d, 0x22,
    0x0a, 0x19, 0x00, 0x12, 0xd6, 0x81, 0x14, 0x0a, 0x02, 0x0a, 0x00, 0x13, 0xd6, 0x03, 0x31, 0xc6, 0x03, 0x03, 0x00,
    0x01, 0xd5, 0x80, 0x02, 0xa9, 0x01, 0xb2, 0x04, 0x87, 0xbf, 0x05, 0x03, 0x03, 0xd5, 0x05, 0x15, 0x02, 0x18, 0x06,
    0x29, 0x14, 0x0a, 0x1c, 0x18, 0xea, 0x8c, 0x9e, 0xff, 0x88, 0xbf, 0x1a, 0x6a, 0xea, 0x8c, 0x83, 0x04, 0x87, 0xbf,
    0x03, 0x33, 0x06, 0x02, 0x1a, 0x00, 0x16, 0xd4, 0x0f, 0x19, 0x02, 0x00, 0x0c, 0x1f, 0x2c, 0x7c, 0x03, 0x00, 0x87,
    0xbf, 0x18, 0x00, 0x42, 0xd4, 0x03, 0x05, 0x01, 0x00, 0x1c, 0x00, 0x42, 0xd4, 0x03, 0x03, 0x01, 0x00, 0x0c, 0x00,
    0x13, 0xd6, 0x05, 0x15, 0x1a, 0x04, 0x0f, 0x00, 0x13, 0xd6, 0x05, 0x21, 0x1e, 0x04, 0x05, 0x00, 0x13, 0xd6, 0x05,
    0x23, 0x22, 0x04, 0x18, 0x1a, 0x98, 0x8b, 0x1c, 0x6a, 0xea, 0x8b, 0xc9, 0x00, 0x87, 0xbf, 0x9e, 0xff, 0x88, 0xbf,
    0x18, 0x6a, 0x98, 0x8c, 0x83, 0x06, 0x84, 0x7c, 0x0e, 0x1b, 0x06, 0x4a, 0x6a, 0x18, 0xea, 0x8c, 0x18, 0x00, 0x45,
    0xd4, 0x03, 0x01, 0x01, 0x00, 0x06, 0x19, 0x1c, 0x02, 0x08, 0x0b, 0x0a, 0x02, 0x07, 0x1f, 0x18, 0x02, 0x11, 0x11,
    0x06, 0x58, 0x00, 0x00, 0x00, 0x3e, 0x0a, 0x0d, 0x10, 0x58, 0x00, 0x00, 0x00, 0x3e, 0x10, 0x0f, 0x0c, 0x58, 0x00,
    0x00, 0x00, 0x3e, 0x93, 0x01, 0x87, 0xbf, 0x03, 0x00, 0x01, 0xd5, 0x03, 0x0b, 0x62, 0x00, 0x05, 0x00, 0x01, 0xd5,
    0x08, 0x1d, 0x62, 0x00, 0x03, 0x00, 0x87, 0xbf, 0x08, 0x00, 0x01, 0xd5, 0x06, 0x19, 0x62, 0x00, 0x04, 0x7e, 0xfe,
    0x91, 0x06, 0x03, 0x0a, 0x7e, 0x08, 0x03, 0x06, 0x7e, 0x07, 0x03, 0x10, 0x7e, 0x04, 0x01, 0xfe, 0xbe, 0x81, 0x00,
    0x0c, 0x4a, 0x01, 0x00, 0x87, 0xbf, 0x07, 0x0c, 0x18, 0x22, 0x85, 0x01, 0x00, 0xf0, 0x02, 0x07, 0x04, 0x00, 0x0c,
    0x00, 0x00, 0x00, 0xf7, 0x03, 0x89, 0xbf, 0x80, 0x0e, 0x9a, 0x7c, 0x04, 0x6a, 0xfe, 0x8b, 0x90, 0x00, 0xa5, 0xbf,
    0xff, 0x0e, 0x14, 0x36, 0x80, 0x00, 0x00, 0x00, 0x0d, 0x00, 0x10, 0xd6, 0x07, 0x09, 0x0d, 0x02, 0x07, 0x0c, 0x22,
    0x26, 0x93, 0x01, 0x87, 0xbf, 0x80, 0x14, 0x8a, 0x7c, 0x88, 0x1a, 0x20, 0x02, 0x88, 0x0e, 0x1c, 0x36, 0x87, 0x0e,
    0x0e, 0x36, 0x23, 0x02, 0x87, 0xbf, 0x81, 0x20, 0x14, 0x4a, 0x01, 0x21, 0x1e, 0x4c, 0x80, 0x1c, 0x8a, 0x7c, 0x93,
    0x01, 0x87, 0xbf, 0x01, 0x15, 0x14, 0x4c, 0x06, 0x1e, 0x1e, 0x26, 0x88, 0x0e, 0x1c, 0x02, 0x13, 0x01, 0x87, 0xbf,
    0x06, 0x14, 0x14, 0x26, 0x01, 0x1d, 0x0c, 0x4a, 0x12, 0x00, 0x55, 0xd6, 0x0e, 0x03, 0x06, 0x02, 0x12, 0x01, 0x87,
    0xbf, 0x06, 0x0c, 0x0c, 0x26, 0x06, 0x24, 0x24, 0x26, 0x04, 0x00, 0x85, 0xbf, 0x85, 0x07, 0x00, 0xf0, 0x02, 0x14,
    0x02, 0x00, 0x0c, 0x00, 0x00, 0x00, 0x85, 0x07, 0x00, 0xf0, 0x0f, 0x17, 0x02, 0x00, 0x11, 0x00, 0x00, 0x00, 0x85,
    0x07, 0x00, 0xf0, 0x0a, 0x1a, 0x02, 0x00, 0x11, 0x00, 0x00, 0x00, 0x85, 0x07, 0x00, 0xf0, 0x06, 0x1d, 0x02, 0x00,
    0x11, 0x00, 0x00, 0x00, 0x85, 0x07, 0x00, 0xf0, 0x12, 0x11, 0x02, 0x00, 0x11, 0x00, 0x00, 0x00, 0x02, 0x00, 0x55,
    0xd6, 0x0e, 0x21, 0x06, 0x02, 0x10, 0x0d, 0x18, 0x7e, 0x92, 0x00, 0x87, 0xbf, 0x02, 0x0d, 0x04, 0x7e, 0x02, 0x19,
    0x20, 0x08, 0xf7, 0x0b, 0x89, 0xbf, 0x19, 0x39, 0x1c, 0x08, 0x17, 0x35, 0x0c, 0x08, 0x18, 0x37, 0x14, 0x08, 0x04,
    0x00, 0x87, 0xbf, 0xf3, 0x20, 0x30, 0x06, 0xf7, 0x03, 0x89, 0xbf, 0x1e, 0x25, 0x1e, 0x08, 0x1c, 0x01, 0x14, 0xd4,
    0x0e, 0xff, 0x01, 0x00, 0x00, 0x00, 0x80, 0x3d, 0x18, 0x01, 0x14, 0xd4, 0x06, 0xff, 0x01, 0x00, 0x00, 0x00, 0x80,
    0x3d, 0x1a, 0x01, 0x14, 0xd4, 0x0a, 0xff, 0x01, 0x00, 0x00, 0x00, 0x80, 0x3d, 0x1d, 0x23, 0x1c, 0x08, 0x1f, 0x27,
    0x22, 0x08, 0x02, 0x55, 0x0c, 0x7e, 0xf0, 0x04, 0x04, 0x10, 0xa5, 0x04, 0x87, 0xbf, 0x10, 0x00, 0x13, 0xd6, 0x06,
    0x21, 0xc6, 0x03, 0x18, 0x1a, 0xea, 0x8c, 0x1c, 0x6a, 0xea, 0x8c, 0x18, 0x01, 0x14, 0xd4, 0x0f, 0xff, 0x01, 0x00,
    0x00, 0x00, 0x80, 0x3d, 0x1c, 0x01, 0x14, 0xd4, 0x0e, 0xff, 0x01, 0x00, 0x00, 0x00, 0x80, 0x3d, 0x1a, 0x01, 0x14,
    0xd4, 0x11, 0xff, 0x01, 0x00, 0x00, 0x00, 0x80, 0x3d, 0x0a, 0x00, 0x01, 0xd5, 0x80, 0x82, 0xa9, 0x01, 0x11, 0x00,
    0x01, 0xd5, 0x80, 0x02, 0xa9, 0x01, 0x0f, 0x00, 0x13, 0xd6, 0x06, 0x31, 0xc6, 0x03, 0x05, 0x29, 0x1c, 0x0a, 0x94,
    0x01, 0x87, 0xbf, 0x0a, 0x00, 0x12, 0xd6, 0x81, 0x14, 0x0a, 0x02, 0x06, 0x03, 0x03, 0xd5, 0x10, 0x1f, 0x02, 0x18,
    0x08, 0x2b, 0x1e, 0x0a, 0x03, 0x2d, 0x20, 0x0a, 0x1c, 0x18, 0xea, 0x8c, 0x09, 0x00, 0x87, 0xbf, 0x9e, 0xff, 0x88,
    0xbf, 0x1a, 0x6a, 0xea, 0x8c, 0x84, 0x04, 0x87, 0xbf, 0x11, 0x15, 0x14, 0x02, 0x1a, 0x00, 0x16, 0xd4, 0x02, 0x19,
    0x02, 0x00, 0x0c, 0x05, 0x2c, 0x7c, 0x03, 0x00, 0x87, 0xbf, 0x18, 0x00, 0x42, 0xd4, 0x0a, 0x05, 0x01, 0x00, 0x1c,
    0x00, 0x42, 0xd4, 0x0a, 0x03, 0x01, 0x00, 0x02, 0x00, 0x13, 0xd6, 0x06, 0x1d, 0x16, 0x04, 0x12, 0x00, 0x13, 0xd6,
    0x06, 0x1f, 0x22, 0x04, 0x0c, 0x00, 0x13, 0xd6, 0x06, 0x21, 0x0e, 0x04, 0x0d, 0x0f, 0x0c, 0x4a, 0x18, 0x1a, 0x98,
    0x8b, 0x1c, 0x6a, 0xea, 0x8b, 0x39, 0x01, 0x87, 0xbf, 0x9e, 0xff, 0x88, 0xbf, 0x18, 0x6a, 0x98, 0x8c, 0x80, 0x14,
    0x84, 0x7c, 0x6a, 0x18, 0xea, 0x8c, 0x18, 0x00, 0x45, 0xd4, 0x06, 0x01, 0x01, 0x00, 0x05, 0x05, 0x04, 0x02, 0x03,
    0x19, 0x18, 0x02, 0x08, 0x25, 0x1a, 0x02, 0x10, 0x07, 0x06, 0x58, 0x00, 0x00, 0x00, 0x3e, 0x0e, 0x0b, 0x0a, 0x58,
    0x00, 0x00, 0x00, 0x3e, 0x0f, 0x11, 0x0c, 0x58, 0x00, 0x00, 0x00, 0x3e, 0x93, 0x01, 0x87, 0xbf, 0x03, 0x00, 0x01,
    0xd5, 0x03, 0x19, 0x62, 0x00, 0x02, 0x00, 0x01, 0xd5, 0x05, 0x05, 0x62, 0x00, 0x03, 0x00, 0x87, 0xbf, 0x1f, 0x00,
    0x01, 0xd5, 0x06, 0x1b, 0x62, 0x00, 0x04, 0x7e, 0xfe, 0x91, 0x05, 0x03, 0x04, 0x7e, 0x08, 0x03, 0x3e, 0x7e, 0x04,
    0x01, 0xfe, 0xbe, 0x80, 0x16, 0x9a, 0x7c, 0x04, 0x6a, 0xfe, 0x8b, 0x94, 0x00, 0xa5, 0xbf, 0xff, 0x16, 0x0c, 0x36,
    0x80, 0x00, 0x00, 0x00, 0x07, 0x00, 0x10, 0xd6, 0x0b, 0x09, 0x0d, 0x02, 0x88, 0x16, 0x10, 0x36, 0x93, 0x01, 0x87,
    0xbf, 0x80, 0x0c, 0x8a, 0x7c, 0x88, 0x0e, 0x0c, 0x02, 0xa3, 0x01, 0x87, 0xbf, 0x80, 0x10, 0x8a, 0x7c, 0x87, 0x16,
    0x10, 0x36, 0x00, 0x0d, 0x16, 0x4a, 0x0c, 0x00, 0x55, 0xd6, 0x06, 0x01, 0x06, 0x02, 0x06, 0x02, 0x1c, 0x26, 0x93,
    0x01, 0x87, 0xbf, 0x07, 0x16, 0x1a, 0x26, 0x07, 0x18, 0x18, 0x26, 0x88, 0x10, 0x14, 0x02, 0x81, 0x02, 0x16, 0x4a,
    0xa2, 0x01, 0x87, 0xbf, 0x81, 0x14, 0x1e, 0x4a, 0x00, 0x15, 0x20, 0x4c, 0x06, 0x16, 0x16, 0x22, 0x93, 0x01, 0x87,
    0xbf, 0x00, 0x1f, 0x1e, 0x4c, 0x07, 0x20, 0x20, 0x26, 0x02, 0x00, 0x87, 0xbf, 0x07, 0x1e, 0x22, 0x26, 0x04, 0x00,
    0x85, 0xbf, 0x85, 0x07, 0x00, 0xf0, 0x0b, 0x14, 0x02, 0x00, 0x04, 0x00, 0x00, 0x00, 0x85, 0x07, 0x00, 0xf0, 0x0e,
    0x18, 0x02, 0x00, 0x0d, 0x00, 0x00, 0x00, 0x85, 0x07, 0x00, 0xf0, 0x0e, 0x1c, 0x02, 0x00, 0x0c, 0x00, 0x00, 0x00,
    0x85, 0x07, 0x00, 0xf0, 0x0e, 0x0b, 0x02, 0x00, 0x10, 0x00, 0x00, 0x00, 0x85, 0x07, 0x00, 0xf0, 0x0e, 0x0e, 0x02,
    0x00, 0x11, 0x00, 0x00, 0x00, 0x0a, 0x00, 0x55, 0xd6, 0x0a, 0x0d, 0x06, 0x02, 0x06, 0x0d, 0x0c, 0x7e, 0x07, 0x11,
    0x0e, 0x4a, 0x53, 0x02, 0x87, 0xbf, 0x0a, 0x0d, 0x22, 0x7e, 0xf7, 0x0b, 0x89, 0xbf, 0x18, 0x39, 0x14, 0x08, 0x19,
    0x3b, 0x24, 0x08, 0x1a, 0x3d, 0x26, 0x08, 0x11, 0x55, 0x30, 0x7e, 0x93, 0x01, 0x87, 0xbf, 0x18, 0x01, 0x14, 0xd4,
    0x0a, 0xff, 0x01, 0x00, 0x00, 0x00, 0x80, 0x3d, 0x1a, 0x01, 0x14, 0xd4, 0x12, 0xff, 0x01, 0x00, 0x00, 0x00, 0x80,
    0x3d, 0x03, 0x00, 0x87, 0xbf, 0x1c, 0x01, 0x14, 0xd4, 0x13, 0xff, 0x01, 0x00, 0x00, 0x00, 0x80, 0x3d, 0xf7, 0x03,
    0x89, 0xbf, 0x0b, 0x1d, 0x16, 0x08, 0x0c, 0x1f, 0x18, 0x08, 0x0d, 0x21, 0x1a, 0x08, 0x11, 0x0d, 0x14, 0x08, 0x91,
    0x02, 0x87, 0xbf, 0xf3, 0x14, 0x1c, 0x06, 0x0a, 0x00, 0x13, 0xd6, 0x18, 0x15, 0xc6, 0x03, 0x18, 0x1a, 0xea, 0x8c,
    0x09, 0x00, 0x87, 0xbf, 0x1c, 0x6a, 0xea, 0x8c, 0x18, 0x01, 0x14, 0xd4, 0x0c, 0xff, 0x01, 0x00, 0x00, 0x00, 0x80,
    0x3d, 0x1c, 0x01, 0x14, 0xd4, 0x0b, 0xff, 0x01, 0x00, 0x00, 0x00, 0x80, 0x3d, 0x1a, 0x01, 0x14, 0xd4, 0x0d, 0xff,
    0x01, 0x00, 0x00, 0x00, 0x80, 0x3d, 0x12, 0x00, 0x01, 0xd5, 0x80, 0x82, 0xa9, 0x01, 0x0b, 0x00, 0x01, 0xd5, 0x80,
    0x02, 0xa9, 0x01, 0x0c, 0x00, 0x13, 0xd6, 0x18, 0x1d, 0xc6, 0x03, 0x02, 0x29, 0x1a, 0x0a, 0x03, 0x2d, 0x28, 0x0a,
    0x10, 0x00, 0x12, 0xd6, 0x81, 0x24, 0x0a, 0x02, 0xb4, 0x04, 0x87, 0xbf, 0x0c, 0x03, 0x03, 0xd5, 0x0a, 0x19, 0x02,
    0x18, 0x1f, 0x2b, 0x14, 0x0a, 0x1c, 0x18, 0xea, 0x8c, 0x9e, 0xff, 0x88, 0xbf, 0x1a, 0x6a, 0xea, 0x8c, 0x83, 0x04,
    0x87, 0xbf, 0x0b, 0x21, 0x16, 0x02, 0xf0, 0x22, 0x20, 0x10, 0x12, 0x01, 0x87, 0xbf, 0x18, 0x00, 0x42, 0xd4, 0x0b,
    0x05, 0x01, 0x00, 0x1a, 0x00, 0x16, 0xd4, 0x06, 0x21, 0x02, 0x00, 0x1c, 0x00, 0x42, 0xd4, 0x0b, 0x03, 0x01, 0x00,
    0x10, 0x0d, 0x2c, 0x7c, 0x10, 0x00, 0x13, 0xd6, 0x0c, 0x1b, 0x0a, 0x04, 0x06, 0x00, 0x13, 0xd6, 0x0c, 0x15, 0x7e,
    0x04, 0x0c, 0x00, 0x13, 0xd6, 0x0c, 0x29, 0x0e, 0x04, 0x18, 0x1a, 0x98, 0x8b, 0x1c, 0x6a, 0xea, 0x8b, 0xc9, 0x01,
    0x87, 0xbf, 0x9e, 0xff, 0x88, 0xbf, 0x18, 0x6a, 0x98, 0x8c, 0x83, 0x16, 0x84, 0x7c, 0x6a, 0x18, 0xea, 0x8c, 0x18,
    0x00, 0x45, 0xd4, 0x07, 0x01, 0x01, 0x00, 0x03, 0x19, 0x0e, 0x02, 0x14, 0x07, 0x18, 0x58, 0x00, 0x00, 0x00, 0x3e,
    0x02, 0x21, 0x10, 0x02, 0x0d, 0x05, 0x04, 0x58, 0x00, 0x00, 0x00, 0x3e, 0x1f, 0x0d, 0x1a, 0x02, 0x0a, 0x3f, 0x06,
    0x58, 0x00, 0x00, 0x00, 0x3e, 0x05, 0x00, 0x01, 0xd5, 0x0c, 0x0f, 0x62, 0x00, 0xa2, 0x01, 0x87, 0xbf, 0x1f, 0x00,
    0x01, 0xd5, 0x03, 0x1b, 0x62, 0x00, 0x02, 0x00, 0x01, 0xd5, 0x02, 0x11, 0x62, 0x00, 0x05, 0x03, 0x06, 0x7e, 0x04,
    0x01, 0xfe, 0xbe, 0xc1, 0x02, 0x0c, 0x4a, 0x01, 0x00, 0x87, 0xbf, 0x07, 0x00, 0x64, 0xd6, 0x06, 0x01, 0x19, 0x00,
    0x85, 0x02, 0x00, 0xf0, 0x07, 0x08, 0x04, 0x00, 0x04, 0x00, 0x00, 0x00, 0xf7, 0x03, 0x89, 0xbf, 0x80, 0x10, 0x9a,
    0x7c, 0x04, 0x6a, 0xfe, 0x8b, 0x93, 0x00, 0xa5, 0xbf, 0xff, 0x10, 0x14, 0x36, 0x80, 0x00, 0x00, 0x00, 0x0b, 0x00,
    0x10, 0xd6, 0x08, 0x09, 0x0d, 0x02, 0x88, 0x10, 0x18, 0x36, 0x93, 0x01, 0x87, 0xbf, 0x80, 0x14, 0x8a, 0x7c, 0x88,
    0x16, 0x14, 0x02, 0x87, 0x10, 0x10, 0x36, 0x94, 0x01, 0x87, 0xbf, 0x80, 0x18, 0x8a, 0x7c, 0x0e, 0x00, 0x55, 0xd6,
    0x0a, 0x01, 0x06, 0x02, 0xa3, 0x01, 0x87, 0xbf, 0x88, 0x10, 0x18, 0x02, 0x00, 0x15, 0x1a, 0x4a, 0x07, 0x1c, 0x20,
    0x26, 0x23, 0x02, 0x87, 0xbf, 0x81, 0x18, 0x1c, 0x4a, 0x06, 0x0c, 0x0c, 0x26, 0x07, 0x1a, 0x1a, 0x26, 0x00, 0x19,
    0x1e, 0x4c, 0x14, 0x01, 0x87, 0xbf, 0x00, 0x1d, 0x1c, 0x4c, 0x07, 0x1e, 0x22, 0x26, 0x02, 0x00, 0x87, 0xbf, 0x07,
    0x1c, 0x28, 0x26, 0x04, 0x00, 0x85, 0xbf, 0x85, 0x07, 0x00, 0xf0, 0x07, 0x15, 0x02, 0x00, 0x04, 0x00, 0x00, 0x00,
    0x85, 0x07, 0x00, 0xf0, 0x06, 0x0d, 0x02, 0x00, 0x0d, 0x00, 0x00, 0x00, 0x85, 0x07, 0x00, 0xf0, 0x06, 0x18, 0x02,
    0x00, 0x10, 0x00, 0x00, 0x00, 0x85, 0x07, 0x00, 0xf0, 0x06, 0x1b, 0x02, 0x00, 0x11, 0x00, 0x00, 0x00, 0x85, 0x07,
    0x00, 0xf0, 0x06, 0x12, 0x02, 0x00, 0x14, 0x00, 0x00, 0x00, 0x04, 0x00, 0x55, 0xd6, 0x0a, 0x19, 0x06, 0x02, 0x0a,
    0x0d, 0x14, 0x7e, 0x02, 0x00, 0x87, 0xbf, 0x04, 0x0d, 0x08, 0x7e, 0xf7, 0x0b, 0x89, 0xbf, 0x0d, 0x31, 0x0c, 0x08,
    0x0e, 0x33, 0x0e, 0x08, 0x0f, 0x35, 0x18, 0x08, 0xf7, 0x03, 0x89, 0xbf, 0x1b, 0x25, 0x1a, 0x08, 0x14, 0x02, 0x87,
    0xbf, 0x06, 0x01, 0x14, 0xd4, 0x06, 0xff, 0x01, 0x00, 0x00, 0x00, 0x80, 0x3d, 0x08, 0x01, 0x14, 0xd4, 0x07, 0xff,
    0x01, 0x00, 0x00, 0x00, 0x80, 0x3d, 0x04, 0x00, 0x87, 0xbf, 0x0a, 0x01, 0x14, 0xd4, 0x0c, 0xff, 0x01, 0x00, 0x00,
    0x00, 0x80, 0x3d, 0x1c, 0x27, 0x1c, 0x08, 0x1d, 0x29, 0x1e, 0x08, 0x04, 0x55, 0x18, 0x7e, 0x04, 0x15, 0x0c, 0x08,
    0xf0, 0x08, 0x08, 0x10, 0xa2, 0x04, 0x87, 0xbf, 0xf3, 0x0c, 0x24, 0x06, 0x06, 0x08, 0xea, 0x8c, 0x0a, 0x6a, 0xea,
    0x8c, 0x06, 0x01, 0x14, 0xd4, 0x0e, 0xff, 0x01, 0x00, 0x00, 0x00, 0x80, 0x3d, 0x0a, 0x01, 0x14, 0xd4, 0x0d, 0xff,
    0x01, 0x00, 0x00, 0x00, 0x80, 0x3d, 0x08, 0x01, 0x14, 0xd4, 0x0f, 0xff, 0x01, 0x00, 0x00, 0x00, 0x80, 0x3d, 0x07,
    0x00, 0x01, 0xd5, 0x80, 0x82, 0xa9, 0x01, 0x35, 0x02, 0x87, 0xbf, 0x11, 0x00, 0x13, 0xd6, 0x0c, 0x25, 0xc6, 0x03,
    0x06, 0x00, 0x13, 0xd6, 0x0c, 0x0d, 0xc6, 0x03, 0x02, 0x2b, 0x1a, 0x0a, 0x10, 0x00, 0x12, 0xd6, 0x81, 0x0e, 0x0a,
    0x02, 0x07, 0x00, 0x01, 0xd5, 0x80, 0x02, 0xa9, 0x01, 0xc4, 0x04, 0x87, 0xbf, 0x0c, 0x03, 0x03, 0xd5, 0x06, 0x23,
    0x02, 0x18, 0x1f, 0x2d, 0x0c, 0x0a, 0x03, 0x2f, 0x22, 0x0a, 0x0a, 0x06, 0xea, 0x8c, 0x9e, 0xff, 0x88, 0xbf, 0x08,
    0x6a, 0xea, 0x8c, 0x84, 0x04, 0x87, 0xbf, 0x07, 0x21, 0x0e, 0x02, 0x08, 0x00, 0x16, 0xd4, 0x04, 0x15, 0x02, 0x00,
    0x0a, 0x09, 0x2c, 0x7c, 0x03, 0x00, 0x87, 0xbf, 0x06, 0x00, 0x42, 0xd4, 0x07, 0x05, 0x01, 0x00, 0x0a, 0x00, 0x42,
    0xd4, 0x07, 0x03, 0x01, 0x00, 0x04, 0x00, 0x13, 0xd6, 0x0c, 0x1b, 0x0a, 0x04, 0x0a, 0x00, 0x13, 0xd6, 0x0c, 0x0d,
    0x7e, 0x04, 0x0c, 0x00, 0x13, 0xd6, 0x0c, 0x23, 0x0e, 0x04, 0x06, 0x08, 0x86, 0x8b, 0x0a, 0x6a, 0xea, 0x8b, 0x59,
    0x01, 0x87, 0xbf, 0x9e, 0xff, 0x88, 0xbf, 0x06, 0x6a, 0x86, 0x8c, 0x80, 0x0e, 0x84, 0x7c, 0x0b, 0x11, 0x0e, 0x4a,
    0x11, 0x07, 0x10, 0x58, 0x00, 0x00, 0x00, 0x3e, 0x6a, 0x06, 0xea, 0x8c, 0x06, 0x00, 0x45, 0xd4, 0x07, 0x01, 0x01,
    0x00, 0x03, 0x19, 0x0e, 0x02, 0x1f, 0x15, 0x18, 0x02, 0x06, 0x3f, 0x06, 0x58, 0x00, 0x00, 0x00, 0x3e, 0x02, 0x09,
    0x08, 0x02, 0x0d, 0x05, 0x04, 0x58, 0x00, 0x00, 0x00, 0x3e, 0x05, 0x00, 0x01, 0xd5, 0x08, 0x0f, 0x1a, 0x00, 0x94,
    0x01, 0x87, 0xbf, 0x1f, 0x00, 0x01, 0xd5, 0x03, 0x19, 0x1a, 0x00, 0x02, 0x00, 0x01, 0xd5, 0x02, 0x09, 0x1a, 0x00,
    0x03, 0x00, 0x87, 0xbf, 0x05, 0x03, 0x06, 0x7e, 0x04, 0x01, 0xfe, 0xbe, 0x00, 0x01, 0x0c, 0xf4, 0x00, 0x00, 0x00,
    0xf8, 0x03, 0x03, 0x08, 0x7e, 0x09, 0x03, 0x0a, 0x7e, 0x1f, 0x03, 0x06, 0x7e, 0x07, 0xfc, 0x89, 0xbf, 0x85, 0x4f,
    0x18, 0xf0, 0x01, 0x02, 0x01, 0x00, 0x00, 0x00, 0x00, 0x00, 0x00, 0x00, 0x80, 0xbf, 0x03, 0x00, 0xb6, 0xbf, 0x00,
    0x00, 0xb0, 0xbf, 0x00, 0x00, 0x9f, 0xbf, 0x00, 0x00, 0x9f, 0xbf, 0x00, 0x00, 0x9f, 0xbf, 0x00, 0x00, 0x9f, 0xbf,
    0x00, 0x00, 0x9f, 0xbf, 0x00, 0x00, 0x9f, 0xbf, 0x00, 0x00, 0x9f, 0xbf, 0x00, 0x00, 0x9f, 0xbf, 0x00, 0x00, 0x9f,
    0xbf, 0x00, 0x00, 0x9f, 0xbf, 0x00, 0x00, 0x9f, 0xbf, 0x00, 0x00, 0x9f, 0xbf, 0x00, 0x00, 0x9f, 0xbf, 0x00, 0x00,
    0x9f, 0xbf, 0x00, 0x00, 0x9f, 0xbf, 0x00, 0x00, 0x9f, 0xbf, 0x00, 0x00, 0x9f, 0xbf, 0x00, 0x00, 0x9f, 0xbf, 0x00,
    0x00, 0x9f, 0xbf, 0x00, 0x00, 0x9f, 0xbf, 0x00, 0x00, 0x9f, 0xbf, 0x00, 0x00, 0x9f, 0xbf, 0x00, 0x00, 0x9f, 0xbf,
    0x00, 0x00, 0x9f, 0xbf, 0x00, 0x00, 0x9f, 0xbf, 0x00, 0x00, 0x9f, 0xbf, 0x00, 0x00, 0x9f, 0xbf, 0x00, 0x00, 0x9f,
    0xbf, 0x00, 0x00, 0x9f, 0xbf, 0x00, 0x00, 0x9f, 0xbf, 0x00, 0x00, 0x9f, 0xbf, 0x00, 0x00, 0x9f, 0xbf, 0x00, 0x00,
    0x9f, 0xbf, 0x00, 0x00, 0x9f, 0xbf, 0x00, 0x00, 0x9f, 0xbf, 0x00, 0x00, 0x9f, 0xbf, 0x00, 0x00, 0x9f, 0xbf, 0x00,
    0x00, 0x9f, 0xbf, 0x00, 0x00, 0x9f, 0xbf, 0x00, 0x00, 0x9f, 0xbf, 0x00, 0x00, 0x9f, 0xbf, 0x00, 0x00, 0x9f, 0xbf,
    0x00, 0x00, 0x9f, 0xbf, 0x00, 0x00, 0x9f, 0xbf, 0x00, 0x00, 0x9f, 0xbf, 0x00, 0x00, 0x9f, 0xbf, 0x00, 0x00, 0x9f,
    0xbf, 0x00, 0x00, 0x9f, 0xbf, 0x00, 0x00, 0x9f, 0xbf, 0x00, 0x00, 0x9f, 0xbf, 0x00, 0x00, 0x9f, 0xbf, 0x00, 0x00,
    0x9f, 0xbf, 0x00, 0x00, 0x9f, 0xbf, 0x00, 0x00, 0x9f, 0xbf, 0x00, 0x00, 0x9f, 0xbf, 0x00, 0x00, 0x9f, 0xbf, 0x00,
    0x00, 0x9f, 0xbf, 0x00, 0x00, 0x9f, 0xbf, 0x00, 0x00, 0x9f, 0xbf, 0x00, 0x00, 0x9f, 0xbf, 0x00, 0x00, 0x9f, 0xbf,
    0x00, 0x00, 0x9f, 0xbf, 0x00, 0x00, 0x9f, 0xbf, 0x00, 0x00, 0x9f, 0xbf, 0x00, 0x00, 0x00, 0x00, 0x00, 0x00, 0x10,
    0x00, 0x00, 0x00, 0x00, 0x00, 0xac, 0xdf, 0x03, 0x10, 0x47, 0x65, 0x6e, 0x65, 0x72, 0x61, 0x74, 0x65, 0x64, 0x20,
    0x62, 0x79, 0x20, 0x74, 0x68, 0x65, 0x20, 0x41, 0x64, 0x76, 0x61, 0x6e, 0x63, 0x65, 0x64, 0x20, 0x4d, 0x69, 0x63,
    0x72, 0x6f, 0x20, 0x44, 0x65, 0x76, 0x69, 0x63, 0x65, 0x73, 0x2c, 0x20, 0x49, 0x6e, 0x63, 0x2e, 0x2c, 0x20, 0x50,
    0x72, 0x6f, 0x70, 0x72, 0x69, 0x65, 0x74, 0x61, 0x72, 0x79, 0x20, 0x47, 0x50, 0x55, 0x20, 0x53, 0x68, 0x61, 0x64,
    0x65, 0x72, 0x20, 0x43, 0x6f, 0x6d, 0x70, 0x69, 0x6c, 0x65, 0x72, 0x2e, 0x00, 0x00, 0x5f, 0x61, 0x6d, 0x64, 0x67,
    0x70, 0x75, 0x5f, 0x63, 0x73, 0x5f, 0x6d, 0x61, 0x69, 0x6e, 0x00, 0x5f, 0x61, 0x6d, 0x64, 0x67, 0x70, 0x75, 0x5f,
    0x63, 0x73, 0x5f, 0x73, 0x68, 0x64, 0x72, 0x5f, 0x69, 0x6e, 0x74, 0x72, 0x6c, 0x5f, 0x74, 0x62, 0x6c, 0x00, 0x00,
    0x00, 0x00, 0x00, 0x00, 0x00, 0x00, 0x00, 0x00, 0x00, 0x00, 0x00, 0x00, 0x00, 0x00, 0x00, 0x00, 0x00, 0x00, 0x00,
    0x00, 0x00, 0x00, 0x00, 0x01, 0x00, 0x00, 0x00, 0x12, 0x00, 0x02, 0x00, 0x00, 0x00, 0x00, 0x00, 0x00, 0x00, 0x00,
    0x00, 0x9c, 0x0b, 0x00, 0x00, 0x00, 0x00, 0x00, 0x00, 0x11, 0x00, 0x00, 0x00, 0x11, 0x00, 0x03, 0x00, 0x00, 0x00,
    0x00, 0x00, 0x00, 0x00, 0x00, 0x00, 0x10, 0x00, 0x00, 0x00, 0x00, 0x00, 0x00, 0x00, 0x07, 0x00, 0x00, 0x00, 0x14,
    0x04, 0x00, 0x00, 0x20, 0x00, 0x00, 0x00, 0x41, 0x4d, 0x44, 0x47, 0x50, 0x55, 0x00, 0x00, 0x82, 0xae, 0x61, 0x6d,
    0x64, 0x70, 0x61, 0x6c, 0x2e, 0x76, 0x65, 0x72, 0x73, 0x69, 0x6f, 0x6e, 0x92, 0x03, 0x06, 0xb0, 0x61, 0x6d, 0x64,
    0x70, 0x61, 0x6c, 0x2e, 0x70, 0x69, 0x70, 0x65, 0x6c, 0x69, 0x6e, 0x65, 0x73, 0x91, 0x8b, 0xa5, 0x2e, 0x74, 0x79,
    0x70, 0x65, 0xa2, 0x43, 0x73, 0xae, 0x2e, 0x72, 0x65, 0x73, 0x6f, 0x75, 0x72, 0x63, 0x65, 0x5f, 0x68, 0x61, 0x73,
    0x68, 0xcf, 0x72, 0xca, 0x76, 0xf7, 0x66, 0xe5, 0xac, 0x79, 0xb0, 0x2e, 0x73, 0x70, 0x69, 0x6c, 0x6c, 0x5f, 0x74,
    0x68, 0x72, 0x65, 0x73, 0x68, 0x6f, 0x6c, 0x64, 0xcd, 0xff, 0xff, 0xb0, 0x2e, 0x75, 0x73, 0x65, 0x72, 0x5f, 0x64,
    0x61, 0x74, 0x61, 0x5f, 0x6c, 0x69, 0x6d, 0x69, 0x74, 0x01, 0xa8, 0x2e, 0x73, 0x68, 0x61, 0x64, 0x65, 0x72, 0x73,
    0x81, 0xa8, 0x2e, 0x63, 0x6f, 0x6d, 0x70, 0x75, 0x74, 0x65, 0x83, 0xb0, 0x2e, 0x61, 0x70, 0x69, 0x5f, 0x73, 0x68,
    0x61, 0x64, 0x65, 0x72, 0x5f, 0x68, 0x61, 0x73, 0x68, 0x92, 0xcf, 0x08, 0xc5, 0xab, 0x4a, 0x96, 0xa2, 0x76, 0x23,
    0xcf, 0x6f, 0x86, 0xd9, 0xda, 0xcb, 0x99, 0xb6, 0x93, 0xb1, 0x2e, 0x68, 0x61, 0x72, 0x64, 0x77, 0x61, 0x72, 0x65,
    0x5f, 0x6d, 0x61, 0x70, 0x70, 0x69, 0x6e, 0x67, 0x91, 0xa3, 0x2e, 0x63, 0x73, 0xaf, 0x2e, 0x73, 0x68, 0x61, 0x64,
    0x65, 0x72, 0x5f, 0x73, 0x75, 0x62, 0x74, 0x79, 0x70, 0x65, 0xa7, 0x55, 0x6e, 0x6b, 0x6e, 0x6f, 0x77, 0x6e, 0xb0,
    0x2e, 0x68, 0x61, 0x72, 0x64, 0x77, 0x61, 0x72, 0x65, 0x5f, 0x73, 0x74, 0x61, 0x67, 0x65, 0x73, 0x81, 0xa3, 0x2e,
    0x63, 0x73, 0xde, 0x00, 0x1b, 0xb3, 0x2e, 0x65, 0x6e, 0x74, 0x72, 0x79, 0x5f, 0x70, 0x6f, 0x69, 0x6e, 0x74, 0x5f,
    0x73, 0x79, 0x6d, 0x62, 0x6f, 0x6c, 0xaf, 0x5f, 0x61, 0x6d, 0x64, 0x67, 0x70, 0x75, 0x5f, 0x63, 0x73, 0x5f, 0x6d,
    0x61, 0x69, 0x6e, 0xab, 0x2e, 0x73, 0x67, 0x70, 0x72, 0x5f, 0x63, 0x6f, 0x75, 0x6e, 0x74, 0x1e, 0xab, 0x2e, 0x76,
    0x67, 0x70, 0x72, 0x5f, 0x63, 0x6f, 0x75, 0x6e, 0x74, 0x20, 0xa9, 0x2e, 0x6c, 0x64, 0x73, 0x5f, 0x73, 0x69, 0x7a,
    0x65, 0x00, 0xb4, 0x2e, 0x73, 0x63, 0x72, 0x61, 0x74, 0x63, 0x68, 0x5f, 0x6d, 0x65, 0x6d, 0x6f, 0x72, 0x79, 0x5f,
    0x73, 0x69, 0x7a, 0x65, 0x00, 0xb4, 0x2e, 0x66, 0x72, 0x6f, 0x6e, 0x74, 0x65, 0x6e, 0x64, 0x5f, 0x73, 0x74, 0x61,
    0x63, 0x6b, 0x5f, 0x73, 0x69, 0x7a, 0x65, 0x00, 0xb3, 0x2e, 0x62, 0x61, 0x63, 0x6b, 0x65, 0x6e, 0x64, 0x5f, 0x73,
    0x74, 0x61, 0x63, 0x6b, 0x5f, 0x73, 0x69, 0x7a, 0x65, 0x00, 0xb6, 0x2e, 0x70, 0x65, 0x72, 0x66, 0x5f, 0x64, 0x61,
    0x74, 0x61, 0x5f, 0x62, 0x75, 0x66, 0x66, 0x65, 0x72, 0x5f, 0x73, 0x69, 0x7a, 0x65, 0x00, 0xaa, 0x2e, 0x75, 0x73,
    0x65, 0x73, 0x5f, 0x75, 0x61, 0x76, 0x73, 0xc3, 0xac, 0x2e, 0x77, 0x72, 0x69, 0x74, 0x65, 0x73, 0x5f, 0x75, 0x61,
    0x76, 0x73, 0xc3, 0xb4, 0x2e, 0x75, 0x73, 0x65, 0x73, 0x5f, 0x61, 0x70, 0x70, 0x65, 0x6e, 0x64, 0x5f, 0x63, 0x6f,
    0x6e, 0x73, 0x75, 0x6d, 0x65, 0xc2, 0xaf, 0x2e, 0x77, 0x61, 0x76, 0x65, 0x66, 0x72, 0x6f, 0x6e, 0x74, 0x5f, 0x73,
    0x69, 0x7a, 0x65, 0x40, 0xb2, 0x2e, 0x75, 0x73, 0x65, 0x72, 0x5f, 0x64, 0x61, 0x74, 0x61, 0x5f, 0x72, 0x65, 0x67,
    0x5f, 0x6d, 0x61, 0x70, 0xdc, 0x00, 0x20, 0xce, 0xff, 0xff, 0xff, 0xff, 0xce, 0xff, 0xff, 0xff, 0xff, 0x00, 0xce,
    0xff, 0xff, 0xff, 0xff, 0xce, 0xff, 0xff, 0xff, 0xff, 0xce, 0xff, 0xff, 0xff, 0xff, 0xce, 0xff, 0xff, 0xff, 0xff,
    0xce, 0xff, 0xff, 0xff, 0xff, 0xce, 0xff, 0xff, 0xff, 0xff, 0xce, 0xff, 0xff, 0xff, 0xff, 0xce, 0xff, 0xff, 0xff,
    0xff, 0xce, 0xff, 0xff, 0xff, 0xff, 0xce, 0xff, 0xff, 0xff, 0xff, 0xce, 0xff, 0xff, 0xff, 0xff, 0xce, 0xff, 0xff,
    0xff, 0xff, 0xce, 0xff, 0xff, 0xff, 0xff, 0xce, 0xff, 0xff, 0xff, 0xff, 0xce, 0xff, 0xff, 0xff, 0xff, 0xce, 0xff,
    0xff, 0xff, 0xff, 0xce, 0xff, 0xff, 0xff, 0xff, 0xce, 0xff, 0xff, 0xff, 0xff, 0xce, 0xff, 0xff, 0xff, 0xff, 0xce,
    0xff, 0xff, 0xff, 0xff, 0xce, 0xff, 0xff, 0xff, 0xff, 0xce, 0xff, 0xff, 0xff, 0xff, 0xce, 0xff, 0xff, 0xff, 0xff,
    0xce, 0xff, 0xff, 0xff, 0xff, 0xce, 0xff, 0xff, 0xff, 0xff, 0xce, 0xff, 0xff, 0xff, 0xff, 0xce, 0xff, 0xff, 0xff,
    0xff, 0xce, 0xff, 0xff, 0xff, 0xff, 0xce, 0xff, 0xff, 0xff, 0xff, 0xb7, 0x2e, 0x74, 0x68, 0x72, 0x65, 0x61, 0x64,
    0x67, 0x72, 0x6f, 0x75, 0x70, 0x5f, 0x64, 0x69, 0x6d, 0x65, 0x6e, 0x73, 0x69, 0x6f, 0x6e, 0x73, 0x93, 0x08, 0x08,
    0x01, 0xab, 0x2e, 0x66, 0x6c, 0x6f, 0x61, 0x74, 0x5f, 0x6d, 0x6f, 0x64, 0x65, 0xcc, 0xc0, 0xae, 0x2e, 0x66, 0x70,
    0x31, 0x36, 0x5f, 0x6f, 0x76, 0x65, 0x72, 0x66, 0x6c, 0x6f, 0x77, 0xc2, 0xaa, 0x2e, 0x69, 0x65, 0x65, 0x65, 0x5f,
    0x6d, 0x6f, 0x64, 0x65, 0xc2, 0xa9, 0x2e, 0x77, 0x67, 0x70, 0x5f, 0x6d, 0x6f, 0x64, 0x65, 0xc2, 0xac, 0x2e, 0x6d,
    0x65, 0x6d, 0x5f, 0x6f, 0x72, 0x64, 0x65, 0x72, 0x65, 0x64, 0xc2, 0xb1, 0x2e, 0x66, 0x6f, 0x72, 0x77, 0x61, 0x72,
    0x64, 0x5f, 0x70, 0x72, 0x6f, 0x67, 0x72, 0x65, 0x73, 0x73, 0xc2, 0xab, 0x2e, 0x75, 0x73, 0x65, 0x72, 0x5f, 0x73,
    0x67, 0x70, 0x72, 0x73, 0x03, 0xa8, 0x2e, 0x65, 0x78, 0x63, 0x70, 0x5f, 0x65, 0x6e, 0x00, 0xab, 0x2e, 0x73, 0x63,
    0x72, 0x61, 0x74, 0x63, 0x68, 0x5f, 0x65, 0x6e, 0xc2, 0xad, 0x2e, 0x74, 0x72, 0x61, 0x70, 0x5f, 0x70, 0x72, 0x65,
    0x73, 0x65, 0x6e, 0x74, 0xc2, 0xb0, 0x2e, 0x73, 0x68, 0x61, 0x72, 0x65, 0x64, 0x5f, 0x76, 0x67, 0x70, 0x72, 0x5f,
    0x63, 0x6e, 0x74, 0x00, 0xad, 0x2e, 0x77, 0x61, 0x76, 0x65, 0x73, 0x5f, 0x70, 0x65, 0x72, 0x5f, 0x73, 0x65, 0x00,
    0xaf, 0x2e, 0x63, 0x68, 0x65, 0x63, 0x6b, 0x73, 0x75, 0x6d, 0x5f, 0x76, 0x61, 0x6c, 0x75, 0x65, 0xce, 0x3a, 0x78,
    0xb2, 0x20, 0xaa, 0x2e, 0x72, 0x65, 0x67, 0x69, 0x73, 0x74, 0x65, 0x72, 0x73, 0x81, 0xcd, 0x2e, 0x42, 0x00, 0xa5,
    0x2e, 0x6e, 0x61, 0x6d, 0x65, 0xb2, 0x4d, 0x6c, 0x61, 0x61, 0x46, 0x69, 0x6e, 0x61, 0x6c, 0x42, 0x6c, 0x65, 0x6e,
    0x64, 0x46, 0x61, 0x73, 0x74, 0xb7, 0x2e, 0x69, 0x6e, 0x74, 0x65, 0x72, 0x6e, 0x61, 0x6c, 0x5f, 0x70, 0x69, 0x70,
    0x65, 0x6c, 0x69, 0x6e, 0x65, 0x5f, 0x68, 0x61, 0x73, 0x68, 0x92, 0xcf, 0x70, 0x98, 0xee, 0x9f, 0x80, 0x13, 0x4b,
    0x84, 0xcf, 0x88, 0x0e, 0x67, 0x27, 0xc8, 0x7a, 0x9c, 0xc3, 0xb2, 0x2e, 0x63, 0x6f, 0x6d, 0x70, 0x75, 0x74, 0x65,
    0x5f, 0x72, 0x65, 0x67, 0x69, 0x73, 0x74, 0x65, 0x72, 0x73, 0x85, 0xaf, 0x2e, 0x74, 0x69, 0x64, 0x69, 0x67, 0x5f,
    0x63, 0x6f, 0x6d, 0x70, 0x5f, 0x63, 0x6e, 0x74, 0x01, 0xaa, 0x2e, 0x74, 0x67, 0x69, 0x64, 0x5f, 0x78, 0x5f, 0x65,
    0x6e, 0xc3, 0xaa, 0x2e, 0x74, 0x67, 0x69, 0x64, 0x5f, 0x79, 0x5f, 0x65, 0x6e, 0xc3, 0xaa, 0x2e, 0x74, 0x67, 0x69,
    0x64, 0x5f, 0x7a, 0x5f, 0x65, 0x6e, 0xc2, 0xab, 0x2e, 0x74, 0x67, 0x5f, 0x73, 0x69, 0x7a, 0x65, 0x5f, 0x65, 0x6e,
    0xc2, 0xa4, 0x2e, 0x61, 0x70, 0x69, 0xa7, 0x73, 0x63, 0x70, 0x63, 0x42, 0x6c, 0x64, 0x00, 0x00, 0x00, 0x00, 0x00,
    0x00, 0x00, 0x00, 0x00, 0x00, 0x00, 0x00, 0x00, 0x00, 0x00, 0x00, 0x00, 0x00, 0x00, 0x00, 0x00, 0x00, 0x00, 0x00,
    0x00, 0x00, 0x00, 0x00, 0x00, 0x00, 0x00, 0x00, 0x00, 0x00, 0x00, 0x00, 0x00, 0x00, 0x00, 0x00, 0x00, 0x00, 0x00,
    0x00, 0x00, 0x00, 0x00, 0x00, 0x00, 0x00, 0x00, 0x00, 0x00, 0x00, 0x00, 0x00, 0x00, 0x00, 0x00, 0x00, 0x00, 0x00,
    0x00, 0x00, 0x00, 0x00, 0x00, 0x01, 0x00, 0x00, 0x00, 0x03, 0x00, 0x00, 0x00, 0x00, 0x00, 0x00, 0x00, 0x00, 0x00,
    0x00, 0x00, 0x00, 0x00, 0x00, 0x00, 0x00, 0x00, 0x00, 0x00, 0x40, 0x00, 0x00, 0x00, 0x00, 0x00, 0x00, 0x00, 0x36,
    0x00, 0x00, 0x00, 0x00, 0x00, 0x00, 0x00, 0x00, 0x00, 0x00, 0x00, 0x00, 0x00, 0x00, 0x00, 0x00, 0x00, 0x00, 0x00,
    0x00, 0x00, 0x00, 0x00, 0x00, 0x00, 0x00, 0x00, 0x00, 0x00, 0x00, 0x00, 0x0b, 0x00, 0x00, 0x00, 0x01, 0x00, 0x00,
    0x00, 0x06, 0x00, 0x00, 0x00, 0x00, 0x00, 0x00, 0x00, 0x00, 0x00, 0x00, 0x00, 0x00, 0x00, 0x00, 0x00, 0x76, 0x00,
    0x00, 0x00, 0x00, 0x00, 0x00, 0x00, 0x9c, 0x0b, 0x00, 0x00, 0x00, 0x00, 0x00, 0x00, 0x00, 0x00, 0x00, 0x00, 0x00,
    0x00, 0x00, 0x00, 0x00, 0x01, 0x00, 0x00, 0x00, 0x00, 0x00, 0x00, 0x00, 0x00, 0x00, 0x00, 0x00, 0x00, 0x00, 0x00,
    0x11, 0x00, 0x00, 0x00, 0x01, 0x00, 0x00, 0x00, 0x03, 0x00, 0x00, 0x00, 0x00, 0x00, 0x00, 0x00, 0x00, 0x00, 0x00,
    0x00, 0x00, 0x00, 0x00, 0x00, 0x12, 0x0c, 0x00, 0x00, 0x00, 0x00, 0x00, 0x00, 0x10, 0x00, 0x00, 0x00, 0x00, 0x00,
    0x00, 0x00, 0x00, 0x00, 0x00, 0x00, 0x00, 0x00, 0x00, 0x00, 0x20, 0x00, 0x00, 0x00, 0x00, 0x00, 0x00, 0x00, 0x00,
    0x00, 0x00, 0x00, 0x00, 0x00, 0x00, 0x00, 0x17, 0x00, 0x00, 0x00, 0x01, 0x00, 0x00, 0x00, 0x00, 0x00, 0x00, 0x00,
    0x00, 0x00, 0x00, 0x00, 0x00, 0x00, 0x00, 0x00, 0x00, 0x00, 0x00, 0x00, 0x22, 0x0c, 0x00, 0x00, 0x00, 0x00, 0x00,
    0x00, 0x50, 0x00, 0x00, 0x00, 0x00, 0x00, 0x00, 0x00, 0x00, 0x00, 0x00, 0x00, 0x00, 0x00, 0x00, 0x00, 0x00, 0x00,
    0x00, 0x00, 0x00, 0x00, 0x00, 0x00, 0x00, 0x00, 0x00, 0x00, 0x00, 0x00, 0x00, 0x00, 0x20, 0x00, 0x00, 0x00, 0x03,
    0x00, 0x00, 0x00, 0x00, 0x00, 0x00, 0x00, 0x00, 0x00, 0x00, 0x00, 0x00, 0x00, 0x00, 0x00, 0x00, 0x00, 0x00, 0x00,
    0x72, 0x0c, 0x00, 0x00, 0x00, 0x00, 0x00, 0x00, 0x2b, 0x00, 0x00, 0x00, 0x00, 0x00, 0x00, 0x00, 0x00, 0x00, 0x00,
    0x00, 0x00, 0x00, 0x00, 0x00, 0x00, 0x00, 0x00, 0x00, 0x00, 0x00, 0x00, 0x00, 0x00, 0x00, 0x00, 0x00, 0x00, 0x00,
    0x00, 0x00, 0x28, 0x00, 0x00, 0x00, 0x02, 0x00, 0x00, 0x00, 0x00, 0x00, 0x00, 0x00, 0x00, 0x00, 0x00, 0x00, 0x00,
    0x00, 0x00, 0x00, 0x00, 0x00, 0x00, 0x00, 0x9d, 0x0c, 0x00, 0x00, 0x00, 0x00, 0x00, 0x00, 0x48, 0x00, 0x00, 0x00,
    0x00, 0x00, 0x00, 0x00, 0x05, 0x00, 0x00, 0x00, 0x00, 0x00, 0x00, 0x00, 0x00, 0x00, 0x00, 0x00, 0x00, 0x00, 0x00,
    0x00, 0x18, 0x00, 0x00, 0x00, 0x00, 0x00, 0x00, 0x00, 0x30, 0x00, 0x00, 0x00, 0x07, 0x00, 0x00, 0x00, 0x00, 0x00,
    0x00, 0x00, 0x00, 0x00, 0x00, 0x00, 0x00, 0x00, 0x00, 0x00, 0x00, 0x00, 0x00, 0x00, 0xe5, 0x0c, 0x00, 0x00, 0x00,
    0x00, 0x00, 0x00, 0x28, 0x04, 0x00, 0x00, 0x00, 0x00, 0x00, 0x00, 0x00, 0x00, 0x00, 0x00, 0x00, 0x00, 0x00, 0x00,
    0x00, 0x00, 0x00, 0x00, 0x00, 0x00, 0x00, 0x00, 0x00, 0x00, 0x00, 0x00, 0x00, 0x00, 0x00, 0x00,
};

// Mlaa Find Sep Edge compute shader binary
inline constexpr Util::uint8 MlaaFindSepEdge_Cs_20DE282F[] =
{
    0x7f, 0x45, 0x4c, 0x46, 0x02, 0x01, 0x01, 0x41, 0x00, 0x00, 0x00, 0x00, 0x00, 0x00, 0x00, 0x00, 0x01, 0x00, 0xe0,
    0x00, 0x01, 0x00, 0x00, 0x00, 0x00, 0x00, 0x00, 0x00, 0x00, 0x00, 0x00, 0x00, 0x00, 0x00, 0x00, 0x00, 0x00, 0x00,
    0x00, 0x00, 0x10, 0x08, 0x00, 0x00, 0x00, 0x00, 0x00, 0x00, 0x43, 0x05, 0x00, 0x00, 0x40, 0x00, 0x00, 0x00, 0x00,
    0x00, 0x40, 0x00, 0x08, 0x00, 0x01, 0x00, 0x00, 0x2e, 0x73, 0x68, 0x73, 0x74, 0x72, 0x74, 0x61, 0x62, 0x00, 0x2e,
    0x74, 0x65, 0x78, 0x74, 0x00, 0x2e, 0x64, 0x61, 0x74, 0x61, 0x00, 0x2e, 0x63, 0x6f, 0x6d, 0x6d, 0x65, 0x6e, 0x74,
    0x00, 0x2e, 0x73, 0x74, 0x72, 0x74, 0x61, 0x62, 0x00, 0x2e, 0x73, 0x79, 0x6d, 0x74, 0x61, 0x62, 0x00, 0x2e, 0x6e,
    0x6f, 0x74, 0x65, 0x00, 0x06, 0x20, 0x80, 0xb0, 0x02, 0x00, 0xb5, 0xbf, 0x80, 0x47, 0x86, 0xbe, 0x03, 0x00, 0x84,
    0xbf, 0x02, 0x00, 0x80, 0xbe, 0x07, 0x00, 0x81, 0xbe, 0x80, 0x01, 0x04, 0xf4, 0x44, 0x00, 0x00, 0xf8, 0xff, 0x00,
    0x02, 0x36, 0xff, 0x03, 0x00, 0x00, 0x00, 0x00, 0x10, 0xd6, 0x00, 0x15, 0x29, 0x02, 0x12, 0x01, 0x87, 0xbf, 0x01,
    0x00, 0x46, 0xd6, 0x03, 0x06, 0x05, 0x04, 0x02, 0x00, 0x46, 0xd6, 0x04, 0x06, 0x01, 0x04, 0x07, 0xfc, 0x89, 0xbf,
    0x12, 0x01, 0x87, 0xbf, 0x02, 0x00, 0x4e, 0xd4, 0x06, 0x02, 0x02, 0x00, 0x07, 0x04, 0x9c, 0x7c, 0x02, 0x6a, 0xea,
    0x8b, 0x09, 0x00, 0x87, 0xbf, 0x6a, 0x21, 0x82, 0xbe, 0x4a, 0x00, 0xa5, 0xbf, 0x00, 0x02, 0x0c, 0xf4, 0x20, 0x00,
    0x00, 0xf8, 0x00, 0x04, 0x0c, 0xf4, 0x00, 0x00, 0x00, 0xf8, 0xc1, 0x04, 0x00, 0x4a, 0x06, 0x02, 0x06, 0x22, 0x07,
    0x04, 0x08, 0x22, 0xa3, 0x00, 0x87, 0xbf, 0x00, 0x00, 0x64, 0xd6, 0x00, 0x01, 0x1d, 0x00, 0x81, 0x02, 0x0a, 0x4a,
    0x06, 0x0a, 0x0c, 0x22, 0x07, 0xfc, 0x89, 0xbf, 0x02, 0x00, 0x85, 0xbf, 0x85, 0x07, 0x00, 0xf0, 0x03, 0x08, 0x02,
    0x00, 0x04, 0x00, 0x00, 0x00, 0x85, 0x07, 0x00, 0xf0, 0x03, 0x0b, 0x02, 0x00, 0x00, 0x00, 0x00, 0x00, 0x85, 0x07,
    0x00, 0xf0, 0x06, 0x04, 0x02, 0x00, 0x04, 0x00, 0x00, 0x00, 0xf7, 0x07, 0x89, 0xbf, 0x08, 0x17, 0x00, 0x08, 0x09,
    0x19, 0x06, 0x08, 0x0a, 0x1b, 0x0e, 0x08, 0x13, 0x01, 0x87, 0xbf, 0x00, 0x01, 0x14, 0xd4, 0x00, 0xff, 0x01, 0x00,
    0x00, 0x00, 0x80, 0x3d, 0x04, 0x01, 0x14, 0xd4, 0x07, 0xff, 0x01, 0x00, 0x00, 0x00, 0x80, 0x3d, 0xa4, 0x04, 0x87,
    0xbf, 0x6a, 0x01, 0x14, 0xd4, 0x03, 0xff, 0x01, 0x00, 0x00, 0x00, 0x80, 0x3d, 0x00, 0x6a, 0xea, 0x8c, 0x04, 0x6a,
    0xea, 0x8c, 0x09, 0x00, 0x87, 0xbf, 0x00, 0x00, 0x01, 0xd5, 0x80, 0x82, 0xa9, 0x01, 0xf7, 0x03, 0x89, 0xbf, 0x08,
    0x09, 0x06, 0x08, 0x09, 0x0b, 0x08, 0x08, 0x0a, 0x0d, 0x0a, 0x08, 0x08, 0x00, 0x01, 0xd5, 0x80, 0x02, 0xa9, 0x01,
    0x06, 0x00, 0x12, 0xd6, 0x81, 0x00, 0x0a, 0x02, 0x14, 0x02, 0x87, 0xbf, 0x00, 0x01, 0x14, 0xd4, 0x04, 0xff, 0x01,
    0x00, 0x00, 0x00, 0x80, 0x3d, 0x04, 0x01, 0x14, 0xd4, 0x05, 0xff, 0x01, 0x00, 0x00, 0x00, 0x80, 0x3d, 0x6a, 0x01,
    0x14, 0xd4, 0x03, 0xff, 0x01, 0x00, 0x00, 0x00, 0x80, 0x3d, 0x6a, 0x00, 0xea, 0x8c, 0x09, 0x00, 0x87, 0xbf, 0x9e,
    0xff, 0x88, 0xbf, 0x04, 0x6a, 0xea, 0x8c, 0x84, 0x04, 0x87, 0xbf, 0x08, 0x0d, 0x06, 0x02, 0x01, 0x00, 0x87, 0xbf,
    0x03, 0x03, 0x08, 0x7e, 0x03, 0x03, 0x0a, 0x7e, 0x03, 0x03, 0x0c, 0x7e, 0x85, 0x4f, 0x18, 0xf0, 0x01, 0x03, 0x04,
    0x00, 0x02, 0x00, 0x00, 0x00, 0x00, 0x00, 0x80, 0xbf, 0x03, 0x00, 0xb6, 0xbf, 0x00, 0x00, 0xb0, 0xbf, 0x00, 0x00,
    0x9f, 0xbf, 0x00, 0x00, 0x9f, 0xbf, 0x00, 0x00, 0x9f, 0xbf, 0x00, 0x00, 0x9f, 0xbf, 0x00, 0x00, 0x9f, 0xbf, 0x00,
    0x00, 0x9f, 0xbf, 0x00, 0x00, 0x9f, 0xbf, 0x00, 0x00, 0x9f, 0xbf, 0x00, 0x00, 0x9f, 0xbf, 0x00, 0x00, 0x9f, 0xbf,
    0x00, 0x00, 0x9f, 0xbf, 0x00, 0x00, 0x9f, 0xbf, 0x00, 0x00, 0x9f, 0xbf, 0x00, 0x00, 0x9f, 0xbf, 0x00, 0x00, 0x9f,
    0xbf, 0x00, 0x00, 0x9f, 0xbf, 0x00, 0x00, 0x9f, 0xbf, 0x00, 0x00, 0x9f, 0xbf, 0x00, 0x00, 0x9f, 0xbf, 0x00, 0x00,
    0x9f, 0xbf, 0x00, 0x00, 0x9f, 0xbf, 0x00, 0x00, 0x9f, 0xbf, 0x00, 0x00, 0x9f, 0xbf, 0x00, 0x00, 0x9f, 0xbf, 0x00,
    0x00, 0x9f, 0xbf, 0x00, 0x00, 0x9f, 0xbf, 0x00, 0x00, 0x9f, 0xbf, 0x00, 0x00, 0x9f, 0xbf, 0x00, 0x00, 0x9f, 0xbf,
    0x00, 0x00, 0x9f, 0xbf, 0x00, 0x00, 0x9f, 0xbf, 0x00, 0x00, 0x9f, 0xbf, 0x00, 0x00, 0x9f, 0xbf, 0x00, 0x00, 0x9f,
    0xbf, 0x00, 0x00, 0x9f, 0xbf, 0x00, 0x00, 0x9f, 0xbf, 0x00, 0x00, 0x9f, 0xbf, 0x00, 0x00, 0x9f, 0xbf, 0x00, 0x00,
    0x9f, 0xbf, 0x00, 0x00, 0x9f, 0xbf, 0x00, 0x00, 0x9f, 0xbf, 0x00, 0x00, 0x9f, 0xbf, 0x00, 0x00, 0x9f, 0xbf, 0x00,
    0x00, 0x9f, 0xbf, 0x00, 0x00, 0x9f, 0xbf, 0x00, 0x00, 0x9f, 0xbf, 0x00, 0x00, 0x9f, 0xbf, 0x00, 0x00, 0x9f, 0xbf,
    0x00, 0x00, 0x9f, 0xbf, 0x00, 0x00, 0x9f, 0xbf, 0x00, 0x00, 0x9f, 0xbf, 0x00, 0x00, 0x9f, 0xbf, 0x00, 0x00, 0x9f,
    0xbf, 0x00, 0x00, 0x9f, 0xbf, 0x00, 0x00, 0x9f, 0xbf, 0x00, 0x00, 0x9f, 0xbf, 0x00, 0x00, 0x9f, 0xbf, 0x00, 0x00,
    0x9f, 0xbf, 0x00, 0x00, 0x9f, 0xbf, 0x00, 0x00, 0x9f, 0xbf, 0x00, 0x00, 0x9f, 0xbf, 0x00, 0x00, 0x9f, 0xbf, 0x00,
    0x00, 0x9f, 0xbf, 0x00, 0x00, 0x9f, 0xbf, 0x00, 0x00, 0x00, 0x00, 0x00, 0x00, 0x10, 0x00, 0x00, 0x00, 0x00, 0x00,
    0xac, 0xdf, 0x03, 0x10, 0x47, 0x65, 0x6e, 0x65, 0x72, 0x61, 0x74, 0x65, 0x64, 0x20, 0x62, 0x79, 0x20, 0x74, 0x68,
    0x65, 0x20, 0x41, 0x64, 0x76, 0x61, 0x6e, 0x63, 0x65, 0x64, 0x20, 0x4d, 0x69, 0x63, 0x72, 0x6f, 0x20, 0x44, 0x65,
    0x76, 0x69, 0x63, 0x65, 0x73, 0x2c, 0x20, 0x49, 0x6e, 0x63, 0x2e, 0x2c, 0x20, 0x50, 0x72, 0x6f, 0x70, 0x72, 0x69,
    0x65, 0x74, 0x61, 0x72, 0x79, 0x20, 0x47, 0x50, 0x55, 0x20, 0x53, 0x68, 0x61, 0x64, 0x65, 0x72, 0x20, 0x43, 0x6f,
    0x6d, 0x70, 0x69, 0x6c, 0x65, 0x72, 0x2e, 0x00, 0x00, 0x5f, 0x61, 0x6d, 0x64, 0x67, 0x70, 0x75, 0x5f, 0x63, 0x73,
    0x5f, 0x6d, 0x61, 0x69, 0x6e, 0x00, 0x5f, 0x61, 0x6d, 0x64, 0x67, 0x70, 0x75, 0x5f, 0x63, 0x73, 0x5f, 0x73, 0x68,
    0x64, 0x72, 0x5f, 0x69, 0x6e, 0x74, 0x72, 0x6c, 0x5f, 0x74, 0x62, 0x6c, 0x00, 0x00, 0x00, 0x00, 0x00, 0x00, 0x00,
    0x00, 0x00, 0x00, 0x00, 0x00, 0x00, 0x00, 0x00, 0x00, 0x00, 0x00, 0x00, 0x00, 0x00, 0x00, 0x00, 0x00, 0x00, 0x01,
    0x00, 0x00, 0x00, 0x12, 0x00, 0x02, 0x00, 0x00, 0x00, 0x00, 0x00, 0x00, 0x00, 0x00, 0x00, 0x9c, 0x02, 0x00, 0x00,
    0x00, 0x00, 0x00, 0x00, 0x11, 0x00, 0x00, 0x00, 0x11, 0x00, 0x03, 0x00, 0x00, 0x00, 0x00, 0x00, 0x00, 0x00, 0x00,
    0x00, 0x10, 0x00, 0x00, 0x00, 0x00, 0x00, 0x00, 0x00, 0x07, 0x00, 0x00, 0x00, 0x11, 0x04, 0x00, 0x00, 0x20, 0x00,
    0x00, 0x00, 0x41, 0x4d, 0x44, 0x47, 0x50, 0x55, 0x00, 0x00, 0x82, 0xae, 0x61, 0x6d, 0x64, 0x70, 0x61, 0x6c, 0x2e,
    0x76, 0x65, 0x72, 0x73, 0x69, 0x6f, 0x6e, 0x92, 0x03, 0x06, 0xb0, 0x61, 0x6d, 0x64, 0x70, 0x61, 0x6c, 0x2e, 0x70,
    0x69, 0x70, 0x65, 0x6c, 0x69, 0x6e, 0x65, 0x73, 0x91, 0x8b, 0xa5, 0x2e, 0x74, 0x79, 0x70, 0x65, 0xa2, 0x43, 0x73,
    0xae, 0x2e, 0x72, 0x65, 0x73, 0x6f, 0x75, 0x72, 0x63, 0x65, 0x5f, 0x68, 0x61, 0x73, 0x68, 0xcf, 0x9d, 0xab, 0x92,
    0x5d, 0x0a, 0x7a, 0xaf, 0x2a, 0xb0, 0x2e, 0x73, 0x70, 0x69, 0x6c, 0x6c, 0x5f, 0x74, 0x68, 0x72, 0x65, 0x73, 0x68,
    0x6f, 0x6c, 0x64, 0xcd, 0xff, 0xff, 0xb0, 0x2e, 0x75, 0x73, 0x65, 0x72, 0x5f, 0x64, 0x61, 0x74, 0x61, 0x5f, 0x6c,
    0x69, 0x6d, 0x69, 0x74, 0x01, 0xa8, 0x2e, 0x73, 0x68, 0x61, 0x64, 0x65, 0x72, 0x73, 0x81, 0xa8, 0x2e, 0x63, 0x6f,
    0x6d, 0x70, 0x75, 0x74, 0x65, 0x83, 0xb0, 0x2e, 0x61, 0x70, 0x69, 0x5f, 0x73, 0x68, 0x61, 0x64, 0x65, 0x72, 0x5f,
    0x68, 0x61, 0x73, 0x68, 0x92, 0xcf, 0xe2, 0xc3, 0xfc, 0x66, 0xc2, 0xf3, 0xc5, 0x82, 0xcf, 0xe7, 0xf0, 0xaa, 0xac,
    0xd5, 0x4e, 0x46, 0x5e, 0xb1, 0x2e, 0x68, 0x61, 0x72, 0x64, 0x77, 0x61, 0x72, 0x65, 0x5f, 0x6d, 0x61, 0x70, 0x70,
    0x69, 0x6e, 0x67, 0x91, 0xa3, 0x2e, 0x63, 0x73, 0xaf, 0x2e, 0x73, 0x68, 0x61, 0x64, 0x65, 0x72, 0x5f, 0x73, 0x75,
    0x62, 0x74, 0x79, 0x70, 0x65, 0xa7, 0x55, 0x6e, 0x6b, 0x6e, 0x6f, 0x77, 0x6e, 0xb0, 0x2e, 0x68, 0x61, 0x72, 0x64,
    0x77, 0x61, 0x72, 0x65, 0x5f, 0x73, 0x74, 0x61, 0x67, 0x65, 0x73, 0x81, 0xa3, 0x2e, 0x63, 0x73, 0xde, 0x00, 0x1b,
    0xb3, 0x2e, 0x65, 0x6e, 0x74, 0x72, 0x79, 0x5f, 0x70, 0x6f, 0x69, 0x6e, 0x74, 0x5f, 0x73, 0x79, 0x6d, 0x62, 0x6f,
    0x6c, 0xaf, 0x5f, 0x61, 0x6d, 0x64, 0x67, 0x70, 0x75, 0x5f, 0x63, 0x73, 0x5f, 0x6d, 0x61, 0x69, 0x6e, 0xab, 0x2e,
    0x73, 0x67, 0x70, 0x72, 0x5f, 0x63, 0x6f, 0x75, 0x6e, 0x74, 0x18, 0xab, 0x2e, 0x76, 0x67, 0x70, 0x72, 0x5f, 0x63,
    0x6f, 0x75, 0x6e, 0x74, 0x0e, 0xa9, 0x2e, 0x6c, 0x64, 0x73, 0x5f, 0x73, 0x69, 0x7a, 0x65, 0x00, 0xb4, 0x2e, 0x73,
    0x63, 0x72, 0x61, 0x74, 0x63, 0x68, 0x5f, 0x6d, 0x65, 0x6d, 0x6f, 0x72, 0x79, 0x5f, 0x73, 0x69, 0x7a, 0x65, 0x00,
    0xb4, 0x2e, 0x66, 0x72, 0x6f, 0x6e, 0x74, 0x65, 0x6e, 0x64, 0x5f, 0x73, 0x74, 0x61, 0x63, 0x6b, 0x5f, 0x73, 0x69,
    0x7a, 0x65, 0x00, 0xb3, 0x2e, 0x62, 0x61, 0x63, 0x6b, 0x65, 0x6e, 0x64, 0x5f, 0x73, 0x74, 0x61, 0x63, 0x6b, 0x5f,
    0x73, 0x69, 0x7a, 0x65, 0x00, 0xb6, 0x2e, 0x70, 0x65, 0x72, 0x66, 0x5f, 0x64, 0x61, 0x74, 0x61, 0x5f, 0x62, 0x75,
    0x66, 0x66, 0x65, 0x72, 0x5f, 0x73, 0x69, 0x7a, 0x65, 0x00, 0xaa, 0x2e, 0x75, 0x73, 0x65, 0x73, 0x5f, 0x75, 0x61,
    0x76, 0x73, 0xc3, 0xac, 0x2e, 0x77, 0x72, 0x69, 0x74, 0x65, 0x73, 0x5f, 0x75, 0x61, 0x76, 0x73, 0xc3, 0xb4, 0x2e,
    0x75, 0x73, 0x65, 0x73, 0x5f, 0x61, 0x70, 0x70, 0x65, 0x6e, 0x64, 0x5f, 0x63, 0x6f, 0x6e, 0x73, 0x75, 0x6d, 0x65,
    0xc2, 0xaf, 0x2e, 0x77, 0x61, 0x76, 0x65, 0x66, 0x72, 0x6f, 0x6e, 0x74, 0x5f, 0x73, 0x69, 0x7a, 0x65, 0x40, 0xb2,
    0x2e, 0x75, 0x73, 0x65, 0x72, 0x5f, 0x64, 0x61, 0x74, 0x61, 0x5f, 0x72, 0x65, 0x67, 0x5f, 0x6d, 0x61, 0x70, 0xdc,
    0x00, 0x20, 0xce, 0xff, 0xff, 0xff, 0xff, 0xce, 0xff, 0xff, 0xff, 0xff, 0x00, 0xce, 0xff, 0xff, 0xff, 0xff, 0xce,
    0xff, 0xff, 0xff, 0xff, 0xce, 0xff, 0xff, 0xff, 0xff, 0xce, 0xff, 0xff, 0xff, 0xff, 0xce, 0xff, 0xff, 0xff, 0xff,
    0xce, 0xff, 0xff, 0xff, 0xff, 0xce, 0xff, 0xff, 0xff, 0xff, 0xce, 0xff, 0xff, 0xff, 0xff, 0xce, 0xff, 0xff, 0xff,
    0xff, 0xce, 0xff, 0xff, 0xff, 0xff, 0xce, 0xff, 0xff, 0xff, 0xff, 0xce, 0xff, 0xff, 0xff, 0xff, 0xce, 0xff, 0xff,
    0xff, 0xff, 0xce, 0xff, 0xff, 0xff, 0xff, 0xce, 0xff, 0xff, 0xff, 0xff, 0xce, 0xff, 0xff, 0xff, 0xff, 0xce, 0xff,
    0xff, 0xff, 0xff, 0xce, 0xff, 0xff, 0xff, 0xff, 0xce, 0xff, 0xff, 0xff, 0xff, 0xce, 0xff, 0xff, 0xff, 0xff, 0xce,
    0xff, 0xff, 0xff, 0xff, 0xce, 0xff, 0xff, 0xff, 0xff, 0xce, 0xff, 0xff, 0xff, 0xff, 0xce, 0xff, 0xff, 0xff, 0xff,
    0xce, 0xff, 0xff, 0xff, 0xff, 0xce, 0xff, 0xff, 0xff, 0xff, 0xce, 0xff, 0xff, 0xff, 0xff, 0xce, 0xff, 0xff, 0xff,
    0xff, 0xce, 0xff, 0xff, 0xff, 0xff, 0xb7, 0x2e, 0x74, 0x68, 0x72, 0x65, 0x61, 0x64, 0x67, 0x72, 0x6f, 0x75, 0x70,
    0x5f, 0x64, 0x69, 0x6d, 0x65, 0x6e, 0x73, 0x69, 0x6f, 0x6e, 0x73, 0x93, 0x08, 0x08, 0x01, 0xab, 0x2e, 0x66, 0x6c,
    0x6f, 0x61, 0x74, 0x5f, 0x6d, 0x6f, 0x64, 0x65, 0xcc, 0xc0, 0xae, 0x2e, 0x66, 0x70, 0x31, 0x36, 0x5f, 0x6f, 0x76,
    0x65, 0x72, 0x66, 0x6c, 0x6f, 0x77, 0xc2, 0xaa, 0x2e, 0x69, 0x65, 0x65, 0x65, 0x5f, 0x6d, 0x6f, 0x64, 0x65, 0xc2,
    0xa9, 0x2e, 0x77, 0x67, 0x70, 0x5f, 0x6d, 0x6f, 0x64, 0x65, 0xc2, 0xac, 0x2e, 0x6d, 0x65, 0x6d, 0x5f, 0x6f, 0x72,
    0x64, 0x65, 0x72, 0x65, 0x64, 0xc2, 0xb1, 0x2e, 0x66, 0x6f, 0x72, 0x77, 0x61, 0x72, 0x64, 0x5f, 0x70, 0x72, 0x6f,
    0x67, 0x72, 0x65, 0x73, 0x73, 0xc2, 0xab, 0x2e, 0x75, 0x73, 0x65, 0x72, 0x5f, 0x73, 0x67, 0x70, 0x72, 0x73, 0x03,
    0xa8, 0x2e, 0x65, 0x78, 0x63, 0x70, 0x5f, 0x65, 0x6e, 0x00, 0xab, 0x2e, 0x73, 0x63, 0x72, 0x61, 0x74, 0x63, 0x68,
    0x5f, 0x65, 0x6e, 0xc2, 0xad, 0x2e, 0x74, 0x72, 0x61, 0x70, 0x5f, 0x70, 0x72, 0x65, 0x73, 0x65, 0x6e, 0x74, 0xc2,
    0xb0, 0x2e, 0x73, 0x68, 0x61, 0x72, 0x65, 0x64, 0x5f, 0x76, 0x67, 0x70, 0x72, 0x5f, 0x63, 0x6e, 0x74, 0x00, 0xad,
    0x2e, 0x77, 0x61, 0x76, 0x65, 0x73, 0x5f, 0x70, 0x65, 0x72, 0x5f, 0x73, 0x65, 0x00, 0xaf, 0x2e, 0x63, 0x68, 0x65,
    0x63, 0x6b, 0x73, 0x75, 0x6d, 0x5f, 0x76, 0x61, 0x6c, 0x75, 0x65, 0xce, 0x12, 0x8e, 0xd5, 0x16, 0xaa, 0x2e, 0x72,
    0x65, 0x67, 0x69, 0x73, 0x74, 0x65, 0x72, 0x73, 0x81, 0xcd, 0x2e, 0x42, 0x00, 0xa5, 0x2e, 0x6e, 0x61, 0x6d, 0x65,
    0xaf, 0x4d, 0x6c, 0x61, 0x61, 0x46, 0x69, 0x6e, 0x64, 0x53, 0x65, 0x70, 0x45, 0x64, 0x67, 0x65, 0xb7, 0x2e, 0x69,
    0x6e, 0x74, 0x65, 0x72, 0x6e, 0x61, 0x6c, 0x5f, 0x70, 0x69, 0x70, 0x65, 0x6c, 0x69, 0x6e, 0x65, 0x5f, 0x68, 0x61,
    0x73, 0x68, 0x92, 0xcf, 0xff, 0x85, 0xe9, 0x25, 0x15, 0xfa, 0xf1, 0x04, 0xcf, 0x9c, 0x06, 0x29, 0xab, 0x08, 0xf9,
    0xd5, 0x2e, 0xb2, 0x2e, 0x63, 0x6f, 0x6d, 0x70, 0x75, 0x74, 0x65, 0x5f, 0x72, 0x65, 0x67, 0x69, 0x73, 0x74, 0x65,
    0x72, 0x73, 0x85, 0xaf, 0x2e, 0x74, 0x69, 0x64, 0x69, 0x67, 0x5f, 0x63, 0x6f, 0x6d, 0x70, 0x5f, 0x63, 0x6e, 0x74,
    0x01, 0xaa, 0x2e, 0x74, 0x67, 0x69, 0x64, 0x5f, 0x78, 0x5f, 0x65, 0x6e, 0xc3, 0xaa, 0x2e, 0x74, 0x67, 0x69, 0x64,
    0x5f, 0x79, 0x5f, 0x65, 0x6e, 0xc3, 0xaa, 0x2e, 0x74, 0x67, 0x69, 0x64, 0x5f, 0x7a, 0x5f, 0x65, 0x6e, 0xc2, 0xab,
    0x2e, 0x74, 0x67, 0x5f, 0x73, 0x69, 0x7a, 0x65, 0x5f, 0x65, 0x6e, 0xc2, 0xa4, 0x2e, 0x61, 0x70, 0x69, 0xa7, 0x73,
    0x63, 0x70, 0x63, 0x42, 0x6c, 0x64, 0x00, 0x00, 0x00, 0x00, 0x00, 0x00, 0x00, 0x00, 0x00, 0x00, 0x00, 0x00, 0x00,
    0x00, 0x00, 0x00, 0x00, 0x00, 0x00, 0x00, 0x00, 0x00, 0x00, 0x00, 0x00, 0x00, 0x00, 0x00, 0x00, 0x00, 0x00, 0x00,
    0x00, 0x00, 0x00, 0x00, 0x00, 0x00, 0x00, 0x00, 0x00, 0x00, 0x00, 0x00, 0x00, 0x00, 0x00, 0x00, 0x00, 0x00, 0x00,
    0x00, 0x00, 0x00, 0x00, 0x00, 0x00, 0x00, 0x00, 0x00, 0x00, 0x00, 0x00, 0x00, 0x00, 0x00, 0x00, 0x00, 0x00, 0x00,
    0x01, 0x00, 0x00, 0x00, 0x03, 0x00, 0x00, 0x00, 0x00, 0x00, 0x00, 0x00, 0x00, 0x00, 0x00, 0x00, 0x00, 0x00, 0x00,
    0x00, 0x00, 0x00, 0x00, 0x00, 0x40, 0x00, 0x00, 0x00, 0x00, 0x00, 0x00, 0x00, 0x36, 0x00, 0x00, 0x00, 0x00, 0x00,
    0x00, 0x00, 0x00, 0x00, 0x00, 0x00, 0x00, 0x00, 0x00, 0x00, 0x00, 0x00, 0x00, 0x00, 0x00, 0x00, 0x00, 0x00, 0x00,
    0x00, 0x00, 0x00, 0x00, 0x00, 0x00, 0x00, 0x0b, 0x00, 0x00, 0x00, 0x01, 0x00, 0x00, 0x00, 0x06, 0x00, 0x00, 0x00,
    0x00, 0x00, 0x00, 0x00, 0x00, 0x00, 0x00, 0x00, 0x00, 0x00, 0x00, 0x00, 0x76, 0x00, 0x00, 0x00, 0x00, 0x00, 0x00,
    0x00, 0x9c, 0x02, 0x00, 0x00, 0x00, 0x00, 0x00, 0x00, 0x00, 0x00, 0x00, 0x00, 0x00, 0x00, 0x00, 0x00, 0x00, 0x01,
    0x00, 0x00, 0x00, 0x00, 0x00, 0x00, 0x00, 0x00, 0x00, 0x00, 0x00, 0x00, 0x00, 0x00, 0x11, 0x00, 0x00, 0x00, 0x01,
    0x00, 0x00, 0x00, 0x03, 0x00, 0x00, 0x00, 0x00, 0x00, 0x00, 0x00, 0x00, 0x00, 0x00, 0x00, 0x00, 0x00, 0x00, 0x00,
    0x12, 0x03, 0x00, 0x00, 0x00, 0x00, 0x00, 0x00, 0x10, 0x00, 0x00, 0x00, 0x00, 0x00, 0x00, 0x00, 0x00, 0x00, 0x00,
    0x00, 0x00, 0x00, 0x00, 0x00, 0x20, 0x00, 0x00, 0x00, 0x00, 0x00, 0x00, 0x00, 0x00, 0x00, 0x00, 0x00, 0x00, 0x00,
    0x00, 0x00, 0x17, 0x00, 0x00, 0x00, 0x01, 0x00, 0x00, 0x00, 0x00, 0x00, 0x00, 0x00, 0x00, 0x00, 0x00, 0x00, 0x00,
    0x00, 0x00, 0x00, 0x00, 0x00, 0x00, 0x00, 0x22, 0x03, 0x00, 0x00, 0x00, 0x00, 0x00, 0x00, 0x50, 0x00, 0x00, 0x00,
    0x00, 0x00, 0x00, 0x00, 0x00, 0x00, 0x00, 0x00, 0x00, 0x00, 0x00, 0x00, 0x00, 0x00, 0x00, 0x00, 0x00, 0x00, 0x00,
    0x00, 0x00, 0x00, 0x00, 0x00, 0x00, 0x00, 0x00, 0x00, 0x20, 0x00, 0x00, 0x00, 0x03, 0x00, 0x00, 0x00, 0x00, 0x00,
    0x00, 0x00, 0x00, 0x00, 0x00, 0x00, 0x00, 0x00, 0x00, 0x00, 0x00, 0x00, 0x00, 0x00, 0x72, 0x03, 0x00, 0x00, 0x00,
    0x00, 0x00, 0x00, 0x2b, 0x00, 0x00, 0x00, 0x00, 0x00, 0x00, 0x00, 0x00, 0x00, 0x00, 0x00, 0x00, 0x00, 0x00, 0x00,
    0x00, 0x00, 0x00, 0x00, 0x00, 0x00, 0x00, 0x00, 0x00, 0x00, 0x00, 0x00, 0x00, 0x00, 0x00, 0x00, 0x28, 0x00, 0x00,
    0x00, 0x02, 0x00, 0x00, 0x00, 0x00, 0x00, 0x00, 0x00, 0x00, 0x00, 0x00, 0x00, 0x00, 0x00, 0x00, 0x00, 0x00, 0x00,
    0x00, 0x00, 0x9d, 0x03, 0x00, 0x00, 0x00, 0x00, 0x00, 0x00, 0x48, 0x00, 0x00, 0x00, 0x00, 0x00, 0x00, 0x00, 0x05,
    0x00, 0x00, 0x00, 0x00, 0x00, 0x00, 0x00, 0x00, 0x00, 0x00, 0x00, 0x00, 0x00, 0x00, 0x00, 0x18, 0x00, 0x00, 0x00,
    0x00, 0x00, 0x00, 0x00, 0x30, 0x00, 0x00, 0x00, 0x07, 0x00, 0x00, 0x00, 0x00, 0x00, 0x00, 0x00, 0x00, 0x00, 0x00,
    0x00, 0x00, 0x00, 0x00, 0x00, 0x00, 0x00, 0x00, 0x00, 0xe5, 0x03, 0x00, 0x00, 0x00, 0x00, 0x00, 0x00, 0x28, 0x04,
    0x00, 0x00, 0x00, 0x00, 0x00, 0x00, 0x00, 0x00, 0x00, 0x00, 0x00, 0x00, 0x00, 0x00, 0x00, 0x00, 0x00, 0x00, 0x00,
    0x00, 0x00, 0x00, 0x00, 0x00, 0x00, 0x00, 0x00, 0x00, 0x00, 0x00,
};

#if ( PAL_BUILD_STRIX_HALO)
// Mlaa Calc Sep Edge Length compute shader binary
inline constexpr Util::uint8 MlaaCalcSepEdgeLength_Cs_762C24EF[] =
{
    0x7f, 0x45, 0x4c, 0x46, 0x02, 0x01, 0x01, 0x41, 0x00, 0x00, 0x00, 0x00, 0x00, 0x00, 0x00, 0x00, 0x01, 0x00, 0xe0,
    0x00, 0x01, 0x00, 0x00, 0x00, 0x00, 0x00, 0x00, 0x00, 0x00, 0x00, 0x00, 0x00, 0x00, 0x00, 0x00, 0x00, 0x00, 0x00,
    0x00, 0x00, 0xfc, 0x0a, 0x00, 0x00, 0x00, 0x00, 0x00, 0x00, 0x4a, 0x05, 0x00, 0x00, 0x40, 0x00, 0x00, 0x00, 0x00,
    0x00, 0x40, 0x00, 0x08, 0x00, 0x01, 0x00, 0x00, 0x2e, 0x73, 0x68, 0x73, 0x74, 0x72, 0x74, 0x61, 0x62, 0x00, 0x2e,
    0x74, 0x65, 0x78, 0x74, 0x00, 0x2e, 0x64, 0x61, 0x74, 0x61, 0x00, 0x2e, 0x63, 0x6f, 0x6d, 0x6d, 0x65, 0x6e, 0x74,
    0x00, 0x2e, 0x73, 0x74, 0x72, 0x74, 0x61, 0x62, 0x00, 0x2e, 0x73, 0x79, 0x6d, 0x74, 0x61, 0x62, 0x00, 0x2e, 0x6e,
    0x6f, 0x74, 0x65, 0x00, 0x06, 0x20, 0x80, 0xb0, 0x02, 0x00, 0xb5, 0xbf, 0x80, 0x47, 0x86, 0xbe, 0x03, 0x00, 0x84,
    0xbf, 0x02, 0x00, 0x80, 0xbe, 0x07, 0x00, 0x81, 0xbe, 0x00, 0x02, 0x08, 0xf4, 0xa0, 0x00, 0x00, 0xf8, 0xff, 0x00,
    0x02, 0x36, 0xff, 0x03, 0x00, 0x00, 0x00, 0x00, 0x10, 0xd6, 0x00, 0x15, 0x29, 0x02, 0x12, 0x01, 0x87, 0xbf, 0x04,
    0x00, 0x46, 0xd6, 0x03, 0x06, 0x05, 0x04, 0x06, 0x00, 0x46, 0xd6, 0x04, 0x06, 0x01, 0x04, 0x07, 0xfc, 0x89, 0xbf,
    0x12, 0x01, 0x87, 0xbf, 0x02, 0x00, 0x4e, 0xd4, 0x09, 0x08, 0x02, 0x00, 0x0a, 0x0c, 0x9c, 0x7c, 0x02, 0x6a, 0xea,
    0x8b, 0x09, 0x00, 0x87, 0xbf, 0x6a, 0x21, 0x82, 0xbe, 0x04, 0x01, 0xa5, 0xbf, 0x00, 0x03, 0x0c, 0xf4, 0x40, 0x00,
    0x00, 0xf8, 0x00, 0x05, 0x0c, 0xf4, 0x60, 0x00, 0x00, 0xf8, 0x00, 0x07, 0x0c, 0xf4, 0x80, 0x00, 0x00, 0xf8, 0x07,
    0xfc, 0x89, 0xbf, 0x85, 0x01, 0x00, 0xf0, 0x04, 0x00, 0x03, 0x00, 0x06, 0x00, 0x00, 0x00, 0x85, 0x01, 0x00, 0xf0,
    0x04, 0x01, 0x05, 0x00, 0x06, 0x00, 0x00, 0x00, 0x85, 0x01, 0x00, 0xf0, 0x04, 0x02, 0x07, 0x00, 0x06, 0x00, 0x00,
    0x00, 0xf7, 0x0b, 0x89, 0xbf, 0x81, 0x00, 0x06, 0x36, 0x82, 0x00, 0x00, 0x36, 0xf7, 0x03, 0x89, 0xbf, 0x80, 0x04,
    0x86, 0x7c, 0x93, 0x01, 0x87, 0xbf, 0x04, 0x00, 0x45, 0xd4, 0x03, 0x01, 0x01, 0x00, 0x06, 0x00, 0x45, 0xd4, 0x00,
    0x01, 0x01, 0x00, 0xff, 0x02, 0x0a, 0x36, 0x00, 0x80, 0x00, 0x00, 0xff, 0x04, 0x00, 0x36, 0x00, 0x80, 0x00, 0x00,
    0x28, 0x00, 0x46, 0xd4, 0x01, 0x01, 0x01, 0x00, 0x93, 0x01, 0x87, 0xbf, 0x24, 0x00, 0x42, 0xd4, 0x05, 0x01, 0x01,
    0x00, 0x26, 0x00, 0x42, 0xd4, 0x00, 0x01, 0x01, 0x00, 0x90, 0x02, 0x10, 0x32, 0x90, 0x04, 0x0a, 0x32, 0x01, 0xd7,
    0x00, 0x7e, 0x02, 0xd7, 0x06, 0x7e, 0x04, 0x28, 0xa8, 0x8b, 0x06, 0x6a, 0xaa, 0x8b, 0x04, 0x24, 0x84, 0x8b, 0x06,
    0x26, 0x86, 0x8b, 0x28, 0x2a, 0xac, 0x8c, 0x04, 0x06, 0xea, 0x8c, 0x99, 0x04, 0x87, 0xbf, 0x2c, 0x6a, 0xea, 0x8c,
    0x6a, 0x21, 0xa4, 0xbe, 0xb8, 0x00, 0xa5, 0xbf, 0x08, 0x81, 0x8b, 0x8a, 0x81, 0x08, 0x27, 0x84, 0x0b, 0x81, 0x26,
    0x84, 0x0b, 0xc2, 0x0b, 0x87, 0xff, 0xff, 0x26, 0xb8, 0xc1, 0x08, 0x08, 0x84, 0x0b, 0x0c, 0x16, 0x4a, 0x08, 0x0c,
    0x06, 0x4a, 0x27, 0x0c, 0x0e, 0x4a, 0x09, 0x00, 0x55, 0xd6, 0x26, 0x0c, 0x0a, 0x02, 0x08, 0x08, 0x00, 0x4a, 0x0a,
    0x00, 0x55, 0xd6, 0x26, 0x08, 0x0a, 0x02, 0x09, 0x08, 0x1c, 0x22, 0x0d, 0x00, 0x64, 0xd6, 0x0b, 0x01, 0x29, 0x00,
    0x0a, 0x0c, 0x18, 0x22, 0x09, 0x00, 0x64, 0xd6, 0x09, 0x01, 0x29, 0x00, 0x10, 0x00, 0x64, 0xd6, 0x07, 0x01, 0x29,
    0x00, 0x11, 0x00, 0x64, 0xd6, 0x03, 0x01, 0x29, 0x00, 0x27, 0x08, 0x0a, 0x4a, 0x0b, 0x08, 0x10, 0x4a, 0x0a, 0x00,
    0x64, 0xd6, 0x0a, 0x01, 0x25, 0x00, 0x0b, 0x00, 0x64, 0xd6, 0x00, 0x01, 0x25, 0x00, 0x03, 0x00, 0x87, 0xbf, 0x08,
    0x00, 0x64, 0xd6, 0x08, 0x01, 0x25, 0x00, 0x0f, 0x00, 0x64, 0xd6, 0x05, 0x01, 0x25, 0x00, 0x03, 0x00, 0x85, 0xbf,
    0x85, 0x01, 0x00, 0xf0, 0x0b, 0x0b, 0x03, 0x00, 0x0c, 0x00, 0x00, 0x00, 0x85, 0x01, 0x00, 0xf0, 0x0f, 0x0f, 0x03,
    0x00, 0x0c, 0x00, 0x00, 0x00, 0x85, 0x01, 0x00, 0xf0, 0x0e, 0x10, 0x03, 0x00, 0x10, 0x00, 0x00, 0x00, 0x85, 0x01,
    0x00, 0xf0, 0x0e, 0x11, 0x03, 0x00, 0x11, 0x00, 0x00, 0x00, 0x03, 0x00, 0x85, 0xbf, 0x85, 0x01, 0x00, 0xf0, 0x0e,
    0x0d, 0x07, 0x00, 0x0d, 0x00, 0x00, 0x00, 0x85, 0x01, 0x00, 0xf0, 0x0e, 0x09, 0x07, 0x00, 0x09, 0x00, 0x00, 0x00,
    0x85, 0x01, 0x00, 0xf0, 0x04, 0x0e, 0x07, 0x00, 0x07, 0x00, 0x00, 0x00, 0x85, 0x01, 0x00, 0xf0, 0x04, 0x13, 0x07,
    0x00, 0x03, 0x00, 0x00, 0x00, 0x03, 0x00, 0x85, 0xbf, 0x85, 0x01, 0x00, 0xf0, 0x0a, 0x0a, 0x05, 0x00, 0x0c, 0x00,
    0x00, 0x00, 0x85, 0x01, 0x00, 0xf0, 0x08, 0x08, 0x05, 0x00, 0x0c, 0x00, 0x00, 0x00, 0x85, 0x01, 0x00, 0xf0, 0x00,
    0x0c, 0x05, 0x00, 0x06, 0x00, 0x00, 0x00, 0x85, 0x01, 0x00, 0xf0, 0x05, 0x12, 0x05, 0x00, 0x06, 0x00, 0x00, 0x00,
    0x90, 0x04, 0x2a, 0x32, 0x02, 0xd7, 0x04, 0x7e, 0x90, 0x02, 0x28, 0x32, 0x01, 0xd7, 0x02, 0x7e, 0xb2, 0x00, 0x87,
    0xbf, 0xff, 0x28, 0x2e, 0x38, 0x00, 0x80, 0x00, 0x00, 0xf7, 0x2f, 0x89, 0xbf, 0x81, 0x16, 0x16, 0x36, 0x14, 0x00,
    0x42, 0xd4, 0x0b, 0x01, 0x01, 0x00, 0x0a, 0x06, 0x16, 0x26, 0xf7, 0x1f, 0x89, 0xbf, 0x0e, 0x00, 0x41, 0xd4, 0x0d,
    0x01, 0x01, 0x00, 0x0a, 0x0e, 0x1a, 0x26, 0xf7, 0x17, 0x89, 0xbf, 0x0e, 0x00, 0x10, 0xd6, 0x0e, 0x21, 0x3d, 0x02,
    0xf7, 0x0f, 0x89, 0xbf, 0x0c, 0x00, 0x41, 0xd4, 0x0a, 0x01, 0x01, 0x00, 0x82, 0x20, 0x14, 0x36, 0x44, 0x02, 0x87,
    0xbf, 0x12, 0x00, 0x45, 0xd4, 0x07, 0x1b, 0x02, 0x00, 0xff, 0x26, 0x0e, 0x36, 0xff, 0x7f, 0x00, 0x00, 0xf7, 0x07,
    0x89, 0xbf, 0x0c, 0x00, 0x10, 0xd6, 0x0c, 0x21, 0x3d, 0x02, 0x10, 0x00, 0x42, 0xd4, 0x0a, 0x01, 0x01, 0x00, 0x09,
    0x00, 0x14, 0x26, 0x14, 0x02, 0x87, 0xbf, 0x27, 0x0e, 0x1a, 0x4a, 0x27, 0x18, 0x2c, 0x4a, 0xf7, 0x03, 0x89, 0xbf,
    0xff, 0x24, 0x18, 0x36, 0xff, 0x7f, 0x00, 0x00, 0x04, 0x00, 0x87, 0xbf, 0x80, 0x14, 0x0e, 0x4c, 0x80, 0x16, 0x14,
    0x4c, 0x0b, 0x00, 0x01, 0xd5, 0x02, 0x1b, 0x1a, 0x00, 0xff, 0x04, 0x1a, 0x38, 0x00, 0x80, 0x00, 0x00, 0x80, 0x06,
    0x20, 0x4c, 0xff, 0x12, 0x06, 0x36, 0x00, 0x80, 0x00, 0x00, 0x12, 0x00, 0x01, 0xd5, 0x14, 0x2d, 0xa2, 0x00, 0x27,
    0x18, 0x2c, 0x4a, 0x09, 0x00, 0x01, 0xd5, 0x02, 0x1b, 0x1a, 0x00, 0x54, 0x02, 0x87, 0xbf, 0x0a, 0x00, 0x45, 0xd4,
    0x03, 0x01, 0x01, 0x00, 0x82, 0x22, 0x04, 0x36, 0xff, 0x02, 0x06, 0x38, 0x00, 0x80, 0x00, 0x00, 0x0c, 0x00, 0x01,
    0xd5, 0x01, 0x2d, 0x12, 0x00, 0xff, 0x10, 0x10, 0x36, 0x00, 0x80, 0x00, 0x00, 0x16, 0x00, 0x42, 0xd4, 0x02, 0x01,
    0x01, 0x00, 0xc4, 0x01, 0x87, 0xbf, 0x02, 0x00, 0x01, 0xd5, 0x01, 0x07, 0x12, 0x00, 0x81, 0x1e, 0x02, 0x36, 0x09,
    0x0a, 0x06, 0x26, 0x04, 0x00, 0x45, 0xd4, 0x08, 0x01, 0x01, 0x00, 0x08, 0x00, 0x42, 0xd4, 0x01, 0x01, 0x01, 0x00,
    0xd3, 0x01, 0x87, 0xbf, 0x18, 0x00, 0x45, 0xd4, 0x05, 0x07, 0x02, 0x00, 0x06, 0x00, 0x45, 0xd4, 0x10, 0x15, 0x02,
    0x00, 0x27, 0x1c, 0x1c, 0x4a, 0xff, 0x2a, 0x2c, 0x38, 0x00, 0x80, 0x00, 0x00, 0x80, 0x00, 0x00, 0x4c, 0x0e, 0x00,
    0x01, 0xd5, 0x15, 0x1d, 0xaa, 0x00, 0x14, 0x00, 0x01, 0xd5, 0x14, 0x2f, 0xa2, 0x00, 0x14, 0x02, 0x87, 0xbf, 0x15,
    0x00, 0x01, 0xd5, 0x15, 0x2d, 0xaa, 0x00, 0x00, 0x0f, 0x8a, 0x7c, 0x0c, 0x14, 0x8c, 0x8c, 0x04, 0x08, 0x84, 0x8c,
    0x0e, 0x10, 0x88, 0x8c, 0x0a, 0x16, 0x8a, 0x8c, 0x04, 0x18, 0x84, 0x8c, 0x08, 0x12, 0x88, 0x8c, 0x0c, 0x6a, 0x8c,
    0x8c, 0x0a, 0x06, 0xea, 0x8c, 0x19, 0x02, 0x87, 0xbf, 0x0b, 0x13, 0x06, 0x02, 0x08, 0x00, 0x01, 0xd5, 0x12, 0x29,
    0x32, 0x00, 0x04, 0x00, 0x87, 0xbf, 0x05, 0x00, 0x01, 0xd5, 0x0e, 0x2b, 0x22, 0x00, 0x00, 0x00, 0x01, 0xd5, 0x0c,
    0x05, 0x12, 0x00, 0x24, 0x01, 0xfe, 0xbe, 0x00, 0x01, 0x0c, 0xf4, 0x00, 0x00, 0x00, 0xf8, 0x00, 0x03, 0x0c, 0xf4,
    0x20, 0x00, 0x00, 0xf8, 0x00, 0x00, 0x44, 0xd6, 0x08, 0x01, 0xfe, 0x03, 0x00, 0x01, 0x04, 0x05, 0x07, 0x00, 0x44,
    0xd6, 0x05, 0x07, 0xfe, 0x03, 0x00, 0x01, 0x04, 0x05, 0x32, 0x02, 0x87, 0xbf, 0x00, 0x03, 0x02, 0x7e, 0x00, 0x03,
    0x04, 0x7e, 0x00, 0x03, 0x06, 0x7e, 0x07, 0x03, 0x10, 0x7e, 0x07, 0x03, 0x12, 0x7e, 0x07, 0x03, 0x14, 0x7e, 0x07,
    0xfc, 0x89, 0xbf, 0x85, 0x4f, 0x18, 0xf0, 0x04, 0x00, 0x01, 0x00, 0x06, 0x00, 0x00, 0x00, 0x85, 0x4f, 0x18, 0xf0,
    0x04, 0x07, 0x03, 0x00, 0x06, 0x00, 0x00, 0x00, 0x00, 0x00, 0x80, 0xbf, 0x03, 0x00, 0xb6, 0xbf, 0x00, 0x00, 0xb0,
    0xbf, 0x00, 0x00, 0x9f, 0xbf, 0x00, 0x00, 0x9f, 0xbf, 0x00, 0x00, 0x9f, 0xbf, 0x00, 0x00, 0x9f, 0xbf, 0x00, 0x00,
    0x9f, 0xbf, 0x00, 0x00, 0x9f, 0xbf, 0x00, 0x00, 0x9f, 0xbf, 0x00, 0x00, 0x9f, 0xbf, 0x00, 0x00, 0x9f, 0xbf, 0x00,
    0x00, 0x9f, 0xbf, 0x00, 0x00, 0x9f, 0xbf, 0x00, 0x00, 0x9f, 0xbf, 0x00, 0x00, 0x9f, 0xbf, 0x00, 0x00, 0x9f, 0xbf,
    0x00, 0x00, 0x9f, 0xbf, 0x00, 0x00, 0x9f, 0xbf, 0x00, 0x00, 0x9f, 0xbf, 0x00, 0x00, 0x9f, 0xbf, 0x00, 0x00, 0x9f,
    0xbf, 0x00, 0x00, 0x9f, 0xbf, 0x00, 0x00, 0x9f, 0xbf, 0x00, 0x00, 0x9f, 0xbf, 0x00, 0x00, 0x9f, 0xbf, 0x00, 0x00,
    0x9f, 0xbf, 0x00, 0x00, 0x9f, 0xbf, 0x00, 0x00, 0x9f, 0xbf, 0x00, 0x00, 0x9f, 0xbf, 0x00, 0x00, 0x9f, 0xbf, 0x00,
    0x00, 0x9f, 0xbf, 0x00, 0x00, 0x9f, 0xbf, 0x00, 0x00, 0x9f, 0xbf, 0x00, 0x00, 0x9f, 0xbf, 0x00, 0x00, 0x9f, 0xbf,
    0x00, 0x00, 0x9f, 0xbf, 0x00, 0x00, 0x9f, 0xbf, 0x00, 0x00, 0x9f, 0xbf, 0x00, 0x00, 0x9f, 0xbf, 0x00, 0x00, 0x9f,
    0xbf, 0x00, 0x00, 0x9f, 0xbf, 0x00, 0x00, 0x9f, 0xbf, 0x00, 0x00, 0x9f, 0xbf, 0x00, 0x00, 0x9f, 0xbf, 0x00, 0x00,
    0x9f, 0xbf, 0x00, 0x00, 0x9f, 0xbf, 0x00, 0x00, 0x9f, 0xbf, 0x00, 0x00, 0x9f, 0xbf, 0x00, 0x00, 0x9f, 0xbf, 0x00,
    0x00, 0x9f, 0xbf, 0x00, 0x00, 0x9f, 0xbf, 0x00, 0x00, 0x9f, 0xbf, 0x00, 0x00, 0x9f, 0xbf, 0x00, 0x00, 0x9f, 0xbf,
    0x00, 0x00, 0x9f, 0xbf, 0x00, 0x00, 0x9f, 0xbf, 0x00, 0x00, 0x9f, 0xbf, 0x00, 0x00, 0x9f, 0xbf, 0x00, 0x00, 0x9f,
    0xbf, 0x00, 0x00, 0x9f, 0xbf, 0x00, 0x00, 0x9f, 0xbf, 0x00, 0x00, 0x9f, 0xbf, 0x00, 0x00, 0x9f, 0xbf, 0x00, 0x00,
    0x9f, 0xbf, 0x00, 0x00, 0x9f, 0xbf, 0x00, 0x00, 0x9f, 0xbf, 0x00, 0x00, 0x00, 0x00, 0x00, 0x00, 0x10, 0x00, 0x00,
    0x00, 0x00, 0x00, 0xac, 0xdf, 0x03, 0x10, 0x47, 0x65, 0x6e, 0x65, 0x72, 0x61, 0x74, 0x65, 0x64, 0x20, 0x62, 0x79,
    0x20, 0x74, 0x68, 0x65, 0x20, 0x41, 0x64, 0x76, 0x61, 0x6e, 0x63, 0x65, 0x64, 0x20, 0x4d, 0x69, 0x63, 0x72, 0x6f,
    0x20, 0x44, 0x65, 0x76, 0x69, 0x63, 0x65, 0x73, 0x2c, 0x20, 0x49, 0x6e, 0x63, 0x2e, 0x2c, 0x20, 0x50, 0x72, 0x6f,
    0x70, 0x72, 0x69, 0x65, 0x74, 0x61, 0x72, 0x79, 0x20, 0x47, 0x50, 0x55, 0x20, 0x53, 0x68, 0x61, 0x64, 0x65, 0x72,
    0x20, 0x43, 0x6f, 0x6d, 0x70, 0x69, 0x6c, 0x65, 0x72, 0x2e, 0x00, 0x00, 0x5f, 0x61, 0x6d, 0x64, 0x67, 0x70, 0x75,
    0x5f, 0x63, 0x73, 0x5f, 0x6d, 0x61, 0x69, 0x6e, 0x00, 0x5f, 0x61, 0x6d, 0x64, 0x67, 0x70, 0x75, 0x5f, 0x63, 0x73,
    0x5f, 0x73, 0x68, 0x64, 0x72, 0x5f, 0x69, 0x6e, 0x74, 0x72, 0x6c, 0x5f, 0x74, 0x62, 0x6c, 0x00, 0x00, 0x00, 0x00,
    0x00, 0x00, 0x00, 0x00, 0x00, 0x00, 0x00, 0x00, 0x00, 0x00, 0x00, 0x00, 0x00, 0x00, 0x00, 0x00, 0x00, 0x00, 0x00,
    0x00, 0x00, 0x01, 0x00, 0x00, 0x00, 0x12, 0x00, 0x02, 0x00, 0x00, 0x00, 0x00, 0x00, 0x00, 0x00, 0x00, 0x00, 0x84,
    0x05, 0x00, 0x00, 0x00, 0x00, 0x00, 0x00, 0x11, 0x00, 0x00, 0x00, 0x11, 0x00, 0x03, 0x00, 0x00, 0x00, 0x00, 0x00,
    0x00, 0x00, 0x00, 0x00, 0x10, 0x00, 0x00, 0x00, 0x00, 0x00, 0x00, 0x00, 0x07, 0x00, 0x00, 0x00, 0x17, 0x04, 0x00,
    0x00, 0x20, 0x00, 0x00, 0x00, 0x41, 0x4d, 0x44, 0x47, 0x50, 0x55, 0x00, 0x00, 0x82, 0xae, 0x61, 0x6d, 0x64, 0x70,
    0x61, 0x6c, 0x2e, 0x76, 0x65, 0x72, 0x73, 0x69, 0x6f, 0x6e, 0x92, 0x03, 0x06, 0xb0, 0x61, 0x6d, 0x64, 0x70, 0x61,
    0x6c, 0x2e, 0x70, 0x69, 0x70, 0x65, 0x6c, 0x69, 0x6e, 0x65, 0x73, 0x91, 0x8b, 0xa5, 0x2e, 0x74, 0x79, 0x70, 0x65,
    0xa2, 0x43, 0x73, 0xae, 0x2e, 0x72, 0x65, 0x73, 0x6f, 0x75, 0x72, 0x63, 0x65, 0x5f, 0x68, 0x61, 0x73, 0x68, 0xcf,
    0x9e, 0xbd, 0xe0, 0x73, 0x00, 0x98, 0xf3, 0x1e, 0xb0, 0x2e, 0x73, 0x70, 0x69, 0x6c, 0x6c, 0x5f, 0x74, 0x68, 0x72,
    0x65, 0x73, 0x68, 0x6f, 0x6c, 0x64, 0xcd, 0xff, 0xff, 0xb0, 0x2e, 0x75, 0x73, 0x65, 0x72, 0x5f, 0x64, 0x61, 0x74,
    0x61, 0x5f, 0x6c, 0x69, 0x6d, 0x69, 0x74, 0x01, 0xa8, 0x2e, 0x73, 0x68, 0x61, 0x64, 0x65, 0x72, 0x73, 0x81, 0xa8,
    0x2e, 0x63, 0x6f, 0x6d, 0x70, 0x75, 0x74, 0x65, 0x83, 0xb0, 0x2e, 0x61, 0x70, 0x69, 0x5f, 0x73, 0x68, 0x61, 0x64,
    0x65, 0x72, 0x5f, 0x68, 0x61, 0x73, 0x68, 0x92, 0xcf, 0xf6, 0xce, 0xcd, 0x8e, 0xdc, 0x35, 0x82, 0xda, 0xcf, 0x58,
    0xef, 0x69, 0x13, 0xf5, 0xcc, 0x01, 0xd9, 0xb1, 0x2e, 0x68, 0x61, 0x72, 0x64, 0x77, 0x61, 0x72, 0x65, 0x5f, 0x6d,
    0x61, 0x70, 0x70, 0x69, 0x6e, 0x67, 0x91, 0xa3, 0x2e, 0x63, 0x73, 0xaf, 0x2e, 0x73, 0x68, 0x61, 0x64, 0x65, 0x72,
    0x5f, 0x73, 0x75, 0x62, 0x74, 0x79, 0x70, 0x65, 0xa7, 0x55, 0x6e, 0x6b, 0x6e, 0x6f, 0x77, 0x6e, 0xb0, 0x2e, 0x68,
    0x61, 0x72, 0x64, 0x77, 0x61, 0x72, 0x65, 0x5f, 0x73, 0x74, 0x61, 0x67, 0x65, 0x73, 0x81, 0xa3, 0x2e, 0x63, 0x73,
    0xde, 0x00, 0x1b, 0xb3, 0x2e, 0x65, 0x6e, 0x74, 0x72, 0x79, 0x5f, 0x70, 0x6f, 0x69, 0x6e, 0x74, 0x5f, 0x73, 0x79,
    0x6d, 0x62, 0x6f, 0x6c, 0xaf, 0x5f, 0x61, 0x6d, 0x64, 0x67, 0x70, 0x75, 0x5f, 0x63, 0x73, 0x5f, 0x6d, 0x61, 0x69,
    0x6e, 0xab, 0x2e, 0x73, 0x67, 0x70, 0x72, 0x5f, 0x63, 0x6f, 0x75, 0x6e, 0x74, 0x2e, 0xab, 0x2e, 0x76, 0x67, 0x70,
    0x72, 0x5f, 0x63, 0x6f, 0x75, 0x6e, 0x74, 0x18, 0xa9, 0x2e, 0x6c, 0x64, 0x73, 0x5f, 0x73, 0x69, 0x7a, 0x65, 0x00,
    0xb4, 0x2e, 0x73, 0x63, 0x72, 0x61, 0x74, 0x63, 0x68, 0x5f, 0x6d, 0x65, 0x6d, 0x6f, 0x72, 0x79, 0x5f, 0x73, 0x69,
    0x7a, 0x65, 0x00, 0xb4, 0x2e, 0x66, 0x72, 0x6f, 0x6e, 0x74, 0x65, 0x6e, 0x64, 0x5f, 0x73, 0x74, 0x61, 0x63, 0x6b,
    0x5f, 0x73, 0x69, 0x7a, 0x65, 0x00, 0xb3, 0x2e, 0x62, 0x61, 0x63, 0x6b, 0x65, 0x6e, 0x64, 0x5f, 0x73, 0x74, 0x61,
    0x63, 0x6b, 0x5f, 0x73, 0x69, 0x7a, 0x65, 0x00, 0xb6, 0x2e, 0x70, 0x65, 0x72, 0x66, 0x5f, 0x64, 0x61, 0x74, 0x61,
    0x5f, 0x62, 0x75, 0x66, 0x66, 0x65, 0x72, 0x5f, 0x73, 0x69, 0x7a, 0x65, 0x00, 0xaa, 0x2e, 0x75, 0x73, 0x65, 0x73,
    0x5f, 0x75, 0x61, 0x76, 0x73, 0xc3, 0xac, 0x2e, 0x77, 0x72, 0x69, 0x74, 0x65, 0x73, 0x5f, 0x75, 0x61, 0x76, 0x73,
    0xc3, 0xb4, 0x2e, 0x75, 0x73, 0x65, 0x73, 0x5f, 0x61, 0x70, 0x70, 0x65, 0x6e, 0x64, 0x5f, 0x63, 0x6f, 0x6e, 0x73,
    0x75, 0x6d, 0x65, 0xc2, 0xaf, 0x2e, 0x77, 0x61, 0x76, 0x65, 0x66, 0x72, 0x6f, 0x6e, 0x74, 0x5f, 0x73, 0x69, 0x7a,
    0x65, 0x40, 0xb2, 0x2e, 0x75, 0x73, 0x65, 0x72, 0x5f, 0x64, 0x61, 0x74, 0x61, 0x5f, 0x72, 0x65, 0x67, 0x5f, 0x6d,
    0x61, 0x70, 0xdc, 0x00, 0x20, 0xce, 0xff, 0xff, 0xff, 0xff, 0xce, 0xff, 0xff, 0xff, 0xff, 0x00, 0xce, 0xff, 0xff,
    0xff, 0xff, 0xce, 0xff, 0xff, 0xff, 0xff, 0xce, 0xff, 0xff, 0xff, 0xff, 0xce, 0xff, 0xff, 0xff, 0xff, 0xce, 0xff,
    0xff, 0xff, 0xff, 0xce, 0xff, 0xff, 0xff, 0xff, 0xce, 0xff, 0xff, 0xff, 0xff, 0xce, 0xff, 0xff, 0xff, 0xff, 0xce,
    0xff, 0xff, 0xff, 0xff, 0xce, 0xff, 0xff, 0xff, 0xff, 0xce, 0xff, 0xff, 0xff, 0xff, 0xce, 0xff, 0xff, 0xff, 0xff,
    0xce, 0xff, 0xff, 0xff, 0xff, 0xce, 0xff, 0xff, 0xff, 0xff, 0xce, 0xff, 0xff, 0xff, 0xff, 0xce, 0xff, 0xff, 0xff,
    0xff, 0xce, 0xff, 0xff, 0xff, 0xff, 0xce, 0xff, 0xff, 0xff, 0xff, 0xce, 0xff, 0xff, 0xff, 0xff, 0xce, 0xff, 0xff,
    0xff, 0xff, 0xce, 0xff, 0xff, 0xff, 0xff, 0xce, 0xff, 0xff, 0xff, 0xff, 0xce, 0xff, 0xff, 0xff, 0xff, 0xce, 0xff,
    0xff, 0xff, 0xff, 0xce, 0xff, 0xff, 0xff, 0xff, 0xce, 0xff, 0xff, 0xff, 0xff, 0xce, 0xff, 0xff, 0xff, 0xff, 0xce,
    0xff, 0xff, 0xff, 0xff, 0xce, 0xff, 0xff, 0xff, 0xff, 0xb7, 0x2e, 0x74, 0x68, 0x72, 0x65, 0x61, 0x64, 0x67, 0x72,
    0x6f, 0x75, 0x70, 0x5f, 0x64, 0x69, 0x6d, 0x65, 0x6e, 0x73, 0x69, 0x6f, 0x6e, 0x73, 0x93, 0x08, 0x08, 0x01, 0xab,
    0x2e, 0x66, 0x6c, 0x6f, 0x61, 0x74, 0x5f, 0x6d, 0x6f, 0x64, 0x65, 0xcc, 0xc0, 0xae, 0x2e, 0x66, 0x70, 0x31, 0x36,
    0x5f, 0x6f, 0x76, 0x65, 0x72, 0x66, 0x6c, 0x6f, 0x77, 0xc2, 0xaa, 0x2e, 0x69, 0x65, 0x65, 0x65, 0x5f, 0x6d, 0x6f,
    0x64, 0x65, 0xc2, 0xa9, 0x2e, 0x77, 0x67, 0x70, 0x5f, 0x6d, 0x6f, 0x64, 0x65, 0xc2, 0xac, 0x2e, 0x6d, 0x65, 0x6d,
    0x5f, 0x6f, 0x72, 0x64, 0x65, 0x72, 0x65, 0x64, 0xc2, 0xb1, 0x2e, 0x66, 0x6f, 0x72, 0x77, 0x61, 0x72, 0x64, 0x5f,
    0x70, 0x72, 0x6f, 0x67, 0x72, 0x65, 0x73, 0x73, 0xc2, 0xab, 0x2e, 0x75, 0x73, 0x65, 0x72, 0x5f, 0x73, 0x67, 0x70,
    0x72, 0x73, 0x03, 0xa8, 0x2e, 0x65, 0x78, 0x63, 0x70, 0x5f, 0x65, 0x6e, 0x00, 0xab, 0x2e, 0x73, 0x63, 0x72, 0x61,
    0x74, 0x63, 0x68, 0x5f, 0x65, 0x6e, 0xc2, 0xad, 0x2e, 0x74, 0x72, 0x61, 0x70, 0x5f, 0x70, 0x72, 0x65, 0x73, 0x65,
    0x6e, 0x74, 0xc2, 0xb0, 0x2e, 0x73, 0x68, 0x61, 0x72, 0x65, 0x64, 0x5f, 0x76, 0x67, 0x70, 0x72, 0x5f, 0x63, 0x6e,
    0x74, 0x00, 0xad, 0x2e, 0x77, 0x61, 0x76, 0x65, 0x73, 0x5f, 0x70, 0x65, 0x72, 0x5f, 0x73, 0x65, 0x00, 0xaf, 0x2e,
    0x63, 0x68, 0x65, 0x63, 0x6b, 0x73, 0x75, 0x6d, 0x5f, 0x76, 0x61, 0x6c, 0x75, 0x65, 0xce, 0x87, 0xd8, 0x27, 0x9e,
    0xaa, 0x2e, 0x72, 0x65, 0x67, 0x69, 0x73, 0x74, 0x65, 0x72, 0x73, 0x81, 0xcd, 0x2e, 0x42, 0x00, 0xa5, 0x2e, 0x6e,
    0x61, 0x6d, 0x65, 0xb5, 0x4d, 0x6c, 0x61, 0x61, 0x43, 0x61, 0x6c, 0x63, 0x53, 0x65, 0x70, 0x45, 0x64, 0x67, 0x65,
    0x4c, 0x65, 0x6e, 0x67, 0x74, 0x68, 0xb7, 0x2e, 0x69, 0x6e, 0x74, 0x65, 0x72, 0x6e, 0x61, 0x6c, 0x5f, 0x70, 0x69,
    0x70, 0x65, 0x6c, 0x69, 0x6e, 0x65, 0x5f, 0x68, 0x61, 0x73, 0x68, 0x92, 0xcf, 0xbf, 0xd3, 0x85, 0x98, 0x87, 0xd1,
    0x19, 0x25, 0xcf, 0xee, 0xdb, 0x5e, 0x71, 0xaf, 0x8f, 0xcc, 0x2e, 0xb2, 0x2e, 0x63, 0x6f, 0x6d, 0x70, 0x75, 0x74,
    0x65, 0x5f, 0x72, 0x65, 0x67, 0x69, 0x73, 0x74, 0x65, 0x72, 0x73, 0x85, 0xaf, 0x2e, 0x74, 0x69, 0x64, 0x69, 0x67,
    0x5f, 0x63, 0x6f, 0x6d, 0x70, 0x5f, 0x63, 0x6e, 0x74, 0x01, 0xaa, 0x2e, 0x74, 0x67, 0x69, 0x64, 0x5f, 0x78, 0x5f,
    0x65, 0x6e, 0xc3, 0xaa, 0x2e, 0x74, 0x67, 0x69, 0x64, 0x5f, 0x79, 0x5f, 0x65, 0x6e, 0xc3, 0xaa, 0x2e, 0x74, 0x67,
    0x69, 0x64, 0x5f, 0x7a, 0x5f, 0x65, 0x6e, 0xc2, 0xab, 0x2e, 0x74, 0x67, 0x5f, 0x73, 0x69, 0x7a, 0x65, 0x5f, 0x65,
    0x6e, 0xc2, 0xa4, 0x2e, 0x61, 0x70, 0x69, 0xa7, 0x73, 0x63, 0x70, 0x63, 0x42, 0x6c, 0x64, 0x00, 0x00, 0x00, 0x00,
    0x00, 0x00, 0x00, 0x00, 0x00, 0x00, 0x00, 0x00, 0x00, 0x00, 0x00, 0x00, 0x00, 0x00, 0x00, 0x00, 0x00, 0x00, 0x00,
    0x00, 0x00, 0x00, 0x00, 0x00, 0x00, 0x00, 0x00, 0x00, 0x00, 0x00, 0x00, 0x00, 0x00, 0x00, 0x00, 0x00, 0x00, 0x00,
    0x00, 0x00, 0x00, 0x00, 0x00, 0x00, 0x00, 0x00, 0x00, 0x00, 0x00, 0x00, 0x00, 0x00, 0x00, 0x00, 0x00, 0x00, 0x00,
    0x00, 0x00, 0x00, 0x00, 0x00, 0x00, 0x00, 0x01, 0x00, 0x00, 0x00, 0x03, 0x00, 0x00, 0x00, 0x00, 0x00, 0x00, 0x00,
    0x00, 0x00, 0x00, 0x00, 0x00, 0x00, 0x00, 0x00, 0x00, 0x00, 0x00, 0x00, 0x40, 0x00, 0x00, 0x00, 0x00, 0x00, 0x00,
    0x00, 0x36, 0x00, 0x00, 0x00, 0x00, 0x00, 0x00, 0x00, 0x00, 0x00, 0x00, 0x00, 0x00, 0x00, 0x00, 0x00, 0x00, 0x00,
    0x00, 0x00, 0x00, 0x00, 0x00, 0x00, 0x00, 0x00, 0x00, 0x00, 0x00, 0x00, 0x00, 0x00, 0x0b, 0x00, 0x00, 0x00, 0x01,
    0x00, 0x00, 0x00, 0x06, 0x00, 0x00, 0x00, 0x00, 0x00, 0x00, 0x00, 0x00, 0x00, 0x00, 0x00, 0x00, 0x00, 0x00, 0x00,
    0x76, 0x00, 0x00, 0x00, 0x00, 0x00, 0x00, 0x00, 0x84, 0x05, 0x00, 0x00, 0x00, 0x00, 0x00, 0x00, 0x00, 0x00, 0x00,
    0x00, 0x00, 0x00, 0x00, 0x00, 0x00, 0x01, 0x00, 0x00, 0x00, 0x00, 0x00, 0x00, 0x00, 0x00, 0x00, 0x00, 0x00, 0x00,
    0x00, 0x00, 0x11, 0x00, 0x00, 0x00, 0x01, 0x00, 0x00, 0x00, 0x03, 0x00, 0x00, 0x00, 0x00, 0x00, 0x00, 0x00, 0x00,
    0x00, 0x00, 0x00, 0x00, 0x00, 0x00, 0x00, 0xfa, 0x05, 0x00, 0x00, 0x00, 0x00, 0x00, 0x00, 0x10, 0x00, 0x00, 0x00,
    0x00, 0x00, 0x00, 0x00, 0x00, 0x00, 0x00, 0x00, 0x00, 0x00, 0x00, 0x00, 0x20, 0x00, 0x00, 0x00, 0x00, 0x00, 0x00,
    0x00, 0x00, 0x00, 0x00, 0x00, 0x00, 0x00, 0x00, 0x00, 0x17, 0x00, 0x00, 0x00, 0x01, 0x00, 0x00, 0x00, 0x00, 0x00,
    0x00, 0x00, 0x00, 0x00, 0x00, 0x00, 0x00, 0x00, 0x00, 0x00, 0x00, 0x00, 0x00, 0x00, 0x0a, 0x06, 0x00, 0x00, 0x00,
    0x00, 0x00, 0x00, 0x50, 0x00, 0x00, 0x00, 0x00, 0x00, 0x00, 0x00, 0x00, 0x00, 0x00, 0x00, 0x00, 0x00, 0x00, 0x00,
    0x00, 0x00, 0x00, 0x00, 0x00, 0x00, 0x00, 0x00, 0x00, 0x00, 0x00, 0x00, 0x00, 0x00, 0x00, 0x00, 0x20, 0x00, 0x00,
    0x00, 0x03, 0x00, 0x00, 0x00, 0x00, 0x00, 0x00, 0x00, 0x00, 0x00, 0x00, 0x00, 0x00, 0x00, 0x00, 0x00, 0x00, 0x00,
    0x00, 0x00, 0x5a, 0x06, 0x00, 0x00, 0x00, 0x00, 0x00, 0x00, 0x2b, 0x00, 0x00, 0x00, 0x00, 0x00, 0x00, 0x00, 0x00,
    0x00, 0x00, 0x00, 0x00, 0x00, 0x00, 0x00, 0x00, 0x00, 0x00, 0x00, 0x00, 0x00, 0x00, 0x00, 0x00, 0x00, 0x00, 0x00,
    0x00, 0x00, 0x00, 0x00, 0x28, 0x00, 0x00, 0x00, 0x02, 0x00, 0x00, 0x00, 0x00, 0x00, 0x00, 0x00, 0x00, 0x00, 0x00,
    0x00, 0x00, 0x00, 0x00, 0x00, 0x00, 0x00, 0x00, 0x00, 0x85, 0x06, 0x00, 0x00, 0x00, 0x00, 0x00, 0x00, 0x48, 0x00,
    0x00, 0x00, 0x00, 0x00, 0x00, 0x00, 0x05, 0x00, 0x00, 0x00, 0x00, 0x00, 0x00, 0x00, 0x00, 0x00, 0x00, 0x00, 0x00,
    0x00, 0x00, 0x00, 0x18, 0x00, 0x00, 0x00, 0x00, 0x00, 0x00, 0x00, 0x30, 0x00, 0x00, 0x00, 0x07, 0x00, 0x00, 0x00,
    0x00, 0x00, 0x00, 0x00, 0x00, 0x00, 0x00, 0x00, 0x00, 0x00, 0x00, 0x00, 0x00, 0x00, 0x00, 0x00, 0xcd, 0x06, 0x00,
    0x00, 0x00, 0x00, 0x00, 0x00, 0x2c, 0x04, 0x00, 0x00, 0x00, 0x00, 0x00, 0x00, 0x00, 0x00, 0x00, 0x00, 0x00, 0x00,
    0x00, 0x00, 0x00, 0x00, 0x00, 0x00, 0x00, 0x00, 0x00, 0x00, 0x00, 0x00, 0x00, 0x00, 0x00, 0x00, 0x00, 0x00,
};

// Mlaa Calc Sep Edge Length Fast compute shader binary
inline constexpr Util::uint8 MlaaCalcSepEdgeLengthFast_Cs_762C24EF[] =
{
    0x7f, 0x45, 0x4c, 0x46, 0x02, 0x01, 0x01, 0x41, 0x00, 0x00, 0x00, 0x00, 0x00, 0x00, 0x00, 0x00, 0x01, 0x00, 0xe0,
    0x00, 0x01, 0x00, 0x00, 0x00, 0x00, 0x00, 0x00, 0x00, 0x00, 0x00, 0x00, 0x00, 0x00, 0x00, 0x00, 0x00, 0x00, 0x00,
    0x00, 0x00, 0x30, 0x0d, 0x00, 0x00, 0x00, 0x00, 0x00, 0x00, 0x4a, 0x05, 0x00, 0x00, 0x40, 0x00, 0x00, 0x00, 0x00,
    0x00, 0x40, 0x00, 0x08, 0x00, 0x01, 0x00, 0x00, 0x2e, 0x73, 0x68, 0x73, 0x74, 0x72, 0x74, 0x61, 0x62, 0x00, 0x2e,
    0x74, 0x65, 0x78, 0x74, 0x00, 0x2e, 0x64, 0x61, 0x74, 0x61, 0x00, 0x2e, 0x63, 0x6f, 0x6d, 0x6d, 0x65, 0x6e, 0x74,
    0x00, 0x2e, 0x73, 0x74, 0x72, 0x74, 0x61, 0x62, 0x00, 0x2e, 0x73, 0x79, 0x6d, 0x74, 0x61, 0x62, 0x00, 0x2e, 0x6e,
    0x6f, 0x74, 0x65, 0x00, 0x06, 0x20, 0x80, 0xb0, 0x02, 0x00, 0xb5, 0xbf, 0x03, 0x00, 0xb5, 0xbf, 0x80, 0x47, 0x86,
    0xbe, 0x03, 0x00, 0x84, 0xbf, 0x02, 0x00, 0x80, 0xbe, 0x07, 0x00, 0x81, 0xbe, 0x80, 0x01, 0x04, 0xf4, 0x44, 0x00,
    0x00, 0xf8, 0xff, 0x00, 0x02, 0x36, 0xff, 0x03, 0x00, 0x00, 0x00, 0x00, 0x10, 0xd6, 0x00, 0x15, 0x29, 0x02, 0x12,
    0x01, 0x87, 0xbf, 0x04, 0x00, 0x46, 0xd6, 0x03, 0x06, 0x05, 0x04, 0x06, 0x00, 0x46, 0xd6, 0x04, 0x06, 0x01, 0x04,
    0x07, 0xfc, 0x89, 0xbf, 0x12, 0x01, 0x87, 0xbf, 0x02, 0x00, 0x4e, 0xd4, 0x06, 0x08, 0x02, 0x00, 0x07, 0x0c, 0x9c,
    0x7c, 0x02, 0x6a, 0xea, 0x8b, 0x09, 0x00, 0x87, 0xbf, 0x6a, 0x21, 0x82, 0xbe, 0x8e, 0x01, 0xa5, 0xbf, 0x00, 0x02,
    0x0c, 0xf4, 0x20, 0x00, 0x00, 0xf8, 0x06, 0x08, 0x00, 0x22, 0x07, 0x0c, 0x04, 0x22, 0x07, 0xfc, 0x89, 0xbf, 0x85,
    0x01, 0x00, 0xf0, 0x00, 0x00, 0x02, 0x00, 0x02, 0x00, 0x00, 0x00, 0xf7, 0x03, 0x89, 0xbf, 0x83, 0x00, 0x02, 0x36,
    0x7e, 0x01, 0x84, 0xbe, 0x01, 0x00, 0x87, 0xbf, 0x7e, 0x00, 0xcd, 0xd4, 0x01, 0x01, 0x01, 0x00, 0x63, 0x01, 0xa5,
    0xbf, 0xc1, 0x08, 0x02, 0x4a, 0x81, 0x08, 0x04, 0x4a, 0x81, 0x0c, 0x06, 0x4a, 0x93, 0x01, 0x87, 0xbf, 0x06, 0x02,
    0x02, 0x26, 0x06, 0x04, 0x04, 0x26, 0xc3, 0x01, 0x87, 0xbf, 0x07, 0x06, 0x06, 0x26, 0xc1, 0x0c, 0x0a, 0x4a, 0x07,
    0x0c, 0x0e, 0x26, 0x06, 0x08, 0x10, 0x26, 0x07, 0x0a, 0x14, 0x26, 0xc2, 0x08, 0x0a, 0x4a, 0x82, 0x08, 0x12, 0x4a,
    0x82, 0x0c, 0x16, 0x4a, 0x93, 0x01, 0x87, 0xbf, 0x06, 0x0a, 0x0a, 0x26, 0x06, 0x12, 0x12, 0x26, 0xa3, 0x00, 0x87,
    0xbf, 0x07, 0x16, 0x16, 0x26, 0xc2, 0x0c, 0x18, 0x4a, 0x07, 0x18, 0x1c, 0x26, 0xc3, 0x08, 0x18, 0x4a, 0x83, 0x08,
    0x1a, 0x4a, 0x83, 0x0c, 0x1e, 0x4a, 0x93, 0x01, 0x87, 0xbf, 0x06, 0x18, 0x18, 0x26, 0x06, 0x1a, 0x1a, 0x26, 0xa3,
    0x00, 0x87, 0xbf, 0x07, 0x1e, 0x1e, 0x26, 0xc3, 0x0c, 0x20, 0x4a, 0x07, 0x20, 0x24, 0x26, 0x0b, 0x00, 0x85, 0xbf,
    0x85, 0x01, 0x00, 0xf0, 0x01, 0x01, 0x02, 0x00, 0x07, 0x00, 0x00, 0x00, 0x85, 0x01, 0x00, 0xf0, 0x02, 0x02, 0x02,
    0x00, 0x07, 0x00, 0x00, 0x00, 0x85, 0x01, 0x00, 0xf0, 0x08, 0x03, 0x02, 0x00, 0x03, 0x00, 0x00, 0x00, 0x85, 0x01,
    0x00, 0xf0, 0x08, 0x0a, 0x02, 0x00, 0x0a, 0x00, 0x00, 0x00, 0x85, 0x01, 0x00, 0xf0, 0x05, 0x05, 0x02, 0x00, 0x07,
    0x00, 0x00, 0x00, 0x85, 0x01, 0x00, 0xf0, 0x09, 0x09, 0x02, 0x00, 0x07, 0x00, 0x00, 0x00, 0x85, 0x01, 0x00, 0xf0,
    0x08, 0x0b, 0x02, 0x00, 0x0b, 0x00, 0x00, 0x00, 0x85, 0x01, 0x00, 0xf0, 0x08, 0x0e, 0x02, 0x00, 0x0e, 0x00, 0x00,
    0x00, 0x85, 0x01, 0x00, 0xf0, 0x0c, 0x0c, 0x02, 0x00, 0x07, 0x00, 0x00, 0x00, 0x85, 0x01, 0x00, 0xf0, 0x0d, 0x0d,
    0x02, 0x00, 0x07, 0x00, 0x00, 0x00, 0x85, 0x01, 0x00, 0xf0, 0x08, 0x0f, 0x02, 0x00, 0x0f, 0x00, 0x00, 0x00, 0x85,
    0x01, 0x00, 0xf0, 0x08, 0x10, 0x02, 0x00, 0x12, 0x00, 0x00, 0x00, 0xc4, 0x08, 0x22, 0x4a, 0x84, 0x08, 0x24, 0x4a,
    0x84, 0x0c, 0x26, 0x4a, 0x93, 0x01, 0x87, 0xbf, 0x06, 0x22, 0x22, 0x26, 0x06, 0x24, 0x28, 0x26, 0xa3, 0x00, 0x87,
    0xbf, 0x07, 0x26, 0x24, 0x26, 0xc4, 0x0c, 0x26, 0x4a, 0x07, 0x26, 0x26, 0x26, 0xc5, 0x08, 0x2a, 0x4a, 0x85, 0x08,
    0x2c, 0x4a, 0x85, 0x0c, 0x2e, 0x4a, 0x93, 0x01, 0x87, 0xbf, 0x06, 0x2a, 0x2a, 0x26, 0x06, 0x2c, 0x30, 0x26, 0xa3,
    0x00, 0x87, 0xbf, 0x07, 0x2e, 0x2c, 0x26, 0xc5, 0x0c, 0x2e, 0x4a, 0x07, 0x2e, 0x2e, 0x26, 0xc6, 0x08, 0x32, 0x4a,
    0x86, 0x08, 0x34, 0x4a, 0x86, 0x0c, 0x36, 0x4a, 0x93, 0x01, 0x87, 0xbf, 0x06, 0x32, 0x32, 0x26, 0x06, 0x34, 0x38,
    0x26, 0xa3, 0x00, 0x87, 0xbf, 0x07, 0x36, 0x34, 0x26, 0xc6, 0x0c, 0x36, 0x4a, 0x07, 0x36, 0x36, 0x26, 0xc7, 0x08,
    0x3a, 0x4a, 0x87, 0x08, 0x3c, 0x4a, 0x87, 0x0c, 0x3e, 0x4a, 0x93, 0x01, 0x87, 0xbf, 0x06, 0x3a, 0x3a, 0x26, 0x06,
    0x3c, 0x40, 0x26, 0xa3, 0x00, 0x87, 0xbf, 0x07, 0x3e, 0x3c, 0x26, 0xc7, 0x0c, 0x3e, 0x4a, 0x07, 0x3e, 0x3e, 0x26,
    0x0f, 0x00, 0x85, 0xbf, 0x85, 0x01, 0x00, 0xf0, 0x11, 0x11, 0x02, 0x00, 0x07, 0x00, 0x00, 0x00, 0x85, 0x01, 0x00,
    0xf0, 0x14, 0x14, 0x02, 0x00, 0x07, 0x00, 0x00, 0x00, 0x85, 0x01, 0x00, 0xf0, 0x08, 0x12, 0x02, 0x00, 0x12, 0x00,
    0x00, 0x00, 0x85, 0x01, 0x00, 0xf0, 0x08, 0x13, 0x02, 0x00, 0x13, 0x00, 0x00, 0x00, 0x85, 0x01, 0x00, 0xf0, 0x15,
    0x15, 0x02, 0x00, 0x07, 0x00, 0x00, 0x00, 0x85, 0x01, 0x00, 0xf0, 0x18, 0x18, 0x02, 0x00, 0x07, 0x00, 0x00, 0x00,
    0x85, 0x01, 0x00, 0xf0, 0x08, 0x16, 0x02, 0x00, 0x16, 0x00, 0x00, 0x00, 0x85, 0x01, 0x00, 0xf0, 0x08, 0x17, 0x02,
    0x00, 0x17, 0x00, 0x00, 0x00, 0x85, 0x01, 0x00, 0xf0, 0x19, 0x19, 0x02, 0x00, 0x07, 0x00, 0x00, 0x00, 0x85, 0x01,
    0x00, 0xf0, 0x1c, 0x1c, 0x02, 0x00, 0x07, 0x00, 0x00, 0x00, 0x85, 0x01, 0x00, 0xf0, 0x08, 0x1a, 0x02, 0x00, 0x1a,
    0x00, 0x00, 0x00, 0x85, 0x01, 0x00, 0xf0, 0x08, 0x1b, 0x02, 0x00, 0x1b, 0x00, 0x00, 0x00, 0x85, 0x01, 0x00, 0xf0,
    0x1d, 0x1d, 0x02, 0x00, 0x07, 0x00, 0x00, 0x00, 0x85, 0x01, 0x00, 0xf0, 0x20, 0x07, 0x02, 0x00, 0x07, 0x00, 0x00,
    0x00, 0x85, 0x01, 0x00, 0xf0, 0x08, 0x1e, 0x02, 0x00, 0x1e, 0x00, 0x00, 0x00, 0x85, 0x01, 0x00, 0xf0, 0x08, 0x08,
    0x02, 0x00, 0x1f, 0x00, 0x00, 0x00, 0x02, 0x00, 0xb5, 0xbf, 0x81, 0x00, 0x3e, 0x36, 0x82, 0x00, 0x00, 0x36, 0xa2,
    0x01, 0x87, 0xbf, 0x80, 0x3e, 0x8a, 0x7c, 0x1f, 0x00, 0x01, 0xd5, 0x80, 0x10, 0xa9, 0x01, 0x06, 0x00, 0x45, 0xd4,
    0x00, 0x01, 0x01, 0x00, 0x00, 0x00, 0x01, 0xd5, 0x80, 0x10, 0x19, 0x00, 0xf7, 0x6f, 0x89, 0xbf, 0x80, 0x02, 0x02,
    0x02, 0xf7, 0x6b, 0x89, 0xbf, 0x80, 0x04, 0x04, 0x02, 0xf7, 0x67, 0x89, 0xbf, 0x03, 0x00, 0x01, 0xd5, 0x80, 0x06,
    0x1a, 0x00, 0x93, 0x01, 0x87, 0xbf, 0x81, 0x02, 0x44, 0x36, 0x81, 0x04, 0x04, 0x36, 0xb3, 0x00, 0x87, 0xbf, 0x82,
    0x06, 0x02, 0x36, 0xf7, 0x63, 0x89, 0xbf, 0x03, 0x00, 0x01, 0xd5, 0x80, 0x14, 0x1a, 0x00, 0x82, 0x06, 0x40, 0x36,
    0x80, 0x44, 0x84, 0x7c, 0x81, 0x3e, 0x42, 0x02, 0x80, 0x04, 0x84, 0x7c, 0x81, 0x3e, 0x06, 0x02, 0x80, 0x02, 0x84,
    0x7c, 0x81, 0x00, 0x14, 0x02, 0x80, 0x40, 0x84, 0x7c, 0x81, 0x00, 0x46, 0x02, 0xf7, 0x5f, 0x89, 0xbf, 0x22, 0x0b,
    0x44, 0x36, 0xf7, 0x5b, 0x89, 0xbf, 0x02, 0x13, 0x04, 0x36, 0xf7, 0x57, 0x89, 0xbf, 0x01, 0x17, 0x02, 0x36, 0xf7,
    0x53, 0x89, 0xbf, 0x20, 0x1d, 0x16, 0x36, 0x81, 0x42, 0x0a, 0x4a, 0x1f, 0x43, 0x1c, 0x38, 0x80, 0x44, 0x8a, 0x7c,
    0x81, 0x06, 0x12, 0x4a, 0xc3, 0x01, 0x87, 0xbf, 0x0e, 0x0b, 0x0a, 0x02, 0x1f, 0x07, 0x06, 0x38, 0x80, 0x04, 0x8a,
    0x7c, 0x81, 0x14, 0x1c, 0x4a, 0x03, 0x13, 0x12, 0x02, 0x00, 0x15, 0x40, 0x38, 0x80, 0x02, 0x8a, 0x7c, 0x81, 0x46,
    0x06, 0x4a, 0x33, 0x01, 0x87, 0xbf, 0x20, 0x1d, 0x14, 0x02, 0x00, 0x47, 0x40, 0x38, 0x80, 0x16, 0x8a, 0x7c, 0x20,
    0x07, 0x06, 0x02, 0xf7, 0x4f, 0x89, 0xbf, 0x22, 0x19, 0x1c, 0x36, 0xf7, 0x4b, 0x89, 0xbf, 0x02, 0x1b, 0x04, 0x36,
    0xf7, 0x47, 0x89, 0xbf, 0x01, 0x1f, 0x02, 0x36, 0xf7, 0x43, 0x89, 0xbf, 0x0b, 0x21, 0x18, 0x36, 0x81, 0x0a, 0x16,
    0x4a, 0x1f, 0x0b, 0x0a, 0x38, 0x80, 0x1c, 0x8a, 0x7c, 0x81, 0x12, 0x1a, 0x4a, 0xc3, 0x01, 0x87, 0xbf, 0x05, 0x17,
    0x0a, 0x02, 0x1f, 0x13, 0x16, 0x38, 0x80, 0x04, 0x8a, 0x7c, 0x81, 0x14, 0x12, 0x4a, 0x0b, 0x1b, 0x1a, 0x02, 0x00,
    0x15, 0x14, 0x38, 0x80, 0x02, 0x8a, 0x7c, 0x81, 0x06, 0x16, 0x4a, 0x33, 0x01, 0x87, 0xbf, 0x0a, 0x13, 0x14, 0x02,
    0x00, 0x07, 0x12, 0x38, 0x80, 0x18, 0x8a, 0x7c, 0x09, 0x17, 0x06, 0x02, 0xf7, 0x3f, 0x89, 0xbf, 0x0e, 0x23, 0x16,
    0x36, 0xf7, 0x3b, 0x89, 0xbf, 0x02, 0x29, 0x04, 0x36, 0xf7, 0x37, 0x89, 0xbf, 0x01, 0x25, 0x02, 0x36, 0xf7, 0x33,
    0x89, 0xbf, 0x0c, 0x27, 0x12, 0x36, 0x81, 0x0a, 0x18, 0x4a, 0x1f, 0x0b, 0x1c, 0x38, 0x80, 0x16, 0x8a, 0x7c, 0x81,
    0x1a, 0x0a, 0x4a, 0xc3, 0x01, 0x87, 0xbf, 0x0e, 0x19, 0x18, 0x02, 0x1f, 0x1b, 0x1c, 0x38, 0x80, 0x04, 0x8a, 0x7c,
    0x81, 0x14, 0x1a, 0x4a, 0x0e, 0x0b, 0x0a, 0x02, 0x00, 0x15, 0x14, 0x38, 0x80, 0x02, 0x8a, 0x7c, 0x81, 0x06, 0x1c,
    0x4a, 0x33, 0x01, 0x87, 0xbf, 0x0a, 0x1b, 0x14, 0x02, 0x00, 0x07, 0x1a, 0x38, 0x80, 0x12, 0x8a, 0x7c, 0x0d, 0x1d,
    0x06, 0x02, 0xf7, 0x2f, 0x89, 0xbf, 0x0b, 0x2b, 0x16, 0x36, 0xf7, 0x2b, 0x89, 0xbf, 0x02, 0x31, 0x04, 0x36, 0xf7,
    0x27, 0x89, 0xbf, 0x01, 0x2d, 0x02, 0x36, 0xf7, 0x23, 0x89, 0xbf, 0x09, 0x2f, 0x12, 0x36, 0x81, 0x18, 0x1a, 0x4a,
    0x1f, 0x19, 0x1c, 0x38, 0x80, 0x16, 0x8a, 0x7c, 0x81, 0x0a, 0x18, 0x4a, 0xc3, 0x01, 0x87, 0xbf, 0x0e, 0x1b, 0x1a,
    0x02, 0x1f, 0x0b, 0x1c, 0x38, 0x80, 0x04, 0x8a, 0x7c, 0x81, 0x14, 0x0a, 0x4a, 0x0e, 0x19, 0x18, 0x02, 0x00, 0x15,
    0x14, 0x38, 0x80, 0x02, 0x8a, 0x7c, 0x81, 0x06, 0x1c, 0x4a, 0x33, 0x01, 0x87, 0xbf, 0x0a, 0x0b, 0x14, 0x02, 0x00,
    0x07, 0x0a, 0x38, 0x80, 0x12, 0x8a, 0x7c, 0x05, 0x1d, 0x06, 0x02, 0xf7, 0x1f, 0x89, 0xbf, 0x0b, 0x33, 0x16, 0x36,
    0xf7, 0x1b, 0x89, 0xbf, 0x02, 0x39, 0x0a, 0x36, 0xf7, 0x17, 0x89, 0xbf, 0x01, 0x35, 0x02, 0x36, 0xf7, 0x13, 0x89,
    0xbf, 0x09, 0x37, 0x04, 0x36, 0x81, 0x1a, 0x12, 0x4a, 0x1f, 0x1b, 0x1c, 0x38, 0x80, 0x16, 0x8a, 0x7c, 0x81, 0x18,
    0x1a, 0x4a, 0xc3, 0x01, 0x87, 0xbf, 0x0e, 0x13, 0x12, 0x02, 0x1f, 0x19, 0x1c, 0x38, 0x80, 0x0a, 0x8a, 0x7c, 0x81,
    0x14, 0x18, 0x4a, 0x0e, 0x1b, 0x1a, 0x02, 0x00, 0x15, 0x14, 0x38, 0x80, 0x02, 0x8a, 0x7c, 0x81, 0x06, 0x1c, 0x4a,
    0x33, 0x01, 0x87, 0xbf, 0x0a, 0x19, 0x14, 0x02, 0x00, 0x07, 0x18, 0x38, 0x80, 0x04, 0x8a, 0x7c, 0x0c, 0x1d, 0x06,
    0x02, 0xf7, 0x0f, 0x89, 0xbf, 0x0b, 0x3b, 0x16, 0x36, 0xf7, 0x0b, 0x89, 0xbf, 0x05, 0x0f, 0x0a, 0x36, 0xf7, 0x07,
    0x89, 0xbf, 0x01, 0x3d, 0x02, 0x36, 0x93, 0x01, 0x87, 0xbf, 0x06, 0x00, 0x45, 0xd4, 0x0b, 0x01, 0x01, 0x00, 0x08,
    0x00, 0x45, 0xd4, 0x05, 0x01, 0x01, 0x00, 0xd3, 0x01, 0x87, 0xbf, 0x80, 0x02, 0x8a, 0x7c, 0x00, 0x15, 0x02, 0x38,
    0x81, 0x14, 0x0e, 0x4a, 0x1f, 0x1b, 0x0a, 0x38, 0x81, 0x1a, 0x14, 0x4a, 0x01, 0x0f, 0x02, 0x02, 0x1f, 0x13, 0x0e,
    0x38, 0xd3, 0x01, 0x87, 0xbf, 0x05, 0x00, 0x01, 0xd5, 0x05, 0x15, 0x22, 0x00, 0x81, 0x12, 0x12, 0x4a, 0xf7, 0x03,
    0x89, 0xbf, 0x02, 0x11, 0x04, 0x36, 0x81, 0x06, 0x10, 0x4a, 0x07, 0x00, 0x01, 0xd5, 0x07, 0x13, 0x1a, 0x00, 0xa3,
    0x00, 0x87, 0xbf, 0x80, 0x04, 0x8a, 0x7c, 0x00, 0x07, 0x04, 0x38, 0x02, 0x11, 0x06, 0x02, 0x02, 0x00, 0xb5, 0xbf,
    0x04, 0x7e, 0xfe, 0x91, 0x80, 0x02, 0x0e, 0x7e, 0x80, 0x02, 0x02, 0x7e, 0x80, 0x02, 0x0a, 0x7e, 0x80, 0x02, 0x06,
    0x7e, 0x04, 0x01, 0xfe, 0xbe, 0x00, 0x01, 0x0c, 0xf4, 0x00, 0x00, 0x00, 0xf8, 0x84, 0x0e, 0x00, 0x30, 0x84, 0x02,
    0x02, 0x30, 0x12, 0x01, 0x87, 0xbf, 0xff, 0x00, 0x00, 0x36, 0xf0, 0x00, 0x00, 0x00, 0xff, 0x02, 0x02, 0x36, 0xf0,
    0x00, 0x00, 0x00, 0x12, 0x01, 0x87, 0xbf, 0x00, 0x00, 0x12, 0xd6, 0x8f, 0x0a, 0x02, 0x04, 0x01, 0x00, 0x12, 0xd6,
    0x8f, 0x06, 0x06, 0x04, 0x02, 0x00, 0x87, 0xbf, 0x00, 0x03, 0x04, 0x7e, 0x00, 0x03, 0x06, 0x7e, 0x07, 0xfc, 0x89,
    0xbf, 0x85, 0x4f, 0x18, 0xf0, 0x04, 0x00, 0x01, 0x00, 0x06, 0x00, 0x00, 0x00, 0x02, 0x00, 0xb5, 0xbf, 0x00, 0x00,
    0x80, 0xbf, 0x03, 0x00, 0xb6, 0xbf, 0x00, 0x00, 0xb0, 0xbf, 0x00, 0x00, 0x9f, 0xbf, 0x00, 0x00, 0x9f, 0xbf, 0x00,
    0x00, 0x9f, 0xbf, 0x00, 0x00, 0x9f, 0xbf, 0x00, 0x00, 0x9f, 0xbf, 0x00, 0x00, 0x9f, 0xbf, 0x00, 0x00, 0x9f, 0xbf,
    0x00, 0x00, 0x9f, 0xbf, 0x00, 0x00, 0x9f, 0xbf, 0x00, 0x00, 0x9f, 0xbf, 0x00, 0x00, 0x9f, 0xbf, 0x00, 0x00, 0x9f,
    0xbf, 0x00, 0x00, 0x9f, 0xbf, 0x00, 0x00, 0x9f, 0xbf, 0x00, 0x00, 0x9f, 0xbf, 0x00, 0x00, 0x9f, 0xbf, 0x00, 0x00,
    0x9f, 0xbf, 0x00, 0x00, 0x9f, 0xbf, 0x00, 0x00, 0x9f, 0xbf, 0x00, 0x00, 0x9f, 0xbf, 0x00, 0x00, 0x9f, 0xbf, 0x00,
    0x00, 0x9f, 0xbf, 0x00, 0x00, 0x9f, 0xbf, 0x00, 0x00, 0x9f, 0xbf, 0x00, 0x00, 0x9f, 0xbf, 0x00, 0x00, 0x9f, 0xbf,
    0x00, 0x00, 0x9f, 0xbf, 0x00, 0x00, 0x9f, 0xbf, 0x00, 0x00, 0x9f, 0xbf, 0x00, 0x00, 0x9f, 0xbf, 0x00, 0x00, 0x9f,
    0xbf, 0x00, 0x00, 0x9f, 0xbf, 0x00, 0x00, 0x9f, 0xbf, 0x00, 0x00, 0x9f, 0xbf, 0x00, 0x00, 0x9f, 0xbf, 0x00, 0x00,
    0x9f, 0xbf, 0x00, 0x00, 0x9f, 0xbf, 0x00, 0x00, 0x9f, 0xbf, 0x00, 0x00, 0x9f, 0xbf, 0x00, 0x00, 0x9f, 0xbf, 0x00,
    0x00, 0x9f, 0xbf, 0x00, 0x00, 0x9f, 0xbf, 0x00, 0x00, 0x9f, 0xbf, 0x00, 0x00, 0x9f, 0xbf, 0x00, 0x00, 0x9f, 0xbf,
    0x00, 0x00, 0x9f, 0xbf, 0x00, 0x00, 0x9f, 0xbf, 0x00, 0x00, 0x9f, 0xbf, 0x00, 0x00, 0x9f, 0xbf, 0x00, 0x00, 0x9f,
    0xbf, 0x00, 0x00, 0x9f, 0xbf, 0x00, 0x00, 0x9f, 0xbf, 0x00, 0x00, 0x9f, 0xbf, 0x00, 0x00, 0x9f, 0xbf, 0x00, 0x00,
    0x9f, 0xbf, 0x00, 0x00, 0x9f, 0xbf, 0x00, 0x00, 0x9f, 0xbf, 0x00, 0x00, 0x9f, 0xbf, 0x00, 0x00, 0x9f, 0xbf, 0x00,
    0x00, 0x9f, 0xbf, 0x00, 0x00, 0x9f, 0xbf, 0x00, 0x00, 0x9f, 0xbf, 0x00, 0x00, 0x9f, 0xbf, 0x00, 0x00, 0x9f, 0xbf,
    0x00, 0x00, 0x00, 0x00, 0x00, 0x00, 0x10, 0x00, 0x00, 0x00, 0x00, 0x00, 0xac, 0xdf, 0x03, 0x10, 0x47, 0x65, 0x6e,
    0x65, 0x72, 0x61, 0x74, 0x65, 0x64, 0x20, 0x62, 0x79, 0x20, 0x74, 0x68, 0x65, 0x20, 0x41, 0x64, 0x76, 0x61, 0x6e,
    0x63, 0x65, 0x64, 0x20, 0x4d, 0x69, 0x63, 0x72, 0x6f, 0x20, 0x44, 0x65, 0x76, 0x69, 0x63, 0x65, 0x73, 0x2c, 0x20,
    0x49, 0x6e, 0x63, 0x2e, 0x2c, 0x20, 0x50, 0x72, 0x6f, 0x70, 0x72, 0x69, 0x65, 0x74, 0x61, 0x72, 0x79, 0x20, 0x47,
    0x50, 0x55, 0x20, 0x53, 0x68, 0x61, 0x64, 0x65, 0x72, 0x20, 0x43, 0x6f, 0x6d, 0x70, 0x69, 0x6c, 0x65, 0x72, 0x2e,
    0x00, 0x00, 0x5f, 0x61, 0x6d, 0x64, 0x67, 0x70, 0x75, 0x5f, 0x63, 0x73, 0x5f, 0x6d, 0x61, 0x69, 0x6e, 0x00, 0x5f,
    0x61, 0x6d, 0x64, 0x67, 0x70, 0x75, 0x5f, 0x63, 0x73, 0x5f, 0x73, 0x68, 0x64, 0x72, 0x5f, 0x69, 0x6e, 0x74, 0x72,
    0x6c, 0x5f, 0x74, 0x62, 0x6c, 0x00, 0x00, 0x00, 0x00, 0x00, 0x00, 0x00, 0x00, 0x00, 0x00, 0x00, 0x00, 0x00, 0x00,
    0x00, 0x00, 0x00, 0x00, 0x00, 0x00, 0x00, 0x00, 0x00, 0x00, 0x00, 0x01, 0x00, 0x00, 0x00, 0x12, 0x00, 0x02, 0x00,
    0x00, 0x00, 0x00, 0x00, 0x00, 0x00, 0x00, 0x00, 0xb4, 0x07, 0x00, 0x00, 0x00, 0x00, 0x00, 0x00, 0x11, 0x00, 0x00,
    0x00, 0x11, 0x00, 0x03, 0x00, 0x00, 0x00, 0x00, 0x00, 0x00, 0x00, 0x00, 0x00, 0x10, 0x00, 0x00, 0x00, 0x00, 0x00,
    0x00, 0x00, 0x07, 0x00, 0x00, 0x00, 0x1b, 0x04, 0x00, 0x00, 0x20, 0x00, 0x00, 0x00, 0x41, 0x4d, 0x44, 0x47, 0x50,
    0x55, 0x00, 0x00, 0x82, 0xae, 0x61, 0x6d, 0x64, 0x70, 0x61, 0x6c, 0x2e, 0x76, 0x65, 0x72, 0x73, 0x69, 0x6f, 0x6e,
    0x92, 0x03, 0x06, 0xb0, 0x61, 0x6d, 0x64, 0x70, 0x61, 0x6c, 0x2e, 0x70, 0x69, 0x70, 0x65, 0x6c, 0x69, 0x6e, 0x65,
    0x73, 0x91, 0x8b, 0xa5, 0x2e, 0x74, 0x79, 0x70, 0x65, 0xa2, 0x43, 0x73, 0xae, 0x2e, 0x72, 0x65, 0x73, 0x6f, 0x75,
    0x72, 0x63, 0x65, 0x5f, 0x68, 0x61, 0x73, 0x68, 0xcf, 0x9d, 0xab, 0x92, 0x5d, 0x0a, 0x7a, 0xaf, 0x2a, 0xb0, 0x2e,
    0x73, 0x70, 0x69, 0x6c, 0x6c, 0x5f, 0x74, 0x68, 0x72, 0x65, 0x73, 0x68, 0x6f, 0x6c, 0x64, 0xcd, 0xff, 0xff, 0xb0,
    0x2e, 0x75, 0x73, 0x65, 0x72, 0x5f, 0x64, 0x61, 0x74, 0x61, 0x5f, 0x6c, 0x69, 0x6d, 0x69, 0x74, 0x01, 0xa8, 0x2e,
    0x73, 0x68, 0x61, 0x64, 0x65, 0x72, 0x73, 0x81, 0xa8, 0x2e, 0x63, 0x6f, 0x6d, 0x70, 0x75, 0x74, 0x65, 0x83, 0xb0,
    0x2e, 0x61, 0x70, 0x69, 0x5f, 0x73, 0x68, 0x61, 0x64, 0x65, 0x72, 0x5f, 0x68, 0x61, 0x73, 0x68, 0x92, 0xcf, 0x95,
    0xb6, 0x6b, 0x13, 0x8c, 0x92, 0x44, 0x07, 0xcf, 0x52, 0x9c, 0xf7, 0xb6, 0x34, 0x11, 0xbb, 0x10, 0xb1, 0x2e, 0x68,
    0x61, 0x72, 0x64, 0x77, 0x61, 0x72, 0x65, 0x5f, 0x6d, 0x61, 0x70, 0x70, 0x69, 0x6e, 0x67, 0x91, 0xa3, 0x2e, 0x63,
    0x73, 0xaf, 0x2e, 0x73, 0x68, 0x61, 0x64, 0x65, 0x72, 0x5f, 0x73, 0x75, 0x62, 0x74, 0x79, 0x70, 0x65, 0xa7, 0x55,
    0x6e, 0x6b, 0x6e, 0x6f, 0x77, 0x6e, 0xb0, 0x2e, 0x68, 0x61, 0x72, 0x64, 0x77, 0x61, 0x72, 0x65, 0x5f, 0x73, 0x74,
    0x61, 0x67, 0x65, 0x73, 0x81, 0xa3, 0x2e, 0x63, 0x73, 0xde, 0x00, 0x1b, 0xb3, 0x2e, 0x65, 0x6e, 0x74, 0x72, 0x79,
    0x5f, 0x70, 0x6f, 0x69, 0x6e, 0x74, 0x5f, 0x73, 0x79, 0x6d, 0x62, 0x6f, 0x6c, 0xaf, 0x5f, 0x61, 0x6d, 0x64, 0x67,
    0x70, 0x75, 0x5f, 0x63, 0x73, 0x5f, 0x6d, 0x61, 0x69, 0x6e, 0xab, 0x2e, 0x73, 0x67, 0x70, 0x72, 0x5f, 0x63, 0x6f,
    0x75, 0x6e, 0x74, 0x10, 0xab, 0x2e, 0x76, 0x67, 0x70, 0x72, 0x5f, 0x63, 0x6f, 0x75, 0x6e, 0x74, 0x24, 0xa9, 0x2e,
    0x6c, 0x64, 0x73, 0x5f, 0x73, 0x69, 0x7a, 0x65, 0x00, 0xb4, 0x2e, 0x73, 0x63, 0x72, 0x61, 0x74, 0x63, 0x68, 0x5f,
    0x6d, 0x65, 0x6d, 0x6f, 0x72, 0x79, 0x5f, 0x73, 0x69, 0x7a, 0x65, 0x00, 0xb4, 0x2e, 0x66, 0x72, 0x6f, 0x6e, 0x74,
    0x65, 0x6e, 0x64, 0x5f, 0x73, 0x74, 0x61, 0x63, 0x6b, 0x5f, 0x73, 0x69, 0x7a, 0x65, 0x00, 0xb3, 0x2e, 0x62, 0x61,
    0x63, 0x6b, 0x65, 0x6e, 0x64, 0x5f, 0x73, 0x74, 0x61, 0x63, 0x6b, 0x5f, 0x73, 0x69, 0x7a, 0x65, 0x00, 0xb6, 0x2e,
    0x70, 0x65, 0x72, 0x66, 0x5f, 0x64, 0x61, 0x74, 0x61, 0x5f, 0x62, 0x75, 0x66, 0x66, 0x65, 0x72, 0x5f, 0x73, 0x69,
    0x7a, 0x65, 0x00, 0xaa, 0x2e, 0x75, 0x73, 0x65, 0x73, 0x5f, 0x75, 0x61, 0x76, 0x73, 0xc3, 0xac, 0x2e, 0x77, 0x72,
    0x69, 0x74, 0x65, 0x73, 0x5f, 0x75, 0x61, 0x76, 0x73, 0xc3, 0xb4, 0x2e, 0x75, 0x73, 0x65, 0x73, 0x5f, 0x61, 0x70,
    0x70, 0x65, 0x6e, 0x64, 0x5f, 0x63, 0x6f, 0x6e, 0x73, 0x75, 0x6d, 0x65, 0xc2, 0xaf, 0x2e, 0x77, 0x61, 0x76, 0x65,
    0x66, 0x72, 0x6f, 0x6e, 0x74, 0x5f, 0x73, 0x69, 0x7a, 0x65, 0x40, 0xb2, 0x2e, 0x75, 0x73, 0x65, 0x72, 0x5f, 0x64,
    0x61, 0x74, 0x61, 0x5f, 0x72, 0x65, 0x67, 0x5f, 0x6d, 0x61, 0x70, 0xdc, 0x00, 0x20, 0xce, 0xff, 0xff, 0xff, 0xff,
    0xce, 0xff, 0xff, 0xff, 0xff, 0x00, 0xce, 0xff, 0xff, 0xff, 0xff, 0xce, 0xff, 0xff, 0xff, 0xff, 0xce, 0xff, 0xff,
    0xff, 0xff, 0xce, 0xff, 0xff, 0xff, 0xff, 0xce, 0xff, 0xff, 0xff, 0xff, 0xce, 0xff, 0xff, 0xff, 0xff, 0xce, 0xff,
    0xff, 0xff, 0xff, 0xce, 0xff, 0xff, 0xff, 0xff, 0xce, 0xff, 0xff, 0xff, 0xff, 0xce, 0xff, 0xff, 0xff, 0xff, 0xce,
    0xff, 0xff, 0xff, 0xff, 0xce, 0xff, 0xff, 0xff, 0xff, 0xce, 0xff, 0xff, 0xff, 0xff, 0xce, 0xff, 0xff, 0xff, 0xff,
    0xce, 0xff, 0xff, 0xff, 0xff, 0xce, 0xff, 0xff, 0xff, 0xff, 0xce, 0xff, 0xff, 0xff, 0xff, 0xce, 0xff, 0xff, 0xff,
    0xff, 0xce, 0xff, 0xff, 0xff, 0xff, 0xce, 0xff, 0xff, 0xff, 0xff, 0xce, 0xff, 0xff, 0xff, 0xff, 0xce, 0xff, 0xff,
    0xff, 0xff, 0xce, 0xff, 0xff, 0xff, 0xff, 0xce, 0xff, 0xff, 0xff, 0xff, 0xce, 0xff, 0xff, 0xff, 0xff, 0xce, 0xff,
    0xff, 0xff, 0xff, 0xce, 0xff, 0xff, 0xff, 0xff, 0xce, 0xff, 0xff, 0xff, 0xff, 0xce, 0xff, 0xff, 0xff, 0xff, 0xb7,
    0x2e, 0x74, 0x68, 0x72, 0x65, 0x61, 0x64, 0x67, 0x72, 0x6f, 0x75, 0x70, 0x5f, 0x64, 0x69, 0x6d, 0x65, 0x6e, 0x73,
    0x69, 0x6f, 0x6e, 0x73, 0x93, 0x08, 0x08, 0x01, 0xab, 0x2e, 0x66, 0x6c, 0x6f, 0x61, 0x74, 0x5f, 0x6d, 0x6f, 0x64,
    0x65, 0xcc, 0xc0, 0xae, 0x2e, 0x66, 0x70, 0x31, 0x36, 0x5f, 0x6f, 0x76, 0x65, 0x72, 0x66, 0x6c, 0x6f, 0x77, 0xc2,
    0xaa, 0x2e, 0x69, 0x65, 0x65, 0x65, 0x5f, 0x6d, 0x6f, 0x64, 0x65, 0xc2, 0xa9, 0x2e, 0x77, 0x67, 0x70, 0x5f, 0x6d,
    0x6f, 0x64, 0x65, 0xc2, 0xac, 0x2e, 0x6d, 0x65, 0x6d, 0x5f, 0x6f, 0x72, 0x64, 0x65, 0x72, 0x65, 0x64, 0xc2, 0xb1,
    0x2e, 0x66, 0x6f, 0x72, 0x77, 0x61, 0x72, 0x64, 0x5f, 0x70, 0x72, 0x6f, 0x67, 0x72, 0x65, 0x73, 0x73, 0xc2, 0xab,
    0x2e, 0x75, 0x73, 0x65, 0x72, 0x5f, 0x73, 0x67, 0x70, 0x72, 0x73, 0x03, 0xa8, 0x2e, 0x65, 0x78, 0x63, 0x70, 0x5f,
    0x65, 0x6e, 0x00, 0xab, 0x2e, 0x73, 0x63, 0x72, 0x61, 0x74, 0x63, 0x68, 0x5f, 0x65, 0x6e, 0xc2, 0xad, 0x2e, 0x74,
    0x72, 0x61, 0x70, 0x5f, 0x70, 0x72, 0x65, 0x73, 0x65, 0x6e, 0x74, 0xc2, 0xb0, 0x2e, 0x73, 0x68, 0x61, 0x72, 0x65,
    0x64, 0x5f, 0x76, 0x67, 0x70, 0x72, 0x5f, 0x63, 0x6e, 0x74, 0x00, 0xad, 0x2e, 0x77, 0x61, 0x76, 0x65, 0x73, 0x5f,
    0x70, 0x65, 0x72, 0x5f, 0x73, 0x65, 0x00, 0xaf, 0x2e, 0x63, 0x68, 0x65, 0x63, 0x6b, 0x73, 0x75, 0x6d, 0x5f, 0x76,
    0x61, 0x6c, 0x75, 0x65, 0xce, 0x7f, 0xa9, 0x63, 0xb2, 0xaa, 0x2e, 0x72, 0x65, 0x67, 0x69, 0x73, 0x74, 0x65, 0x72,
    0x73, 0x81, 0xcd, 0x2e, 0x42, 0x00, 0xa5, 0x2e, 0x6e, 0x61, 0x6d, 0x65, 0xb9, 0x4d, 0x6c, 0x61, 0x61, 0x43, 0x61,
    0x6c, 0x63, 0x53, 0x65, 0x70, 0x45, 0x64, 0x67, 0x65, 0x4c, 0x65, 0x6e, 0x67, 0x74, 0x68, 0x46, 0x61, 0x73, 0x74,
    0xb7, 0x2e, 0x69, 0x6e, 0x74, 0x65, 0x72, 0x6e, 0x61, 0x6c, 0x5f, 0x70, 0x69, 0x70, 0x65, 0x6c, 0x69, 0x6e, 0x65,
    0x5f, 0x68, 0x61, 0x73, 0x68, 0x92, 0xcf, 0x1b, 0x82, 0x04, 0x2d, 0x6d, 0x8a, 0xd5, 0x7b, 0xcf, 0x68, 0xdc, 0x53,
    0x2a, 0x0a, 0x3c, 0x32, 0x9d, 0xb2, 0x2e, 0x63, 0x6f, 0x6d, 0x70, 0x75, 0x74, 0x65, 0x5f, 0x72, 0x65, 0x67, 0x69,
    0x73, 0x74, 0x65, 0x72, 0x73, 0x85, 0xaf, 0x2e, 0x74, 0x69, 0x64, 0x69, 0x67, 0x5f, 0x63, 0x6f, 0x6d, 0x70, 0x5f,
    0x63, 0x6e, 0x74, 0x01, 0xaa, 0x2e, 0x74, 0x67, 0x69, 0x64, 0x5f, 0x78, 0x5f, 0x65, 0x6e, 0xc3, 0xaa, 0x2e, 0x74,
    0x67, 0x69, 0x64, 0x5f, 0x79, 0x5f, 0x65, 0x6e, 0xc3, 0xaa, 0x2e, 0x74, 0x67, 0x69, 0x64, 0x5f, 0x7a, 0x5f, 0x65,
    0x6e, 0xc2, 0xab, 0x2e, 0x74, 0x67, 0x5f, 0x73, 0x69, 0x7a, 0x65, 0x5f, 0x65, 0x6e, 0xc2, 0xa4, 0x2e, 0x61, 0x70,
    0x69, 0xa7, 0x73, 0x63, 0x70, 0x63, 0x42, 0x6c, 0x64, 0x00, 0x00, 0x00, 0x00, 0x00, 0x00, 0x00, 0x00, 0x00, 0x00,
    0x00, 0x00, 0x00, 0x00, 0x00, 0x00, 0x00, 0x00, 0x00, 0x00, 0x00, 0x00, 0x00, 0x00, 0x00, 0x00, 0x00, 0x00, 0x00,
    0x00, 0x00, 0x00, 0x00, 0x00, 0x00, 0x00, 0x00, 0x00, 0x00, 0x00, 0x00, 0x00, 0x00, 0x00, 0x00, 0x00, 0x00, 0x00,
    0x00, 0x00, 0x00, 0x00, 0x00, 0x00, 0x00, 0x00, 0x00, 0x00, 0x00, 0x00, 0x00, 0x00, 0x00, 0x00, 0x00, 0x00, 0x00,
    0x00, 0x01, 0x00, 0x00, 0x00, 0x03, 0x00, 0x00, 0x00, 0x00, 0x00, 0x00, 0x00, 0x00, 0x00, 0x00, 0x00, 0x00, 0x00,
    0x00, 0x00, 0x00, 0x00, 0x00, 0x00, 0x40, 0x00, 0x00, 0x00, 0x00, 0x00, 0x00, 0x00, 0x36, 0x00, 0x00, 0x00, 0x00,
    0x00, 0x00, 0x00, 0x00, 0x00, 0x00, 0x00, 0x00, 0x00, 0x00, 0x00, 0x00, 0x00, 0x00, 0x00, 0x00, 0x00, 0x00, 0x00,
    0x00, 0x00, 0x00, 0x00, 0x00, 0x00, 0x00, 0x00, 0x0b, 0x00, 0x00, 0x00, 0x01, 0x00, 0x00, 0x00, 0x06, 0x00, 0x00,
    0x00, 0x00, 0x00, 0x00, 0x00, 0x00, 0x00, 0x00, 0x00, 0x00, 0x00, 0x00, 0x00, 0x76, 0x00, 0x00, 0x00, 0x00, 0x00,
    0x00, 0x00, 0xb4, 0x07, 0x00, 0x00, 0x00, 0x00, 0x00, 0x00, 0x00, 0x00, 0x00, 0x00, 0x00, 0x00, 0x00, 0x00, 0x00,
    0x01, 0x00, 0x00, 0x00, 0x00, 0x00, 0x00, 0x00, 0x00, 0x00, 0x00, 0x00, 0x00, 0x00, 0x00, 0x11, 0x00, 0x00, 0x00,
    0x01, 0x00, 0x00, 0x00, 0x03, 0x00, 0x00, 0x00, 0x00, 0x00, 0x00, 0x00, 0x00, 0x00, 0x00, 0x00, 0x00, 0x00, 0x00,
    0x00, 0x2a, 0x08, 0x00, 0x00, 0x00, 0x00, 0x00, 0x00, 0x10, 0x00, 0x00, 0x00, 0x00, 0x00, 0x00, 0x00, 0x00, 0x00,
    0x00, 0x00, 0x00, 0x00, 0x00, 0x00, 0x20, 0x00, 0x00, 0x00, 0x00, 0x00, 0x00, 0x00, 0x00, 0x00, 0x00, 0x00, 0x00,
    0x00, 0x00, 0x00, 0x17, 0x00, 0x00, 0x00, 0x01, 0x00, 0x00, 0x00, 0x00, 0x00, 0x00, 0x00, 0x00, 0x00, 0x00, 0x00,
    0x00, 0x00, 0x00, 0x00, 0x00, 0x00, 0x00, 0x00, 0x3a, 0x08, 0x00, 0x00, 0x00, 0x00, 0x00, 0x00, 0x50, 0x00, 0x00,
    0x00, 0x00, 0x00, 0x00, 0x00, 0x00, 0x00, 0x00, 0x00, 0x00, 0x00, 0x00, 0x00, 0x00, 0x00, 0x00, 0x00, 0x00, 0x00,
    0x00, 0x00, 0x00, 0x00, 0x00, 0x00, 0x00, 0x00, 0x00, 0x00, 0x20, 0x00, 0x00, 0x00, 0x03, 0x00, 0x00, 0x00, 0x00,
    0x00, 0x00, 0x00, 0x00, 0x00, 0x00, 0x00, 0x00, 0x00, 0x00, 0x00, 0x00, 0x00, 0x00, 0x00, 0x8a, 0x08, 0x00, 0x00,
    0x00, 0x00, 0x00, 0x00, 0x2b, 0x00, 0x00, 0x00, 0x00, 0x00, 0x00, 0x00, 0x00, 0x00, 0x00, 0x00, 0x00, 0x00, 0x00,
    0x00, 0x00, 0x00, 0x00, 0x00, 0x00, 0x00, 0x00, 0x00, 0x00, 0x00, 0x00, 0x00, 0x00, 0x00, 0x00, 0x00, 0x28, 0x00,
    0x00, 0x00, 0x02, 0x00, 0x00, 0x00, 0x00, 0x00, 0x00, 0x00, 0x00, 0x00, 0x00, 0x00, 0x00, 0x00, 0x00, 0x00, 0x00,
    0x00, 0x00, 0x00, 0xb5, 0x08, 0x00, 0x00, 0x00, 0x00, 0x00, 0x00, 0x48, 0x00, 0x00, 0x00, 0x00, 0x00, 0x00, 0x00,
    0x05, 0x00, 0x00, 0x00, 0x00, 0x00, 0x00, 0x00, 0x00, 0x00, 0x00, 0x00, 0x00, 0x00, 0x00, 0x00, 0x18, 0x00, 0x00,
    0x00, 0x00, 0x00, 0x00, 0x00, 0x30, 0x00, 0x00, 0x00, 0x07, 0x00, 0x00, 0x00, 0x00, 0x00, 0x00, 0x00, 0x00, 0x00,
    0x00, 0x00, 0x00, 0x00, 0x00, 0x00, 0x00, 0x00, 0x00, 0x00, 0xfd, 0x08, 0x00, 0x00, 0x00, 0x00, 0x00, 0x00, 0x30,
    0x04, 0x00, 0x00, 0x00, 0x00, 0x00, 0x00, 0x00, 0x00, 0x00, 0x00, 0x00, 0x00, 0x00, 0x00, 0x00, 0x00, 0x00, 0x00,
    0x00, 0x00, 0x00, 0x00, 0x00, 0x00, 0x00, 0x00, 0x00, 0x00, 0x00, 0x00,
};

// Mlaa Final Blend Fast compute shader binary
inline constexpr Util::uint8 MlaaFinalBlendFast_Cs_762C24EF[] =
{
    0x7f, 0x45, 0x4c, 0x46, 0x02, 0x01, 0x01, 0x41, 0x00, 0x00, 0x00, 0x00, 0x00, 0x00, 0x00, 0x00, 0x01, 0x00, 0xe0,
    0x00, 0x01, 0x00, 0x00, 0x00, 0x00, 0x00, 0x00, 0x00, 0x00, 0x00, 0x00, 0x00, 0x00, 0x00, 0x00, 0x00, 0x00, 0x00,
    0x00, 0x00, 0xd4, 0x10, 0x00, 0x00, 0x00, 0x00, 0x00, 0x00, 0x4a, 0x05, 0x00, 0x00, 0x40, 0x00, 0x00, 0x00, 0x00,
    0x00, 0x40, 0x00, 0x08, 0x00, 0x01, 0x00, 0x00, 0x2e, 0x73, 0x68, 0x73, 0x74, 0x72, 0x74, 0x61, 0x62, 0x00, 0x2e,
    0x74, 0x65, 0x78, 0x74, 0x00, 0x2e, 0x64, 0x61, 0x74, 0x61, 0x00, 0x2e, 0x63, 0x6f, 0x6d, 0x6d, 0x65, 0x6e, 0x74,
    0x00, 0x2e, 0x73, 0x74, 0x72, 0x74, 0x61, 0x62, 0x00, 0x2e, 0x73, 0x79, 0x6d, 0x74, 0x61, 0x62, 0x00, 0x2e, 0x6e,
    0x6f, 0x74, 0x65, 0x00, 0x06, 0x20, 0x80, 0xb0, 0x02, 0x00, 0xb5, 0xbf, 0x80, 0x47, 0x86, 0xbe, 0x03, 0x00, 0x84,
    0xbf, 0x02, 0x00, 0x80, 0xbe, 0x07, 0x00, 0x81, 0xbe, 0x80, 0x01, 0x04, 0xf4, 0x64, 0x00, 0x00, 0xf8, 0xff, 0x00,
    0x02, 0x36, 0xff, 0x03, 0x00, 0x00, 0x00, 0x00, 0x10, 0xd6, 0x00, 0x15, 0x29, 0x02, 0x12, 0x01, 0x87, 0xbf, 0x01,
    0x00, 0x46, 0xd6, 0x03, 0x06, 0x05, 0x04, 0x00, 0x00, 0x46, 0xd6, 0x04, 0x06, 0x01, 0x04, 0x07, 0xfc, 0x89, 0xbf,
    0x12, 0x01, 0x87, 0xbf, 0x02, 0x00, 0x4e, 0xd4, 0x06, 0x02, 0x02, 0x00, 0x07, 0x00, 0x9c, 0x7c, 0x02, 0x6a, 0xea,
    0x8b, 0x09, 0x00, 0x87, 0xbf, 0x6a, 0x21, 0x82, 0xbe, 0x7b, 0x02, 0xa5, 0xbf, 0x00, 0x02, 0x0c, 0xf4, 0x20, 0x00,
    0x00, 0xf8, 0x00, 0x04, 0x0c, 0xf4, 0x40, 0x00, 0x00, 0xf8, 0x06, 0x02, 0x04, 0x22, 0x07, 0x00, 0x08, 0x22, 0x07,
    0xfc, 0x89, 0xbf, 0x85, 0x0f, 0x00, 0xf0, 0x02, 0x20, 0x02, 0x00, 0x04, 0x00, 0x00, 0x00, 0x85, 0x03, 0x00, 0xf0,
    0x02, 0x0a, 0x04, 0x00, 0x04, 0x00, 0x00, 0x00, 0x7e, 0x01, 0x84, 0xbe, 0xf7, 0x03, 0x89, 0xbf, 0x7e, 0x00, 0xcd,
    0xd4, 0x0a, 0x01, 0x01, 0x00, 0x94, 0x00, 0xa5, 0xbf, 0xff, 0x14, 0x06, 0x36, 0x80, 0x00, 0x00, 0x00, 0x0e, 0x00,
    0x10, 0xd6, 0x0a, 0x09, 0x0d, 0x02, 0x07, 0x00, 0x20, 0x26, 0x93, 0x01, 0x87, 0xbf, 0x80, 0x06, 0x8a, 0x7c, 0x88,
    0x1c, 0x0a, 0x02, 0x88, 0x14, 0x18, 0x36, 0x87, 0x14, 0x1a, 0x36, 0x23, 0x02, 0x87, 0xbf, 0x81, 0x0a, 0x06, 0x4a,
    0x01, 0x0b, 0x1e, 0x4c, 0x80, 0x18, 0x8a, 0x7c, 0x93, 0x01, 0x87, 0xbf, 0x01, 0x07, 0x06, 0x4c, 0x06, 0x1e, 0x1e,
    0x26, 0x88, 0x1a, 0x14, 0x02, 0xa3, 0x01, 0x87, 0xbf, 0x06, 0x06, 0x06, 0x26, 0xc1, 0x00, 0x18, 0x4a, 0x01, 0x15,
    0x22, 0x4a, 0x12, 0x00, 0x55, 0xd6, 0x0a, 0x03, 0x06, 0x02, 0x93, 0x01, 0x87, 0xbf, 0x0c, 0x00, 0x64, 0xd6, 0x0c,
    0x01, 0x1d, 0x00, 0x06, 0x22, 0x26, 0x26, 0x03, 0x00, 0x87, 0xbf, 0x06, 0x24, 0x24, 0x26, 0x04, 0x00, 0x85, 0xbf,
    0x85, 0x07, 0x00, 0xf0, 0x02, 0x14, 0x02, 0x00, 0x0c, 0x00, 0x00, 0x00, 0x85, 0x07, 0x00, 0xf0, 0x0f, 0x17, 0x02,
    0x00, 0x10, 0x00, 0x00, 0x00, 0x85, 0x07, 0x00, 0xf0, 0x03, 0x1a, 0x02, 0x00, 0x10, 0x00, 0x00, 0x00, 0x85, 0x07,
    0x00, 0xf0, 0x13, 0x1d, 0x02, 0x00, 0x10, 0x00, 0x00, 0x00, 0x85, 0x07, 0x00, 0xf0, 0x12, 0x10, 0x02, 0x00, 0x10,
    0x00, 0x00, 0x00, 0x03, 0x00, 0x55, 0xd6, 0x05, 0x15, 0x06, 0x02, 0x05, 0x0d, 0x1e, 0x7e, 0x02, 0x00, 0x87, 0xbf,
    0x03, 0x0d, 0x18, 0x7e, 0xf7, 0x0b, 0x89, 0xbf, 0x17, 0x35, 0x06, 0x08, 0x18, 0x37, 0x14, 0x08, 0x19, 0x39, 0x0a,
    0x08, 0xf7, 0x03, 0x89, 0xbf, 0x1d, 0x21, 0x20, 0x08, 0x14, 0x02, 0x87, 0xbf, 0x18, 0x01, 0x14, 0xd4, 0x03, 0xff,
    0x01, 0x00, 0x00, 0x00, 0x80, 0x3d, 0x1a, 0x01, 0x14, 0xd4, 0x0a, 0xff, 0x01, 0x00, 0x00, 0x00, 0x80, 0x3d, 0x04,
    0x00, 0x87, 0xbf, 0x1c, 0x01, 0x14, 0xd4, 0x05, 0xff, 0x01, 0x00, 0x00, 0x00, 0x80, 0x3d, 0x1e, 0x23, 0x22, 0x08,
    0x1f, 0x25, 0x24, 0x08, 0x0c, 0x55, 0x06, 0x7e, 0x0c, 0x1f, 0x0a, 0x08, 0xf0, 0x18, 0x18, 0x10, 0xa2, 0x04, 0x87,
    0xbf, 0xf3, 0x0a, 0x30, 0x06, 0x18, 0x1a, 0xea, 0x8c, 0x1c, 0x6a, 0xea, 0x8c, 0x18, 0x01, 0x14, 0xd4, 0x11, 0xff,
    0x01, 0x00, 0x00, 0x00, 0x80, 0x3d, 0x1c, 0x01, 0x14, 0xd4, 0x10, 0xff, 0x01, 0x00, 0x00, 0x00, 0x80, 0x3d, 0x1a,
    0x01, 0x14, 0xd4, 0x12, 0xff, 0x01, 0x00, 0x00, 0x00, 0x80, 0x3d, 0x0a, 0x00, 0x01, 0xd5, 0x80, 0x82, 0xa9, 0x01,
    0x35, 0x02, 0x87, 0xbf, 0x05, 0x00, 0x13, 0xd6, 0x03, 0x0b, 0xc6, 0x03, 0x21, 0x2b, 0x20, 0x0a, 0x22, 0x2d, 0x22,
    0x0a, 0x19, 0x00, 0x12, 0xd6, 0x81, 0x14, 0x0a, 0x02, 0x0a, 0x00, 0x13, 0xd6, 0x03, 0x31, 0xc6, 0x03, 0x03, 0x00,
    0x01, 0xd5, 0x80, 0x02, 0xa9, 0x01, 0x10, 0x43, 0x0c, 0x58, 0x00, 0x00, 0x00, 0x3e, 0xb3, 0x04, 0x87, 0xbf, 0x05,
    0x03, 0x03, 0xd5, 0x05, 0x15, 0x02, 0x18, 0x20, 0x29, 0x14, 0x0a, 0x1c, 0x18, 0xea, 0x8c, 0x9e, 0xff, 0x88, 0xbf,
    0x1a, 0x6a, 0xea, 0x8c, 0x84, 0x04, 0x87, 0xbf, 0x03, 0x33, 0x06, 0x02, 0x1a, 0x00, 0x16, 0xd4, 0x0f, 0x19, 0x02,
    0x00, 0x0c, 0x1f, 0x2c, 0x7c, 0x03, 0x00, 0x87, 0xbf, 0x18, 0x00, 0x42, 0xd4, 0x03, 0x05, 0x01, 0x00, 0x1c, 0x00,
    0x42, 0xd4, 0x03, 0x03, 0x01, 0x00, 0x0c, 0x00, 0x13, 0xd6, 0x05, 0x15, 0x82, 0x04, 0x0f, 0x00, 0x13, 0xd6, 0x05,
    0x21, 0x86, 0x04, 0x05, 0x00, 0x13, 0xd6, 0x05, 0x23, 0x8a, 0x04, 0x0a, 0x41, 0x10, 0x58, 0x00, 0x00, 0x00, 0x3e,
    0x18, 0x1a, 0x98, 0x8b, 0x1c, 0x6a, 0xea, 0x8b, 0xc9, 0x00, 0x87, 0xbf, 0x9e, 0xff, 0x88, 0xbf, 0x18, 0x6a, 0x98,
    0x8c, 0x83, 0x06, 0x84, 0x7c, 0x0e, 0x1b, 0x06, 0x4a, 0x6a, 0x18, 0xea, 0x8c, 0x18, 0x00, 0x45, 0xd4, 0x03, 0x01,
    0x01, 0x00, 0x20, 0x19, 0x1c, 0x02, 0x22, 0x0b, 0x0a, 0x02, 0x21, 0x1f, 0x18, 0x02, 0x11, 0x45, 0x06, 0x58, 0x00,
    0x00, 0x00, 0x3e, 0x21, 0x02, 0x87, 0xbf, 0x22, 0x00, 0x01, 0xd5, 0x03, 0x0b, 0x62, 0x00, 0x20, 0x00, 0x01, 0xd5,
    0x08, 0x1d, 0x62, 0x00, 0x21, 0x00, 0x01, 0xd5, 0x06, 0x19, 0x62, 0x00, 0x04, 0x01, 0xfe, 0xbe, 0x81, 0x00, 0x0c,
    0x4a, 0x01, 0x00, 0x87, 0xbf, 0x07, 0x0c, 0x18, 0x22, 0x85, 0x01, 0x00, 0xf0, 0x02, 0x07, 0x04, 0x00, 0x0c, 0x00,
    0x00, 0x00, 0xf7, 0x03, 0x89, 0xbf, 0x80, 0x0e, 0x9a, 0x7c, 0x04, 0x6a, 0xfe, 0x8b, 0x8e, 0x00, 0xa5, 0xbf, 0xff,
    0x0e, 0x14, 0x36, 0x80, 0x00, 0x00, 0x00, 0x0d, 0x00, 0x10, 0xd6, 0x07, 0x09, 0x0d, 0x02, 0x07, 0x0c, 0x22, 0x26,
    0x93, 0x01, 0x87, 0xbf, 0x80, 0x14, 0x8a, 0x7c, 0x88, 0x1a, 0x20, 0x02, 0x88, 0x0e, 0x1c, 0x36, 0x87, 0x0e, 0x0e,
    0x36, 0x23, 0x02, 0x87, 0xbf, 0x81, 0x20, 0x14, 0x4a, 0x01, 0x21, 0x1e, 0x4c, 0x80, 0x1c, 0x8a, 0x7c, 0x93, 0x01,
    0x87, 0xbf, 0x01, 0x15, 0x14, 0x4c, 0x06, 0x1e, 0x1e, 0x26, 0x88, 0x0e, 0x1c, 0x02, 0x13, 0x01, 0x87, 0xbf, 0x06,
    0x14, 0x14, 0x26, 0x01, 0x1d, 0x0c, 0x4a, 0x12, 0x00, 0x55, 0xd6, 0x0e, 0x03, 0x06, 0x02, 0x12, 0x01, 0x87, 0xbf,
    0x06, 0x0c, 0x0c, 0x26, 0x06, 0x24, 0x24, 0x26, 0x04, 0x00, 0x85, 0xbf, 0x85, 0x07, 0x00, 0xf0, 0x02, 0x14, 0x02,
    0x00, 0x0c, 0x00, 0x00, 0x00, 0x85, 0x07, 0x00, 0xf0, 0x0f, 0x17, 0x02, 0x00, 0x11, 0x00, 0x00, 0x00, 0x85, 0x07,
    0x00, 0xf0, 0x0a, 0x1a, 0x02, 0x00, 0x11, 0x00, 0x00, 0x00, 0x85, 0x07, 0x00, 0xf0, 0x06, 0x1d, 0x02, 0x00, 0x11,
    0x00, 0x00, 0x00, 0x85, 0x07, 0x00, 0xf0, 0x12, 0x11, 0x02, 0x00, 0x11, 0x00, 0x00, 0x00, 0x02, 0x00, 0x55, 0xd6,
    0x0e, 0x21, 0x06, 0x02, 0x10, 0x0d, 0x18, 0x7e, 0x92, 0x00, 0x87, 0xbf, 0x02, 0x0d, 0x04, 0x7e, 0x02, 0x19, 0x20,
    0x08, 0xf7, 0x0b, 0x89, 0xbf, 0x19, 0x39, 0x1c, 0x08, 0x17, 0x35, 0x0c, 0x08, 0x18, 0x37, 0x14, 0x08, 0x04, 0x00,
    0x87, 0xbf, 0xf3, 0x20, 0x30, 0x06, 0xf7, 0x03, 0x89, 0xbf, 0x1e, 0x25, 0x1e, 0x08, 0x1c, 0x01, 0x14, 0xd4, 0x0e,
    0xff, 0x01, 0x00, 0x00, 0x00, 0x80, 0x3d, 0x18, 0x01, 0x14, 0xd4, 0x06, 0xff, 0x01, 0x00, 0x00, 0x00, 0x80, 0x3d,
    0x1a, 0x01, 0x14, 0xd4, 0x0a, 0xff, 0x01, 0x00, 0x00, 0x00, 0x80, 0x3d, 0x1d, 0x23, 0x1c, 0x08, 0x1f, 0x27, 0x22,
    0x08, 0x02, 0x55, 0x0c, 0x7e, 0xf0, 0x04, 0x04, 0x10, 0xa5, 0x04, 0x87, 0xbf, 0x10, 0x00, 0x13, 0xd6, 0x06, 0x21,
    0xc6, 0x03, 0x18, 0x1a, 0xea, 0x8c, 0x1c, 0x6a, 0xea, 0x8c, 0x18, 0x01, 0x14, 0xd4, 0x0f, 0xff, 0x01, 0x00, 0x00,
    0x00, 0x80, 0x3d, 0x1c, 0x01, 0x14, 0xd4, 0x0e, 0xff, 0x01, 0x00, 0x00, 0x00, 0x80, 0x3d, 0x1a, 0x01, 0x14, 0xd4,
    0x11, 0xff, 0x01, 0x00, 0x00, 0x00, 0x80, 0x3d, 0x0a, 0x00, 0x01, 0xd5, 0x80, 0x82, 0xa9, 0x01, 0x11, 0x00, 0x01,
    0xd5, 0x80, 0x02, 0xa9, 0x01, 0x0f, 0x00, 0x13, 0xd6, 0x06, 0x31, 0xc6, 0x03, 0x20, 0x29, 0x1c, 0x0a, 0x94, 0x01,
    0x87, 0xbf, 0x0a, 0x00, 0x12, 0xd6, 0x81, 0x14, 0x0a, 0x02, 0x06, 0x03, 0x03, 0xd5, 0x10, 0x1f, 0x02, 0x18, 0x21,
    0x2b, 0x1e, 0x0a, 0x22, 0x2d, 0x20, 0x0a, 0x0e, 0x41, 0x0a, 0x58, 0x00, 0x00, 0x00, 0x3e, 0x1c, 0x18, 0xea, 0x8c,
    0x99, 0x04, 0x87, 0xbf, 0x9e, 0xff, 0x88, 0xbf, 0x1a, 0x6a, 0xea, 0x8c, 0x11, 0x15, 0x14, 0x02, 0x1a, 0x00, 0x16,
    0xd4, 0x02, 0x19, 0x02, 0x00, 0x0c, 0x05, 0x2c, 0x7c, 0x03, 0x00, 0x87, 0xbf, 0x18, 0x00, 0x42, 0xd4, 0x0a, 0x05,
    0x01, 0x00, 0x1c, 0x00, 0x42, 0xd4, 0x0a, 0x03, 0x01, 0x00, 0x02, 0x00, 0x13, 0xd6, 0x06, 0x1d, 0x82, 0x04, 0x12,
    0x00, 0x13, 0xd6, 0x06, 0x1f, 0x86, 0x04, 0x0c, 0x00, 0x13, 0xd6, 0x06, 0x21, 0x8a, 0x04, 0x0d, 0x0f, 0x0c, 0x4a,
    0x10, 0x45, 0x06, 0x58, 0x00, 0x00, 0x00, 0x3e, 0x18, 0x1a, 0x98, 0x8b, 0x1c, 0x6a, 0xea, 0x8b, 0xb9, 0x01, 0x87,
    0xbf, 0x9e, 0xff, 0x88, 0xbf, 0x18, 0x6a, 0x98, 0x8c, 0x80, 0x14, 0x84, 0x7c, 0x6a, 0x18, 0xea, 0x8c, 0x18, 0x00,
    0x45, 0xd4, 0x06, 0x01, 0x01, 0x00, 0x20, 0x05, 0x04, 0x02, 0x22, 0x19, 0x18, 0x02, 0x21, 0x25, 0x1a, 0x02, 0x0f,
    0x43, 0x0c, 0x58, 0x00, 0x00, 0x00, 0x3e, 0xa3, 0x01, 0x87, 0xbf, 0x22, 0x00, 0x01, 0xd5, 0x03, 0x19, 0x62, 0x00,
    0x20, 0x00, 0x01, 0xd5, 0x05, 0x05, 0x62, 0x00, 0x21, 0x00, 0x01, 0xd5, 0x06, 0x1b, 0x62, 0x00, 0x04, 0x01, 0xfe,
    0xbe, 0x80, 0x16, 0x9a, 0x7c, 0x04, 0x6a, 0xfe, 0x8b, 0x94, 0x00, 0xa5, 0xbf, 0xff, 0x16, 0x0c, 0x36, 0x80, 0x00,
    0x00, 0x00, 0x07, 0x00, 0x10, 0xd6, 0x0b, 0x09, 0x0d, 0x02, 0x88, 0x16, 0x10, 0x36, 0x93, 0x01, 0x87, 0xbf, 0x80,
    0x0c, 0x8a, 0x7c, 0x88, 0x0e, 0x0c, 0x02, 0xa3, 0x01, 0x87, 0xbf, 0x80, 0x10, 0x8a, 0x7c, 0x87, 0x16, 0x10, 0x36,
    0x00, 0x0d, 0x16, 0x4a, 0x0c, 0x00, 0x55, 0xd6, 0x06, 0x01, 0x06, 0x02, 0x06, 0x02, 0x1c, 0x26, 0x93, 0x01, 0x87,
    0xbf, 0x07, 0x16, 0x1a, 0x26, 0x07, 0x18, 0x18, 0x26, 0x88, 0x10, 0x14, 0x02, 0x81, 0x02, 0x16, 0x4a, 0xa2, 0x01,
    0x87, 0xbf, 0x81, 0x14, 0x1e, 0x4a, 0x00, 0x15, 0x20, 0x4c, 0x06, 0x16, 0x16, 0x22, 0x93, 0x01, 0x87, 0xbf, 0x00,
    0x1f, 0x1e, 0x4c, 0x07, 0x20, 0x20, 0x26, 0x02, 0x00, 0x87, 0xbf, 0x07, 0x1e, 0x22, 0x26, 0x04, 0x00, 0x85, 0xbf,
    0x85, 0x07, 0x00, 0xf0, 0x0b, 0x14, 0x02, 0x00, 0x04, 0x00, 0x00, 0x00, 0x85, 0x07, 0x00, 0xf0, 0x0e, 0x18, 0x02,
    0x00, 0x0d, 0x00, 0x00, 0x00, 0x85, 0x07, 0x00, 0xf0, 0x0e, 0x1c, 0x02, 0x00, 0x0c, 0x00, 0x00, 0x00, 0x85, 0x07,
    0x00, 0xf0, 0x0e, 0x0b, 0x02, 0x00, 0x10, 0x00, 0x00, 0x00, 0x85, 0x07, 0x00, 0xf0, 0x0e, 0x0e, 0x02, 0x00, 0x11,
    0x00, 0x00, 0x00, 0x0a, 0x00, 0x55, 0xd6, 0x0a, 0x0d, 0x06, 0x02, 0x06, 0x0d, 0x0c, 0x7e, 0x07, 0x11, 0x0e, 0x4a,
    0x53, 0x02, 0x87, 0xbf, 0x0a, 0x0d, 0x22, 0x7e, 0xf7, 0x0b, 0x89, 0xbf, 0x18, 0x39, 0x14, 0x08, 0x19, 0x3b, 0x24,
    0x08, 0x1a, 0x3d, 0x26, 0x08, 0x11, 0x55, 0x30, 0x7e, 0x93, 0x01, 0x87, 0xbf, 0x18, 0x01, 0x14, 0xd4, 0x0a, 0xff,
    0x01, 0x00, 0x00, 0x00, 0x80, 0x3d, 0x1a, 0x01, 0x14, 0xd4, 0x12, 0xff, 0x01, 0x00, 0x00, 0x00, 0x80, 0x3d, 0x03,
    0x00, 0x87, 0xbf, 0x1c, 0x01, 0x14, 0xd4, 0x13, 0xff, 0x01, 0x00, 0x00, 0x00, 0x80, 0x3d, 0xf7, 0x03, 0x89, 0xbf,
    0x0b, 0x1d, 0x16, 0x08, 0x0c, 0x1f, 0x18, 0x08, 0x0d, 0x21, 0x1a, 0x08, 0x11, 0x0d, 0x14, 0x08, 0x91, 0x02, 0x87,
    0xbf, 0xf3, 0x14, 0x1c, 0x06, 0x0a, 0x00, 0x13, 0xd6, 0x18, 0x15, 0xc6, 0x03, 0x18, 0x1a, 0xea, 0x8c, 0x09, 0x00,
    0x87, 0xbf, 0x1c, 0x6a, 0xea, 0x8c, 0x18, 0x01, 0x14, 0xd4, 0x0c, 0xff, 0x01, 0x00, 0x00, 0x00, 0x80, 0x3d, 0x1c,
    0x01, 0x14, 0xd4, 0x0b, 0xff, 0x01, 0x00, 0x00, 0x00, 0x80, 0x3d, 0x1a, 0x01, 0x14, 0xd4, 0x0d, 0xff, 0x01, 0x00,
    0x00, 0x00, 0x80, 0x3d, 0x12, 0x00, 0x01, 0xd5, 0x80, 0x82, 0xa9, 0x01, 0x0b, 0x00, 0x01, 0xd5, 0x80, 0x02, 0xa9,
    0x01, 0x0c, 0x00, 0x13, 0xd6, 0x18, 0x1d, 0xc6, 0x03, 0x20, 0x29, 0x1a, 0x0a, 0x22, 0x2d, 0x28, 0x0a, 0x10, 0x00,
    0x12, 0xd6, 0x81, 0x24, 0x0a, 0x02, 0xc4, 0x04, 0x87, 0xbf, 0x0c, 0x03, 0x03, 0xd5, 0x0a, 0x19, 0x02, 0x18, 0x21,
    0x2b, 0x14, 0x0a, 0x0d, 0x41, 0x04, 0x58, 0x00, 0x00, 0x00, 0x3e, 0x1c, 0x18, 0xea, 0x8c, 0x9e, 0xff, 0x88, 0xbf,
    0x1a, 0x6a, 0xea, 0x8c, 0x84, 0x04, 0x87, 0xbf, 0x0b, 0x21, 0x16, 0x02, 0xf0, 0x22, 0x20, 0x10, 0x94, 0x01, 0x87,
    0xbf, 0x0a, 0x43, 0x06, 0x58, 0x00, 0x00, 0x00, 0x3e, 0x18, 0x00, 0x42, 0xd4, 0x0b, 0x05, 0x01, 0x00, 0x03, 0x00,
    0x87, 0xbf, 0x1a, 0x00, 0x16, 0xd4, 0x06, 0x21, 0x02, 0x00, 0x1c, 0x00, 0x42, 0xd4, 0x0b, 0x03, 0x01, 0x00, 0x10,
    0x0d, 0x2c, 0x7c, 0x10, 0x00, 0x13, 0xd6, 0x0c, 0x1b, 0x82, 0x04, 0x06, 0x00, 0x13, 0xd6, 0x0c, 0x15, 0x86, 0x04,
    0x0c, 0x00, 0x13, 0xd6, 0x0c, 0x29, 0x8a, 0x04, 0x18, 0x1a, 0x98, 0x8b, 0x1c, 0x6a, 0xea, 0x8b, 0x59, 0x02, 0x87,
    0xbf, 0x9e, 0xff, 0x88, 0xbf, 0x18, 0x6a, 0x98, 0x8c, 0x83, 0x16, 0x84, 0x7c, 0x6a, 0x18, 0xea, 0x8c, 0x18, 0x00,
    0x45, 0xd4, 0x07, 0x01, 0x01, 0x00, 0x20, 0x21, 0x10, 0x02, 0x22, 0x19, 0x0e, 0x02, 0x21, 0x0d, 0x1a, 0x02, 0x14,
    0x45, 0x18, 0x58, 0x00, 0x00, 0x00, 0x3e, 0x21, 0x02, 0x87, 0xbf, 0x22, 0x00, 0x01, 0xd5, 0x0c, 0x0f, 0x62, 0x00,
    0x20, 0x00, 0x01, 0xd5, 0x02, 0x11, 0x62, 0x00, 0x21, 0x00, 0x01, 0xd5, 0x03, 0x1b, 0x62, 0x00, 0x04, 0x01, 0xfe,
    0xbe, 0xc1, 0x02, 0x0c, 0x4a, 0x01, 0x00, 0x87, 0xbf, 0x07, 0x00, 0x64, 0xd6, 0x06, 0x01, 0x19, 0x00, 0x85, 0x02,
    0x00, 0xf0, 0x07, 0x08, 0x04, 0x00, 0x04, 0x00, 0x00, 0x00, 0xf7, 0x03, 0x89, 0xbf, 0x80, 0x10, 0x9a, 0x7c, 0x04,
    0x6a, 0xfe, 0x8b, 0x91, 0x00, 0xa5, 0xbf, 0xff, 0x10, 0x14, 0x36, 0x80, 0x00, 0x00, 0x00, 0x0b, 0x00, 0x10, 0xd6,
    0x08, 0x09, 0x0d, 0x02, 0x88, 0x10, 0x18, 0x36, 0x93, 0x01, 0x87, 0xbf, 0x80, 0x14, 0x8a, 0x7c, 0x88, 0x16, 0x14,
    0x02, 0x87, 0x10, 0x10, 0x36, 0x94, 0x01, 0x87, 0xbf, 0x80, 0x18, 0x8a, 0x7c, 0x0e, 0x00, 0x55, 0xd6, 0x0a, 0x01,
    0x06, 0x02, 0xa3, 0x01, 0x87, 0xbf, 0x88, 0x10, 0x18, 0x02, 0x00, 0x15, 0x1a, 0x4a, 0x07, 0x1c, 0x20, 0x26, 0x23,
    0x02, 0x87, 0xbf, 0x81, 0x18, 0x1c, 0x4a, 0x06, 0x0c, 0x0c, 0x26, 0x07, 0x1a, 0x1a, 0x26, 0x00, 0x19, 0x1e, 0x4c,
    0x14, 0x01, 0x87, 0xbf, 0x00, 0x1d, 0x1c, 0x4c, 0x07, 0x1e, 0x22, 0x26, 0x02, 0x00, 0x87, 0xbf, 0x07, 0x1c, 0x28,
    0x26, 0x04, 0x00, 0x85, 0xbf, 0x85, 0x07, 0x00, 0xf0, 0x07, 0x15, 0x02, 0x00, 0x04, 0x00, 0x00, 0x00, 0x85, 0x07,
    0x00, 0xf0, 0x06, 0x0d, 0x02, 0x00, 0x0d, 0x00, 0x00, 0x00, 0x85, 0x07, 0x00, 0xf0, 0x06, 0x18, 0x02, 0x00, 0x10,
    0x00, 0x00, 0x00, 0x85, 0x07, 0x00, 0xf0, 0x06, 0x1b, 0x02, 0x00, 0x11, 0x00, 0x00, 0x00, 0x85, 0x07, 0x00, 0xf0,
    0x06, 0x12, 0x02, 0x00, 0x14, 0x00, 0x00, 0x00, 0x04, 0x00, 0x55, 0xd6, 0x0a, 0x19, 0x06, 0x02, 0x0a, 0x0d, 0x14,
    0x7e, 0x02, 0x00, 0x87, 0xbf, 0x04, 0x0d, 0x08, 0x7e, 0xf7, 0x0b, 0x89, 0xbf, 0x0d, 0x31, 0x0c, 0x08, 0x0e, 0x33,
    0x0e, 0x08, 0x0f, 0x35, 0x18, 0x08, 0xf7, 0x03, 0x89, 0xbf, 0x1b, 0x25, 0x1a, 0x08, 0x14, 0x02, 0x87, 0xbf, 0x06,
    0x01, 0x14, 0xd4, 0x06, 0xff, 0x01, 0x00, 0x00, 0x00, 0x80, 0x3d, 0x08, 0x01, 0x14, 0xd4, 0x07, 0xff, 0x01, 0x00,
    0x00, 0x00, 0x80, 0x3d, 0x04, 0x00, 0x87, 0xbf, 0x0a, 0x01, 0x14, 0xd4, 0x0c, 0xff, 0x01, 0x00, 0x00, 0x00, 0x80,
    0x3d, 0x1c, 0x27, 0x1c, 0x08, 0x1d, 0x29, 0x1e, 0x08, 0x04, 0x55, 0x18, 0x7e, 0x04, 0x15, 0x0c, 0x08, 0xf0, 0x08,
    0x08, 0x10, 0xa2, 0x04, 0x87, 0xbf, 0xf3, 0x0c, 0x24, 0x06, 0x06, 0x08, 0xea, 0x8c, 0x0a, 0x6a, 0xea, 0x8c, 0x06,
    0x01, 0x14, 0xd4, 0x0e, 0xff, 0x01, 0x00, 0x00, 0x00, 0x80, 0x3d, 0x0a, 0x01, 0x14, 0xd4, 0x0d, 0xff, 0x01, 0x00,
    0x00, 0x00, 0x80, 0x3d, 0x08, 0x01, 0x14, 0xd4, 0x0f, 0xff, 0x01, 0x00, 0x00, 0x00, 0x80, 0x3d, 0x07, 0x00, 0x01,
    0xd5, 0x80, 0x82, 0xa9, 0x01, 0x35, 0x02, 0x87, 0xbf, 0x11, 0x00, 0x13, 0xd6, 0x0c, 0x25, 0xc6, 0x03, 0x06, 0x00,
    0x13, 0xd6, 0x0c, 0x0d, 0xc6, 0x03, 0x20, 0x2b, 0x1a, 0x0a, 0x10, 0x00, 0x12, 0xd6, 0x81, 0x0e, 0x0a, 0x02, 0x07,
    0x00, 0x01, 0xd5, 0x80, 0x02, 0xa9, 0x01, 0xd4, 0x04, 0x87, 0xbf, 0x0c, 0x03, 0x03, 0xd5, 0x06, 0x23, 0x02, 0x18,
    0x21, 0x2d, 0x0c, 0x0a, 0x22, 0x2f, 0x22, 0x0a, 0x0d, 0x41, 0x04, 0x58, 0x00, 0x00, 0x00, 0x3e, 0x0a, 0x06, 0xea,
    0x8c, 0x9e, 0xff, 0x88, 0xbf, 0x08, 0x6a, 0xea, 0x8c, 0xb9, 0x01, 0x87, 0xbf, 0x07, 0x21, 0x0e, 0x02, 0x08, 0x00,
    0x16, 0xd4, 0x04, 0x15, 0x02, 0x00, 0x0a, 0x09, 0x2c, 0x7c, 0x06, 0x00, 0x42, 0xd4, 0x07, 0x05, 0x01, 0x00, 0x0a,
    0x00, 0x42, 0xd4, 0x07, 0x03, 0x01, 0x00, 0x04, 0x00, 0x13, 0xd6, 0x0c, 0x1b, 0x82, 0x04, 0x0a, 0x00, 0x13, 0xd6,
    0x0c, 0x0d, 0x86, 0x04, 0x0c, 0x00, 0x13, 0xd6, 0x0c, 0x23, 0x8a, 0x04, 0x06, 0x43, 0x06, 0x58, 0x00, 0x00, 0x00,
    0x3e, 0x06, 0x08, 0x86, 0x8b, 0x0a, 0x6a, 0xea, 0x8b, 0x59, 0x01, 0x87, 0xbf, 0x9e, 0xff, 0x88, 0xbf, 0x06, 0x6a,
    0x86, 0x8c, 0x80, 0x0e, 0x84, 0x7c, 0x0b, 0x11, 0x0e, 0x4a, 0x11, 0x45, 0x10, 0x58, 0x00, 0x00, 0x00, 0x3e, 0x6a,
    0x06, 0xea, 0x8c, 0x06, 0x00, 0x45, 0xd4, 0x07, 0x01, 0x01, 0x00, 0x20, 0x09, 0x08, 0x02, 0x22, 0x19, 0x0e, 0x02,
    0x21, 0x15, 0x18, 0x02, 0x12, 0x02, 0x87, 0xbf, 0x22, 0x00, 0x01, 0xd5, 0x08, 0x0f, 0x1a, 0x00, 0x20, 0x00, 0x01,
    0xd5, 0x02, 0x09, 0x1a, 0x00, 0x03, 0x00, 0x87, 0xbf, 0x21, 0x00, 0x01, 0xd5, 0x03, 0x19, 0x1a, 0x00, 0x04, 0x01,
    0xfe, 0xbe, 0x00, 0x01, 0x0c, 0xf4, 0x00, 0x00, 0x00, 0xf8, 0x07, 0xfc, 0x89, 0xbf, 0x85, 0x4f, 0x18, 0xf0, 0x01,
    0x20, 0x01, 0x00, 0x00, 0x00, 0x00, 0x00, 0x00, 0x00, 0x80, 0xbf, 0x03, 0x00, 0xb6, 0xbf, 0x00, 0x00, 0xb0, 0xbf,
    0x00, 0x00, 0x9f, 0xbf, 0x00, 0x00, 0x9f, 0xbf, 0x00, 0x00, 0x9f, 0xbf, 0x00, 0x00, 0x9f, 0xbf, 0x00, 0x00, 0x9f,
    0xbf, 0x00, 0x00, 0x9f, 0xbf, 0x00, 0x00, 0x9f, 0xbf, 0x00, 0x00, 0x9f, 0xbf, 0x00, 0x00, 0x9f, 0xbf, 0x00, 0x00,
    0x9f, 0xbf, 0x00, 0x00, 0x9f, 0xbf, 0x00, 0x00, 0x9f, 0xbf, 0x00, 0x00, 0x9f, 0xbf, 0x00, 0x00, 0x9f, 0xbf, 0x00,
    0x00, 0x9f, 0xbf, 0x00, 0x00, 0x9f, 0xbf, 0x00, 0x00, 0x9f, 0xbf, 0x00, 0x00, 0x9f, 0xbf, 0x00, 0x00, 0x9f, 0xbf,
    0x00, 0x00, 0x9f, 0xbf, 0x00, 0x00, 0x9f, 0xbf, 0x00, 0x00, 0x9f, 0xbf, 0x00, 0x00, 0x9f, 0xbf, 0x00, 0x00, 0x9f,
    0xbf, 0x00, 0x00, 0x9f, 0xbf, 0x00, 0x00, 0x9f, 0xbf, 0x00, 0x00, 0x9f, 0xbf, 0x00, 0x00, 0x9f, 0xbf, 0x00, 0x00,
    0x9f, 0xbf, 0x00, 0x00, 0x9f, 0xbf, 0x00, 0x00, 0x9f, 0xbf, 0x00, 0x00, 0x9f, 0xbf, 0x00, 0x00, 0x9f, 0xbf, 0x00,
    0x00, 0x9f, 0xbf, 0x00, 0x00, 0x9f, 0xbf, 0x00, 0x00, 0x9f, 0xbf, 0x00, 0x00, 0x9f, 0xbf, 0x00, 0x00, 0x9f, 0xbf,
    0x00, 0x00, 0x9f, 0xbf, 0x00, 0x00, 0x9f, 0xbf, 0x00, 0x00, 0x9f, 0xbf, 0x00, 0x00, 0x9f, 0xbf, 0x00, 0x00, 0x9f,
    0xbf, 0x00, 0x00, 0x9f, 0xbf, 0x00, 0x00, 0x9f, 0xbf, 0x00, 0x00, 0x9f, 0xbf, 0x00, 0x00, 0x9f, 0xbf, 0x00, 0x00,
    0x9f, 0xbf, 0x00, 0x00, 0x9f, 0xbf, 0x00, 0x00, 0x9f, 0xbf, 0x00, 0x00, 0x9f, 0xbf, 0x00, 0x00, 0x9f, 0xbf, 0x00,
    0x00, 0x9f, 0xbf, 0x00, 0x00, 0x9f, 0xbf, 0x00, 0x00, 0x9f, 0xbf, 0x00, 0x00, 0x9f, 0xbf, 0x00, 0x00, 0x9f, 0xbf,
    0x00, 0x00, 0x9f, 0xbf, 0x00, 0x00, 0x9f, 0xbf, 0x00, 0x00, 0x9f, 0xbf, 0x00, 0x00, 0x9f, 0xbf, 0x00, 0x00, 0x9f,
    0xbf, 0x00, 0x00, 0x9f, 0xbf, 0x00, 0x00, 0x9f, 0xbf, 0x00, 0x00, 0x00, 0x00, 0x00, 0x00, 0x10, 0x00, 0x00, 0x00,
    0x00, 0x00, 0xac, 0xdf, 0x03, 0x10, 0x47, 0x65, 0x6e, 0x65, 0x72, 0x61, 0x74, 0x65, 0x64, 0x20, 0x62, 0x79, 0x20,
    0x74, 0x68, 0x65, 0x20, 0x41, 0x64, 0x76, 0x61, 0x6e, 0x63, 0x65, 0x64, 0x20, 0x4d, 0x69, 0x63, 0x72, 0x6f, 0x20,
    0x44, 0x65, 0x76, 0x69, 0x63, 0x65, 0x73, 0x2c, 0x20, 0x49, 0x6e, 0x63, 0x2e, 0x2c, 0x20, 0x50, 0x72, 0x6f, 0x70,
    0x72, 0x69, 0x65, 0x74, 0x61, 0x72, 0x79, 0x20, 0x47, 0x50, 0x55, 0x20, 0x53, 0x68, 0x61, 0x64, 0x65, 0x72, 0x20,
    0x43, 0x6f, 0x6d, 0x70, 0x69, 0x6c, 0x65, 0x72, 0x2e, 0x00, 0x00, 0x5f, 0x61, 0x6d, 0x64, 0x67, 0x70, 0x75, 0x5f,
    0x63, 0x73, 0x5f, 0x6d, 0x61, 0x69, 0x6e, 0x00, 0x5f, 0x61, 0x6d, 0x64, 0x67, 0x70, 0x75, 0x5f, 0x63, 0x73, 0x5f,
    0x73, 0x68, 0x64, 0x72, 0x5f, 0x69, 0x6e, 0x74, 0x72, 0x6c, 0x5f, 0x74, 0x62, 0x6c, 0x00, 0x00, 0x00, 0x00, 0x00,
    0x00, 0x00, 0x00, 0x00, 0x00, 0x00, 0x00, 0x00, 0x00, 0x00, 0x00, 0x00, 0x00, 0x00, 0x00, 0x00, 0x00, 0x00, 0x00,
    0x00, 0x01, 0x00, 0x00, 0x00, 0x12, 0x00, 0x02, 0x00, 0x00, 0x00, 0x00, 0x00, 0x00, 0x00, 0x00, 0x00, 0x60, 0x0b,
    0x00, 0x00, 0x00, 0x00, 0x00, 0x00, 0x11, 0x00, 0x00, 0x00, 0x11, 0x00, 0x03, 0x00, 0x00, 0x00, 0x00, 0x00, 0x00,
    0x00, 0x00, 0x00, 0x10, 0x00, 0x00, 0x00, 0x00, 0x00, 0x00, 0x00, 0x07, 0x00, 0x00, 0x00, 0x14, 0x04, 0x00, 0x00,
    0x20, 0x00, 0x00, 0x00, 0x41, 0x4d, 0x44, 0x47, 0x50, 0x55, 0x00, 0x00, 0x82, 0xae, 0x61, 0x6d, 0x64, 0x70, 0x61,
    0x6c, 0x2e, 0x76, 0x65, 0x72, 0x73, 0x69, 0x6f, 0x6e, 0x92, 0x03, 0x06, 0xb0, 0x61, 0x6d, 0x64, 0x70, 0x61, 0x6c,
    0x2e, 0x70, 0x69, 0x70, 0x65, 0x6c, 0x69, 0x6e, 0x65, 0x73, 0x91, 0x8b, 0xa5, 0x2e, 0x74, 0x79, 0x70, 0x65, 0xa2,
    0x43, 0x73, 0xae, 0x2e, 0x72, 0x65, 0x73, 0x6f, 0x75, 0x72, 0x63, 0x65, 0x5f, 0x68, 0x61, 0x73, 0x68, 0xcf, 0x72,
    0xca, 0x76, 0xf7, 0x66, 0xe5, 0xac, 0x79, 0xb0, 0x2e, 0x73, 0x70, 0x69, 0x6c, 0x6c, 0x5f, 0x74, 0x68, 0x72, 0x65,
    0x73, 0x68, 0x6f, 0x6c, 0x64, 0xcd, 0xff, 0xff, 0xb0, 0x2e, 0x75, 0x73, 0x65, 0x72, 0x5f, 0x64, 0x61, 0x74, 0x61,
    0x5f, 0x6c, 0x69, 0x6d, 0x69, 0x74, 0x01, 0xa8, 0x2e, 0x73, 0x68, 0x61, 0x64, 0x65, 0x72, 0x73, 0x81, 0xa8, 0x2e,
    0x63, 0x6f, 0x6d, 0x70, 0x75, 0x74, 0x65, 0x83, 0xb0, 0x2e, 0x61, 0x70, 0x69, 0x5f, 0x73, 0x68, 0x61, 0x64, 0x65,
    0x72, 0x5f, 0x68, 0x61, 0x73, 0x68, 0x92, 0xcf, 0x08, 0xc5, 0xab, 0x4a, 0x96, 0xa2, 0x76, 0x23, 0xcf, 0x6f, 0x86,
    0xd9, 0xda, 0xcb, 0x99, 0xb6, 0x93, 0xb1, 0x2e, 0x68, 0x61, 0x72, 0x64, 0x77, 0x61, 0x72, 0x65, 0x5f, 0x6d, 0x61,
    0x70, 0x70, 0x69, 0x6e, 0x67, 0x91, 0xa3, 0x2e, 0x63, 0x73, 0xaf, 0x2e, 0x73, 0x68, 0x61, 0x64, 0x65, 0x72, 0x5f,
    0x73, 0x75, 0x62, 0x74, 0x79, 0x70, 0x65, 0xa7, 0x55, 0x6e, 0x6b, 0x6e, 0x6f, 0x77, 0x6e, 0xb0, 0x2e, 0x68, 0x61,
    0x72, 0x64, 0x77, 0x61, 0x72, 0x65, 0x5f, 0x73, 0x74, 0x61, 0x67, 0x65, 0x73, 0x81, 0xa3, 0x2e, 0x63, 0x73, 0xde,
    0x00, 0x1b, 0xb3, 0x2e, 0x65, 0x6e, 0x74, 0x72, 0x79, 0x5f, 0x70, 0x6f, 0x69, 0x6e, 0x74, 0x5f, 0x73, 0x79, 0x6d,
    0x62, 0x6f, 0x6c, 0xaf, 0x5f, 0x61, 0x6d, 0x64, 0x67, 0x70, 0x75, 0x5f, 0x63, 0x73, 0x5f, 0x6d, 0x61, 0x69, 0x6e,
    0xab, 0x2e, 0x73, 0x67, 0x70, 0x72, 0x5f, 0x63, 0x6f, 0x75, 0x6e, 0x74, 0x1e, 0xab, 0x2e, 0x76, 0x67, 0x70, 0x72,
    0x5f, 0x63, 0x6f, 0x75, 0x6e, 0x74, 0x24, 0xa9, 0x2e, 0x6c, 0x64, 0x73, 0x5f, 0x73, 0x69, 0x7a, 0x65, 0x00, 0xb4,
    0x2e, 0x73, 0x63, 0x72, 0x61, 0x74, 0x63, 0x68, 0x5f, 0x6d, 0x65, 0x6d, 0x6f, 0x72, 0x79, 0x5f, 0x73, 0x69, 0x7a,
    0x65, 0x00, 0xb4, 0x2e, 0x66, 0x72, 0x6f, 0x6e, 0x74, 0x65, 0x6e, 0x64, 0x5f, 0x73, 0x74, 0x61, 0x63, 0x6b, 0x5f,
    0x73, 0x69, 0x7a, 0x65, 0x00, 0xb3, 0x2e, 0x62, 0x61, 0x63, 0x6b, 0x65, 0x6e, 0x64, 0x5f, 0x73, 0x74, 0x61, 0x63,
    0x6b, 0x5f, 0x73, 0x69, 0x7a, 0x65, 0x00, 0xb6, 0x2e, 0x70, 0x65, 0x72, 0x66, 0x5f, 0x64, 0x61, 0x74, 0x61, 0x5f,
    0x62, 0x75, 0x66, 0x66, 0x65, 0x72, 0x5f, 0x73, 0x69, 0x7a, 0x65, 0x00, 0xaa, 0x2e, 0x75, 0x73, 0x65, 0x73, 0x5f,
    0x75, 0x61, 0x76, 0x73, 0xc3, 0xac, 0x2e, 0x77, 0x72, 0x69, 0x74, 0x65, 0x73, 0x5f, 0x75, 0x61, 0x76, 0x73, 0xc3,
    0xb4, 0x2e, 0x75, 0x73, 0x65, 0x73, 0x5f, 0x61, 0x70, 0x70, 0x65, 0x6e, 0x64, 0x5f, 0x63, 0x6f, 0x6e, 0x73, 0x75,
    0x6d, 0x65, 0xc2, 0xaf, 0x2e, 0x77, 0x61, 0x76, 0x65, 0x66, 0x72, 0x6f, 0x6e, 0x74, 0x5f, 0x73, 0x69, 0x7a, 0x65,
    0x40, 0xb2, 0x2e, 0x75, 0x73, 0x65, 0x72, 0x5f, 0x64, 0x61, 0x74, 0x61, 0x5f, 0x72, 0x65, 0x67, 0x5f, 0x6d, 0x61,
    0x70, 0xdc, 0x00, 0x20, 0xce, 0xff, 0xff, 0xff, 0xff, 0xce, 0xff, 0xff, 0xff, 0xff, 0x00, 0xce, 0xff, 0xff, 0xff,
    0xff, 0xce, 0xff, 0xff, 0xff, 0xff, 0xce, 0xff, 0xff, 0xff, 0xff, 0xce, 0xff, 0xff, 0xff, 0xff, 0xce, 0xff, 0xff,
    0xff, 0xff, 0xce, 0xff, 0xff, 0xff, 0xff, 0xce, 0xff, 0xff, 0xff, 0xff, 0xce, 0xff, 0xff, 0xff, 0xff, 0xce, 0xff,
    0xff, 0xff, 0xff, 0xce, 0xff, 0xff, 0xff, 0xff, 0xce, 0xff, 0xff, 0xff, 0xff, 0xce, 0xff, 0xff, 0xff, 0xff, 0xce,
    0xff, 0xff, 0xff, 0xff, 0xce, 0xff, 0xff, 0xff, 0xff, 0xce, 0xff, 0xff, 0xff, 0xff, 0xce, 0xff, 0xff, 0xff, 0xff,
    0xce, 0xff, 0xff, 0xff, 0xff, 0xce, 0xff, 0xff, 0xff, 0xff, 0xce, 0xff, 0xff, 0xff, 0xff, 0xce, 0xff, 0xff, 0xff,
    0xff, 0xce, 0xff, 0xff, 0xff, 0xff, 0xce, 0xff, 0xff, 0xff, 0xff, 0xce, 0xff, 0xff, 0xff, 0xff, 0xce, 0xff, 0xff,
    0xff, 0xff, 0xce, 0xff, 0xff, 0xff, 0xff, 0xce, 0xff, 0xff, 0xff, 0xff, 0xce, 0xff, 0xff, 0xff, 0xff, 0xce, 0xff,
    0xff, 0xff, 0xff, 0xce, 0xff, 0xff, 0xff, 0xff, 0xb7, 0x2e, 0x74, 0x68, 0x72, 0x65, 0x61, 0x64, 0x67, 0x72, 0x6f,
    0x75, 0x70, 0x5f, 0x64, 0x69, 0x6d, 0x65, 0x6e, 0x73, 0x69, 0x6f, 0x6e, 0x73, 0x93, 0x08, 0x08, 0x01, 0xab, 0x2e,
    0x66, 0x6c, 0x6f, 0x61, 0x74, 0x5f, 0x6d, 0x6f, 0x64, 0x65, 0xcc, 0xc0, 0xae, 0x2e, 0x66, 0x70, 0x31, 0x36, 0x5f,
    0x6f, 0x76, 0x65, 0x72, 0x66, 0x6c, 0x6f, 0x77, 0xc2, 0xaa, 0x2e, 0x69, 0x65, 0x65, 0x65, 0x5f, 0x6d, 0x6f, 0x64,
    0x65, 0xc2, 0xa9, 0x2e, 0x77, 0x67, 0x70, 0x5f, 0x6d, 0x6f, 0x64, 0x65, 0xc2, 0xac, 0x2e, 0x6d, 0x65, 0x6d, 0x5f,
    0x6f, 0x72, 0x64, 0x65, 0x72, 0x65, 0x64, 0xc2, 0xb1, 0x2e, 0x66, 0x6f, 0x72, 0x77, 0x61, 0x72, 0x64, 0x5f, 0x70,
    0x72, 0x6f, 0x67, 0x72, 0x65, 0x73, 0x73, 0xc2, 0xab, 0x2e, 0x75, 0x73, 0x65, 0x72, 0x5f, 0x73, 0x67, 0x70, 0x72,
    0x73, 0x03, 0xa8, 0x2e, 0x65, 0x78, 0x63, 0x70, 0x5f, 0x65, 0x6e, 0x00, 0xab, 0x2e, 0x73, 0x63, 0x72, 0x61, 0x74,
    0x63, 0x68, 0x5f, 0x65, 0x6e, 0xc2, 0xad, 0x2e, 0x74, 0x72, 0x61, 0x70, 0x5f, 0x70, 0x72, 0x65, 0x73, 0x65, 0x6e,
    0x74, 0xc2, 0xb0, 0x2e, 0x73, 0x68, 0x61, 0x72, 0x65, 0x64, 0x5f, 0x76, 0x67, 0x70, 0x72, 0x5f, 0x63, 0x6e, 0x74,
    0x00, 0xad, 0x2e, 0x77, 0x61, 0x76, 0x65, 0x73, 0x5f, 0x70, 0x65, 0x72, 0x5f, 0x73, 0x65, 0x00, 0xaf, 0x2e, 0x63,
    0x68, 0x65, 0x63, 0x6b, 0x73, 0x75, 0x6d, 0x5f, 0x76, 0x61, 0x6c, 0x75, 0x65, 0xce, 0x3a, 0x78, 0xb2, 0x20, 0xaa,
    0x2e, 0x72, 0x65, 0x67, 0x69, 0x73, 0x74, 0x65, 0x72, 0x73, 0x81, 0xcd, 0x2e, 0x42, 0x00, 0xa5, 0x2e, 0x6e, 0x61,
    0x6d, 0x65, 0xb2, 0x4d, 0x6c, 0x61, 0x61, 0x46, 0x69, 0x6e, 0x61, 0x6c, 0x42, 0x6c, 0x65, 0x6e, 0x64, 0x46, 0x61,
    0x73, 0x74, 0xb7, 0x2e, 0x69, 0x6e, 0x74, 0x65, 0x72, 0x6e, 0x61, 0x6c, 0x5f, 0x70, 0x69, 0x70, 0x65, 0x6c, 0x69,
    0x6e, 0x65, 0x5f, 0x68, 0x61, 0x73, 0x68, 0x92, 0xcf, 0x70, 0x98, 0xee, 0x9f, 0x80, 0x13, 0x4b, 0x84, 0xcf, 0xa1,
    0x0a, 0x31, 0x44, 0x81, 0xfa, 0xbb, 0x34, 0xb2, 0x2e, 0x63, 0x6f, 0x6d, 0x70, 0x75, 0x74, 0x65, 0x5f, 0x72, 0x65,
    0x67, 0x69, 0x73, 0x74, 0x65, 0x72, 0x73, 0x85, 0xaf, 0x2e, 0x74, 0x69, 0x64, 0x69, 0x67, 0x5f, 0x63, 0x6f, 0x6d,
    0x70, 0x5f, 0x63, 0x6e, 0x74, 0x01, 0xaa, 0x2e, 0x74, 0x67, 0x69, 0x64, 0x5f, 0x78, 0x5f, 0x65, 0x6e, 0xc3, 0xaa,
    0x2e, 0x74, 0x67, 0x69, 0x64, 0x5f, 0x79, 0x5f, 0x65, 0x6e, 0xc3, 0xaa, 0x2e, 0x74, 0x67, 0x69, 0x64, 0x5f, 0x7a,
    0x5f, 0x65, 0x6e, 0xc2, 0xab, 0x2e, 0x74, 0x67, 0x5f, 0x73, 0x69, 0x7a, 0x65, 0x5f, 0x65, 0x6e, 0xc2, 0xa4, 0x2e,
    0x61, 0x70, 0x69, 0xa7, 0x73, 0x63, 0x70, 0x63, 0x42, 0x6c, 0x64, 0x00, 0x00, 0x00, 0x00, 0x00, 0x00, 0x00, 0x00,
    0x00, 0x00, 0x00, 0x00, 0x00, 0x00, 0x00, 0x00, 0x00, 0x00, 0x00, 0x00, 0x00, 0x00, 0x00, 0x00, 0x00, 0x00, 0x00,
    0x00, 0x00, 0x00, 0x00, 0x00, 0x00, 0x00, 0x00, 0x00, 0x00, 0x00, 0x00, 0x00, 0x00, 0x00, 0x00, 0x00, 0x00, 0x00,
    0x00, 0x00, 0x00, 0x00, 0x00, 0x00, 0x00, 0x00, 0x00, 0x00, 0x00, 0x00, 0x00, 0x00, 0x00, 0x00, 0x00, 0x00, 0x00,
    0x00, 0x00, 0x01, 0x00, 0x00, 0x00, 0x03, 0x00, 0x00, 0x00, 0x00, 0x00, 0x00, 0x00, 0x00, 0x00, 0x00, 0x00, 0x00,
    0x00, 0x00, 0x00, 0x00, 0x00, 0x00, 0x00, 0x40, 0x00, 0x00, 0x00, 0x00, 0x00, 0x00, 0x00, 0x36, 0x00, 0x00, 0x00,
    0x00, 0x00, 0x00, 0x00, 0x00, 0x00, 0x00, 0x00, 0x00, 0x00, 0x00, 0x00, 0x00, 0x00, 0x00, 0x00, 0x00, 0x00, 0x00,
    0x00, 0x00, 0x00, 0x00, 0x00, 0x00, 0x00, 0x00, 0x00, 0x0b, 0x00, 0x00, 0x00, 0x01, 0x00, 0x00, 0x00, 0x06, 0x00,
    0x00, 0x00, 0x00, 0x00, 0x00, 0x00, 0x00, 0x00, 0x00, 0x00, 0x00, 0x00, 0x00, 0x00, 0x76, 0x00, 0x00, 0x00, 0x00,
    0x00, 0x00, 0x00, 0x60, 0x0b, 0x00, 0x00, 0x00, 0x00, 0x00, 0x00, 0x00, 0x00, 0x00, 0x00, 0x00, 0x00, 0x00, 0x00,
    0x00, 0x01, 0x00, 0x00, 0x00, 0x00, 0x00, 0x00, 0x00, 0x00, 0x00, 0x00, 0x00, 0x00, 0x00, 0x00, 0x11, 0x00, 0x00,
    0x00, 0x01, 0x00, 0x00, 0x00, 0x03, 0x00, 0x00, 0x00, 0x00, 0x00, 0x00, 0x00, 0x00, 0x00, 0x00, 0x00, 0x00, 0x00,
    0x00, 0x00, 0xd6, 0x0b, 0x00, 0x00, 0x00, 0x00, 0x00, 0x00, 0x10, 0x00, 0x00, 0x00, 0x00, 0x00, 0x00, 0x00, 0x00,
    0x00, 0x00, 0x00, 0x00, 0x00, 0x00, 0x00, 0x20, 0x00, 0x00, 0x00, 0x00, 0x00, 0x00, 0x00, 0x00, 0x00, 0x00, 0x00,
    0x00, 0x00, 0x00, 0x00, 0x17, 0x00, 0x00, 0x00, 0x01, 0x00, 0x00, 0x00, 0x00, 0x00, 0x00, 0x00, 0x00, 0x00, 0x00,
    0x00, 0x00, 0x00, 0x00, 0x00, 0x00, 0x00, 0x00, 0x00, 0xe6, 0x0b, 0x00, 0x00, 0x00, 0x00, 0x00, 0x00, 0x50, 0x00,
    0x00, 0x00, 0x00, 0x00, 0x00, 0x00, 0x00, 0x00, 0x00, 0x00, 0x00, 0x00, 0x00, 0x00, 0x00, 0x00, 0x00, 0x00, 0x00,
    0x00, 0x00, 0x00, 0x00, 0x00, 0x00, 0x00, 0x00, 0x00, 0x00, 0x00, 0x20, 0x00, 0x00, 0x00, 0x03, 0x00, 0x00, 0x00,
    0x00, 0x00, 0x00, 0x00, 0x00, 0x00, 0x00, 0x00, 0x00, 0x00, 0x00, 0x00, 0x00, 0x00, 0x00, 0x00, 0x36, 0x0c, 0x00,
    0x00, 0x00, 0x00, 0x00, 0x00, 0x2b, 0x00, 0x00, 0x00, 0x00, 0x00, 0x00, 0x00, 0x00, 0x00, 0x00, 0x00, 0x00, 0x00,
    0x00, 0x00, 0x00, 0x00, 0x00, 0x00, 0x00, 0x00, 0x00, 0x00, 0x00, 0x00, 0x00, 0x00, 0x00, 0x00, 0x00, 0x00, 0x28,
    0x00, 0x00, 0x00, 0x02, 0x00, 0x00, 0x00, 0x00, 0x00, 0x00, 0x00, 0x00, 0x00, 0x00, 0x00, 0x00, 0x00, 0x00, 0x00,
    0x00, 0x00, 0x00, 0x00, 0x61, 0x0c, 0x00, 0x00, 0x00, 0x00, 0x00, 0x00, 0x48, 0x00, 0x00, 0x00, 0x00, 0x00, 0x00,
    0x00, 0x05, 0x00, 0x00, 0x00, 0x00, 0x00, 0x00, 0x00, 0x00, 0x00, 0x00, 0x00, 0x00, 0x00, 0x00, 0x00, 0x18, 0x00,
    0x00, 0x00, 0x00, 0x00, 0x00, 0x00, 0x30, 0x00, 0x00, 0x00, 0x07, 0x00, 0x00, 0x00, 0x00, 0x00, 0x00, 0x00, 0x00,
    0x00, 0x00, 0x00, 0x00, 0x00, 0x00, 0x00, 0x00, 0x00, 0x00, 0x00, 0xa9, 0x0c, 0x00, 0x00, 0x00, 0x00, 0x00, 0x00,
    0x28, 0x04, 0x00, 0x00, 0x00, 0x00, 0x00, 0x00, 0x00, 0x00, 0x00, 0x00, 0x00, 0x00, 0x00, 0x00, 0x00, 0x00, 0x00,
    0x00, 0x00, 0x00, 0x00, 0x00, 0x00, 0x00, 0x00, 0x00, 0x00, 0x00, 0x00, 0x00,
};
#endif

#if (PAL_BUILD_GFX12&& 0) || (PAL_BUILD_GFX12&& PAL_BUILD_NAVI48) || (PAL_BUILD_GFX12&& (PAL_BUILD_NAVI48&& 0)) || (PAL_BUILD_GFX12&& (0 && 0))
// Mlaa Calc Sep Edge Length compute shader binary
inline constexpr Util::uint8 MlaaCalcSepEdgeLength_Cs_4AC1E1C2[] =
{
    0x7f, 0x45, 0x4c, 0x46, 0x02, 0x01, 0x01, 0x41, 0x00, 0x00, 0x00, 0x00, 0x00, 0x00, 0x00, 0x00, 0x01, 0x00, 0xe0,
    0x00, 0x01, 0x00, 0x00, 0x00, 0x00, 0x00, 0x00, 0x00, 0x00, 0x00, 0x00, 0x00, 0x00, 0x00, 0x00, 0x00, 0x00, 0x00,
    0x00, 0x00, 0x54, 0x0b, 0x00, 0x00, 0x00, 0x00, 0x00, 0x00, 0x48, 0x05, 0x00, 0x00, 0x40, 0x00, 0x00, 0x00, 0x00,
    0x00, 0x40, 0x00, 0x08, 0x00, 0x01, 0x00, 0x00, 0x2e, 0x73, 0x68, 0x73, 0x74, 0x72, 0x74, 0x61, 0x62, 0x00, 0x2e,
    0x74, 0x65, 0x78, 0x74, 0x00, 0x2e, 0x64, 0x61, 0x74, 0x61, 0x00, 0x2e, 0x63, 0x6f, 0x6d, 0x6d, 0x65, 0x6e, 0x74,
    0x00, 0x2e, 0x73, 0x74, 0x72, 0x74, 0x61, 0x62, 0x00, 0x2e, 0x73, 0x79, 0x6d, 0x74, 0x61, 0x62, 0x00, 0x2e, 0x6e,
    0x6f, 0x74, 0x65, 0x00, 0x09, 0x20, 0x80, 0xb0, 0x80, 0x47, 0x84, 0xbe, 0x09, 0x00, 0x87, 0xbf, 0x05, 0x0f, 0x81,
    0xbe, 0x02, 0x00, 0x80, 0xbe, 0x00, 0xa1, 0x00, 0xf4, 0xa0, 0x00, 0x00, 0xf8, 0xff, 0x00, 0x02, 0x36, 0xff, 0x03,
    0x00, 0x00, 0x00, 0x00, 0x10, 0xd6, 0x00, 0x15, 0x29, 0x02, 0x73, 0xff, 0x02, 0x8b, 0xff, 0xff, 0x00, 0x00, 0x12,
    0x01, 0x87, 0xbf, 0x01, 0x00, 0x0b, 0xd6, 0x75, 0x10, 0x05, 0x04, 0x02, 0x00, 0x0b, 0xd6, 0x02, 0x10, 0x01, 0x04,
    0x00, 0x00, 0xc7, 0xbf, 0x12, 0x01, 0x87, 0xbf, 0x02, 0x00, 0x4e, 0xd4, 0x05, 0x02, 0x02, 0x00, 0x06, 0x04, 0x9c,
    0x7c, 0x02, 0x6a, 0xea, 0x8b, 0x09, 0x00, 0x87, 0xbf, 0x6a, 0x21, 0x82, 0xbe, 0x02, 0x01, 0xa5, 0xbf, 0x00, 0x62,
    0x00, 0xf4, 0x40, 0x00, 0x00, 0xf8, 0x00, 0x64, 0x00, 0xf4, 0x60, 0x00, 0x00, 0xf8, 0x00, 0x66, 0x00, 0xf4, 0x80,
    0x00, 0x00, 0xf8, 0x00, 0x00, 0xc7, 0xbf, 0x01, 0x00, 0x40, 0xd0, 0x00, 0x10, 0x00, 0x00, 0x01, 0x02, 0x00, 0x00,
    0x01, 0x00, 0x40, 0xd0, 0x03, 0x20, 0x00, 0x00, 0x01, 0x02, 0x00, 0x00, 0x01, 0x00, 0x40, 0xd0, 0x04, 0x30, 0x00,
    0x00, 0x01, 0x02, 0x00, 0x00, 0x02, 0x00, 0xc0, 0xbf, 0x81, 0x00, 0x0a, 0x36, 0x82, 0x00, 0x00, 0x36, 0x00, 0x00,
    0xc0, 0xbf, 0x04, 0xd7, 0x0e, 0x7e, 0x93, 0x01, 0x87, 0xbf, 0x20, 0x00, 0x45, 0xd4, 0x05, 0x01, 0x01, 0x00, 0x22,
    0x00, 0x45, 0xd4, 0x00, 0x01, 0x01, 0x00, 0xff, 0x08, 0x00, 0x36, 0x00, 0x80, 0x00, 0x00, 0x90, 0x08, 0x0a, 0x32,
    0x80, 0x08, 0x86, 0x7c, 0xc3, 0x01, 0x87, 0xbf, 0x26, 0x00, 0x42, 0xd4, 0x00, 0x01, 0x01, 0x00, 0xff, 0x06, 0x0c,
    0x36, 0x00, 0x80, 0x00, 0x00, 0x28, 0x00, 0x46, 0xd4, 0x03, 0x01, 0x01, 0x00, 0x90, 0x06, 0x10, 0x32, 0x24, 0x00,
    0x42, 0xd4, 0x06, 0x01, 0x01, 0x00, 0x03, 0xd7, 0x0c, 0x7e, 0x20, 0x28, 0xa8, 0x8b, 0x22, 0x6a, 0xaa, 0x8b, 0x20,
    0x24, 0xa0, 0x8b, 0x22, 0x26, 0xa2, 0x8b, 0x28, 0x2a, 0xac, 0x8c, 0x20, 0x22, 0xea, 0x8c, 0x09, 0x00, 0x87, 0xbf,
    0x2c, 0x6a, 0xea, 0x8c, 0x00, 0xa0, 0x04, 0xf4, 0xbd, 0x00, 0x00, 0xf8, 0x6a, 0x21, 0xa4, 0xbe, 0xbb, 0x00, 0xa5,
    0xbf, 0x04, 0x81, 0x87, 0x8a, 0x81, 0x04, 0x27, 0x84, 0x9e, 0xff, 0x88, 0xbf, 0x07, 0x81, 0x26, 0x84, 0x07, 0xc2,
    0x07, 0x87, 0xff, 0xff, 0x26, 0xb8, 0xc1, 0x04, 0x04, 0x84, 0x9e, 0xff, 0x88, 0xbf, 0x07, 0x02, 0x10, 0x4a, 0x09,
    0x00, 0x55, 0xd6, 0x26, 0x04, 0x0a, 0x02, 0x27, 0x04, 0x0e, 0x4a, 0x93, 0x01, 0x87, 0xbf, 0x0b, 0x00, 0x64, 0xd6,
    0x08, 0x01, 0x15, 0x00, 0x08, 0x00, 0x64, 0xd6, 0x09, 0x01, 0x19, 0x00, 0x07, 0x04, 0x12, 0x4a, 0x06, 0x04, 0x18,
    0x22, 0x04, 0x02, 0x00, 0x4a, 0x0a, 0x00, 0x55, 0xd6, 0x26, 0x02, 0x0a, 0x02, 0x05, 0x02, 0x1c, 0x22, 0x09, 0x00,
    0x64, 0xd6, 0x09, 0x01, 0x19, 0x00, 0x0d, 0x00, 0x64, 0xd6, 0x07, 0x01, 0x19, 0x00, 0x44, 0x01, 0x87, 0xbf, 0x0a,
    0x00, 0x64, 0xd6, 0x0a, 0x01, 0x15, 0x00, 0x0f, 0x00, 0x64, 0xd6, 0x00, 0x01, 0x15, 0x00, 0x04, 0x04, 0x0c, 0x4a,
    0x27, 0x02, 0x0a, 0x4a, 0x10, 0x00, 0x64, 0xd6, 0x06, 0x01, 0x19, 0x00, 0x02, 0x00, 0x87, 0xbf, 0x12, 0x00, 0x64,
    0xd6, 0x05, 0x01, 0x15, 0x00, 0x03, 0x00, 0x85, 0xbf, 0x01, 0x00, 0x40, 0xd0, 0x0f, 0x10, 0x00, 0x00, 0x0f, 0x0c,
    0x00, 0x00, 0x01, 0x00, 0x40, 0xd0, 0x11, 0x10, 0x00, 0x00, 0x12, 0x0c, 0x00, 0x00, 0x01, 0x00, 0x40, 0xd0, 0x0d,
    0x10, 0x00, 0x00, 0x0e, 0x0d, 0x00, 0x00, 0x01, 0x00, 0x40, 0xd0, 0x10, 0x10, 0x00, 0x00, 0x0e, 0x10, 0x00, 0x00,
    0x03, 0x00, 0x85, 0xbf, 0x01, 0x00, 0x40, 0xd0, 0x09, 0x30, 0x00, 0x00, 0x0e, 0x09, 0x00, 0x00, 0x01, 0x00, 0x40,
    0xd0, 0x08, 0x30, 0x00, 0x00, 0x0e, 0x08, 0x00, 0x00, 0x01, 0x00, 0x40, 0xd0, 0x0e, 0x30, 0x00, 0x00, 0x01, 0x07,
    0x00, 0x00, 0x01, 0x00, 0x40, 0xd0, 0x13, 0x30, 0x00, 0x00, 0x01, 0x06, 0x00, 0x00, 0x03, 0x00, 0x85, 0xbf, 0x01,
    0x00, 0x40, 0xd0, 0x0a, 0x20, 0x00, 0x00, 0x0a, 0x0c, 0x00, 0x00, 0x01, 0x00, 0x40, 0xd0, 0x0b, 0x20, 0x00, 0x00,
    0x0b, 0x0c, 0x00, 0x00, 0x01, 0x00, 0x40, 0xd0, 0x0c, 0x20, 0x00, 0x00, 0x00, 0x02, 0x00, 0x00, 0x01, 0x00, 0x40,
    0xd0, 0x12, 0x20, 0x00, 0x00, 0x05, 0x02, 0x00, 0x00, 0x90, 0x06, 0x28, 0x32, 0x90, 0x08, 0x2a, 0x32, 0x03, 0xd7,
    0x06, 0x7e, 0x04, 0xd7, 0x08, 0x7e, 0x03, 0x00, 0x87, 0xbf, 0xff, 0x2a, 0x2e, 0x38, 0x00, 0x80, 0x00, 0x00, 0x07,
    0x00, 0xc0, 0xbf, 0x0a, 0x00, 0x41, 0xd4, 0x09, 0x01, 0x01, 0x00, 0x82, 0x1a, 0x12, 0x36, 0x06, 0x0e, 0x1a, 0x26,
    0x05, 0x00, 0xc0, 0xbf, 0x0e, 0x00, 0x10, 0xd6, 0x0e, 0x21, 0x3d, 0x02, 0x03, 0x00, 0xc0, 0xbf, 0x08, 0x00, 0x41,
    0xd4, 0x0a, 0x01, 0x01, 0x00, 0x81, 0x1e, 0x14, 0x36, 0x0c, 0x00, 0x42, 0xd4, 0x09, 0x01, 0x01, 0x00, 0x05, 0x00,
    0x12, 0x26, 0xa3, 0x01, 0x87, 0xbf, 0x10, 0x00, 0x42, 0xd4, 0x0a, 0x01, 0x01, 0x00, 0x06, 0x0c, 0x14, 0x26, 0x80,
    0x12, 0x1e, 0x4c, 0x80, 0x0c, 0x12, 0x4c, 0xff, 0x10, 0x0c, 0x36, 0x00, 0x80, 0x00, 0x00, 0xb4, 0x01, 0x87, 0xbf,
    0x80, 0x14, 0x14, 0x4c, 0x01, 0x00, 0xc0, 0xbf, 0x0c, 0x00, 0x10, 0xd6, 0x0c, 0x21, 0x3d, 0x02, 0x12, 0x00, 0x45,
    0xd4, 0x06, 0x01, 0x01, 0x00, 0x82, 0x20, 0x0c, 0x36, 0xa4, 0x01, 0x87, 0xbf, 0x06, 0x00, 0x45, 0xd4, 0x09, 0x15,
    0x02, 0x00, 0xff, 0x16, 0x12, 0x36, 0x00, 0x80, 0x00, 0x00, 0x14, 0x00, 0x42, 0xd4, 0x06, 0x01, 0x01, 0x00, 0x81,
    0x22, 0x0c, 0x36, 0x05, 0x0a, 0x14, 0x26, 0x94, 0x01, 0x87, 0xbf, 0x16, 0x00, 0x45, 0xd4, 0x09, 0x01, 0x01, 0x00,
    0x04, 0x00, 0x42, 0xd4, 0x06, 0x01, 0x01, 0x00, 0x0e, 0x00, 0x45, 0xd4, 0x07, 0x1b, 0x02, 0x00, 0xd4, 0x01, 0x87,
    0xbf, 0x18, 0x00, 0x45, 0xd4, 0x05, 0x15, 0x02, 0x00, 0x27, 0x18, 0x2c, 0x4a, 0x00, 0x00, 0xc0, 0xbf, 0xff, 0x24,
    0x18, 0x36, 0xff, 0x7f, 0x00, 0x00, 0xff, 0x26, 0x0e, 0x36, 0xff, 0x7f, 0x00, 0x00, 0x12, 0x00, 0x01, 0xd5, 0x14,
    0x2d, 0xa2, 0x00, 0x03, 0x00, 0x87, 0xbf, 0x27, 0x18, 0x18, 0x4a, 0x27, 0x1c, 0x1c, 0x4a, 0xff, 0x28, 0x2c, 0x38,
    0x00, 0x80, 0x00, 0x00, 0x27, 0x0e, 0x0e, 0x4a, 0xff, 0x08, 0x26, 0x38, 0x00, 0x80, 0x00, 0x00, 0xff, 0x06, 0x10,
    0x38, 0x00, 0x80, 0x00, 0x00, 0x80, 0x00, 0x00, 0x4c, 0x0c, 0x00, 0x01, 0xd5, 0x03, 0x19, 0x82, 0x00, 0x0e, 0x00,
    0x01, 0xd5, 0x15, 0x1d, 0xaa, 0x00, 0x14, 0x00, 0x01, 0xd5, 0x14, 0x2d, 0xa2, 0x00, 0x15, 0x00, 0x01, 0xd5, 0x15,
    0x2f, 0xaa, 0x00, 0x07, 0x00, 0x01, 0xd5, 0x04, 0x0f, 0x8a, 0x00, 0x04, 0x00, 0x01, 0xd5, 0x04, 0x27, 0x8a, 0x00,
    0x03, 0x00, 0x01, 0xd5, 0x03, 0x11, 0x82, 0x00, 0x00, 0x1f, 0x8a, 0x7c, 0x08, 0x10, 0x88, 0x8c, 0x16, 0x04, 0x84,
    0x8c, 0x0a, 0x0c, 0x8a, 0x8c, 0x12, 0x14, 0x8c, 0x8c, 0x9e, 0xff, 0x88, 0xbf, 0x04, 0x18, 0x84, 0x8c, 0x0a, 0x0e,
    0x8a, 0x8c, 0x08, 0x6a, 0x88, 0x8c, 0x0c, 0x06, 0xea, 0x8c, 0x83, 0x04, 0x87, 0xbf, 0x07, 0x09, 0x0e, 0x02, 0x08,
    0x00, 0x01, 0xd5, 0x12, 0x29, 0x22, 0x00, 0x05, 0x00, 0x01, 0xd5, 0x0e, 0x2b, 0x2a, 0x00, 0x9e, 0xff, 0x88, 0xbf,
    0x06, 0x00, 0x01, 0xd5, 0x0c, 0x07, 0x12, 0x00, 0x24, 0x01, 0xfe, 0xbe, 0x00, 0x61, 0x00, 0xf4, 0x00, 0x00, 0x00,
    0xf8, 0x00, 0x63, 0x00, 0xf4, 0x20, 0x00, 0x00, 0xf8, 0x00, 0x00, 0x44, 0xd6, 0x08, 0x0d, 0xfe, 0x03, 0x00, 0x01,
    0x04, 0x05, 0x03, 0x00, 0x44, 0xd6, 0x05, 0x0f, 0xfe, 0x03, 0x00, 0x01, 0x04, 0x05, 0x00, 0x00, 0xc7, 0xbf, 0x01,
    0x80, 0x41, 0xd0, 0x00, 0x08, 0x08, 0x00, 0x01, 0x02, 0x00, 0x00, 0x01, 0x80, 0x41, 0xd0, 0x03, 0x18, 0x08, 0x00,
    0x01, 0x02, 0x00, 0x00, 0x00, 0x00, 0x80, 0xbf, 0x03, 0x00, 0xb6, 0xbf, 0x00, 0x00, 0xb0, 0xbf, 0x00, 0x00, 0x9f,
    0xbf, 0x00, 0x00, 0x9f, 0xbf, 0x00, 0x00, 0x9f, 0xbf, 0x00, 0x00, 0x9f, 0xbf, 0x00, 0x00, 0x9f, 0xbf, 0x00, 0x00,
    0x9f, 0xbf, 0x00, 0x00, 0x9f, 0xbf, 0x00, 0x00, 0x9f, 0xbf, 0x00, 0x00, 0x9f, 0xbf, 0x00, 0x00, 0x9f, 0xbf, 0x00,
    0x00, 0x9f, 0xbf, 0x00, 0x00, 0x9f, 0xbf, 0x00, 0x00, 0x9f, 0xbf, 0x00, 0x00, 0x9f, 0xbf, 0x00, 0x00, 0x9f, 0xbf,
    0x00, 0x00, 0x9f, 0xbf, 0x00, 0x00, 0x9f, 0xbf, 0x00, 0x00, 0x9f, 0xbf, 0x00, 0x00, 0x9f, 0xbf, 0x00, 0x00, 0x9f,
    0xbf, 0x00, 0x00, 0x9f, 0xbf, 0x00, 0x00, 0x9f, 0xbf, 0x00, 0x00, 0x9f, 0xbf, 0x00, 0x00, 0x9f, 0xbf, 0x00, 0x00,
    0x9f, 0xbf, 0x00, 0x00, 0x9f, 0xbf, 0x00, 0x00, 0x9f, 0xbf, 0x00, 0x00, 0x9f, 0xbf, 0x00, 0x00, 0x9f, 0xbf, 0x00,
    0x00, 0x9f, 0xbf, 0x00, 0x00, 0x9f, 0xbf, 0x00, 0x00, 0x9f, 0xbf, 0x00, 0x00, 0x9f, 0xbf, 0x00, 0x00, 0x9f, 0xbf,
    0x00, 0x00, 0x9f, 0xbf, 0x00, 0x00, 0x9f, 0xbf, 0x00, 0x00, 0x9f, 0xbf, 0x00, 0x00, 0x9f, 0xbf, 0x00, 0x00, 0x9f,
    0xbf, 0x00, 0x00, 0x9f, 0xbf, 0x00, 0x00, 0x9f, 0xbf, 0x00, 0x00, 0x9f, 0xbf, 0x00, 0x00, 0x9f, 0xbf, 0x00, 0x00,
    0x9f, 0xbf, 0x00, 0x00, 0x9f, 0xbf, 0x00, 0x00, 0x9f, 0xbf, 0x00, 0x00, 0x9f, 0xbf, 0x00, 0x00, 0x9f, 0xbf, 0x00,
    0x00, 0x9f, 0xbf, 0x00, 0x00, 0x9f, 0xbf, 0x00, 0x00, 0x9f, 0xbf, 0x00, 0x00, 0x9f, 0xbf, 0x00, 0x00, 0x9f, 0xbf,
    0x00, 0x00, 0x9f, 0xbf, 0x00, 0x00, 0x9f, 0xbf, 0x00, 0x00, 0x9f, 0xbf, 0x00, 0x00, 0x9f, 0xbf, 0x00, 0x00, 0x9f,
    0xbf, 0x00, 0x00, 0x9f, 0xbf, 0x00, 0x00, 0x9f, 0xbf, 0x00, 0x00, 0x9f, 0xbf, 0x00, 0x00, 0x9f, 0xbf, 0x00, 0x00,
    0x9f, 0xbf, 0x00, 0x00, 0x9f, 0xbf, 0x00, 0x00, 0x00, 0x00, 0x00, 0x00, 0x10, 0x00, 0x00, 0x00, 0x00, 0x00, 0xac,
    0xdf, 0x03, 0x10, 0x47, 0x65, 0x6e, 0x65, 0x72, 0x61, 0x74, 0x65, 0x64, 0x20, 0x62, 0x79, 0x20, 0x74, 0x68, 0x65,
    0x20, 0x41, 0x64, 0x76, 0x61, 0x6e, 0x63, 0x65, 0x64, 0x20, 0x4d, 0x69, 0x63, 0x72, 0x6f, 0x20, 0x44, 0x65, 0x76,
    0x69, 0x63, 0x65, 0x73, 0x2c, 0x20, 0x49, 0x6e, 0x63, 0x2e, 0x2c, 0x20, 0x50, 0x72, 0x6f, 0x70, 0x72, 0x69, 0x65,
    0x74, 0x61, 0x72, 0x79, 0x20, 0x47, 0x50, 0x55, 0x20, 0x53, 0x68, 0x61, 0x64, 0x65, 0x72, 0x20, 0x43, 0x6f, 0x6d,
    0x70, 0x69, 0x6c, 0x65, 0x72, 0x2e, 0x00, 0x00, 0x5f, 0x61, 0x6d, 0x64, 0x67, 0x70, 0x75, 0x5f, 0x63, 0x73, 0x5f,
    0x6d, 0x61, 0x69, 0x6e, 0x00, 0x5f, 0x61, 0x6d, 0x64, 0x67, 0x70, 0x75, 0x5f, 0x63, 0x73, 0x5f, 0x73, 0x68, 0x64,
    0x72, 0x5f, 0x69, 0x6e, 0x74, 0x72, 0x6c, 0x5f, 0x74, 0x62, 0x6c, 0x00, 0x00, 0x00, 0x00, 0x00, 0x00, 0x00, 0x00,
    0x00, 0x00, 0x00, 0x00, 0x00, 0x00, 0x00, 0x00, 0x00, 0x00, 0x00, 0x00, 0x00, 0x00, 0x00, 0x00, 0x00, 0x01, 0x00,
    0x00, 0x00, 0x12, 0x00, 0x02, 0x00, 0x00, 0x00, 0x00, 0x00, 0x00, 0x00, 0x00, 0x00, 0x80, 0x05, 0x00, 0x00, 0x00,
    0x00, 0x00, 0x00, 0x11, 0x00, 0x00, 0x00, 0x11, 0x00, 0x03, 0x00, 0x00, 0x00, 0x00, 0x00, 0x00, 0x00, 0x00, 0x00,
    0x10, 0x00, 0x00, 0x00, 0x00, 0x00, 0x00, 0x00, 0x07, 0x00, 0x00, 0x00, 0x73, 0x04, 0x00, 0x00, 0x20, 0x00, 0x00,
    0x00, 0x41, 0x4d, 0x44, 0x47, 0x50, 0x55, 0x00, 0x00, 0x82, 0xae, 0x61, 0x6d, 0x64, 0x70, 0x61, 0x6c, 0x2e, 0x76,
    0x65, 0x72, 0x73, 0x69, 0x6f, 0x6e, 0x92, 0x03, 0x06, 0xb0, 0x61, 0x6d, 0x64, 0x70, 0x61, 0x6c, 0x2e, 0x70, 0x69,
    0x70, 0x65, 0x6c, 0x69, 0x6e, 0x65, 0x73, 0x91, 0x8b, 0xa5, 0x2e, 0x74, 0x79, 0x70, 0x65, 0xa2, 0x43, 0x73, 0xae,
    0x2e, 0x72, 0x65, 0x73, 0x6f, 0x75, 0x72, 0x63, 0x65, 0x5f, 0x68, 0x61, 0x73, 0x68, 0xcf, 0x9e, 0xbd, 0xe0, 0x73,
    0x00, 0x98, 0xf3, 0x1e, 0xb0, 0x2e, 0x73, 0x70, 0x69, 0x6c, 0x6c, 0x5f, 0x74, 0x68, 0x72, 0x65, 0x73, 0x68, 0x6f,
    0x6c, 0x64, 0xcd, 0xff, 0xff, 0xb0, 0x2e, 0x75, 0x73, 0x65, 0x72, 0x5f, 0x64, 0x61, 0x74, 0x61, 0x5f, 0x6c, 0x69,
    0x6d, 0x69, 0x74, 0x01, 0xa8, 0x2e, 0x73, 0x68, 0x61, 0x64, 0x65, 0x72, 0x73, 0x81, 0xa8, 0x2e, 0x63, 0x6f, 0x6d,
    0x70, 0x75, 0x74, 0x65, 0x83, 0xb0, 0x2e, 0x61, 0x70, 0x69, 0x5f, 0x73, 0x68, 0x61, 0x64, 0x65, 0x72, 0x5f, 0x68,
    0x61, 0x73, 0x68, 0x92, 0xcf, 0xf6, 0xce, 0xcd, 0x8e, 0xdc, 0x35, 0x82, 0xda, 0xcf, 0x58, 0xef, 0x69, 0x13, 0xf5,
    0xcc, 0x01, 0xd9, 0xb1, 0x2e, 0x68, 0x61, 0x72, 0x64, 0x77, 0x61, 0x72, 0x65, 0x5f, 0x6d, 0x61, 0x70, 0x70, 0x69,
    0x6e, 0x67, 0x91, 0xa3, 0x2e, 0x63, 0x73, 0xaf, 0x2e, 0x73, 0x68, 0x61, 0x64, 0x65, 0x72, 0x5f, 0x73, 0x75, 0x62,
    0x74, 0x79, 0x70, 0x65, 0xa7, 0x55, 0x6e, 0x6b, 0x6e, 0x6f, 0x77, 0x6e, 0xb0, 0x2e, 0x68, 0x61, 0x72, 0x64, 0x77,
    0x61, 0x72, 0x65, 0x5f, 0x73, 0x74, 0x61, 0x67, 0x65, 0x73, 0x81, 0xa3, 0x2e, 0x63, 0x73, 0xde, 0x00, 0x1d, 0xb3,
    0x2e, 0x65, 0x6e, 0x74, 0x72, 0x79, 0x5f, 0x70, 0x6f, 0x69, 0x6e, 0x74, 0x5f, 0x73, 0x79, 0x6d, 0x62, 0x6f, 0x6c,
    0xaf, 0x5f, 0x61, 0x6d, 0x64, 0x67, 0x70, 0x75, 0x5f, 0x63, 0x73, 0x5f, 0x6d, 0x61, 0x69, 0x6e, 0xab, 0x2e, 0x73,
    0x67, 0x70, 0x72, 0x5f, 0x63, 0x6f, 0x75, 0x6e, 0x74, 0x2e, 0xab, 0x2e, 0x76, 0x67, 0x70, 0x72, 0x5f, 0x63, 0x6f,
    0x75, 0x6e, 0x74, 0x18, 0xa9, 0x2e, 0x6c, 0x64, 0x73, 0x5f, 0x73, 0x69, 0x7a, 0x65, 0x00, 0xb4, 0x2e, 0x73, 0x63,
    0x72, 0x61, 0x74, 0x63, 0x68, 0x5f, 0x6d, 0x65, 0x6d, 0x6f, 0x72, 0x79, 0x5f, 0x73, 0x69, 0x7a, 0x65, 0x00, 0xb4,
    0x2e, 0x66, 0x72, 0x6f, 0x6e, 0x74, 0x65, 0x6e, 0x64, 0x5f, 0x73, 0x74, 0x61, 0x63, 0x6b, 0x5f, 0x73, 0x69, 0x7a,
    0x65, 0x00, 0xb3, 0x2e, 0x62, 0x61, 0x63, 0x6b, 0x65, 0x6e, 0x64, 0x5f, 0x73, 0x74, 0x61, 0x63, 0x6b, 0x5f, 0x73,
    0x69, 0x7a, 0x65, 0x00, 0xb6, 0x2e, 0x70, 0x65, 0x72, 0x66, 0x5f, 0x64, 0x61, 0x74, 0x61, 0x5f, 0x62, 0x75, 0x66,
    0x66, 0x65, 0x72, 0x5f, 0x73, 0x69, 0x7a, 0x65, 0x00, 0xaa, 0x2e, 0x75, 0x73, 0x65, 0x73, 0x5f, 0x75, 0x61, 0x76,
    0x73, 0xc3, 0xac, 0x2e, 0x77, 0x72, 0x69, 0x74, 0x65, 0x73, 0x5f, 0x75, 0x61, 0x76, 0x73, 0xc3, 0xb4, 0x2e, 0x75,
    0x73, 0x65, 0x73, 0x5f, 0x61, 0x70, 0x70, 0x65, 0x6e, 0x64, 0x5f, 0x63, 0x6f, 0x6e, 0x73, 0x75, 0x6d, 0x65, 0xc2,
    0xaf, 0x2e, 0x77, 0x61, 0x76, 0x65, 0x66, 0x72, 0x6f, 0x6e, 0x74, 0x5f, 0x73, 0x69, 0x7a, 0x65, 0x40, 0xb2, 0x2e,
    0x75, 0x73, 0x65, 0x72, 0x5f, 0x64, 0x61, 0x74, 0x61, 0x5f, 0x72, 0x65, 0x67, 0x5f, 0x6d, 0x61, 0x70, 0xdc, 0x00,
    0x20, 0xce, 0xff, 0xff, 0xff, 0xff, 0xce, 0xff, 0xff, 0xff, 0xff, 0x00, 0xce, 0xff, 0xff, 0xff, 0xff, 0xce, 0xff,
    0xff, 0xff, 0xff, 0xce, 0xff, 0xff, 0xff, 0xff, 0xce, 0xff, 0xff, 0xff, 0xff, 0xce, 0xff, 0xff, 0xff, 0xff, 0xce,
    0xff, 0xff, 0xff, 0xff, 0xce, 0xff, 0xff, 0xff, 0xff, 0xce, 0xff, 0xff, 0xff, 0xff, 0xce, 0xff, 0xff, 0xff, 0xff,
    0xce, 0xff, 0xff, 0xff, 0xff, 0xce, 0xff, 0xff, 0xff, 0xff, 0xce, 0xff, 0xff, 0xff, 0xff, 0xce, 0xff, 0xff, 0xff,
    0xff, 0xce, 0xff, 0xff, 0xff, 0xff, 0xce, 0xff, 0xff, 0xff, 0xff, 0xce, 0xff, 0xff, 0xff, 0xff, 0xce, 0xff, 0xff,
    0xff, 0xff, 0xce, 0xff, 0xff, 0xff, 0xff, 0xce, 0xff, 0xff, 0xff, 0xff, 0xce, 0xff, 0xff, 0xff, 0xff, 0xce, 0xff,
    0xff, 0xff, 0xff, 0xce, 0xff, 0xff, 0xff, 0xff, 0xce, 0xff, 0xff, 0xff, 0xff, 0xce, 0xff, 0xff, 0xff, 0xff, 0xce,
    0xff, 0xff, 0xff, 0xff, 0xce, 0xff, 0xff, 0xff, 0xff, 0xce, 0xff, 0xff, 0xff, 0xff, 0xce, 0xff, 0xff, 0xff, 0xff,
    0xce, 0xff, 0xff, 0xff, 0xff, 0xb7, 0x2e, 0x74, 0x68, 0x72, 0x65, 0x61, 0x64, 0x67, 0x72, 0x6f, 0x75, 0x70, 0x5f,
    0x64, 0x69, 0x6d, 0x65, 0x6e, 0x73, 0x69, 0x6f, 0x6e, 0x73, 0x93, 0x08, 0x08, 0x01, 0xab, 0x2e, 0x66, 0x6c, 0x6f,
    0x61, 0x74, 0x5f, 0x6d, 0x6f, 0x64, 0x65, 0xcc, 0xc0, 0xae, 0x2e, 0x66, 0x70, 0x31, 0x36, 0x5f, 0x6f, 0x76, 0x65,
    0x72, 0x66, 0x6c, 0x6f, 0x77, 0xc2, 0xaa, 0x2e, 0x69, 0x65, 0x65, 0x65, 0x5f, 0x6d, 0x6f, 0x64, 0x65, 0xc2, 0xb9,
    0x2e, 0x64, 0x79, 0x6e, 0x61, 0x6d, 0x69, 0x63, 0x5f, 0x76, 0x67, 0x70, 0x72, 0x5f, 0x73, 0x61, 0x76, 0x65, 0x64,
    0x5f, 0x63, 0x6f, 0x75, 0x6e, 0x74, 0x00, 0xa9, 0x2e, 0x77, 0x67, 0x70, 0x5f, 0x6d, 0x6f, 0x64, 0x65, 0xc2, 0xac,
    0x2e, 0x6d, 0x65, 0x6d, 0x5f, 0x6f, 0x72, 0x64, 0x65, 0x72, 0x65, 0x64, 0xc2, 0xb1, 0x2e, 0x66, 0x6f, 0x72, 0x77,
    0x61, 0x72, 0x64, 0x5f, 0x70, 0x72, 0x6f, 0x67, 0x72, 0x65, 0x73, 0x73, 0xc2, 0xaf, 0x2e, 0x77, 0x67, 0x5f, 0x72,
    0x6f, 0x75, 0x6e, 0x64, 0x5f, 0x72, 0x6f, 0x62, 0x69, 0x6e, 0xc2, 0xab, 0x2e, 0x75, 0x73, 0x65, 0x72, 0x5f, 0x73,
    0x67, 0x70, 0x72, 0x73, 0x03, 0xa8, 0x2e, 0x65, 0x78, 0x63, 0x70, 0x5f, 0x65, 0x6e, 0x00, 0xab, 0x2e, 0x73, 0x63,
    0x72, 0x61, 0x74, 0x63, 0x68, 0x5f, 0x65, 0x6e, 0xc2, 0xad, 0x2e, 0x74, 0x72, 0x61, 0x70, 0x5f, 0x70, 0x72, 0x65,
    0x73, 0x65, 0x6e, 0x74, 0xc2, 0xb0, 0x2e, 0x73, 0x68, 0x61, 0x72, 0x65, 0x64, 0x5f, 0x76, 0x67, 0x70, 0x72, 0x5f,
    0x63, 0x6e, 0x74, 0x00, 0xad, 0x2e, 0x77, 0x61, 0x76, 0x65, 0x73, 0x5f, 0x70, 0x65, 0x72, 0x5f, 0x73, 0x65, 0x00,
    0xaf, 0x2e, 0x63, 0x68, 0x65, 0x63, 0x6b, 0x73, 0x75, 0x6d, 0x5f, 0x76, 0x61, 0x6c, 0x75, 0x65, 0xce, 0x87, 0xd8,
    0x27, 0x9e, 0xaa, 0x2e, 0x72, 0x65, 0x67, 0x69, 0x73, 0x74, 0x65, 0x72, 0x73, 0x81, 0xcd, 0x2e, 0x42, 0x00, 0xa5,
    0x2e, 0x6e, 0x61, 0x6d, 0x65, 0xb5, 0x4d, 0x6c, 0x61, 0x61, 0x43, 0x61, 0x6c, 0x63, 0x53, 0x65, 0x70, 0x45, 0x64,
    0x67, 0x65, 0x4c, 0x65, 0x6e, 0x67, 0x74, 0x68, 0xb7, 0x2e, 0x69, 0x6e, 0x74, 0x65, 0x72, 0x6e, 0x61, 0x6c, 0x5f,
    0x70, 0x69, 0x70, 0x65, 0x6c, 0x69, 0x6e, 0x65, 0x5f, 0x68, 0x61, 0x73, 0x68, 0x92, 0xcf, 0xbf, 0xd3, 0x85, 0x98,
    0x87, 0xd1, 0x19, 0x25, 0xcf, 0x08, 0x84, 0x29, 0xeb, 0x0e, 0x8b, 0x87, 0xe2, 0xb2, 0x2e, 0x63, 0x6f, 0x6d, 0x70,
    0x75, 0x74, 0x65, 0x5f, 0x72, 0x65, 0x67, 0x69, 0x73, 0x74, 0x65, 0x72, 0x73, 0x88, 0xaf, 0x2e, 0x74, 0x69, 0x64,
    0x69, 0x67, 0x5f, 0x63, 0x6f, 0x6d, 0x70, 0x5f, 0x63, 0x6e, 0x74, 0x01, 0xaa, 0x2e, 0x74, 0x67, 0x69, 0x64, 0x5f,
    0x78, 0x5f, 0x65, 0x6e, 0xc3, 0xaa, 0x2e, 0x74, 0x67, 0x69, 0x64, 0x5f, 0x79, 0x5f, 0x65, 0x6e, 0xc3, 0xaa, 0x2e,
    0x74, 0x67, 0x69, 0x64, 0x5f, 0x7a, 0x5f, 0x65, 0x6e, 0xc2, 0xab, 0x2e, 0x74, 0x67, 0x5f, 0x73, 0x69, 0x7a, 0x65,
    0x5f, 0x65, 0x6e, 0xc2, 0xb0, 0x2e, 0x64, 0x79, 0x6e, 0x61, 0x6d, 0x69, 0x63, 0x5f, 0x76, 0x67, 0x70, 0x72, 0x5f,
    0x65, 0x6e, 0xc2, 0xad, 0x2e, 0x78, 0x5f, 0x69, 0x6e, 0x74, 0x65, 0x72, 0x6c, 0x65, 0x61, 0x76, 0x65, 0x00, 0xad,
    0x2e, 0x79, 0x5f, 0x69, 0x6e, 0x74, 0x65, 0x72, 0x6c, 0x65, 0x61, 0x76, 0x65, 0x00, 0xa4, 0x2e, 0x61, 0x70, 0x69,
    0xa7, 0x73, 0x63, 0x70, 0x63, 0x42, 0x6c, 0x64, 0x00, 0x00, 0x00, 0x00, 0x00, 0x00, 0x00, 0x00, 0x00, 0x00, 0x00,
    0x00, 0x00, 0x00, 0x00, 0x00, 0x00, 0x00, 0x00, 0x00, 0x00, 0x00, 0x00, 0x00, 0x00, 0x00, 0x00, 0x00, 0x00, 0x00,
    0x00, 0x00, 0x00, 0x00, 0x00, 0x00, 0x00, 0x00, 0x00, 0x00, 0x00, 0x00, 0x00, 0x00, 0x00, 0x00, 0x00, 0x00, 0x00,
    0x00, 0x00, 0x00, 0x00, 0x00, 0x00, 0x00, 0x00, 0x00, 0x00, 0x00, 0x00, 0x00, 0x00, 0x00, 0x00, 0x00, 0x00, 0x00,
    0x01, 0x00, 0x00, 0x00, 0x03, 0x00, 0x00, 0x00, 0x00, 0x00, 0x00, 0x00, 0x00, 0x00, 0x00, 0x00, 0x00, 0x00, 0x00,
    0x00, 0x00, 0x00, 0x00, 0x00, 0x40, 0x00, 0x00, 0x00, 0x00, 0x00, 0x00, 0x00, 0x36, 0x00, 0x00, 0x00, 0x00, 0x00,
    0x00, 0x00, 0x00, 0x00, 0x00, 0x00, 0x00, 0x00, 0x00, 0x00, 0x00, 0x00, 0x00, 0x00, 0x00, 0x00, 0x00, 0x00, 0x00,
    0x00, 0x00, 0x00, 0x00, 0x00, 0x00, 0x00, 0x0b, 0x00, 0x00, 0x00, 0x01, 0x00, 0x00, 0x00, 0x06, 0x00, 0x00, 0x00,
    0x00, 0x00, 0x00, 0x00, 0x00, 0x00, 0x00, 0x00, 0x00, 0x00, 0x00, 0x00, 0x76, 0x00, 0x00, 0x00, 0x00, 0x00, 0x00,
    0x00, 0x80, 0x05, 0x00, 0x00, 0x00, 0x00, 0x00, 0x00, 0x00, 0x00, 0x00, 0x00, 0x00, 0x00, 0x00, 0x00, 0x00, 0x01,
    0x00, 0x00, 0x00, 0x00, 0x00, 0x00, 0x00, 0x00, 0x00, 0x00, 0x00, 0x00, 0x00, 0x00, 0x11, 0x00, 0x00, 0x00, 0x01,
    0x00, 0x00, 0x00, 0x03, 0x00, 0x00, 0x00, 0x00, 0x00, 0x00, 0x00, 0x00, 0x00, 0x00, 0x00, 0x00, 0x00, 0x00, 0x00,
    0xf6, 0x05, 0x00, 0x00, 0x00, 0x00, 0x00, 0x00, 0x10, 0x00, 0x00, 0x00, 0x00, 0x00, 0x00, 0x00, 0x00, 0x00, 0x00,
    0x00, 0x00, 0x00, 0x00, 0x00, 0x20, 0x00, 0x00, 0x00, 0x00, 0x00, 0x00, 0x00, 0x00, 0x00, 0x00, 0x00, 0x00, 0x00,
    0x00, 0x00, 0x17, 0x00, 0x00, 0x00, 0x01, 0x00, 0x00, 0x00, 0x00, 0x00, 0x00, 0x00, 0x00, 0x00, 0x00, 0x00, 0x00,
    0x00, 0x00, 0x00, 0x00, 0x00, 0x00, 0x00, 0x06, 0x06, 0x00, 0x00, 0x00, 0x00, 0x00, 0x00, 0x50, 0x00, 0x00, 0x00,
    0x00, 0x00, 0x00, 0x00, 0x00, 0x00, 0x00, 0x00, 0x00, 0x00, 0x00, 0x00, 0x00, 0x00, 0x00, 0x00, 0x00, 0x00, 0x00,
    0x00, 0x00, 0x00, 0x00, 0x00, 0x00, 0x00, 0x00, 0x00, 0x20, 0x00, 0x00, 0x00, 0x03, 0x00, 0x00, 0x00, 0x00, 0x00,
    0x00, 0x00, 0x00, 0x00, 0x00, 0x00, 0x00, 0x00, 0x00, 0x00, 0x00, 0x00, 0x00, 0x00, 0x56, 0x06, 0x00, 0x00, 0x00,
    0x00, 0x00, 0x00, 0x2b, 0x00, 0x00, 0x00, 0x00, 0x00, 0x00, 0x00, 0x00, 0x00, 0x00, 0x00, 0x00, 0x00, 0x00, 0x00,
    0x00, 0x00, 0x00, 0x00, 0x00, 0x00, 0x00, 0x00, 0x00, 0x00, 0x00, 0x00, 0x00, 0x00, 0x00, 0x00, 0x28, 0x00, 0x00,
    0x00, 0x02, 0x00, 0x00, 0x00, 0x00, 0x00, 0x00, 0x00, 0x00, 0x00, 0x00, 0x00, 0x00, 0x00, 0x00, 0x00, 0x00, 0x00,
    0x00, 0x00, 0x81, 0x06, 0x00, 0x00, 0x00, 0x00, 0x00, 0x00, 0x48, 0x00, 0x00, 0x00, 0x00, 0x00, 0x00, 0x00, 0x05,
    0x00, 0x00, 0x00, 0x00, 0x00, 0x00, 0x00, 0x00, 0x00, 0x00, 0x00, 0x00, 0x00, 0x00, 0x00, 0x18, 0x00, 0x00, 0x00,
    0x00, 0x00, 0x00, 0x00, 0x30, 0x00, 0x00, 0x00, 0x07, 0x00, 0x00, 0x00, 0x00, 0x00, 0x00, 0x00, 0x00, 0x00, 0x00,
    0x00, 0x00, 0x00, 0x00, 0x00, 0x00, 0x00, 0x00, 0x00, 0xc9, 0x06, 0x00, 0x00, 0x00, 0x00, 0x00, 0x00, 0x88, 0x04,
    0x00, 0x00, 0x00, 0x00, 0x00, 0x00, 0x00, 0x00, 0x00, 0x00, 0x00, 0x00, 0x00, 0x00, 0x00, 0x00, 0x00, 0x00, 0x00,
    0x00, 0x00, 0x00, 0x00, 0x00, 0x00, 0x00, 0x00, 0x00, 0x00, 0x00,
};

// Mlaa Calc Sep Edge Length Fast compute shader binary
inline constexpr Util::uint8 MlaaCalcSepEdgeLengthFast_Cs_4AC1E1C2[] =
{
    0x7f, 0x45, 0x4c, 0x46, 0x02, 0x01, 0x01, 0x41, 0x00, 0x00, 0x00, 0x00, 0x00, 0x00, 0x00, 0x00, 0x01, 0x00, 0xe0,
    0x00, 0x01, 0x00, 0x00, 0x00, 0x00, 0x00, 0x00, 0x00, 0x00, 0x00, 0x00, 0x00, 0x00, 0x00, 0x00, 0x00, 0x00, 0x00,
    0x00, 0x00, 0xc4, 0x0d, 0x00, 0x00, 0x00, 0x00, 0x00, 0x00, 0x48, 0x05, 0x00, 0x00, 0x40, 0x00, 0x00, 0x00, 0x00,
    0x00, 0x40, 0x00, 0x08, 0x00, 0x01, 0x00, 0x00, 0x2e, 0x73, 0x68, 0x73, 0x74, 0x72, 0x74, 0x61, 0x62, 0x00, 0x2e,
    0x74, 0x65, 0x78, 0x74, 0x00, 0x2e, 0x64, 0x61, 0x74, 0x61, 0x00, 0x2e, 0x63, 0x6f, 0x6d, 0x6d, 0x65, 0x6e, 0x74,
    0x00, 0x2e, 0x73, 0x74, 0x72, 0x74, 0x61, 0x62, 0x00, 0x2e, 0x73, 0x79, 0x6d, 0x74, 0x61, 0x62, 0x00, 0x2e, 0x6e,
    0x6f, 0x74, 0x65, 0x00, 0x09, 0x20, 0x80, 0xb0, 0x03, 0x00, 0xb5, 0xbf, 0x80, 0x47, 0x84, 0xbe, 0x09, 0x00, 0x87,
    0xbf, 0x05, 0x0f, 0x81, 0xbe, 0x02, 0x00, 0x80, 0xbe, 0x80, 0x20, 0x00, 0xf4, 0x44, 0x00, 0x00, 0xf8, 0xff, 0x00,
    0x02, 0x36, 0xff, 0x03, 0x00, 0x00, 0x00, 0x00, 0x10, 0xd6, 0x00, 0x15, 0x29, 0x02, 0x73, 0xff, 0x04, 0x8b, 0xff,
    0xff, 0x00, 0x00, 0x12, 0x01, 0x87, 0xbf, 0x02, 0x00, 0x0b, 0xd6, 0x75, 0x10, 0x05, 0x04, 0x04, 0x00, 0x0b, 0xd6,
    0x04, 0x10, 0x01, 0x04, 0x00, 0x00, 0xc7, 0xbf, 0x12, 0x01, 0x87, 0xbf, 0x04, 0x00, 0x4e, 0xd4, 0x02, 0x04, 0x02,
    0x00, 0x03, 0x08, 0x9c, 0x7c, 0x04, 0x6a, 0xea, 0x8b, 0x09, 0x00, 0x87, 0xbf, 0x6a, 0x21, 0x84, 0xbe, 0x9b, 0x01,
    0xa5, 0xbf, 0x00, 0x62, 0x00, 0xf4, 0x20, 0x00, 0x00, 0xf8, 0x02, 0x04, 0x00, 0x22, 0x03, 0x08, 0x06, 0x22, 0x00,
    0x00, 0xc7, 0xbf, 0x01, 0x00, 0x40, 0xd0, 0x00, 0x10, 0x00, 0x00, 0x00, 0x03, 0x00, 0x00, 0x00, 0x00, 0xc0, 0xbf,
    0x83, 0x00, 0x02, 0x36, 0x7e, 0x01, 0x86, 0xbe, 0x00, 0xa0, 0x04, 0xf4, 0x75, 0x01, 0x00, 0xf8, 0x01, 0x00, 0x87,
    0xbf, 0x7e, 0x00, 0xcd, 0xd4, 0x01, 0x01, 0x01, 0x00, 0x71, 0x01, 0xa5, 0xbf, 0xc1, 0x08, 0x0c, 0x4a, 0xc1, 0x04,
    0x02, 0x4a, 0x81, 0x08, 0x0a, 0x4a, 0xc3, 0x01, 0x87, 0xbf, 0x03, 0x0c, 0x10, 0x26, 0xc2, 0x04, 0x0c, 0x4a, 0x81,
    0x04, 0x06, 0x4a, 0x03, 0x08, 0x0e, 0x26, 0x02, 0x0c, 0x18, 0x26, 0xc2, 0x08, 0x0c, 0x4a, 0x02, 0x02, 0x02, 0x26,
    0x03, 0x0a, 0x0a, 0x26, 0x02, 0x04, 0x14, 0x26, 0xc4, 0x01, 0x87, 0xbf, 0x03, 0x0c, 0x20, 0x26, 0xc3, 0x04, 0x0c,
    0x4a, 0x02, 0x06, 0x06, 0x26, 0x82, 0x04, 0x12, 0x4a, 0x02, 0x0c, 0x22, 0x26, 0xc3, 0x08, 0x0c, 0x4a, 0x82, 0x08,
    0x16, 0x4a, 0x94, 0x01, 0x87, 0xbf, 0x02, 0x12, 0x12, 0x26, 0x03, 0x0c, 0x30, 0x26, 0xc3, 0x01, 0x87, 0xbf, 0x03,
    0x16, 0x1a, 0x26, 0x83, 0x04, 0x16, 0x4a, 0x83, 0x08, 0x1c, 0x4a, 0x84, 0x04, 0x24, 0x4a, 0x02, 0x16, 0x28, 0x26,
    0xd3, 0x01, 0x87, 0xbf, 0x03, 0x1c, 0x2a, 0x26, 0x84, 0x08, 0x26, 0x4a, 0x85, 0x08, 0x2c, 0x4a, 0xc7, 0x04, 0x2e,
    0x4a, 0x87, 0x04, 0x34, 0x4a, 0x03, 0x2c, 0x3a, 0x26, 0x86, 0x08, 0x2c, 0x4a, 0x14, 0x02, 0x87, 0xbf, 0x02, 0x2e,
    0x2e, 0x26, 0x02, 0x34, 0x34, 0x26, 0x87, 0x08, 0x36, 0x4a, 0xc7, 0x08, 0x3c, 0x4a, 0x12, 0x01, 0x87, 0xbf, 0x03,
    0x36, 0x36, 0x26, 0x03, 0x3c, 0x3c, 0x26, 0x0b, 0x00, 0x85, 0xbf, 0x01, 0x00, 0x40, 0xd0, 0x01, 0x10, 0x00, 0x00,
    0x01, 0x07, 0x00, 0x00, 0x01, 0x00, 0x40, 0xd0, 0x03, 0x10, 0x00, 0x00, 0x03, 0x07, 0x00, 0x00, 0x01, 0x00, 0x40,
    0xd0, 0x05, 0x10, 0x00, 0x00, 0x0a, 0x05, 0x00, 0x00, 0x01, 0x00, 0x40, 0xd0, 0x06, 0x10, 0x00, 0x00, 0x0a, 0x08,
    0x00, 0x00, 0x01, 0x00, 0x40, 0xd0, 0x08, 0x10, 0x00, 0x00, 0x0c, 0x07, 0x00, 0x00, 0x01, 0x00, 0x40, 0xd0, 0x09,
    0x10, 0x00, 0x00, 0x09, 0x07, 0x00, 0x00, 0x01, 0x00, 0x40, 0xd0, 0x0b, 0x10, 0x00, 0x00, 0x0a, 0x0d, 0x00, 0x00,
    0x01, 0x00, 0x40, 0xd0, 0x0c, 0x10, 0x00, 0x00, 0x0a, 0x10, 0x00, 0x00, 0x01, 0x00, 0x40, 0xd0, 0x0d, 0x10, 0x00,
    0x00, 0x11, 0x07, 0x00, 0x00, 0x01, 0x00, 0x40, 0xd0, 0x0e, 0x10, 0x00, 0x00, 0x14, 0x07, 0x00, 0x00, 0x01, 0x00,
    0x40, 0xd0, 0x0f, 0x10, 0x00, 0x00, 0x0a, 0x15, 0x00, 0x00, 0x01, 0x00, 0x40, 0xd0, 0x10, 0x10, 0x00, 0x00, 0x0a,
    0x18, 0x00, 0x00, 0x02, 0x24, 0x28, 0x26, 0xc4, 0x04, 0x22, 0x4a, 0xc4, 0x08, 0x24, 0x4a, 0x03, 0x26, 0x2a, 0x26,
    0x93, 0x01, 0x87, 0xbf, 0x02, 0x22, 0x22, 0x26, 0x03, 0x24, 0x30, 0x26, 0xc5, 0x04, 0x24, 0x4a, 0x85, 0x04, 0x26,
    0x4a, 0x12, 0x01, 0x87, 0xbf, 0x02, 0x24, 0x32, 0x26, 0x02, 0x26, 0x38, 0x26, 0xc5, 0x08, 0x24, 0x4a, 0x86, 0x04,
    0x26, 0x4a, 0xa2, 0x00, 0x87, 0xbf, 0x03, 0x24, 0x40, 0x26, 0xc6, 0x04, 0x24, 0x4a, 0x02, 0x24, 0x42, 0x26, 0xb4,
    0x00, 0x87, 0xbf, 0x02, 0x26, 0x24, 0x26, 0x03, 0x2c, 0x26, 0x26, 0xc6, 0x08, 0x2c, 0x4a, 0x03, 0x2c, 0x2c, 0x26,
    0x0f, 0x00, 0x85, 0xbf, 0x01, 0x00, 0x40, 0xd0, 0x11, 0x10, 0x00, 0x00, 0x11, 0x07, 0x00, 0x00, 0x01, 0x00, 0x40,
    0xd0, 0x14, 0x10, 0x00, 0x00, 0x14, 0x07, 0x00, 0x00, 0x01, 0x00, 0x40, 0xd0, 0x15, 0x10, 0x00, 0x00, 0x0a, 0x15,
    0x00, 0x00, 0x01, 0x00, 0x40, 0xd0, 0x18, 0x10, 0x00, 0x00, 0x0a, 0x18, 0x00, 0x00, 0x01, 0x00, 0x40, 0xd0, 0x19,
    0x10, 0x00, 0x00, 0x19, 0x07, 0x00, 0x00, 0x01, 0x00, 0x40, 0xd0, 0x1c, 0x10, 0x00, 0x00, 0x1c, 0x07, 0x00, 0x00,
    0x01, 0x00, 0x40, 0xd0, 0x1d, 0x10, 0x00, 0x00, 0x0a, 0x1d, 0x00, 0x00, 0x01, 0x00, 0x40, 0xd0, 0x1f, 0x10, 0x00,
    0x00, 0x0a, 0x20, 0x00, 0x00, 0x01, 0x00, 0x40, 0xd0, 0x20, 0x10, 0x00, 0x00, 0x21, 0x07, 0x00, 0x00, 0x01, 0x00,
    0x40, 0xd0, 0x12, 0x10, 0x00, 0x00, 0x12, 0x07, 0x00, 0x00, 0x01, 0x00, 0x40, 0xd0, 0x13, 0x10, 0x00, 0x00, 0x0a,
    0x13, 0x00, 0x00, 0x01, 0x00, 0x40, 0xd0, 0x16, 0x10, 0x00, 0x00, 0x0a, 0x16, 0x00, 0x00, 0x01, 0x00, 0x40, 0xd0,
    0x17, 0x10, 0x00, 0x00, 0x17, 0x07, 0x00, 0x00, 0x01, 0x00, 0x40, 0xd0, 0x07, 0x10, 0x00, 0x00, 0x1a, 0x07, 0x00,
    0x00, 0x01, 0x00, 0x40, 0xd0, 0x1a, 0x10, 0x00, 0x00, 0x0a, 0x1b, 0x00, 0x00, 0x01, 0x00, 0x40, 0xd0, 0x0a, 0x10,
    0x00, 0x00, 0x0a, 0x1e, 0x00, 0x00, 0x00, 0x00, 0xb5, 0xbf, 0x81, 0x00, 0x36, 0x36, 0x82, 0x00, 0x00, 0x36, 0x12,
    0x01, 0x87, 0xbf, 0x80, 0x36, 0x8a, 0x7c, 0x02, 0x00, 0x45, 0xd4, 0x00, 0x01, 0x01, 0x00, 0x1b, 0x00, 0x01, 0xd5,
    0x80, 0x10, 0xa9, 0x01, 0x9f, 0xf1, 0x88, 0xbf, 0x00, 0x00, 0x01, 0xd5, 0x80, 0x10, 0x09, 0x00, 0x1b, 0x00, 0xc0,
    0xbf, 0x80, 0x02, 0x02, 0x02, 0x1a, 0x00, 0xc0, 0xbf, 0x80, 0x06, 0x06, 0x02, 0x19, 0x00, 0xc0, 0xbf, 0x05, 0x00,
    0x01, 0xd5, 0x80, 0x0a, 0x0a, 0x00, 0x93, 0x01, 0x87, 0xbf, 0x81, 0x02, 0x3c, 0x36, 0x81, 0x06, 0x06, 0x36, 0x33,
    0x02, 0x87, 0xbf, 0x82, 0x0a, 0x02, 0x36, 0x18, 0x00, 0xc0, 0xbf, 0x05, 0x00, 0x01, 0xd5, 0x80, 0x0c, 0x0a, 0x00,
    0x80, 0x3c, 0x84, 0x7c, 0x17, 0x00, 0xc0, 0xbf, 0x1e, 0x11, 0x3c, 0x36, 0x03, 0x00, 0x87, 0xbf, 0x82, 0x0a, 0x0c,
    0x36, 0x9d, 0xff, 0x88, 0xbf, 0x81, 0x36, 0x0a, 0x02, 0x80, 0x06, 0x84, 0x7c, 0x9d, 0xff, 0x88, 0xbf, 0x81, 0x36,
    0x42, 0x02, 0x80, 0x02, 0x84, 0x7c, 0x9d, 0xff, 0x88, 0xbf, 0x81, 0x00, 0x44, 0x02, 0x80, 0x0c, 0x84, 0x7c, 0x16,
    0x00, 0xc0, 0xbf, 0x03, 0x13, 0x10, 0x36, 0x14, 0x00, 0xc0, 0xbf, 0x06, 0x19, 0x06, 0x36, 0x81, 0x0a, 0x0c, 0x4a,
    0x1b, 0x0b, 0x0a, 0x38, 0x9d, 0xff, 0x88, 0xbf, 0x81, 0x00, 0x46, 0x02, 0x80, 0x3c, 0x8a, 0x7c, 0x01, 0x17, 0x02,
    0x36, 0x81, 0x42, 0x12, 0x4a, 0x9d, 0xff, 0x88, 0xbf, 0x05, 0x0d, 0x0a, 0x02, 0x1b, 0x43, 0x0c, 0x38, 0x81, 0x44,
    0x16, 0x4a, 0x00, 0x45, 0x18, 0x38, 0x80, 0x10, 0x8a, 0x7c, 0x9d, 0xff, 0x88, 0xbf, 0x04, 0x00, 0x87, 0xbf, 0x06,
    0x13, 0x12, 0x02, 0x80, 0x02, 0x8a, 0x7c, 0x81, 0x46, 0x0c, 0x4a, 0x9d, 0xff, 0x88, 0xbf, 0x0c, 0x17, 0x16, 0x02,
    0x00, 0x47, 0x18, 0x38, 0x13, 0x00, 0xc0, 0xbf, 0x1e, 0x1b, 0x3c, 0x36, 0x11, 0x00, 0xc0, 0xbf, 0x01, 0x1f, 0x1e,
    0x36, 0x81, 0x0a, 0x02, 0x4a, 0x1b, 0x0b, 0x44, 0x38, 0x80, 0x06, 0x8a, 0x7c, 0x9d, 0xff, 0x88, 0xbf, 0x0c, 0x0d,
    0x0c, 0x02, 0x08, 0x1d, 0x1c, 0x36, 0x80, 0x3c, 0x8a, 0x7c, 0x81, 0x12, 0x0a, 0x4a, 0x9d, 0xff, 0x88, 0xbf, 0x22,
    0x03, 0x02, 0x02, 0x1b, 0x13, 0x44, 0x38, 0x10, 0x00, 0xc0, 0xbf, 0x03, 0x21, 0x06, 0x36, 0x81, 0x16, 0x10, 0x4a,
    0x00, 0x17, 0x16, 0x38, 0x80, 0x1c, 0x8a, 0x7c, 0x9d, 0xff, 0x88, 0xbf, 0x22, 0x0b, 0x0a, 0x02, 0x80, 0x1e, 0x8a,
    0x7c, 0x81, 0x0c, 0x12, 0x4a, 0x00, 0x0d, 0x0c, 0x38, 0x0f, 0x00, 0xc0, 0xbf, 0x1e, 0x23, 0x3c, 0x36, 0x9d, 0xff,
    0x88, 0xbf, 0x0b, 0x11, 0x16, 0x02, 0x80, 0x06, 0x8a, 0x7c, 0x0c, 0x00, 0xc0, 0xbf, 0x03, 0x31, 0x10, 0x36, 0x81,
    0x02, 0x06, 0x4a, 0x1b, 0x03, 0x02, 0x38, 0x9d, 0xff, 0x88, 0xbf, 0x06, 0x13, 0x0c, 0x02, 0x0e, 0x29, 0x1c, 0x36,
    0x80, 0x3c, 0x8a, 0x7c, 0x81, 0x0a, 0x12, 0x4a, 0x9d, 0xff, 0x88, 0xbf, 0x01, 0x07, 0x02, 0x02, 0x1b, 0x0b, 0x06,
    0x38, 0x0f, 0x2b, 0x1e, 0x36, 0x80, 0x1c, 0x8a, 0x7c, 0x81, 0x16, 0x0a, 0x4a, 0x9d, 0xff, 0x88, 0xbf, 0xd4, 0x01,
    0x87, 0xbf, 0x03, 0x13, 0x12, 0x02, 0x00, 0x17, 0x06, 0x38, 0x80, 0x1e, 0x8a, 0x7c, 0x81, 0x0c, 0x16, 0x4a, 0x9d,
    0xff, 0x88, 0xbf, 0x03, 0x0b, 0x06, 0x02, 0x00, 0x0d, 0x0a, 0x38, 0x80, 0x10, 0x8a, 0x7c, 0x81, 0x02, 0x1a, 0x4a,
    0x9d, 0xff, 0x88, 0xbf, 0x03, 0x00, 0x87, 0xbf, 0x05, 0x17, 0x0c, 0x02, 0x0b, 0x00, 0xc0, 0xbf, 0x1e, 0x33, 0x16,
    0x36, 0x0a, 0x00, 0xc0, 0xbf, 0x0e, 0x39, 0x0a, 0x36, 0x1b, 0x03, 0x1c, 0x38, 0x53, 0x02, 0x87, 0xbf, 0x80, 0x16,
    0x8a, 0x7c, 0x09, 0x00, 0xc0, 0xbf, 0x0f, 0x3b, 0x18, 0x36, 0x81, 0x12, 0x02, 0x4a, 0x9d, 0xff, 0x88, 0xbf, 0x0e,
    0x1b, 0x1a, 0x02, 0x1b, 0x13, 0x1c, 0x38, 0x81, 0x06, 0x12, 0x4a, 0x00, 0x07, 0x06, 0x38, 0x80, 0x0a, 0x8a, 0x7c,
    0x08, 0x00, 0xc0, 0xbf, 0x08, 0x3f, 0x10, 0x36, 0x9d, 0xff, 0x88, 0xbf, 0x0e, 0x03, 0x02, 0x02, 0x80, 0x18, 0x8a,
    0x7c, 0x81, 0x0c, 0x1c, 0x4a, 0x9d, 0xff, 0x88, 0xbf, 0x03, 0x13, 0x06, 0x02, 0x00, 0x0d, 0x12, 0x38, 0x80, 0x10,
    0x8a, 0x7c, 0x06, 0x00, 0xc0, 0xbf, 0x05, 0x25, 0x0a, 0x36, 0x9d, 0xff, 0x88, 0xbf, 0xc3, 0x01, 0x87, 0xbf, 0x09,
    0x1d, 0x0c, 0x02, 0x0b, 0x41, 0x12, 0x36, 0x81, 0x1a, 0x16, 0x4a, 0x1b, 0x1b, 0x1a, 0x38, 0x80, 0x12, 0x8a, 0x7c,
    0x05, 0x00, 0xc0, 0xbf, 0x0c, 0x27, 0x18, 0x36, 0x81, 0x02, 0x1c, 0x4a, 0x9d, 0xff, 0x88, 0xbf, 0x04, 0x00, 0x87,
    0xbf, 0x0d, 0x17, 0x1a, 0x02, 0x1b, 0x03, 0x02, 0x38, 0x80, 0x0a, 0x8a, 0x7c, 0x02, 0x00, 0xc0, 0xbf, 0x05, 0x0f,
    0x0a, 0x36, 0x81, 0x06, 0x16, 0x4a, 0x00, 0x07, 0x20, 0x38, 0x9d, 0xff, 0x88, 0xbf, 0x01, 0x1d, 0x02, 0x02, 0x80,
    0x18, 0x8a, 0x7c, 0x08, 0x00, 0x45, 0xd4, 0x05, 0x01, 0x01, 0x00, 0x81, 0x0c, 0x06, 0x4a, 0x9d, 0xff, 0x88, 0xbf,
    0x10, 0x17, 0x16, 0x02, 0x00, 0x0d, 0x20, 0x38, 0x09, 0x2f, 0x0c, 0x36, 0x08, 0x2d, 0x10, 0x36, 0x01, 0x00, 0xc0,
    0xbf, 0x0c, 0x35, 0x0e, 0x36, 0x93, 0x01, 0x87, 0xbf, 0x02, 0x00, 0x45, 0xd4, 0x06, 0x01, 0x01, 0x00, 0x80, 0x10,
    0x8a, 0x7c, 0x9d, 0xff, 0x88, 0xbf, 0x10, 0x07, 0x06, 0x02, 0xd4, 0x01, 0x87, 0xbf, 0x80, 0x0e, 0x8a, 0x7c, 0x1b,
    0x03, 0x0e, 0x38, 0x81, 0x02, 0x02, 0x4a, 0x00, 0x17, 0x0a, 0x38, 0x81, 0x16, 0x0c, 0x4a, 0x0c, 0x00, 0x01, 0xd5,
    0x07, 0x03, 0x22, 0x00, 0x00, 0x00, 0xc0, 0xbf, 0x08, 0x15, 0x0e, 0x36, 0x9d, 0xff, 0x88, 0xbf, 0x03, 0x00, 0x87,
    0xbf, 0x05, 0x0d, 0x16, 0x02, 0x1b, 0x1b, 0x0c, 0x38, 0x81, 0x1a, 0x12, 0x4a, 0x81, 0x06, 0x10, 0x4a, 0x00, 0x07,
    0x06, 0x38, 0x80, 0x0e, 0x8a, 0x7c, 0x9f, 0xf1, 0x88, 0xbf, 0x94, 0x01, 0x87, 0xbf, 0x06, 0x00, 0x01, 0xd5, 0x06,
    0x13, 0x0a, 0x00, 0x03, 0x11, 0x0a, 0x02, 0x00, 0x00, 0xb5, 0xbf, 0x06, 0x7e, 0xfe, 0x91, 0x80, 0x02, 0x0c, 0x7e,
    0x80, 0x02, 0x16, 0x7e, 0x80, 0x02, 0x18, 0x7e, 0x80, 0x02, 0x0a, 0x7e, 0x06, 0x01, 0xfe, 0xbe, 0x00, 0x62, 0x00,
    0xf4, 0x00, 0x00, 0x00, 0xf8, 0x84, 0x0c, 0x00, 0x30, 0x84, 0x16, 0x02, 0x30, 0x12, 0x01, 0x87, 0xbf, 0xff, 0x00,
    0x00, 0x36, 0xf0, 0x00, 0x00, 0x00, 0xff, 0x02, 0x0c, 0x36, 0xf0, 0x00, 0x00, 0x00, 0x12, 0x01, 0x87, 0xbf, 0x00,
    0x00, 0x12, 0xd6, 0x8f, 0x18, 0x02, 0x04, 0x01, 0x00, 0x12, 0xd6, 0x8f, 0x0a, 0x1a, 0x04, 0x00, 0x00, 0xc7, 0xbf,
    0x01, 0x80, 0xc1, 0xd0, 0x00, 0x10, 0x08, 0x00, 0x02, 0x04, 0x00, 0x00, 0x00, 0x00, 0xb5, 0xbf, 0x00, 0x00, 0x80,
    0xbf, 0x03, 0x00, 0xb6, 0xbf, 0x00, 0x00, 0xb0, 0xbf, 0x00, 0x00, 0x9f, 0xbf, 0x00, 0x00, 0x9f, 0xbf, 0x00, 0x00,
    0x9f, 0xbf, 0x00, 0x00, 0x9f, 0xbf, 0x00, 0x00, 0x9f, 0xbf, 0x00, 0x00, 0x9f, 0xbf, 0x00, 0x00, 0x9f, 0xbf, 0x00,
    0x00, 0x9f, 0xbf, 0x00, 0x00, 0x9f, 0xbf, 0x00, 0x00, 0x9f, 0xbf, 0x00, 0x00, 0x9f, 0xbf, 0x00, 0x00, 0x9f, 0xbf,
    0x00, 0x00, 0x9f, 0xbf, 0x00, 0x00, 0x9f, 0xbf, 0x00, 0x00, 0x9f, 0xbf, 0x00, 0x00, 0x9f, 0xbf, 0x00, 0x00, 0x9f,
    0xbf, 0x00, 0x00, 0x9f, 0xbf, 0x00, 0x00, 0x9f, 0xbf, 0x00, 0x00, 0x9f, 0xbf, 0x00, 0x00, 0x9f, 0xbf, 0x00, 0x00,
    0x9f, 0xbf, 0x00, 0x00, 0x9f, 0xbf, 0x00, 0x00, 0x9f, 0xbf, 0x00, 0x00, 0x9f, 0xbf, 0x00, 0x00, 0x9f, 0xbf, 0x00,
    0x00, 0x9f, 0xbf, 0x00, 0x00, 0x9f, 0xbf, 0x00, 0x00, 0x9f, 0xbf, 0x00, 0x00, 0x9f, 0xbf, 0x00, 0x00, 0x9f, 0xbf,
    0x00, 0x00, 0x9f, 0xbf, 0x00, 0x00, 0x9f, 0xbf, 0x00, 0x00, 0x9f, 0xbf, 0x00, 0x00, 0x9f, 0xbf, 0x00, 0x00, 0x9f,
    0xbf, 0x00, 0x00, 0x9f, 0xbf, 0x00, 0x00, 0x9f, 0xbf, 0x00, 0x00, 0x9f, 0xbf, 0x00, 0x00, 0x9f, 0xbf, 0x00, 0x00,
    0x9f, 0xbf, 0x00, 0x00, 0x9f, 0xbf, 0x00, 0x00, 0x9f, 0xbf, 0x00, 0x00, 0x9f, 0xbf, 0x00, 0x00, 0x9f, 0xbf, 0x00,
    0x00, 0x9f, 0xbf, 0x00, 0x00, 0x9f, 0xbf, 0x00, 0x00, 0x9f, 0xbf, 0x00, 0x00, 0x9f, 0xbf, 0x00, 0x00, 0x9f, 0xbf,
    0x00, 0x00, 0x9f, 0xbf, 0x00, 0x00, 0x9f, 0xbf, 0x00, 0x00, 0x9f, 0xbf, 0x00, 0x00, 0x9f, 0xbf, 0x00, 0x00, 0x9f,
    0xbf, 0x00, 0x00, 0x9f, 0xbf, 0x00, 0x00, 0x9f, 0xbf, 0x00, 0x00, 0x9f, 0xbf, 0x00, 0x00, 0x9f, 0xbf, 0x00, 0x00,
    0x9f, 0xbf, 0x00, 0x00, 0x9f, 0xbf, 0x00, 0x00, 0x9f, 0xbf, 0x00, 0x00, 0x9f, 0xbf, 0x00, 0x00, 0x9f, 0xbf, 0x00,
    0x00, 0x00, 0x00, 0x00, 0x00, 0x10, 0x00, 0x00, 0x00, 0x00, 0x00, 0xac, 0xdf, 0x03, 0x10, 0x47, 0x65, 0x6e, 0x65,
    0x72, 0x61, 0x74, 0x65, 0x64, 0x20, 0x62, 0x79, 0x20, 0x74, 0x68, 0x65, 0x20, 0x41, 0x64, 0x76, 0x61, 0x6e, 0x63,
    0x65, 0x64, 0x20, 0x4d, 0x69, 0x63, 0x72, 0x6f, 0x20, 0x44, 0x65, 0x76, 0x69, 0x63, 0x65, 0x73, 0x2c, 0x20, 0x49,
    0x6e, 0x63, 0x2e, 0x2c, 0x20, 0x50, 0x72, 0x6f, 0x70, 0x72, 0x69, 0x65, 0x74, 0x61, 0x72, 0x79, 0x20, 0x47, 0x50,
    0x55, 0x20, 0x53, 0x68, 0x61, 0x64, 0x65, 0x72, 0x20, 0x43, 0x6f, 0x6d, 0x70, 0x69, 0x6c, 0x65, 0x72, 0x2e, 0x00,
    0x00, 0x5f, 0x61, 0x6d, 0x64, 0x67, 0x70, 0x75, 0x5f, 0x63, 0x73, 0x5f, 0x6d, 0x61, 0x69, 0x6e, 0x00, 0x5f, 0x61,
    0x6d, 0x64, 0x67, 0x70, 0x75, 0x5f, 0x63, 0x73, 0x5f, 0x73, 0x68, 0x64, 0x72, 0x5f, 0x69, 0x6e, 0x74, 0x72, 0x6c,
    0x5f, 0x74, 0x62, 0x6c, 0x00, 0x00, 0x00, 0x00, 0x00, 0x00, 0x00, 0x00, 0x00, 0x00, 0x00, 0x00, 0x00, 0x00, 0x00,
    0x00, 0x00, 0x00, 0x00, 0x00, 0x00, 0x00, 0x00, 0x00, 0x00, 0x01, 0x00, 0x00, 0x00, 0x12, 0x00, 0x02, 0x00, 0x00,
    0x00, 0x00, 0x00, 0x00, 0x00, 0x00, 0x00, 0xec, 0x07, 0x00, 0x00, 0x00, 0x00, 0x00, 0x00, 0x11, 0x00, 0x00, 0x00,
    0x11, 0x00, 0x03, 0x00, 0x00, 0x00, 0x00, 0x00, 0x00, 0x00, 0x00, 0x00, 0x10, 0x00, 0x00, 0x00, 0x00, 0x00, 0x00,
    0x00, 0x07, 0x00, 0x00, 0x00, 0x77, 0x04, 0x00, 0x00, 0x20, 0x00, 0x00, 0x00, 0x41, 0x4d, 0x44, 0x47, 0x50, 0x55,
    0x00, 0x00, 0x82, 0xae, 0x61, 0x6d, 0x64, 0x70, 0x61, 0x6c, 0x2e, 0x76, 0x65, 0x72, 0x73, 0x69, 0x6f, 0x6e, 0x92,
    0x03, 0x06, 0xb0, 0x61, 0x6d, 0x64, 0x70, 0x61, 0x6c, 0x2e, 0x70, 0x69, 0x70, 0x65, 0x6c, 0x69, 0x6e, 0x65, 0x73,
    0x91, 0x8b, 0xa5, 0x2e, 0x74, 0x79, 0x70, 0x65, 0xa2, 0x43, 0x73, 0xae, 0x2e, 0x72, 0x65, 0x73, 0x6f, 0x75, 0x72,
    0x63, 0x65, 0x5f, 0x68, 0x61, 0x73, 0x68, 0xcf, 0x9d, 0xab, 0x92, 0x5d, 0x0a, 0x7a, 0xaf, 0x2a, 0xb0, 0x2e, 0x73,
    0x70, 0x69, 0x6c, 0x6c, 0x5f, 0x74, 0x68, 0x72, 0x65, 0x73, 0x68, 0x6f, 0x6c, 0x64, 0xcd, 0xff, 0xff, 0xb0, 0x2e,
    0x75, 0x73, 0x65, 0x72, 0x5f, 0x64, 0x61, 0x74, 0x61, 0x5f, 0x6c, 0x69, 0x6d, 0x69, 0x74, 0x01, 0xa8, 0x2e, 0x73,
    0x68, 0x61, 0x64, 0x65, 0x72, 0x73, 0x81, 0xa8, 0x2e, 0x63, 0x6f, 0x6d, 0x70, 0x75, 0x74, 0x65, 0x83, 0xb0, 0x2e,
    0x61, 0x70, 0x69, 0x5f, 0x73, 0x68, 0x61, 0x64, 0x65, 0x72, 0x5f, 0x68, 0x61, 0x73, 0x68, 0x92, 0xcf, 0x95, 0xb6,
    0x6b, 0x13, 0x8c, 0x92, 0x44, 0x07, 0xcf, 0x52, 0x9c, 0xf7, 0xb6, 0x34, 0x11, 0xbb, 0x10, 0xb1, 0x2e, 0x68, 0x61,
    0x72, 0x64, 0x77, 0x61, 0x72, 0x65, 0x5f, 0x6d, 0x61, 0x70, 0x70, 0x69, 0x6e, 0x67, 0x91, 0xa3, 0x2e, 0x63, 0x73,
    0xaf, 0x2e, 0x73, 0x68, 0x61, 0x64, 0x65, 0x72, 0x5f, 0x73, 0x75, 0x62, 0x74, 0x79, 0x70, 0x65, 0xa7, 0x55, 0x6e,
    0x6b, 0x6e, 0x6f, 0x77, 0x6e, 0xb0, 0x2e, 0x68, 0x61, 0x72, 0x64, 0x77, 0x61, 0x72, 0x65, 0x5f, 0x73, 0x74, 0x61,
    0x67, 0x65, 0x73, 0x81, 0xa3, 0x2e, 0x63, 0x73, 0xde, 0x00, 0x1d, 0xb3, 0x2e, 0x65, 0x6e, 0x74, 0x72, 0x79, 0x5f,
    0x70, 0x6f, 0x69, 0x6e, 0x74, 0x5f, 0x73, 0x79, 0x6d, 0x62, 0x6f, 0x6c, 0xaf, 0x5f, 0x61, 0x6d, 0x64, 0x67, 0x70,
    0x75, 0x5f, 0x63, 0x73, 0x5f, 0x6d, 0x61, 0x69, 0x6e, 0xab, 0x2e, 0x73, 0x67, 0x70, 0x72, 0x5f, 0x63, 0x6f, 0x75,
    0x6e, 0x74, 0x10, 0xab, 0x2e, 0x76, 0x67, 0x70, 0x72, 0x5f, 0x63, 0x6f, 0x75, 0x6e, 0x74, 0x24, 0xa9, 0x2e, 0x6c,
    0x64, 0x73, 0x5f, 0x73, 0x69, 0x7a, 0x65, 0x00, 0xb4, 0x2e, 0x73, 0x63, 0x72, 0x61, 0x74, 0x63, 0x68, 0x5f, 0x6d,
    0x65, 0x6d, 0x6f, 0x72, 0x79, 0x5f, 0x73, 0x69, 0x7a, 0x65, 0x00, 0xb4, 0x2e, 0x66, 0x72, 0x6f, 0x6e, 0x74, 0x65,
    0x6e, 0x64, 0x5f, 0x73, 0x74, 0x61, 0x63, 0x6b, 0x5f, 0x73, 0x69, 0x7a, 0x65, 0x00, 0xb3, 0x2e, 0x62, 0x61, 0x63,
    0x6b, 0x65, 0x6e, 0x64, 0x5f, 0x73, 0x74, 0x61, 0x63, 0x6b, 0x5f, 0x73, 0x69, 0x7a, 0x65, 0x00, 0xb6, 0x2e, 0x70,
    0x65, 0x72, 0x66, 0x5f, 0x64, 0x61, 0x74, 0x61, 0x5f, 0x62, 0x75, 0x66, 0x66, 0x65, 0x72, 0x5f, 0x73, 0x69, 0x7a,
    0x65, 0x00, 0xaa, 0x2e, 0x75, 0x73, 0x65, 0x73, 0x5f, 0x75, 0x61, 0x76, 0x73, 0xc3, 0xac, 0x2e, 0x77, 0x72, 0x69,
    0x74, 0x65, 0x73, 0x5f, 0x75, 0x61, 0x76, 0x73, 0xc3, 0xb4, 0x2e, 0x75, 0x73, 0x65, 0x73, 0x5f, 0x61, 0x70, 0x70,
    0x65, 0x6e, 0x64, 0x5f, 0x63, 0x6f, 0x6e, 0x73, 0x75, 0x6d, 0x65, 0xc2, 0xaf, 0x2e, 0x77, 0x61, 0x76, 0x65, 0x66,
    0x72, 0x6f, 0x6e, 0x74, 0x5f, 0x73, 0x69, 0x7a, 0x65, 0x40, 0xb2, 0x2e, 0x75, 0x73, 0x65, 0x72, 0x5f, 0x64, 0x61,
    0x74, 0x61, 0x5f, 0x72, 0x65, 0x67, 0x5f, 0x6d, 0x61, 0x70, 0xdc, 0x00, 0x20, 0xce, 0xff, 0xff, 0xff, 0xff, 0xce,
    0xff, 0xff, 0xff, 0xff, 0x00, 0xce, 0xff, 0xff, 0xff, 0xff, 0xce, 0xff, 0xff, 0xff, 0xff, 0xce, 0xff, 0xff, 0xff,
    0xff, 0xce, 0xff, 0xff, 0xff, 0xff, 0xce, 0xff, 0xff, 0xff, 0xff, 0xce, 0xff, 0xff, 0xff, 0xff, 0xce, 0xff, 0xff,
    0xff, 0xff, 0xce, 0xff, 0xff, 0xff, 0xff, 0xce, 0xff, 0xff, 0xff, 0xff, 0xce, 0xff, 0xff, 0xff, 0xff, 0xce, 0xff,
    0xff, 0xff, 0xff, 0xce, 0xff, 0xff, 0xff, 0xff, 0xce, 0xff, 0xff, 0xff, 0xff, 0xce, 0xff, 0xff, 0xff, 0xff, 0xce,
    0xff, 0xff, 0xff, 0xff, 0xce, 0xff, 0xff, 0xff, 0xff, 0xce, 0xff, 0xff, 0xff, 0xff, 0xce, 0xff, 0xff, 0xff, 0xff,
    0xce, 0xff, 0xff, 0xff, 0xff, 0xce, 0xff, 0xff, 0xff, 0xff, 0xce, 0xff, 0xff, 0xff, 0xff, 0xce, 0xff, 0xff, 0xff,
    0xff, 0xce, 0xff, 0xff, 0xff, 0xff, 0xce, 0xff, 0xff, 0xff, 0xff, 0xce, 0xff, 0xff, 0xff, 0xff, 0xce, 0xff, 0xff,
    0xff, 0xff, 0xce, 0xff, 0xff, 0xff, 0xff, 0xce, 0xff, 0xff, 0xff, 0xff, 0xce, 0xff, 0xff, 0xff, 0xff, 0xb7, 0x2e,
    0x74, 0x68, 0x72, 0x65, 0x61, 0x64, 0x67, 0x72, 0x6f, 0x75, 0x70, 0x5f, 0x64, 0x69, 0x6d, 0x65, 0x6e, 0x73, 0x69,
    0x6f, 0x6e, 0x73, 0x93, 0x08, 0x08, 0x01, 0xab, 0x2e, 0x66, 0x6c, 0x6f, 0x61, 0x74, 0x5f, 0x6d, 0x6f, 0x64, 0x65,
    0xcc, 0xc0, 0xae, 0x2e, 0x66, 0x70, 0x31, 0x36, 0x5f, 0x6f, 0x76, 0x65, 0x72, 0x66, 0x6c, 0x6f, 0x77, 0xc2, 0xaa,
    0x2e, 0x69, 0x65, 0x65, 0x65, 0x5f, 0x6d, 0x6f, 0x64, 0x65, 0xc2, 0xb9, 0x2e, 0x64, 0x79, 0x6e, 0x61, 0x6d, 0x69,
    0x63, 0x5f, 0x76, 0x67, 0x70, 0x72, 0x5f, 0x73, 0x61, 0x76, 0x65, 0x64, 0x5f, 0x63, 0x6f, 0x75, 0x6e, 0x74, 0x00,
    0xa9, 0x2e, 0x77, 0x67, 0x70, 0x5f, 0x6d, 0x6f, 0x64, 0x65, 0xc2, 0xac, 0x2e, 0x6d, 0x65, 0x6d, 0x5f, 0x6f, 0x72,
    0x64, 0x65, 0x72, 0x65, 0x64, 0xc2, 0xb1, 0x2e, 0x66, 0x6f, 0x72, 0x77, 0x61, 0x72, 0x64, 0x5f, 0x70, 0x72, 0x6f,
    0x67, 0x72, 0x65, 0x73, 0x73, 0xc2, 0xaf, 0x2e, 0x77, 0x67, 0x5f, 0x72, 0x6f, 0x75, 0x6e, 0x64, 0x5f, 0x72, 0x6f,
    0x62, 0x69, 0x6e, 0xc2, 0xab, 0x2e, 0x75, 0x73, 0x65, 0x72, 0x5f, 0x73, 0x67, 0x70, 0x72, 0x73, 0x03, 0xa8, 0x2e,
    0x65, 0x78, 0x63, 0x70, 0x5f, 0x65, 0x6e, 0x00, 0xab, 0x2e, 0x73, 0x63, 0x72, 0x61, 0x74, 0x63, 0x68, 0x5f, 0x65,
    0x6e, 0xc2, 0xad, 0x2e, 0x74, 0x72, 0x61, 0x70, 0x5f, 0x70, 0x72, 0x65, 0x73, 0x65, 0x6e, 0x74, 0xc2, 0xb0, 0x2e,
    0x73, 0x68, 0x61, 0x72, 0x65, 0x64, 0x5f, 0x76, 0x67, 0x70, 0x72, 0x5f, 0x63, 0x6e, 0x74, 0x00, 0xad, 0x2e, 0x77,
    0x61, 0x76, 0x65, 0x73, 0x5f, 0x70, 0x65, 0x72, 0x5f, 0x73, 0x65, 0x00, 0xaf, 0x2e, 0x63, 0x68, 0x65, 0x63, 0x6b,
    0x73, 0x75, 0x6d, 0x5f, 0x76, 0x61, 0x6c, 0x75, 0x65, 0xce, 0x7f, 0xa9, 0x63, 0xb2, 0xaa, 0x2e, 0x72, 0x65, 0x67,
    0x69, 0x73, 0x74, 0x65, 0x72, 0x73, 0x81, 0xcd, 0x2e, 0x42, 0x00, 0xa5, 0x2e, 0x6e, 0x61, 0x6d, 0x65, 0xb9, 0x4d,
    0x6c, 0x61, 0x61, 0x43, 0x61, 0x6c, 0x63, 0x53, 0x65, 0x70, 0x45, 0x64, 0x67, 0x65, 0x4c, 0x65, 0x6e, 0x67, 0x74,
    0x68, 0x46, 0x61, 0x73, 0x74, 0xb7, 0x2e, 0x69, 0x6e, 0x74, 0x65, 0x72, 0x6e, 0x61, 0x6c, 0x5f, 0x70, 0x69, 0x70,
    0x65, 0x6c, 0x69, 0x6e, 0x65, 0x5f, 0x68, 0x61, 0x73, 0x68, 0x92, 0xcf, 0x1b, 0x82, 0x04, 0x2d, 0x6d, 0x8a, 0xd5,
    0x7b, 0xcf, 0x8b, 0xb0, 0x5d, 0x7c, 0xcd, 0x96, 0x1e, 0x7e, 0xb2, 0x2e, 0x63, 0x6f, 0x6d, 0x70, 0x75, 0x74, 0x65,
    0x5f, 0x72, 0x65, 0x67, 0x69, 0x73, 0x74, 0x65, 0x72, 0x73, 0x88, 0xaf, 0x2e, 0x74, 0x69, 0x64, 0x69, 0x67, 0x5f,
    0x63, 0x6f, 0x6d, 0x70, 0x5f, 0x63, 0x6e, 0x74, 0x01, 0xaa, 0x2e, 0x74, 0x67, 0x69, 0x64, 0x5f, 0x78, 0x5f, 0x65,
    0x6e, 0xc3, 0xaa, 0x2e, 0x74, 0x67, 0x69, 0x64, 0x5f, 0x79, 0x5f, 0x65, 0x6e, 0xc3, 0xaa, 0x2e, 0x74, 0x67, 0x69,
    0x64, 0x5f, 0x7a, 0x5f, 0x65, 0x6e, 0xc2, 0xab, 0x2e, 0x74, 0x67, 0x5f, 0x73, 0x69, 0x7a, 0x65, 0x5f, 0x65, 0x6e,
    0xc2, 0xb0, 0x2e, 0x64, 0x79, 0x6e, 0x61, 0x6d, 0x69, 0x63, 0x5f, 0x76, 0x67, 0x70, 0x72, 0x5f, 0x65, 0x6e, 0xc2,
    0xad, 0x2e, 0x78, 0x5f, 0x69, 0x6e, 0x74, 0x65, 0x72, 0x6c, 0x65, 0x61, 0x76, 0x65, 0x00, 0xad, 0x2e, 0x79, 0x5f,
    0x69, 0x6e, 0x74, 0x65, 0x72, 0x6c, 0x65, 0x61, 0x76, 0x65, 0x00, 0xa4, 0x2e, 0x61, 0x70, 0x69, 0xa7, 0x73, 0x63,
    0x70, 0x63, 0x42, 0x6c, 0x64, 0x00, 0x00, 0x00, 0x00, 0x00, 0x00, 0x00, 0x00, 0x00, 0x00, 0x00, 0x00, 0x00, 0x00,
    0x00, 0x00, 0x00, 0x00, 0x00, 0x00, 0x00, 0x00, 0x00, 0x00, 0x00, 0x00, 0x00, 0x00, 0x00, 0x00, 0x00, 0x00, 0x00,
    0x00, 0x00, 0x00, 0x00, 0x00, 0x00, 0x00, 0x00, 0x00, 0x00, 0x00, 0x00, 0x00, 0x00, 0x00, 0x00, 0x00, 0x00, 0x00,
    0x00, 0x00, 0x00, 0x00, 0x00, 0x00, 0x00, 0x00, 0x00, 0x00, 0x00, 0x00, 0x00, 0x00, 0x00, 0x00, 0x01, 0x00, 0x00,
    0x00, 0x03, 0x00, 0x00, 0x00, 0x00, 0x00, 0x00, 0x00, 0x00, 0x00, 0x00, 0x00, 0x00, 0x00, 0x00, 0x00, 0x00, 0x00,
    0x00, 0x00, 0x40, 0x00, 0x00, 0x00, 0x00, 0x00, 0x00, 0x00, 0x36, 0x00, 0x00, 0x00, 0x00, 0x00, 0x00, 0x00, 0x00,
    0x00, 0x00, 0x00, 0x00, 0x00, 0x00, 0x00, 0x00, 0x00, 0x00, 0x00, 0x00, 0x00, 0x00, 0x00, 0x00, 0x00, 0x00, 0x00,
    0x00, 0x00, 0x00, 0x00, 0x0b, 0x00, 0x00, 0x00, 0x01, 0x00, 0x00, 0x00, 0x06, 0x00, 0x00, 0x00, 0x00, 0x00, 0x00,
    0x00, 0x00, 0x00, 0x00, 0x00, 0x00, 0x00, 0x00, 0x00, 0x76, 0x00, 0x00, 0x00, 0x00, 0x00, 0x00, 0x00, 0xec, 0x07,
    0x00, 0x00, 0x00, 0x00, 0x00, 0x00, 0x00, 0x00, 0x00, 0x00, 0x00, 0x00, 0x00, 0x00, 0x00, 0x01, 0x00, 0x00, 0x00,
    0x00, 0x00, 0x00, 0x00, 0x00, 0x00, 0x00, 0x00, 0x00, 0x00, 0x00, 0x11, 0x00, 0x00, 0x00, 0x01, 0x00, 0x00, 0x00,
    0x03, 0x00, 0x00, 0x00, 0x00, 0x00, 0x00, 0x00, 0x00, 0x00, 0x00, 0x00, 0x00, 0x00, 0x00, 0x00, 0x62, 0x08, 0x00,
    0x00, 0x00, 0x00, 0x00, 0x00, 0x10, 0x00, 0x00, 0x00, 0x00, 0x00, 0x00, 0x00, 0x00, 0x00, 0x00, 0x00, 0x00, 0x00,
    0x00, 0x00, 0x20, 0x00, 0x00, 0x00, 0x00, 0x00, 0x00, 0x00, 0x00, 0x00, 0x00, 0x00, 0x00, 0x00, 0x00, 0x00, 0x17,
    0x00, 0x00, 0x00, 0x01, 0x00, 0x00, 0x00, 0x00, 0x00, 0x00, 0x00, 0x00, 0x00, 0x00, 0x00, 0x00, 0x00, 0x00, 0x00,
    0x00, 0x00, 0x00, 0x00, 0x72, 0x08, 0x00, 0x00, 0x00, 0x00, 0x00, 0x00, 0x50, 0x00, 0x00, 0x00, 0x00, 0x00, 0x00,
    0x00, 0x00, 0x00, 0x00, 0x00, 0x00, 0x00, 0x00, 0x00, 0x00, 0x00, 0x00, 0x00, 0x00, 0x00, 0x00, 0x00, 0x00, 0x00,
    0x00, 0x00, 0x00, 0x00, 0x00, 0x00, 0x20, 0x00, 0x00, 0x00, 0x03, 0x00, 0x00, 0x00, 0x00, 0x00, 0x00, 0x00, 0x00,
    0x00, 0x00, 0x00, 0x00, 0x00, 0x00, 0x00, 0x00, 0x00, 0x00, 0x00, 0xc2, 0x08, 0x00, 0x00, 0x00, 0x00, 0x00, 0x00,
    0x2b, 0x00, 0x00, 0x00, 0x00, 0x00, 0x00, 0x00, 0x00, 0x00, 0x00, 0x00, 0x00, 0x00, 0x00, 0x00, 0x00, 0x00, 0x00,
    0x00, 0x00, 0x00, 0x00, 0x00, 0x00, 0x00, 0x00, 0x00, 0x00, 0x00, 0x00, 0x00, 0x28, 0x00, 0x00, 0x00, 0x02, 0x00,
    0x00, 0x00, 0x00, 0x00, 0x00, 0x00, 0x00, 0x00, 0x00, 0x00, 0x00, 0x00, 0x00, 0x00, 0x00, 0x00, 0x00, 0x00, 0xed,
    0x08, 0x00, 0x00, 0x00, 0x00, 0x00, 0x00, 0x48, 0x00, 0x00, 0x00, 0x00, 0x00, 0x00, 0x00, 0x05, 0x00, 0x00, 0x00,
    0x00, 0x00, 0x00, 0x00, 0x00, 0x00, 0x00, 0x00, 0x00, 0x00, 0x00, 0x00, 0x18, 0x00, 0x00, 0x00, 0x00, 0x00, 0x00,
    0x00, 0x30, 0x00, 0x00, 0x00, 0x07, 0x00, 0x00, 0x00, 0x00, 0x00, 0x00, 0x00, 0x00, 0x00, 0x00, 0x00, 0x00, 0x00,
    0x00, 0x00, 0x00, 0x00, 0x00, 0x00, 0x35, 0x09, 0x00, 0x00, 0x00, 0x00, 0x00, 0x00, 0x8c, 0x04, 0x00, 0x00, 0x00,
    0x00, 0x00, 0x00, 0x00, 0x00, 0x00, 0x00, 0x00, 0x00, 0x00, 0x00, 0x00, 0x00, 0x00, 0x00, 0x00, 0x00, 0x00, 0x00,
    0x00, 0x00, 0x00, 0x00, 0x00, 0x00, 0x00, 0x00,
};

// Mlaa Calc Sep Edge Length Initial compute shader binary
inline constexpr Util::uint8 MlaaCalcSepEdgeLengthInitial_Cs_4AC1E1C2[] =
{
    0x7f, 0x45, 0x4c, 0x46, 0x02, 0x01, 0x01, 0x41, 0x00, 0x00, 0x00, 0x00, 0x00, 0x00, 0x00, 0x00, 0x01, 0x00, 0xe0,
    0x00, 0x01, 0x00, 0x00, 0x00, 0x00, 0x00, 0x00, 0x00, 0x00, 0x00, 0x00, 0x00, 0x00, 0x00, 0x00, 0x00, 0x00, 0x00,
    0x00, 0x00, 0x64, 0x09, 0x00, 0x00, 0x00, 0x00, 0x00, 0x00, 0x48, 0x05, 0x00, 0x00, 0x40, 0x00, 0x00, 0x00, 0x00,
    0x00, 0x40, 0x00, 0x08, 0x00, 0x01, 0x00, 0x00, 0x2e, 0x73, 0x68, 0x73, 0x74, 0x72, 0x74, 0x61, 0x62, 0x00, 0x2e,
    0x74, 0x65, 0x78, 0x74, 0x00, 0x2e, 0x64, 0x61, 0x74, 0x61, 0x00, 0x2e, 0x63, 0x6f, 0x6d, 0x6d, 0x65, 0x6e, 0x74,
    0x00, 0x2e, 0x73, 0x74, 0x72, 0x74, 0x61, 0x62, 0x00, 0x2e, 0x73, 0x79, 0x6d, 0x74, 0x61, 0x62, 0x00, 0x2e, 0x6e,
    0x6f, 0x74, 0x65, 0x00, 0x09, 0x20, 0x80, 0xb0, 0x80, 0x47, 0x84, 0xbe, 0x09, 0x00, 0x87, 0xbf, 0x05, 0x0f, 0x81,
    0xbe, 0x02, 0x00, 0x80, 0xbe, 0x00, 0xa1, 0x00, 0xf4, 0xa0, 0x00, 0x00, 0xf8, 0xff, 0x00, 0x02, 0x36, 0xff, 0x03,
    0x00, 0x00, 0x00, 0x00, 0x10, 0xd6, 0x00, 0x15, 0x29, 0x02, 0x73, 0xff, 0x02, 0x8b, 0xff, 0xff, 0x00, 0x00, 0x12,
    0x01, 0x87, 0xbf, 0x01, 0x00, 0x0b, 0xd6, 0x75, 0x10, 0x05, 0x04, 0x02, 0x00, 0x0b, 0xd6, 0x02, 0x10, 0x01, 0x04,
    0x00, 0x00, 0xc7, 0xbf, 0x12, 0x01, 0x87, 0xbf, 0x02, 0x00, 0x4e, 0xd4, 0x05, 0x02, 0x02, 0x00, 0x06, 0x04, 0x9c,
    0x7c, 0x02, 0x6a, 0xea, 0x8b, 0x09, 0x00, 0x87, 0xbf, 0x6a, 0x21, 0x82, 0xbe, 0x84, 0x00, 0xa5, 0xbf, 0x00, 0x62,
    0x00, 0xf4, 0x40, 0x00, 0x00, 0xf8, 0x00, 0x00, 0xc7, 0xbf, 0x01, 0x00, 0x40, 0xd0, 0x00, 0x10, 0x00, 0x00, 0x01,
    0x02, 0x00, 0x00, 0x00, 0x00, 0xc0, 0xbf, 0x83, 0x00, 0x06, 0x36, 0x7e, 0x01, 0x90, 0xbe, 0x00, 0xa0, 0x04, 0xf4,
    0x62, 0x00, 0x00, 0xf8, 0x01, 0x00, 0x87, 0xbf, 0x7e, 0x00, 0xc5, 0xd4, 0x03, 0x01, 0x01, 0x00, 0x5e, 0x00, 0xa5,
    0xbf, 0x81, 0x04, 0x07, 0x84, 0xc1, 0x04, 0x04, 0x84, 0x9e, 0xff, 0x88, 0xbf, 0x04, 0x02, 0x06, 0x4a, 0x07, 0x02,
    0x08, 0x4a, 0x07, 0x04, 0x0a, 0x4a, 0x04, 0x04, 0x0c, 0x4a, 0x04, 0x00, 0x87, 0xbf, 0x07, 0x00, 0x64, 0xd6, 0x03,
    0x01, 0x15, 0x00, 0x06, 0x04, 0x10, 0x22, 0x0a, 0x00, 0x64, 0xd6, 0x04, 0x01, 0x15, 0x00, 0x05, 0x02, 0x12, 0x22,
    0x0b, 0x00, 0x64, 0xd6, 0x05, 0x01, 0x19, 0x00, 0x0e, 0x00, 0x64, 0xd6, 0x06, 0x01, 0x19, 0x00, 0x03, 0x00, 0x85,
    0xbf, 0x01, 0x00, 0x40, 0xd0, 0x07, 0x10, 0x00, 0x00, 0x07, 0x08, 0x00, 0x00, 0x01, 0x00, 0x40, 0xd0, 0x08, 0x10,
    0x00, 0x00, 0x0a, 0x08, 0x00, 0x00, 0x01, 0x00, 0x40, 0xd0, 0x0a, 0x10, 0x00, 0x00, 0x09, 0x0b, 0x00, 0x00, 0x01,
    0x00, 0x40, 0xd0, 0x09, 0x10, 0x00, 0x00, 0x09, 0x0e, 0x00, 0x00, 0x05, 0x06, 0x16, 0x26, 0x06, 0x0c, 0x18, 0x26,
    0x80, 0x0c, 0x0c, 0x4c, 0x93, 0x01, 0x87, 0xbf, 0x80, 0x16, 0x16, 0x4c, 0x80, 0x18, 0x18, 0x4c, 0x80, 0x06, 0x06,
    0x4c, 0x81, 0x00, 0x1a, 0x36, 0x82, 0x00, 0x00, 0x36, 0x14, 0x02, 0x87, 0xbf, 0x08, 0x00, 0x45, 0xd4, 0x06, 0x19,
    0x02, 0x00, 0x0a, 0x00, 0x45, 0xd4, 0x03, 0x17, 0x02, 0x00, 0x05, 0x08, 0x0c, 0x26, 0x06, 0x0a, 0x16, 0x26, 0x80,
    0x1a, 0x8a, 0x7c, 0x0d, 0x00, 0x01, 0xd5, 0x80, 0xfe, 0xa9, 0x01, 0x00, 0x80, 0x00, 0x00, 0x0e, 0x00, 0x01, 0xd5,
    0x80, 0x0e, 0xa8, 0x01, 0x80, 0x00, 0x8a, 0x7c, 0x9d, 0xff, 0x88, 0xbf, 0x03, 0x00, 0x01, 0xd5, 0x80, 0x0e, 0xa8,
    0x01, 0x04, 0x00, 0x45, 0xd4, 0x05, 0x17, 0x02, 0x00, 0x06, 0x00, 0x45, 0xd4, 0x04, 0x0d, 0x02, 0x00, 0x00, 0x00,
    0x01, 0xd5, 0x80, 0xfe, 0xa9, 0x01, 0x00, 0x80, 0x00, 0x00, 0x03, 0x00, 0xc0, 0xbf, 0x81, 0x0e, 0x0e, 0x36, 0x02,
    0x00, 0xc0, 0xbf, 0x81, 0x10, 0x08, 0x36, 0x01, 0x00, 0xc0, 0xbf, 0x82, 0x14, 0x0a, 0x36, 0x00, 0x00, 0xc0, 0xbf,
    0x82, 0x12, 0x0c, 0x36, 0x94, 0x01, 0x87, 0xbf, 0x0c, 0x00, 0x42, 0xd4, 0x07, 0x01, 0x01, 0x00, 0x12, 0x00, 0x42,
    0xd4, 0x05, 0x01, 0x01, 0x00, 0x03, 0x00, 0x87, 0xbf, 0x14, 0x00, 0x42, 0xd4, 0x06, 0x01, 0x01, 0x00, 0x0e, 0x00,
    0x42, 0xd4, 0x04, 0x01, 0x01, 0x00, 0x0c, 0x0a, 0x8a, 0x8c, 0x14, 0x08, 0x88, 0x8c, 0x12, 0x04, 0x84, 0x8c, 0x0e,
    0x06, 0xea, 0x8c, 0x9e, 0xff, 0x88, 0xbf, 0x0e, 0x1b, 0x0c, 0x02, 0x07, 0x00, 0x01, 0xd5, 0x0e, 0x1b, 0x2a, 0x00,
    0x08, 0x00, 0x01, 0xd5, 0x03, 0x01, 0x12, 0x00, 0x04, 0x00, 0x01, 0xd5, 0x03, 0x01, 0x22, 0x00, 0x10, 0x7e, 0xfe,
    0x91, 0x80, 0x02, 0x0e, 0x7e, 0x80, 0x02, 0x10, 0x7e, 0x80, 0x02, 0x0c, 0x7e, 0x80, 0x02, 0x08, 0x7e, 0x10, 0x01,
    0xfe, 0xbe, 0x00, 0x61, 0x00, 0xf4, 0x00, 0x00, 0x00, 0xf8, 0x00, 0x63, 0x00, 0xf4, 0x20, 0x00, 0x00, 0xf8, 0x00,
    0x00, 0x44, 0xd6, 0x07, 0x0d, 0xfe, 0x03, 0x00, 0x01, 0x04, 0x05, 0x03, 0x00, 0x44, 0xd6, 0x08, 0x09, 0xfe, 0x03,
    0x00, 0x01, 0x04, 0x05, 0x00, 0x00, 0xc7, 0xbf, 0x01, 0x80, 0x41, 0xd0, 0x00, 0x08, 0x08, 0x00, 0x01, 0x02, 0x00,
    0x00, 0x01, 0x80, 0x41, 0xd0, 0x03, 0x18, 0x08, 0x00, 0x01, 0x02, 0x00, 0x00, 0x00, 0x00, 0x80, 0xbf, 0x03, 0x00,
    0xb6, 0xbf, 0x00, 0x00, 0xb0, 0xbf, 0x00, 0x00, 0x9f, 0xbf, 0x00, 0x00, 0x9f, 0xbf, 0x00, 0x00, 0x9f, 0xbf, 0x00,
    0x00, 0x9f, 0xbf, 0x00, 0x00, 0x9f, 0xbf, 0x00, 0x00, 0x9f, 0xbf, 0x00, 0x00, 0x9f, 0xbf, 0x00, 0x00, 0x9f, 0xbf,
    0x00, 0x00, 0x9f, 0xbf, 0x00, 0x00, 0x9f, 0xbf, 0x00, 0x00, 0x9f, 0xbf, 0x00, 0x00, 0x9f, 0xbf, 0x00, 0x00, 0x9f,
    0xbf, 0x00, 0x00, 0x9f, 0xbf, 0x00, 0x00, 0x9f, 0xbf, 0x00, 0x00, 0x9f, 0xbf, 0x00, 0x00, 0x9f, 0xbf, 0x00, 0x00,
    0x9f, 0xbf, 0x00, 0x00, 0x9f, 0xbf, 0x00, 0x00, 0x9f, 0xbf, 0x00, 0x00, 0x9f, 0xbf, 0x00, 0x00, 0x9f, 0xbf, 0x00,
    0x00, 0x9f, 0xbf, 0x00, 0x00, 0x9f, 0xbf, 0x00, 0x00, 0x9f, 0xbf, 0x00, 0x00, 0x9f, 0xbf, 0x00, 0x00, 0x9f, 0xbf,
    0x00, 0x00, 0x9f, 0xbf, 0x00, 0x00, 0x9f, 0xbf, 0x00, 0x00, 0x9f, 0xbf, 0x00, 0x00, 0x9f, 0xbf, 0x00, 0x00, 0x9f,
    0xbf, 0x00, 0x00, 0x9f, 0xbf, 0x00, 0x00, 0x9f, 0xbf, 0x00, 0x00, 0x9f, 0xbf, 0x00, 0x00, 0x9f, 0xbf, 0x00, 0x00,
    0x9f, 0xbf, 0x00, 0x00, 0x9f, 0xbf, 0x00, 0x00, 0x9f, 0xbf, 0x00, 0x00, 0x9f, 0xbf, 0x00, 0x00, 0x9f, 0xbf, 0x00,
    0x00, 0x9f, 0xbf, 0x00, 0x00, 0x9f, 0xbf, 0x00, 0x00, 0x9f, 0xbf, 0x00, 0x00, 0x9f, 0xbf, 0x00, 0x00, 0x9f, 0xbf,
    0x00, 0x00, 0x9f, 0xbf, 0x00, 0x00, 0x9f, 0xbf, 0x00, 0x00, 0x9f, 0xbf, 0x00, 0x00, 0x9f, 0xbf, 0x00, 0x00, 0x9f,
    0xbf, 0x00, 0x00, 0x9f, 0xbf, 0x00, 0x00, 0x9f, 0xbf, 0x00, 0x00, 0x9f, 0xbf, 0x00, 0x00, 0x9f, 0xbf, 0x00, 0x00,
    0x9f, 0xbf, 0x00, 0x00, 0x9f, 0xbf, 0x00, 0x00, 0x9f, 0xbf, 0x00, 0x00, 0x9f, 0xbf, 0x00, 0x00, 0x9f, 0xbf, 0x00,
    0x00, 0x9f, 0xbf, 0x00, 0x00, 0x9f, 0xbf, 0x00, 0x00, 0x9f, 0xbf, 0x00, 0x00, 0x9f, 0xbf, 0x00, 0x00, 0x00, 0x00,
    0x00, 0x00, 0x10, 0x00, 0x00, 0x00, 0x00, 0x00, 0xac, 0xdf, 0x03, 0x10, 0x47, 0x65, 0x6e, 0x65, 0x72, 0x61, 0x74,
    0x65, 0x64, 0x20, 0x62, 0x79, 0x20, 0x74, 0x68, 0x65, 0x20, 0x41, 0x64, 0x76, 0x61, 0x6e, 0x63, 0x65, 0x64, 0x20,
    0x4d, 0x69, 0x63, 0x72, 0x6f, 0x20, 0x44, 0x65, 0x76, 0x69, 0x63, 0x65, 0x73, 0x2c, 0x20, 0x49, 0x6e, 0x63, 0x2e,
    0x2c, 0x20, 0x50, 0x72, 0x6f, 0x70, 0x72, 0x69, 0x65, 0x74, 0x61, 0x72, 0x79, 0x20, 0x47, 0x50, 0x55, 0x20, 0x53,
    0x68, 0x61, 0x64, 0x65, 0x72, 0x20, 0x43, 0x6f, 0x6d, 0x70, 0x69, 0x6c, 0x65, 0x72, 0x2e, 0x00, 0x00, 0x5f, 0x61,
    0x6d, 0x64, 0x67, 0x70, 0x75, 0x5f, 0x63, 0x73, 0x5f, 0x6d, 0x61, 0x69, 0x6e, 0x00, 0x5f, 0x61, 0x6d, 0x64, 0x67,
    0x70, 0x75, 0x5f, 0x63, 0x73, 0x5f, 0x73, 0x68, 0x64, 0x72, 0x5f, 0x69, 0x6e, 0x74, 0x72, 0x6c, 0x5f, 0x74, 0x62,
    0x6c, 0x00, 0x00, 0x00, 0x00, 0x00, 0x00, 0x00, 0x00, 0x00, 0x00, 0x00, 0x00, 0x00, 0x00, 0x00, 0x00, 0x00, 0x00,
    0x00, 0x00, 0x00, 0x00, 0x00, 0x00, 0x00, 0x01, 0x00, 0x00, 0x00, 0x12, 0x00, 0x02, 0x00, 0x00, 0x00, 0x00, 0x00,
    0x00, 0x00, 0x00, 0x00, 0x88, 0x03, 0x00, 0x00, 0x00, 0x00, 0x00, 0x00, 0x11, 0x00, 0x00, 0x00, 0x11, 0x00, 0x03,
    0x00, 0x00, 0x00, 0x00, 0x00, 0x00, 0x00, 0x00, 0x00, 0x10, 0x00, 0x00, 0x00, 0x00, 0x00, 0x00, 0x00, 0x07, 0x00,
    0x00, 0x00, 0x7a, 0x04, 0x00, 0x00, 0x20, 0x00, 0x00, 0x00, 0x41, 0x4d, 0x44, 0x47, 0x50, 0x55, 0x00, 0x00, 0x82,
    0xae, 0x61, 0x6d, 0x64, 0x70, 0x61, 0x6c, 0x2e, 0x76, 0x65, 0x72, 0x73, 0x69, 0x6f, 0x6e, 0x92, 0x03, 0x06, 0xb0,
    0x61, 0x6d, 0x64, 0x70, 0x61, 0x6c, 0x2e, 0x70, 0x69, 0x70, 0x65, 0x6c, 0x69, 0x6e, 0x65, 0x73, 0x91, 0x8b, 0xa5,
    0x2e, 0x74, 0x79, 0x70, 0x65, 0xa2, 0x43, 0x73, 0xae, 0x2e, 0x72, 0x65, 0x73, 0x6f, 0x75, 0x72, 0x63, 0x65, 0x5f,
    0x68, 0x61, 0x73, 0x68, 0xcf, 0x9e, 0xbd, 0xe0, 0x73, 0x00, 0x98, 0xf3, 0x1e, 0xb0, 0x2e, 0x73, 0x70, 0x69, 0x6c,
    0x6c, 0x5f, 0x74, 0x68, 0x72, 0x65, 0x73, 0x68, 0x6f, 0x6c, 0x64, 0xcd, 0xff, 0xff, 0xb0, 0x2e, 0x75, 0x73, 0x65,
    0x72, 0x5f, 0x64, 0x61, 0x74, 0x61, 0x5f, 0x6c, 0x69, 0x6d, 0x69, 0x74, 0x01, 0xa8, 0x2e, 0x73, 0x68, 0x61, 0x64,
    0x65, 0x72, 0x73, 0x81, 0xa8, 0x2e, 0x63, 0x6f, 0x6d, 0x70, 0x75, 0x74, 0x65, 0x83, 0xb0, 0x2e, 0x61, 0x70, 0x69,
    0x5f, 0x73, 0x68, 0x61, 0x64, 0x65, 0x72, 0x5f, 0x68, 0x61, 0x73, 0x68, 0x92, 0xcf, 0xfa, 0xbd, 0x40, 0x62, 0x7e,
    0xdd, 0xdb, 0x6b, 0xcf, 0xbd, 0xdd, 0xee, 0xf8, 0x82, 0xa8, 0x11, 0xfe, 0xb1, 0x2e, 0x68, 0x61, 0x72, 0x64, 0x77,
    0x61, 0x72, 0x65, 0x5f, 0x6d, 0x61, 0x70, 0x70, 0x69, 0x6e, 0x67, 0x91, 0xa3, 0x2e, 0x63, 0x73, 0xaf, 0x2e, 0x73,
    0x68, 0x61, 0x64, 0x65, 0x72, 0x5f, 0x73, 0x75, 0x62, 0x74, 0x79, 0x70, 0x65, 0xa7, 0x55, 0x6e, 0x6b, 0x6e, 0x6f,
    0x77, 0x6e, 0xb0, 0x2e, 0x68, 0x61, 0x72, 0x64, 0x77, 0x61, 0x72, 0x65, 0x5f, 0x73, 0x74, 0x61, 0x67, 0x65, 0x73,
    0x81, 0xa3, 0x2e, 0x63, 0x73, 0xde, 0x00, 0x1d, 0xb3, 0x2e, 0x65, 0x6e, 0x74, 0x72, 0x79, 0x5f, 0x70, 0x6f, 0x69,
    0x6e, 0x74, 0x5f, 0x73, 0x79, 0x6d, 0x62, 0x6f, 0x6c, 0xaf, 0x5f, 0x61, 0x6d, 0x64, 0x67, 0x70, 0x75, 0x5f, 0x63,
    0x73, 0x5f, 0x6d, 0x61, 0x69, 0x6e, 0xab, 0x2e, 0x73, 0x67, 0x70, 0x72, 0x5f, 0x63, 0x6f, 0x75, 0x6e, 0x74, 0x16,
    0xab, 0x2e, 0x76, 0x67, 0x70, 0x72, 0x5f, 0x63, 0x6f, 0x75, 0x6e, 0x74, 0x0f, 0xa9, 0x2e, 0x6c, 0x64, 0x73, 0x5f,
    0x73, 0x69, 0x7a, 0x65, 0x00, 0xb4, 0x2e, 0x73, 0x63, 0x72, 0x61, 0x74, 0x63, 0x68, 0x5f, 0x6d, 0x65, 0x6d, 0x6f,
    0x72, 0x79, 0x5f, 0x73, 0x69, 0x7a, 0x65, 0x00, 0xb4, 0x2e, 0x66, 0x72, 0x6f, 0x6e, 0x74, 0x65, 0x6e, 0x64, 0x5f,
    0x73, 0x74, 0x61, 0x63, 0x6b, 0x5f, 0x73, 0x69, 0x7a, 0x65, 0x00, 0xb3, 0x2e, 0x62, 0x61, 0x63, 0x6b, 0x65, 0x6e,
    0x64, 0x5f, 0x73, 0x74, 0x61, 0x63, 0x6b, 0x5f, 0x73, 0x69, 0x7a, 0x65, 0x00, 0xb6, 0x2e, 0x70, 0x65, 0x72, 0x66,
    0x5f, 0x64, 0x61, 0x74, 0x61, 0x5f, 0x62, 0x75, 0x66, 0x66, 0x65, 0x72, 0x5f, 0x73, 0x69, 0x7a, 0x65, 0x00, 0xaa,
    0x2e, 0x75, 0x73, 0x65, 0x73, 0x5f, 0x75, 0x61, 0x76, 0x73, 0xc3, 0xac, 0x2e, 0x77, 0x72, 0x69, 0x74, 0x65, 0x73,
    0x5f, 0x75, 0x61, 0x76, 0x73, 0xc3, 0xb4, 0x2e, 0x75, 0x73, 0x65, 0x73, 0x5f, 0x61, 0x70, 0x70, 0x65, 0x6e, 0x64,
    0x5f, 0x63, 0x6f, 0x6e, 0x73, 0x75, 0x6d, 0x65, 0xc2, 0xaf, 0x2e, 0x77, 0x61, 0x76, 0x65, 0x66, 0x72, 0x6f, 0x6e,
    0x74, 0x5f, 0x73, 0x69, 0x7a, 0x65, 0x40, 0xb2, 0x2e, 0x75, 0x73, 0x65, 0x72, 0x5f, 0x64, 0x61, 0x74, 0x61, 0x5f,
    0x72, 0x65, 0x67, 0x5f, 0x6d, 0x61, 0x70, 0xdc, 0x00, 0x20, 0xce, 0xff, 0xff, 0xff, 0xff, 0xce, 0xff, 0xff, 0xff,
    0xff, 0x00, 0xce, 0xff, 0xff, 0xff, 0xff, 0xce, 0xff, 0xff, 0xff, 0xff, 0xce, 0xff, 0xff, 0xff, 0xff, 0xce, 0xff,
    0xff, 0xff, 0xff, 0xce, 0xff, 0xff, 0xff, 0xff, 0xce, 0xff, 0xff, 0xff, 0xff, 0xce, 0xff, 0xff, 0xff, 0xff, 0xce,
    0xff, 0xff, 0xff, 0xff, 0xce, 0xff, 0xff, 0xff, 0xff, 0xce, 0xff, 0xff, 0xff, 0xff, 0xce, 0xff, 0xff, 0xff, 0xff,
    0xce, 0xff, 0xff, 0xff, 0xff, 0xce, 0xff, 0xff, 0xff, 0xff, 0xce, 0xff, 0xff, 0xff, 0xff, 0xce, 0xff, 0xff, 0xff,
    0xff, 0xce, 0xff, 0xff, 0xff, 0xff, 0xce, 0xff, 0xff, 0xff, 0xff, 0xce, 0xff, 0xff, 0xff, 0xff, 0xce, 0xff, 0xff,
    0xff, 0xff, 0xce, 0xff, 0xff, 0xff, 0xff, 0xce, 0xff, 0xff, 0xff, 0xff, 0xce, 0xff, 0xff, 0xff, 0xff, 0xce, 0xff,
    0xff, 0xff, 0xff, 0xce, 0xff, 0xff, 0xff, 0xff, 0xce, 0xff, 0xff, 0xff, 0xff, 0xce, 0xff, 0xff, 0xff, 0xff, 0xce,
    0xff, 0xff, 0xff, 0xff, 0xce, 0xff, 0xff, 0xff, 0xff, 0xce, 0xff, 0xff, 0xff, 0xff, 0xb7, 0x2e, 0x74, 0x68, 0x72,
    0x65, 0x61, 0x64, 0x67, 0x72, 0x6f, 0x75, 0x70, 0x5f, 0x64, 0x69, 0x6d, 0x65, 0x6e, 0x73, 0x69, 0x6f, 0x6e, 0x73,
    0x93, 0x08, 0x08, 0x01, 0xab, 0x2e, 0x66, 0x6c, 0x6f, 0x61, 0x74, 0x5f, 0x6d, 0x6f, 0x64, 0x65, 0xcc, 0xc0, 0xae,
    0x2e, 0x66, 0x70, 0x31, 0x36, 0x5f, 0x6f, 0x76, 0x65, 0x72, 0x66, 0x6c, 0x6f, 0x77, 0xc2, 0xaa, 0x2e, 0x69, 0x65,
    0x65, 0x65, 0x5f, 0x6d, 0x6f, 0x64, 0x65, 0xc2, 0xb9, 0x2e, 0x64, 0x79, 0x6e, 0x61, 0x6d, 0x69, 0x63, 0x5f, 0x76,
    0x67, 0x70, 0x72, 0x5f, 0x73, 0x61, 0x76, 0x65, 0x64, 0x5f, 0x63, 0x6f, 0x75, 0x6e, 0x74, 0x00, 0xa9, 0x2e, 0x77,
    0x67, 0x70, 0x5f, 0x6d, 0x6f, 0x64, 0x65, 0xc2, 0xac, 0x2e, 0x6d, 0x65, 0x6d, 0x5f, 0x6f, 0x72, 0x64, 0x65, 0x72,
    0x65, 0x64, 0xc2, 0xb1, 0x2e, 0x66, 0x6f, 0x72, 0x77, 0x61, 0x72, 0x64, 0x5f, 0x70, 0x72, 0x6f, 0x67, 0x72, 0x65,
    0x73, 0x73, 0xc2, 0xaf, 0x2e, 0x77, 0x67, 0x5f, 0x72, 0x6f, 0x75, 0x6e, 0x64, 0x5f, 0x72, 0x6f, 0x62, 0x69, 0x6e,
    0xc2, 0xab, 0x2e, 0x75, 0x73, 0x65, 0x72, 0x5f, 0x73, 0x67, 0x70, 0x72, 0x73, 0x03, 0xa8, 0x2e, 0x65, 0x78, 0x63,
    0x70, 0x5f, 0x65, 0x6e, 0x00, 0xab, 0x2e, 0x73, 0x63, 0x72, 0x61, 0x74, 0x63, 0x68, 0x5f, 0x65, 0x6e, 0xc2, 0xad,
    0x2e, 0x74, 0x72, 0x61, 0x70, 0x5f, 0x70, 0x72, 0x65, 0x73, 0x65, 0x6e, 0x74, 0xc2, 0xb0, 0x2e, 0x73, 0x68, 0x61,
    0x72, 0x65, 0x64, 0x5f, 0x76, 0x67, 0x70, 0x72, 0x5f, 0x63, 0x6e, 0x74, 0x00, 0xad, 0x2e, 0x77, 0x61, 0x76, 0x65,
    0x73, 0x5f, 0x70, 0x65, 0x72, 0x5f, 0x73, 0x65, 0x00, 0xaf, 0x2e, 0x63, 0x68, 0x65, 0x63, 0x6b, 0x73, 0x75, 0x6d,
    0x5f, 0x76, 0x61, 0x6c, 0x75, 0x65, 0xce, 0xbb, 0x15, 0x64, 0x0f, 0xaa, 0x2e, 0x72, 0x65, 0x67, 0x69, 0x73, 0x74,
    0x65, 0x72, 0x73, 0x81, 0xcd, 0x2e, 0x42, 0x00, 0xa5, 0x2e, 0x6e, 0x61, 0x6d, 0x65, 0xbc, 0x4d, 0x6c, 0x61, 0x61,
    0x43, 0x61, 0x6c, 0x63, 0x53, 0x65, 0x70, 0x45, 0x64, 0x67, 0x65, 0x4c, 0x65, 0x6e, 0x67, 0x74, 0x68, 0x49, 0x6e,
    0x69, 0x74, 0x69, 0x61, 0x6c, 0xb7, 0x2e, 0x69, 0x6e, 0x74, 0x65, 0x72, 0x6e, 0x61, 0x6c, 0x5f, 0x70, 0x69, 0x70,
    0x65, 0x6c, 0x69, 0x6e, 0x65, 0x5f, 0x68, 0x61, 0x73, 0x68, 0x92, 0xcf, 0xe7, 0x91, 0x67, 0x97, 0xfa, 0x8e, 0x55,
    0x62, 0xcf, 0x92, 0xfe, 0x57, 0xb0, 0xef, 0x30, 0x91, 0x7b, 0xb2, 0x2e, 0x63, 0x6f, 0x6d, 0x70, 0x75, 0x74, 0x65,
    0x5f, 0x72, 0x65, 0x67, 0x69, 0x73, 0x74, 0x65, 0x72, 0x73, 0x88, 0xaf, 0x2e, 0x74, 0x69, 0x64, 0x69, 0x67, 0x5f,
    0x63, 0x6f, 0x6d, 0x70, 0x5f, 0x63, 0x6e, 0x74, 0x01, 0xaa, 0x2e, 0x74, 0x67, 0x69, 0x64, 0x5f, 0x78, 0x5f, 0x65,
    0x6e, 0xc3, 0xaa, 0x2e, 0x74, 0x67, 0x69, 0x64, 0x5f, 0x79, 0x5f, 0x65, 0x6e, 0xc3, 0xaa, 0x2e, 0x74, 0x67, 0x69,
    0x64, 0x5f, 0x7a, 0x5f, 0x65, 0x6e, 0xc2, 0xab, 0x2e, 0x74, 0x67, 0x5f, 0x73, 0x69, 0x7a, 0x65, 0x5f, 0x65, 0x6e,
    0xc2, 0xb0, 0x2e, 0x64, 0x79, 0x6e, 0x61, 0x6d, 0x69, 0x63, 0x5f, 0x76, 0x67, 0x70, 0x72, 0x5f, 0x65, 0x6e, 0xc2,
    0xad, 0x2e, 0x78, 0x5f, 0x69, 0x6e, 0x74, 0x65, 0x72, 0x6c, 0x65, 0x61, 0x76, 0x65, 0x00, 0xad, 0x2e, 0x79, 0x5f,
    0x69, 0x6e, 0x74, 0x65, 0x72, 0x6c, 0x65, 0x61, 0x76, 0x65, 0x00, 0xa4, 0x2e, 0x61, 0x70, 0x69, 0xa7, 0x73, 0x63,
    0x70, 0x63, 0x42, 0x6c, 0x64, 0x00, 0x00, 0x00, 0x00, 0x00, 0x00, 0x00, 0x00, 0x00, 0x00, 0x00, 0x00, 0x00, 0x00,
    0x00, 0x00, 0x00, 0x00, 0x00, 0x00, 0x00, 0x00, 0x00, 0x00, 0x00, 0x00, 0x00, 0x00, 0x00, 0x00, 0x00, 0x00, 0x00,
    0x00, 0x00, 0x00, 0x00, 0x00, 0x00, 0x00, 0x00, 0x00, 0x00, 0x00, 0x00, 0x00, 0x00, 0x00, 0x00, 0x00, 0x00, 0x00,
    0x00, 0x00, 0x00, 0x00, 0x00, 0x00, 0x00, 0x00, 0x00, 0x00, 0x00, 0x00, 0x00, 0x00, 0x00, 0x00, 0x00, 0x01, 0x00,
    0x00, 0x00, 0x03, 0x00, 0x00, 0x00, 0x00, 0x00, 0x00, 0x00, 0x00, 0x00, 0x00, 0x00, 0x00, 0x00, 0x00, 0x00, 0x00,
    0x00, 0x00, 0x00, 0x40, 0x00, 0x00, 0x00, 0x00, 0x00, 0x00, 0x00, 0x36, 0x00, 0x00, 0x00, 0x00, 0x00, 0x00, 0x00,
    0x00, 0x00, 0x00, 0x00, 0x00, 0x00, 0x00, 0x00, 0x00, 0x00, 0x00, 0x00, 0x00, 0x00, 0x00, 0x00, 0x00, 0x00, 0x00,
    0x00, 0x00, 0x00, 0x00, 0x00, 0x0b, 0x00, 0x00, 0x00, 0x01, 0x00, 0x00, 0x00, 0x06, 0x00, 0x00, 0x00, 0x00, 0x00,
    0x00, 0x00, 0x00, 0x00, 0x00, 0x00, 0x00, 0x00, 0x00, 0x00, 0x76, 0x00, 0x00, 0x00, 0x00, 0x00, 0x00, 0x00, 0x88,
    0x03, 0x00, 0x00, 0x00, 0x00, 0x00, 0x00, 0x00, 0x00, 0x00, 0x00, 0x00, 0x00, 0x00, 0x00, 0x00, 0x01, 0x00, 0x00,
    0x00, 0x00, 0x00, 0x00, 0x00, 0x00, 0x00, 0x00, 0x00, 0x00, 0x00, 0x00, 0x11, 0x00, 0x00, 0x00, 0x01, 0x00, 0x00,
    0x00, 0x03, 0x00, 0x00, 0x00, 0x00, 0x00, 0x00, 0x00, 0x00, 0x00, 0x00, 0x00, 0x00, 0x00, 0x00, 0x00, 0xfe, 0x03,
    0x00, 0x00, 0x00, 0x00, 0x00, 0x00, 0x10, 0x00, 0x00, 0x00, 0x00, 0x00, 0x00, 0x00, 0x00, 0x00, 0x00, 0x00, 0x00,
    0x00, 0x00, 0x00, 0x20, 0x00, 0x00, 0x00, 0x00, 0x00, 0x00, 0x00, 0x00, 0x00, 0x00, 0x00, 0x00, 0x00, 0x00, 0x00,
    0x17, 0x00, 0x00, 0x00, 0x01, 0x00, 0x00, 0x00, 0x00, 0x00, 0x00, 0x00, 0x00, 0x00, 0x00, 0x00, 0x00, 0x00, 0x00,
    0x00, 0x00, 0x00, 0x00, 0x00, 0x0e, 0x04, 0x00, 0x00, 0x00, 0x00, 0x00, 0x00, 0x50, 0x00, 0x00, 0x00, 0x00, 0x00,
    0x00, 0x00, 0x00, 0x00, 0x00, 0x00, 0x00, 0x00, 0x00, 0x00, 0x00, 0x00, 0x00, 0x00, 0x00, 0x00, 0x00, 0x00, 0x00,
    0x00, 0x00, 0x00, 0x00, 0x00, 0x00, 0x00, 0x20, 0x00, 0x00, 0x00, 0x03, 0x00, 0x00, 0x00, 0x00, 0x00, 0x00, 0x00,
    0x00, 0x00, 0x00, 0x00, 0x00, 0x00, 0x00, 0x00, 0x00, 0x00, 0x00, 0x00, 0x5e, 0x04, 0x00, 0x00, 0x00, 0x00, 0x00,
    0x00, 0x2b, 0x00, 0x00, 0x00, 0x00, 0x00, 0x00, 0x00, 0x00, 0x00, 0x00, 0x00, 0x00, 0x00, 0x00, 0x00, 0x00, 0x00,
    0x00, 0x00, 0x00, 0x00, 0x00, 0x00, 0x00, 0x00, 0x00, 0x00, 0x00, 0x00, 0x00, 0x00, 0x28, 0x00, 0x00, 0x00, 0x02,
    0x00, 0x00, 0x00, 0x00, 0x00, 0x00, 0x00, 0x00, 0x00, 0x00, 0x00, 0x00, 0x00, 0x00, 0x00, 0x00, 0x00, 0x00, 0x00,
    0x89, 0x04, 0x00, 0x00, 0x00, 0x00, 0x00, 0x00, 0x48, 0x00, 0x00, 0x00, 0x00, 0x00, 0x00, 0x00, 0x05, 0x00, 0x00,
    0x00, 0x00, 0x00, 0x00, 0x00, 0x00, 0x00, 0x00, 0x00, 0x00, 0x00, 0x00, 0x00, 0x18, 0x00, 0x00, 0x00, 0x00, 0x00,
    0x00, 0x00, 0x30, 0x00, 0x00, 0x00, 0x07, 0x00, 0x00, 0x00, 0x00, 0x00, 0x00, 0x00, 0x00, 0x00, 0x00, 0x00, 0x00,
    0x00, 0x00, 0x00, 0x00, 0x00, 0x00, 0x00, 0xd1, 0x04, 0x00, 0x00, 0x00, 0x00, 0x00, 0x00, 0x90, 0x04, 0x00, 0x00,
    0x00, 0x00, 0x00, 0x00, 0x00, 0x00, 0x00, 0x00, 0x00, 0x00, 0x00, 0x00, 0x00, 0x00, 0x00, 0x00, 0x00, 0x00, 0x00,
    0x00, 0x00, 0x00, 0x00, 0x00, 0x00, 0x00, 0x00, 0x00,
};

// Mlaa Final Blend compute shader binary
inline constexpr Util::uint8 MlaaFinalBlend_Cs_4AC1E1C2[] =
{
    0x7f, 0x45, 0x4c, 0x46, 0x02, 0x01, 0x01, 0x41, 0x00, 0x00, 0x00, 0x00, 0x00, 0x00, 0x00, 0x00, 0x01, 0x00, 0xe0,
    0x00, 0x01, 0x00, 0x00, 0x00, 0x00, 0x00, 0x00, 0x00, 0x00, 0x00, 0x00, 0x00, 0x00, 0x00, 0x00, 0x00, 0x00, 0x00,
    0x00, 0x00, 0xcc, 0x10, 0x00, 0x00, 0x00, 0x00, 0x00, 0x00, 0x48, 0x05, 0x00, 0x00, 0x40, 0x00, 0x00, 0x00, 0x00,
    0x00, 0x40, 0x00, 0x08, 0x00, 0x01, 0x00, 0x00, 0x2e, 0x73, 0x68, 0x73, 0x74, 0x72, 0x74, 0x61, 0x62, 0x00, 0x2e,
    0x74, 0x65, 0x78, 0x74, 0x00, 0x2e, 0x64, 0x61, 0x74, 0x61, 0x00, 0x2e, 0x63, 0x6f, 0x6d, 0x6d, 0x65, 0x6e, 0x74,
    0x00, 0x2e, 0x73, 0x74, 0x72, 0x74, 0x61, 0x62, 0x00, 0x2e, 0x73, 0x79, 0x6d, 0x74, 0x61, 0x62, 0x00, 0x2e, 0x6e,
    0x6f, 0x74, 0x65, 0x00, 0x09, 0x20, 0x80, 0xb0, 0x80, 0x47, 0x84, 0xbe, 0x09, 0x00, 0x87, 0xbf, 0x05, 0x0f, 0x81,
    0xbe, 0x02, 0x00, 0x80, 0xbe, 0x80, 0x20, 0x00, 0xf4, 0x84, 0x00, 0x00, 0xf8, 0xff, 0x00, 0x02, 0x36, 0xff, 0x03,
    0x00, 0x00, 0x00, 0x00, 0x10, 0xd6, 0x00, 0x15, 0x29, 0x02, 0x73, 0xff, 0x04, 0x8b, 0xff, 0xff, 0x00, 0x00, 0x12,
    0x01, 0x87, 0xbf, 0x15, 0x00, 0x0b, 0xd6, 0x75, 0x10, 0x05, 0x04, 0x16, 0x00, 0x0b, 0xd6, 0x04, 0x10, 0x01, 0x04,
    0x00, 0x00, 0xc7, 0xbf, 0x12, 0x01, 0x87, 0xbf, 0x04, 0x00, 0x4e, 0xd4, 0x02, 0x2a, 0x02, 0x00, 0x03, 0x2c, 0x9c,
    0x7c, 0x04, 0x6a, 0xea, 0x8b, 0x09, 0x00, 0x87, 0xbf, 0x6a, 0x21, 0x82, 0xbe, 0x62, 0x02, 0xa5, 0xbf, 0x00, 0x61,
    0x00, 0xf4, 0x40, 0x00, 0x00, 0xf8, 0x00, 0x63, 0x00, 0xf4, 0x20, 0x00, 0x00, 0xf8, 0x00, 0x00, 0xc7, 0xbf, 0x01,
    0x00, 0x40, 0xd0, 0x04, 0x08, 0x00, 0x00, 0x15, 0x16, 0x00, 0x00, 0x01, 0x00, 0xc0, 0xd3, 0x19, 0x18, 0x00, 0x00,
    0x15, 0x16, 0x00, 0x00, 0x01, 0x00, 0xc0, 0xbf, 0xff, 0x08, 0x0a, 0x36, 0x00, 0x80, 0x00, 0x80, 0x7e, 0x01, 0x94,
    0xbe, 0x00, 0xa0, 0x04, 0xf4, 0x88, 0x00, 0x00, 0xf8, 0x01, 0x00, 0x87, 0xbf, 0x7e, 0x00, 0xcd, 0xd4, 0x05, 0x01,
    0x01, 0x00, 0x84, 0x00, 0xa5, 0xbf, 0x0b, 0x00, 0x10, 0xd6, 0x04, 0x21, 0x3d, 0x02, 0xff, 0x08, 0x2e, 0x36, 0xff,
    0x7f, 0x00, 0x00, 0xa2, 0x01, 0x87, 0xbf, 0xc1, 0x16, 0x0c, 0x4c, 0x15, 0x17, 0x10, 0x4c, 0x15, 0x2f, 0x20, 0x4a,
    0xa3, 0x01, 0x87, 0xbf, 0x15, 0x0d, 0x18, 0x4a, 0xc1, 0x2c, 0x0c, 0x4a, 0x81, 0x20, 0x28, 0x4a, 0x04, 0x00, 0x85,
    0xbf, 0x01, 0x00, 0xc0, 0xd3, 0x04, 0x18, 0x00, 0x00, 0x15, 0x06, 0x00, 0x00, 0x01, 0x00, 0xc0, 0xd1, 0x08, 0x18,
    0x00, 0x00, 0x08, 0x16, 0x00, 0x00, 0x01, 0x00, 0xc0, 0xd1, 0x0c, 0x18, 0x00, 0x00, 0x0c, 0x16, 0x00, 0x00, 0x01,
    0x00, 0xc0, 0xd1, 0x0f, 0x18, 0x00, 0x00, 0x10, 0x16, 0x00, 0x00, 0x01, 0x00, 0xc0, 0xd1, 0x12, 0x18, 0x00, 0x00,
    0x14, 0x16, 0x00, 0x00, 0x0b, 0x2f, 0x2e, 0x4a, 0x0b, 0x0b, 0x16, 0x7e, 0x92, 0x00, 0x87, 0xbf, 0x81, 0x2e, 0x30,
    0x4a, 0x18, 0x0b, 0x30, 0x7e, 0x02, 0x00, 0xc0, 0xbf, 0x08, 0x19, 0x10, 0x08, 0x09, 0x1b, 0x12, 0x08, 0x0a, 0x1d,
    0x14, 0x08, 0x00, 0x00, 0xc0, 0xbf, 0x0f, 0x25, 0x18, 0x08, 0x14, 0x02, 0x87, 0xbf, 0x16, 0x01, 0x14, 0xd4, 0x08,
    0xff, 0x01, 0x00, 0x00, 0x00, 0x80, 0x3d, 0x18, 0x01, 0x14, 0xd4, 0x09, 0xff, 0x01, 0x00, 0x00, 0x00, 0x80, 0x3d,
    0xd4, 0x00, 0x87, 0xbf, 0x1a, 0x01, 0x14, 0xd4, 0x0a, 0xff, 0x01, 0x00, 0x00, 0x00, 0x80, 0x3d, 0x10, 0x27, 0x1a,
    0x08, 0x11, 0x29, 0x1c, 0x08, 0x18, 0x55, 0x10, 0x7e, 0x18, 0x17, 0x14, 0x08, 0xf3, 0x14, 0x1e, 0x06, 0xa5, 0x04,
    0x87, 0xbf, 0x0a, 0x00, 0x13, 0xd6, 0x08, 0x15, 0xc6, 0x03, 0x16, 0x18, 0xea, 0x8c, 0x1a, 0x6a, 0xea, 0x8c, 0x16,
    0x01, 0x14, 0xd4, 0x0d, 0xff, 0x01, 0x00, 0x00, 0x00, 0x80, 0x3d, 0x1a, 0x01, 0x14, 0xd4, 0x0c, 0xff, 0x01, 0x00,
    0x00, 0x00, 0x80, 0x3d, 0x18, 0x01, 0x14, 0xd4, 0x0e, 0xff, 0x01, 0x00, 0x00, 0x00, 0x80, 0x3d, 0x09, 0x00, 0x01,
    0xd5, 0x80, 0x82, 0xa9, 0x01, 0x0e, 0x00, 0x01, 0xd5, 0x80, 0x02, 0xa9, 0x01, 0x0d, 0x00, 0x13, 0xd6, 0x08, 0x1f,
    0xc6, 0x03, 0x1a, 0x0b, 0x1e, 0x0a, 0x1c, 0x0f, 0x0a, 0x0a, 0x09, 0x00, 0x12, 0xd6, 0x81, 0x12, 0x0a, 0x02, 0x04,
    0x00, 0x87, 0xbf, 0x08, 0x03, 0x03, 0xd5, 0x0a, 0x1b, 0x02, 0x18, 0x19, 0x09, 0x14, 0x0a, 0x1b, 0x0d, 0x08, 0x0a,
    0x0f, 0x35, 0x02, 0x58, 0x00, 0x00, 0x00, 0x3e, 0x1a, 0x16, 0xea, 0x8c, 0x9e, 0xff, 0x88, 0xbf, 0x18, 0x6a, 0xea,
    0x8c, 0x9e, 0xff, 0x88, 0xbf, 0x0e, 0x13, 0x0c, 0x02, 0xf0, 0x30, 0x12, 0x10, 0x07, 0x00, 0x13, 0xd6, 0x08, 0x15,
    0x66, 0x04, 0x04, 0x37, 0x04, 0x58, 0x00, 0x00, 0x00, 0x3e, 0x0a, 0x33, 0x00, 0x58, 0x00, 0x00, 0x00, 0x3e, 0x16,
    0x00, 0x42, 0xd4, 0x06, 0x05, 0x01, 0x00, 0x18, 0x00, 0x16, 0xd4, 0x0b, 0x13, 0x02, 0x00, 0x1a, 0x00, 0x42, 0xd4,
    0x06, 0x03, 0x01, 0x00, 0x09, 0x17, 0x2c, 0x7c, 0x0b, 0x00, 0x13, 0xd6, 0x08, 0x1f, 0x6a, 0x04, 0x09, 0x00, 0x13,
    0xd6, 0x08, 0x09, 0x6e, 0x04, 0x08, 0x00, 0x13, 0xd6, 0x08, 0x0b, 0x72, 0x04, 0x05, 0x39, 0x08, 0x58, 0x00, 0x00,
    0x00, 0x3e, 0x16, 0x18, 0x96, 0x8b, 0x1a, 0x6a, 0xea, 0x8b, 0x9e, 0xff, 0x88, 0xbf, 0x16, 0x6a, 0x96, 0x8c, 0x83,
    0x0c, 0x84, 0x7c, 0x6a, 0x16, 0xea, 0x8c, 0x9e, 0xff, 0x88, 0xbf, 0x19, 0x0f, 0x0c, 0x02, 0x04, 0x00, 0x87, 0xbf,
    0x1c, 0x11, 0x0e, 0x02, 0x1b, 0x13, 0x10, 0x02, 0x1a, 0x17, 0x06, 0x02, 0x80, 0x2e, 0x8a, 0x7c, 0x9d, 0xff, 0x88,
    0xbf, 0x00, 0x0d, 0x32, 0x02, 0x14, 0x02, 0x87, 0xbf, 0x02, 0x11, 0x36, 0x02, 0x01, 0x07, 0x34, 0x02, 0x04, 0x0f,
    0x38, 0x02, 0x14, 0x01, 0xfe, 0xbe, 0x81, 0x2c, 0x1c, 0x4a, 0x01, 0x00, 0x40, 0xd0, 0x00, 0x08, 0x00, 0x00, 0x15,
    0x0e, 0x00, 0x00, 0x00, 0x00, 0xc0, 0xbf, 0xff, 0x00, 0x02, 0x36, 0x00, 0x80, 0x00, 0x80, 0x00, 0xa0, 0x04, 0xf4,
    0x8b, 0x00, 0x00, 0xf8, 0x01, 0x00, 0x87, 0xbf, 0x80, 0x02, 0x9a, 0x7c, 0x14, 0x6a, 0xfe, 0x8b, 0x87, 0x00, 0xa5,
    0xbf, 0x17, 0x00, 0x10, 0xd6, 0x00, 0x21, 0x3d, 0x02, 0xff, 0x00, 0x28, 0x36, 0xff, 0x7f, 0x00, 0x00, 0xa2, 0x01,
    0x87, 0xbf, 0xc1, 0x2e, 0x04, 0x4c, 0x15, 0x2f, 0x08, 0x4c, 0x15, 0x29, 0x18, 0x4a, 0x13, 0x01, 0x87, 0xbf, 0x15,
    0x05, 0x10, 0x4a, 0x81, 0x18, 0x20, 0x4a, 0x04, 0x00, 0x85, 0xbf, 0x01, 0x00, 0xc0, 0xd3, 0x00, 0x18, 0x00, 0x00,
    0x15, 0x0e, 0x00, 0x00, 0x01, 0x00, 0xc0, 0xd1, 0x04, 0x18, 0x00, 0x00, 0x04, 0x0e, 0x00, 0x00, 0x01, 0x00, 0xc0,
    0xd1, 0x08, 0x18, 0x00, 0x00, 0x08, 0x0e, 0x00, 0x00, 0x01, 0x00, 0xc0, 0xd1, 0x0b, 0x18, 0x00, 0x00, 0x0c, 0x0e,
    0x00, 0x00, 0x01, 0x00, 0xc0, 0xd1, 0x0e, 0x18, 0x00, 0x00, 0x10, 0x0e, 0x00, 0x00, 0x17, 0x29, 0x28, 0x4a, 0x17,
    0x0b, 0x2e, 0x7e, 0x92, 0x00, 0x87, 0xbf, 0x81, 0x28, 0x30, 0x4a, 0x18, 0x0b, 0x30, 0x7e, 0x04, 0x00, 0xc0, 0xbf,
    0x19, 0x01, 0x00, 0x0a, 0x02, 0x00, 0xc0, 0xbf, 0x04, 0x11, 0x08, 0x08, 0x05, 0x13, 0x0a, 0x08, 0x06, 0x15, 0x0c,
    0x08, 0x00, 0x00, 0xc0, 0xbf, 0x0b, 0x1d, 0x10, 0x08, 0x14, 0x02, 0x87, 0xbf, 0x04, 0x01, 0x14, 0xd4, 0x04, 0xff,
    0x01, 0x00, 0x00, 0x00, 0x80, 0x3d, 0x06, 0x01, 0x14, 0xd4, 0x05, 0xff, 0x01, 0x00, 0x00, 0x00, 0x80, 0x3d, 0xd4,
    0x00, 0x87, 0xbf, 0x08, 0x01, 0x14, 0xd4, 0x06, 0xff, 0x01, 0x00, 0x00, 0x00, 0x80, 0x3d, 0x0c, 0x1f, 0x12, 0x08,
    0x0d, 0x21, 0x14, 0x08, 0x18, 0x55, 0x08, 0x7e, 0x18, 0x2f, 0x0c, 0x08, 0xf3, 0x0c, 0x16, 0x06, 0x05, 0x00, 0x87,
    0xbf, 0x06, 0x00, 0x13, 0xd6, 0x04, 0x0d, 0xc6, 0x03, 0x04, 0x06, 0xea, 0x8c, 0x9e, 0xff, 0x88, 0xbf, 0x08, 0x6a,
    0xea, 0x8c, 0x04, 0x01, 0x14, 0xd4, 0x09, 0xff, 0x01, 0x00, 0x00, 0x00, 0x80, 0x3d, 0x08, 0x01, 0x14, 0xd4, 0x08,
    0xff, 0x01, 0x00, 0x00, 0x00, 0x80, 0x3d, 0x06, 0x01, 0x14, 0xd4, 0x0a, 0xff, 0x01, 0x00, 0x00, 0x00, 0x80, 0x3d,
    0x9e, 0xff, 0x88, 0xbf, 0x05, 0x00, 0x01, 0xd5, 0x80, 0x82, 0xa9, 0x01, 0x0a, 0x00, 0x01, 0xd5, 0x80, 0x02, 0xa9,
    0x01, 0x09, 0x00, 0x13, 0xd6, 0x04, 0x17, 0xc6, 0x03, 0x1c, 0x07, 0x10, 0x0a, 0x94, 0x01, 0x87, 0xbf, 0x05, 0x00,
    0x12, 0xd6, 0x81, 0x0a, 0x0a, 0x02, 0x04, 0x03, 0x03, 0xd5, 0x06, 0x13, 0x02, 0x18, 0x1a, 0x03, 0x0c, 0x0a, 0x1b,
    0x05, 0x02, 0x0a, 0x08, 0x39, 0x16, 0x58, 0x00, 0x00, 0x00, 0x3e, 0x08, 0x04, 0xea, 0x8c, 0x9e, 0xff, 0x88, 0xbf,
    0x06, 0x6a, 0xea, 0x8c, 0x9e, 0xff, 0x88, 0xbf, 0x0a, 0x0b, 0x04, 0x02, 0xf0, 0x30, 0x0a, 0x10, 0x03, 0x00, 0x13,
    0xd6, 0x04, 0x0d, 0x6a, 0x04, 0x09, 0x00, 0x13, 0xd6, 0x04, 0x03, 0x6e, 0x04, 0x01, 0x37, 0x14, 0x58, 0x00, 0x00,
    0x00, 0x3e, 0x04, 0x00, 0x42, 0xd4, 0x02, 0x05, 0x01, 0x00, 0x06, 0x00, 0x16, 0xd4, 0x05, 0x2f, 0x02, 0x00, 0x08,
    0x00, 0x42, 0xd4, 0x02, 0x03, 0x01, 0x00, 0x17, 0x0b, 0x2c, 0x7c, 0x05, 0x00, 0x13, 0xd6, 0x04, 0x01, 0x66, 0x04,
    0x04, 0x00, 0x13, 0xd6, 0x04, 0x11, 0x72, 0x04, 0x00, 0x33, 0x00, 0x58, 0x00, 0x00, 0x00, 0x3e, 0x04, 0x06, 0x84,
    0x8b, 0x08, 0x6a, 0xea, 0x8b, 0x9e, 0xff, 0x88, 0xbf, 0x04, 0x6a, 0x84, 0x8c, 0x80, 0x04, 0x84, 0x7c, 0x9e, 0xff,
    0x88, 0xbf, 0x6a, 0x04, 0xea, 0x8c, 0x9e, 0xff, 0x88, 0xbf, 0x14, 0x02, 0x87, 0xbf, 0x19, 0x0b, 0x04, 0x02, 0x1c,
    0x09, 0x08, 0x02, 0x1b, 0x13, 0x0a, 0x02, 0x1a, 0x07, 0x02, 0x02, 0x06, 0x35, 0x06, 0x58, 0x00, 0x00, 0x00, 0x3e,
    0x80, 0x28, 0x8a, 0x7c, 0x9d, 0xff, 0x88, 0xbf, 0x00, 0x05, 0x32, 0x02, 0x03, 0x00, 0x87, 0xbf, 0x03, 0x03, 0x34,
    0x02, 0x0a, 0x0b, 0x36, 0x02, 0x0b, 0x09, 0x38, 0x02, 0x14, 0x01, 0xfe, 0xbe, 0x00, 0x61, 0x00, 0xf4, 0x60, 0x00,
    0x00, 0xf8, 0x00, 0x00, 0xc7, 0xbf, 0x01, 0x00, 0x40, 0xd0, 0x00, 0x08, 0x00, 0x00, 0x15, 0x16, 0x00, 0x00, 0x00,
    0x00, 0xc0, 0xbf, 0xff, 0x00, 0x02, 0x36, 0x00, 0x80, 0x00, 0x80, 0x7e, 0x01, 0x94, 0xbe, 0x00, 0xa0, 0x04, 0xf4,
    0x8b, 0x00, 0x00, 0xf8, 0x01, 0x00, 0x87, 0xbf, 0x7e, 0x00, 0xcd, 0xd4, 0x01, 0x01, 0x01, 0x00, 0x87, 0x00, 0xa5,
    0xbf, 0x14, 0x00, 0x10, 0xd6, 0x00, 0x21, 0x3d, 0x02, 0xff, 0x00, 0x2e, 0x36, 0xff, 0x7f, 0x00, 0x00, 0x81, 0x2a,
    0x00, 0x4a, 0x23, 0x02, 0x87, 0xbf, 0x14, 0x2d, 0x0c, 0x4a, 0x0a, 0x00, 0x55, 0xd6, 0x14, 0x2d, 0x06, 0x02, 0x16,
    0x2f, 0x16, 0x4c, 0x01, 0x00, 0x87, 0xbf, 0xc1, 0x16, 0x1c, 0x4a, 0x04, 0x00, 0x85, 0xbf, 0x01, 0x00, 0xc0, 0xd3,
    0x00, 0x18, 0x00, 0x00, 0x00, 0x16, 0x00, 0x00, 0x01, 0x00, 0xc0, 0xd1, 0x04, 0x18, 0x00, 0x00, 0x15, 0x06, 0x00,
    0x00, 0x01, 0x00, 0xc0, 0xd1, 0x08, 0x18, 0x00, 0x00, 0x15, 0x0a, 0x00, 0x00, 0x01, 0x00, 0xc0, 0xd1, 0x0b, 0x18,
    0x00, 0x00, 0x15, 0x0b, 0x00, 0x00, 0x01, 0x00, 0xc0, 0xd1, 0x0e, 0x18, 0x00, 0x00, 0x15, 0x0e, 0x00, 0x00, 0x14,
    0x2f, 0x2e, 0x4a, 0x91, 0x00, 0x87, 0xbf, 0x81, 0x2e, 0x30, 0x4a, 0x18, 0x0b, 0x30, 0x7e, 0x04, 0x00, 0xc0, 0xbf,
    0x19, 0x01, 0x00, 0x0a, 0x02, 0x00, 0xc0, 0xbf, 0x04, 0x11, 0x08, 0x08, 0x05, 0x13, 0x0a, 0x08, 0x06, 0x15, 0x0c,
    0x08, 0x14, 0x0b, 0x10, 0x7e, 0x14, 0x02, 0x87, 0xbf, 0x16, 0x01, 0x14, 0xd4, 0x04, 0xff, 0x01, 0x00, 0x00, 0x00,
    0x80, 0x3d, 0x18, 0x01, 0x14, 0xd4, 0x05, 0xff, 0x01, 0x00, 0x00, 0x00, 0x80, 0x3d, 0x04, 0x00, 0x87, 0xbf, 0x1a,
    0x01, 0x14, 0xd4, 0x06, 0xff, 0x01, 0x00, 0x00, 0x00, 0x80, 0x3d, 0x00, 0x00, 0xc0, 0xbf, 0x0b, 0x1d, 0x12, 0x08,
    0x0c, 0x1f, 0x14, 0x08, 0x0d, 0x21, 0x16, 0x08, 0x18, 0x55, 0x08, 0x7e, 0x18, 0x11, 0x0c, 0x08, 0x41, 0x02, 0x87,
    0xbf, 0xf3, 0x0c, 0x1c, 0x06, 0x16, 0x18, 0xea, 0x8c, 0x9e, 0xff, 0x88, 0xbf, 0x1a, 0x6a, 0xea, 0x8c, 0x16, 0x01,
    0x14, 0xd4, 0x0a, 0xff, 0x01, 0x00, 0x00, 0x00, 0x80, 0x3d, 0x1a, 0x01, 0x14, 0xd4, 0x09, 0xff, 0x01, 0x00, 0x00,
    0x00, 0x80, 0x3d, 0x18, 0x01, 0x14, 0xd4, 0x0b, 0xff, 0x01, 0x00, 0x00, 0x00, 0x80, 0x3d, 0x9e, 0xff, 0x88, 0xbf,
    0x05, 0x00, 0x01, 0xd5, 0x80, 0x82, 0xa9, 0x01, 0x55, 0x02, 0x87, 0xbf, 0x0a, 0x00, 0x13, 0xd6, 0x04, 0x1d, 0xc6,
    0x03, 0x04, 0x00, 0x13, 0xd6, 0x04, 0x0d, 0xc6, 0x03, 0x06, 0x00, 0x01, 0xd5, 0x80, 0x02, 0xa9, 0x01, 0x1c, 0x07,
    0x12, 0x0a, 0x05, 0x00, 0x12, 0xd6, 0x81, 0x0a, 0x0a, 0x02, 0x04, 0x03, 0x03, 0xd5, 0x04, 0x15, 0x02, 0x18, 0x1a,
    0x03, 0x14, 0x0a, 0x1b, 0x05, 0x02, 0x0a, 0xf0, 0x30, 0x06, 0x10, 0x09, 0x39, 0x16, 0x58, 0x00, 0x00, 0x00, 0x3e,
    0x1a, 0x16, 0xea, 0x8c, 0x9e, 0xff, 0x88, 0xbf, 0x18, 0x6a, 0xea, 0x8c, 0x9e, 0xff, 0x88, 0xbf, 0x06, 0x0b, 0x04,
    0x02, 0xa3, 0x01, 0x87, 0xbf, 0x18, 0x00, 0x16, 0xd4, 0x08, 0x07, 0x02, 0x00, 0x03, 0x11, 0x2c, 0x7c, 0x16, 0x00,
    0x42, 0xd4, 0x02, 0x05, 0x01, 0x00, 0x1a, 0x00, 0x42, 0xd4, 0x02, 0x03, 0x01, 0x00, 0x05, 0x00, 0x13, 0xd6, 0x04,
    0x01, 0x66, 0x04, 0x03, 0x00, 0x13, 0xd6, 0x04, 0x15, 0x6a, 0x04, 0x08, 0x00, 0x13, 0xd6, 0x04, 0x03, 0x6e, 0x04,
    0x04, 0x00, 0x13, 0xd6, 0x04, 0x13, 0x72, 0x04, 0x01, 0x37, 0x0c, 0x58, 0x00, 0x00, 0x00, 0x3e, 0x00, 0x33, 0x00,
    0x58, 0x00, 0x00, 0x00, 0x3e, 0x16, 0x18, 0x96, 0x8b, 0x1a, 0x6a, 0xea, 0x8b, 0x9e, 0xff, 0x88, 0xbf, 0x16, 0x6a,
    0x96, 0x8c, 0x83, 0x04, 0x84, 0x7c, 0x6a, 0x16, 0xea, 0x8c, 0x9e, 0xff, 0x88, 0xbf, 0x19, 0x0b, 0x04, 0x02, 0x1c,
    0x09, 0x08, 0x02, 0x1b, 0x11, 0x0a, 0x02, 0x1a, 0x07, 0x02, 0x02, 0x0a, 0x35, 0x06, 0x58, 0x00, 0x00, 0x00, 0x3e,
    0x80, 0x2e, 0x8a, 0x7c, 0x9d, 0xff, 0x88, 0xbf, 0x00, 0x05, 0x32, 0x02, 0x03, 0x00, 0x87, 0xbf, 0x03, 0x03, 0x34,
    0x02, 0x06, 0x0b, 0x36, 0x02, 0x0b, 0x09, 0x38, 0x02, 0x14, 0x01, 0xfe, 0xbe, 0xc1, 0x2a, 0x20, 0x4a, 0x01, 0x00,
    0x40, 0xd0, 0x00, 0x08, 0x00, 0x00, 0x10, 0x16, 0x00, 0x00, 0x00, 0x00, 0xc0, 0xbf, 0xff, 0x00, 0x02, 0x36, 0x00,
    0x80, 0x00, 0x80, 0x00, 0xa0, 0x04, 0xf4, 0x8b, 0x00, 0x00, 0xf8, 0x01, 0x00, 0x87, 0xbf, 0x80, 0x02, 0x9a, 0x7c,
    0x14, 0x6a, 0xfe, 0x8b, 0x87, 0x00, 0xa5, 0xbf, 0x14, 0x00, 0x10, 0xd6, 0x00, 0x21, 0x3d, 0x02, 0xff, 0x00, 0x2e,
    0x36, 0xff, 0x7f, 0x00, 0x00, 0xa2, 0x01, 0x87, 0xbf, 0x14, 0x2d, 0x0c, 0x4a, 0x0a, 0x00, 0x55, 0xd6, 0x14, 0x2d,
    0x06, 0x02, 0x16, 0x2f, 0x16, 0x4c, 0x01, 0x00, 0x87, 0xbf, 0xc1, 0x16, 0x1c, 0x4a, 0x04, 0x00, 0x85, 0xbf, 0x01,
    0x00, 0xc0, 0xd3, 0x00, 0x18, 0x00, 0x00, 0x10, 0x16, 0x00, 0x00, 0x01, 0x00, 0xc0, 0xd1, 0x04, 0x18, 0x00, 0x00,
    0x10, 0x06, 0x00, 0x00, 0x01, 0x00, 0xc0, 0xd1, 0x08, 0x18, 0x00, 0x00, 0x10, 0x0a, 0x00, 0x00, 0x01, 0x00, 0xc0,
    0xd1, 0x0b, 0x18, 0x00, 0x00, 0x10, 0x0b, 0x00, 0x00, 0x01, 0x00, 0xc0, 0xd1, 0x0e, 0x18, 0x00, 0x00, 0x10, 0x0e,
    0x00, 0x00, 0x14, 0x2f, 0x2e, 0x4a, 0x91, 0x00, 0x87, 0xbf, 0x81, 0x2e, 0x30, 0x4a, 0x18, 0x0b, 0x30, 0x7e, 0x04,
    0x00, 0xc0, 0xbf, 0x19, 0x01, 0x00, 0x0a, 0x02, 0x00, 0xc0, 0xbf, 0x04, 0x11, 0x08, 0x08, 0x05, 0x13, 0x0a, 0x08,
    0x06, 0x15, 0x0c, 0x08, 0x14, 0x0b, 0x10, 0x7e, 0x14, 0x02, 0x87, 0xbf, 0x04, 0x01, 0x14, 0xd4, 0x04, 0xff, 0x01,
    0x00, 0x00, 0x00, 0x80, 0x3d, 0x06, 0x01, 0x14, 0xd4, 0x05, 0xff, 0x01, 0x00, 0x00, 0x00, 0x80, 0x3d, 0x04, 0x00,
    0x87, 0xbf, 0x08, 0x01, 0x14, 0xd4, 0x06, 0xff, 0x01, 0x00, 0x00, 0x00, 0x80, 0x3d, 0x00, 0x00, 0xc0, 0xbf, 0x0b,
    0x1d, 0x12, 0x08, 0x0c, 0x1f, 0x14, 0x08, 0x0d, 0x21, 0x16, 0x08, 0x18, 0x55, 0x08, 0x7e, 0x18, 0x11, 0x0c, 0x08,
    0x41, 0x02, 0x87, 0xbf, 0xf3, 0x0c, 0x1c, 0x06, 0x04, 0x06, 0xea, 0x8c, 0x9e, 0xff, 0x88, 0xbf, 0x08, 0x6a, 0xea,
    0x8c, 0x04, 0x01, 0x14, 0xd4, 0x0a, 0xff, 0x01, 0x00, 0x00, 0x00, 0x80, 0x3d, 0x08, 0x01, 0x14, 0xd4, 0x09, 0xff,
    0x01, 0x00, 0x00, 0x00, 0x80, 0x3d, 0x06, 0x01, 0x14, 0xd4, 0x0b, 0xff, 0x01, 0x00, 0x00, 0x00, 0x80, 0x3d, 0x9e,
    0xff, 0x88, 0xbf, 0x05, 0x00, 0x01, 0xd5, 0x80, 0x82, 0xa9, 0x01, 0x55, 0x02, 0x87, 0xbf, 0x0a, 0x00, 0x13, 0xd6,
    0x04, 0x1d, 0xc6, 0x03, 0x04, 0x00, 0x13, 0xd6, 0x04, 0x0d, 0xc6, 0x03, 0x06, 0x00, 0x01, 0xd5, 0x80, 0x02, 0xa9,
    0x01, 0x1c, 0x07, 0x12, 0x0a, 0x05, 0x00, 0x12, 0xd6, 0x81, 0x0a, 0x0a, 0x02, 0x04, 0x03, 0x03, 0xd5, 0x04, 0x15,
    0x02, 0x18, 0x1a, 0x03, 0x14, 0x0a, 0x1b, 0x05, 0x02, 0x0a, 0xf0, 0x30, 0x06, 0x10, 0x09, 0x39, 0x16, 0x58, 0x00,
    0x00, 0x00, 0x3e, 0x08, 0x04, 0xea, 0x8c, 0x9e, 0xff, 0x88, 0xbf, 0x06, 0x6a, 0xea, 0x8c, 0x9e, 0xff, 0x88, 0xbf,
    0x06, 0x0b, 0x04, 0x02, 0xa3, 0x01, 0x87, 0xbf, 0x06, 0x00, 0x16, 0xd4, 0x03, 0x11, 0x02, 0x00, 0x08, 0x07, 0x2c,
    0x7c, 0x04, 0x00, 0x42, 0xd4, 0x02, 0x05, 0x01, 0x00, 0x08, 0x00, 0x42, 0xd4, 0x02, 0x03, 0x01, 0x00, 0x05, 0x00,
    0x13, 0xd6, 0x04, 0x01, 0x66, 0x04, 0x03, 0x00, 0x13, 0xd6, 0x04, 0x15, 0x6a, 0x04, 0x08, 0x00, 0x13, 0xd6, 0x04,
    0x03, 0x6e, 0x04, 0x04, 0x00, 0x13, 0xd6, 0x04, 0x13, 0x72, 0x04, 0x01, 0x37, 0x0c, 0x58, 0x00, 0x00, 0x00, 0x3e,
    0x00, 0x33, 0x00, 0x58, 0x00, 0x00, 0x00, 0x3e, 0x04, 0x06, 0x84, 0x8b, 0x08, 0x6a, 0xea, 0x8b, 0x9e, 0xff, 0x88,
    0xbf, 0x04, 0x6a, 0x84, 0x8c, 0x80, 0x04, 0x84, 0x7c, 0x9e, 0xff, 0x88, 0xbf, 0x6a, 0x04, 0xea, 0x8c, 0x9e, 0xff,
    0x88, 0xbf, 0x19, 0x0b, 0x04, 0x02, 0x1c, 0x09, 0x08, 0x02, 0x1b, 0x11, 0x0a, 0x02, 0x1a, 0x07, 0x02, 0x02, 0x0a,
    0x35, 0x06, 0x58, 0x00, 0x00, 0x00, 0x3e, 0x80, 0x2e, 0x8a, 0x7c, 0x9d, 0xff, 0x88, 0xbf, 0x00, 0x05, 0x32, 0x02,
    0x03, 0x00, 0x87, 0xbf, 0x03, 0x03, 0x34, 0x02, 0x06, 0x0b, 0x36, 0x02, 0x0b, 0x09, 0x38, 0x02, 0x14, 0x01, 0xfe,
    0xbe, 0x00, 0x61, 0x00, 0xf4, 0x00, 0x00, 0x00, 0xf8, 0x00, 0x00, 0xc7, 0xbf, 0x01, 0x80, 0xc1, 0xd3, 0x19, 0x08,
    0x08, 0x00, 0x15, 0x16, 0x00, 0x00, 0x00, 0x00, 0x80, 0xbf, 0x03, 0x00, 0xb6, 0xbf, 0x00, 0x00, 0xb0, 0xbf, 0x00,
    0x00, 0x9f, 0xbf, 0x00, 0x00, 0x9f, 0xbf, 0x00, 0x00, 0x9f, 0xbf, 0x00, 0x00, 0x9f, 0xbf, 0x00, 0x00, 0x9f, 0xbf,
    0x00, 0x00, 0x9f, 0xbf, 0x00, 0x00, 0x9f, 0xbf, 0x00, 0x00, 0x9f, 0xbf, 0x00, 0x00, 0x9f, 0xbf, 0x00, 0x00, 0x9f,
    0xbf, 0x00, 0x00, 0x9f, 0xbf, 0x00, 0x00, 0x9f, 0xbf, 0x00, 0x00, 0x9f, 0xbf, 0x00, 0x00, 0x9f, 0xbf, 0x00, 0x00,
    0x9f, 0xbf, 0x00, 0x00, 0x9f, 0xbf, 0x00, 0x00, 0x9f, 0xbf, 0x00, 0x00, 0x9f, 0xbf, 0x00, 0x00, 0x9f, 0xbf, 0x00,
    0x00, 0x9f, 0xbf, 0x00, 0x00, 0x9f, 0xbf, 0x00, 0x00, 0x9f, 0xbf, 0x00, 0x00, 0x9f, 0xbf, 0x00, 0x00, 0x9f, 0xbf,
    0x00, 0x00, 0x9f, 0xbf, 0x00, 0x00, 0x9f, 0xbf, 0x00, 0x00, 0x9f, 0xbf, 0x00, 0x00, 0x9f, 0xbf, 0x00, 0x00, 0x9f,
    0xbf, 0x00, 0x00, 0x9f, 0xbf, 0x00, 0x00, 0x9f, 0xbf, 0x00, 0x00, 0x9f, 0xbf, 0x00, 0x00, 0x9f, 0xbf, 0x00, 0x00,
    0x9f, 0xbf, 0x00, 0x00, 0x9f, 0xbf, 0x00, 0x00, 0x9f, 0xbf, 0x00, 0x00, 0x9f, 0xbf, 0x00, 0x00, 0x9f, 0xbf, 0x00,
    0x00, 0x9f, 0xbf, 0x00, 0x00, 0x9f, 0xbf, 0x00, 0x00, 0x9f, 0xbf, 0x00, 0x00, 0x9f, 0xbf, 0x00, 0x00, 0x9f, 0xbf,
    0x00, 0x00, 0x9f, 0xbf, 0x00, 0x00, 0x9f, 0xbf, 0x00, 0x00, 0x9f, 0xbf, 0x00, 0x00, 0x9f, 0xbf, 0x00, 0x00, 0x9f,
    0xbf, 0x00, 0x00, 0x9f, 0xbf, 0x00, 0x00, 0x9f, 0xbf, 0x00, 0x00, 0x9f, 0xbf, 0x00, 0x00, 0x9f, 0xbf, 0x00, 0x00,
    0x9f, 0xbf, 0x00, 0x00, 0x9f, 0xbf, 0x00, 0x00, 0x9f, 0xbf, 0x00, 0x00, 0x9f, 0xbf, 0x00, 0x00, 0x9f, 0xbf, 0x00,
    0x00, 0x9f, 0xbf, 0x00, 0x00, 0x9f, 0xbf, 0x00, 0x00, 0x9f, 0xbf, 0x00, 0x00, 0x9f, 0xbf, 0x00, 0x00, 0x9f, 0xbf,
    0x00, 0x00, 0x9f, 0xbf, 0x00, 0x00, 0x9f, 0xbf, 0x00, 0x00, 0x00, 0x00, 0x00, 0x00, 0x10, 0x00, 0x00, 0x00, 0x00,
    0x00, 0xac, 0xdf, 0x03, 0x10, 0x47, 0x65, 0x6e, 0x65, 0x72, 0x61, 0x74, 0x65, 0x64, 0x20, 0x62, 0x79, 0x20, 0x74,
    0x68, 0x65, 0x20, 0x41, 0x64, 0x76, 0x61, 0x6e, 0x63, 0x65, 0x64, 0x20, 0x4d, 0x69, 0x63, 0x72, 0x6f, 0x20, 0x44,
    0x65, 0x76, 0x69, 0x63, 0x65, 0x73, 0x2c, 0x20, 0x49, 0x6e, 0x63, 0x2e, 0x2c, 0x20, 0x50, 0x72, 0x6f, 0x70, 0x72,
    0x69, 0x65, 0x74, 0x61, 0x72, 0x79, 0x20, 0x47, 0x50, 0x55, 0x20, 0x53, 0x68, 0x61, 0x64, 0x65, 0x72, 0x20, 0x43,
    0x6f, 0x6d, 0x70, 0x69, 0x6c, 0x65, 0x72, 0x2e, 0x00, 0x00, 0x5f, 0x61, 0x6d, 0x64, 0x67, 0x70, 0x75, 0x5f, 0x63,
    0x73, 0x5f, 0x6d, 0x61, 0x69, 0x6e, 0x00, 0x5f, 0x61, 0x6d, 0x64, 0x67, 0x70, 0x75, 0x5f, 0x63, 0x73, 0x5f, 0x73,
    0x68, 0x64, 0x72, 0x5f, 0x69, 0x6e, 0x74, 0x72, 0x6c, 0x5f, 0x74, 0x62, 0x6c, 0x00, 0x00, 0x00, 0x00, 0x00, 0x00,
    0x00, 0x00, 0x00, 0x00, 0x00, 0x00, 0x00, 0x00, 0x00, 0x00, 0x00, 0x00, 0x00, 0x00, 0x00, 0x00, 0x00, 0x00, 0x00,
    0x01, 0x00, 0x00, 0x00, 0x12, 0x00, 0x02, 0x00, 0x00, 0x00, 0x00, 0x00, 0x00, 0x00, 0x00, 0x00, 0x00, 0x0b, 0x00,
    0x00, 0x00, 0x00, 0x00, 0x00, 0x11, 0x00, 0x00, 0x00, 0x11, 0x00, 0x03, 0x00, 0x00, 0x00, 0x00, 0x00, 0x00, 0x00,
    0x00, 0x00, 0x10, 0x00, 0x00, 0x00, 0x00, 0x00, 0x00, 0x00, 0x07, 0x00, 0x00, 0x00, 0x6c, 0x04, 0x00, 0x00, 0x20,
    0x00, 0x00, 0x00, 0x41, 0x4d, 0x44, 0x47, 0x50, 0x55, 0x00, 0x00, 0x82, 0xae, 0x61, 0x6d, 0x64, 0x70, 0x61, 0x6c,
    0x2e, 0x76, 0x65, 0x72, 0x73, 0x69, 0x6f, 0x6e, 0x92, 0x03, 0x06, 0xb0, 0x61, 0x6d, 0x64, 0x70, 0x61, 0x6c, 0x2e,
    0x70, 0x69, 0x70, 0x65, 0x6c, 0x69, 0x6e, 0x65, 0x73, 0x91, 0x8b, 0xa5, 0x2e, 0x74, 0x79, 0x70, 0x65, 0xa2, 0x43,
    0x73, 0xae, 0x2e, 0x72, 0x65, 0x73, 0x6f, 0x75, 0x72, 0x63, 0x65, 0x5f, 0x68, 0x61, 0x73, 0x68, 0xcf, 0xd5, 0x3b,
    0x56, 0xf8, 0x53, 0xfa, 0x64, 0x4e, 0xb0, 0x2e, 0x73, 0x70, 0x69, 0x6c, 0x6c, 0x5f, 0x74, 0x68, 0x72, 0x65, 0x73,
    0x68, 0x6f, 0x6c, 0x64, 0xcd, 0xff, 0xff, 0xb0, 0x2e, 0x75, 0x73, 0x65, 0x72, 0x5f, 0x64, 0x61, 0x74, 0x61, 0x5f,
    0x6c, 0x69, 0x6d, 0x69, 0x74, 0x01, 0xa8, 0x2e, 0x73, 0x68, 0x61, 0x64, 0x65, 0x72, 0x73, 0x81, 0xa8, 0x2e, 0x63,
    0x6f, 0x6d, 0x70, 0x75, 0x74, 0x65, 0x83, 0xb0, 0x2e, 0x61, 0x70, 0x69, 0x5f, 0x73, 0x68, 0x61, 0x64, 0x65, 0x72,
    0x5f, 0x68, 0x61, 0x73, 0x68, 0x92, 0xcf, 0xce, 0xca, 0xe8, 0xd6, 0x79, 0xa0, 0x8e, 0x33, 0xcf, 0x74, 0x05, 0x57,
    0x7c, 0xd4, 0x4f, 0xf4, 0xf0, 0xb1, 0x2e, 0x68, 0x61, 0x72, 0x64, 0x77, 0x61, 0x72, 0x65, 0x5f, 0x6d, 0x61, 0x70,
    0x70, 0x69, 0x6e, 0x67, 0x91, 0xa3, 0x2e, 0x63, 0x73, 0xaf, 0x2e, 0x73, 0x68, 0x61, 0x64, 0x65, 0x72, 0x5f, 0x73,
    0x75, 0x62, 0x74, 0x79, 0x70, 0x65, 0xa7, 0x55, 0x6e, 0x6b, 0x6e, 0x6f, 0x77, 0x6e, 0xb0, 0x2e, 0x68, 0x61, 0x72,
    0x64, 0x77, 0x61, 0x72, 0x65, 0x5f, 0x73, 0x74, 0x61, 0x67, 0x65, 0x73, 0x81, 0xa3, 0x2e, 0x63, 0x73, 0xde, 0x00,
    0x1d, 0xb3, 0x2e, 0x65, 0x6e, 0x74, 0x72, 0x79, 0x5f, 0x70, 0x6f, 0x69, 0x6e, 0x74, 0x5f, 0x73, 0x79, 0x6d, 0x62,
    0x6f, 0x6c, 0xaf, 0x5f, 0x61, 0x6d, 0x64, 0x67, 0x70, 0x75, 0x5f, 0x63, 0x73, 0x5f, 0x6d, 0x61, 0x69, 0x6e, 0xab,
    0x2e, 0x73, 0x67, 0x70, 0x72, 0x5f, 0x63, 0x6f, 0x75, 0x6e, 0x74, 0x1c, 0xab, 0x2e, 0x76, 0x67, 0x70, 0x72, 0x5f,
    0x63, 0x6f, 0x75, 0x6e, 0x74, 0x1d, 0xa9, 0x2e, 0x6c, 0x64, 0x73, 0x5f, 0x73, 0x69, 0x7a, 0x65, 0x00, 0xb4, 0x2e,
    0x73, 0x63, 0x72, 0x61, 0x74, 0x63, 0x68, 0x5f, 0x6d, 0x65, 0x6d, 0x6f, 0x72, 0x79, 0x5f, 0x73, 0x69, 0x7a, 0x65,
    0x00, 0xb4, 0x2e, 0x66, 0x72, 0x6f, 0x6e, 0x74, 0x65, 0x6e, 0x64, 0x5f, 0x73, 0x74, 0x61, 0x63, 0x6b, 0x5f, 0x73,
    0x69, 0x7a, 0x65, 0x00, 0xb3, 0x2e, 0x62, 0x61, 0x63, 0x6b, 0x65, 0x6e, 0x64, 0x5f, 0x73, 0x74, 0x61, 0x63, 0x6b,
    0x5f, 0x73, 0x69, 0x7a, 0x65, 0x00, 0xb6, 0x2e, 0x70, 0x65, 0x72, 0x66, 0x5f, 0x64, 0x61, 0x74, 0x61, 0x5f, 0x62,
    0x75, 0x66, 0x66, 0x65, 0x72, 0x5f, 0x73, 0x69, 0x7a, 0x65, 0x00, 0xaa, 0x2e, 0x75, 0x73, 0x65, 0x73, 0x5f, 0x75,
    0x61, 0x76, 0x73, 0xc3, 0xac, 0x2e, 0x77, 0x72, 0x69, 0x74, 0x65, 0x73, 0x5f, 0x75, 0x61, 0x76, 0x73, 0xc3, 0xb4,
    0x2e, 0x75, 0x73, 0x65, 0x73, 0x5f, 0x61, 0x70, 0x70, 0x65, 0x6e, 0x64, 0x5f, 0x63, 0x6f, 0x6e, 0x73, 0x75, 0x6d,
    0x65, 0xc2, 0xaf, 0x2e, 0x77, 0x61, 0x76, 0x65, 0x66, 0x72, 0x6f, 0x6e, 0x74, 0x5f, 0x73, 0x69, 0x7a, 0x65, 0x40,
    0xb2, 0x2e, 0x75, 0x73, 0x65, 0x72, 0x5f, 0x64, 0x61, 0x74, 0x61, 0x5f, 0x72, 0x65, 0x67, 0x5f, 0x6d, 0x61, 0x70,
    0xdc, 0x00, 0x20, 0xce, 0xff, 0xff, 0xff, 0xff, 0xce, 0xff, 0xff, 0xff, 0xff, 0x00, 0xce, 0xff, 0xff, 0xff, 0xff,
    0xce, 0xff, 0xff, 0xff, 0xff, 0xce, 0xff, 0xff, 0xff, 0xff, 0xce, 0xff, 0xff, 0xff, 0xff, 0xce, 0xff, 0xff, 0xff,
    0xff, 0xce, 0xff, 0xff, 0xff, 0xff, 0xce, 0xff, 0xff, 0xff, 0xff, 0xce, 0xff, 0xff, 0xff, 0xff, 0xce, 0xff, 0xff,
    0xff, 0xff, 0xce, 0xff, 0xff, 0xff, 0xff, 0xce, 0xff, 0xff, 0xff, 0xff, 0xce, 0xff, 0xff, 0xff, 0xff, 0xce, 0xff,
    0xff, 0xff, 0xff, 0xce, 0xff, 0xff, 0xff, 0xff, 0xce, 0xff, 0xff, 0xff, 0xff, 0xce, 0xff, 0xff, 0xff, 0xff, 0xce,
    0xff, 0xff, 0xff, 0xff, 0xce, 0xff, 0xff, 0xff, 0xff, 0xce, 0xff, 0xff, 0xff, 0xff, 0xce, 0xff, 0xff, 0xff, 0xff,
    0xce, 0xff, 0xff, 0xff, 0xff, 0xce, 0xff, 0xff, 0xff, 0xff, 0xce, 0xff, 0xff, 0xff, 0xff, 0xce, 0xff, 0xff, 0xff,
    0xff, 0xce, 0xff, 0xff, 0xff, 0xff, 0xce, 0xff, 0xff, 0xff, 0xff, 0xce, 0xff, 0xff, 0xff, 0xff, 0xce, 0xff, 0xff,
    0xff, 0xff, 0xce, 0xff, 0xff, 0xff, 0xff, 0xb7, 0x2e, 0x74, 0x68, 0x72, 0x65, 0x61, 0x64, 0x67, 0x72, 0x6f, 0x75,
    0x70, 0x5f, 0x64, 0x69, 0x6d, 0x65, 0x6e, 0x73, 0x69, 0x6f, 0x6e, 0x73, 0x93, 0x08, 0x08, 0x01, 0xab, 0x2e, 0x66,
    0x6c, 0x6f, 0x61, 0x74, 0x5f, 0x6d, 0x6f, 0x64, 0x65, 0xcc, 0xc0, 0xae, 0x2e, 0x66, 0x70, 0x31, 0x36, 0x5f, 0x6f,
    0x76, 0x65, 0x72, 0x66, 0x6c, 0x6f, 0x77, 0xc2, 0xaa, 0x2e, 0x69, 0x65, 0x65, 0x65, 0x5f, 0x6d, 0x6f, 0x64, 0x65,
    0xc2, 0xb9, 0x2e, 0x64, 0x79, 0x6e, 0x61, 0x6d, 0x69, 0x63, 0x5f, 0x76, 0x67, 0x70, 0x72, 0x5f, 0x73, 0x61, 0x76,
    0x65, 0x64, 0x5f, 0x63, 0x6f, 0x75, 0x6e, 0x74, 0x00, 0xa9, 0x2e, 0x77, 0x67, 0x70, 0x5f, 0x6d, 0x6f, 0x64, 0x65,
    0xc2, 0xac, 0x2e, 0x6d, 0x65, 0x6d, 0x5f, 0x6f, 0x72, 0x64, 0x65, 0x72, 0x65, 0x64, 0xc2, 0xb1, 0x2e, 0x66, 0x6f,
    0x72, 0x77, 0x61, 0x72, 0x64, 0x5f, 0x70, 0x72, 0x6f, 0x67, 0x72, 0x65, 0x73, 0x73, 0xc2, 0xaf, 0x2e, 0x77, 0x67,
    0x5f, 0x72, 0x6f, 0x75, 0x6e, 0x64, 0x5f, 0x72, 0x6f, 0x62, 0x69, 0x6e, 0xc2, 0xab, 0x2e, 0x75, 0x73, 0x65, 0x72,
    0x5f, 0x73, 0x67, 0x70, 0x72, 0x73, 0x03, 0xa8, 0x2e, 0x65, 0x78, 0x63, 0x70, 0x5f, 0x65, 0x6e, 0x00, 0xab, 0x2e,
    0x73, 0x63, 0x72, 0x61, 0x74, 0x63, 0x68, 0x5f, 0x65, 0x6e, 0xc2, 0xad, 0x2e, 0x74, 0x72, 0x61, 0x70, 0x5f, 0x70,
    0x72, 0x65, 0x73, 0x65, 0x6e, 0x74, 0xc2, 0xb0, 0x2e, 0x73, 0x68, 0x61, 0x72, 0x65, 0x64, 0x5f, 0x76, 0x67, 0x70,
    0x72, 0x5f, 0x63, 0x6e, 0x74, 0x00, 0xad, 0x2e, 0x77, 0x61, 0x76, 0x65, 0x73, 0x5f, 0x70, 0x65, 0x72, 0x5f, 0x73,
    0x65, 0x00, 0xaf, 0x2e, 0x63, 0x68, 0x65, 0x63, 0x6b, 0x73, 0x75, 0x6d, 0x5f, 0x76, 0x61, 0x6c, 0x75, 0x65, 0xce,
    0x17, 0x20, 0xc5, 0x69, 0xaa, 0x2e, 0x72, 0x65, 0x67, 0x69, 0x73, 0x74, 0x65, 0x72, 0x73, 0x81, 0xcd, 0x2e, 0x42,
    0x00, 0xa5, 0x2e, 0x6e, 0x61, 0x6d, 0x65, 0xae, 0x4d, 0x6c, 0x61, 0x61, 0x46, 0x69, 0x6e, 0x61, 0x6c, 0x42, 0x6c,
    0x65, 0x6e, 0x64, 0xb7, 0x2e, 0x69, 0x6e, 0x74, 0x65, 0x72, 0x6e, 0x61, 0x6c, 0x5f, 0x70, 0x69, 0x70, 0x65, 0x6c,
    0x69, 0x6e, 0x65, 0x5f, 0x68, 0x61, 0x73, 0x68, 0x92, 0xcf, 0xdc, 0x75, 0xd2, 0x2a, 0x41, 0x83, 0xb1, 0xab, 0xcf,
    0x45, 0x33, 0x80, 0x88, 0x14, 0x78, 0x36, 0x57, 0xb2, 0x2e, 0x63, 0x6f, 0x6d, 0x70, 0x75, 0x74, 0x65, 0x5f, 0x72,
    0x65, 0x67, 0x69, 0x73, 0x74, 0x65, 0x72, 0x73, 0x88, 0xaf, 0x2e, 0x74, 0x69, 0x64, 0x69, 0x67, 0x5f, 0x63, 0x6f,
    0x6d, 0x70, 0x5f, 0x63, 0x6e, 0x74, 0x01, 0xaa, 0x2e, 0x74, 0x67, 0x69, 0x64, 0x5f, 0x78, 0x5f, 0x65, 0x6e, 0xc3,
    0xaa, 0x2e, 0x74, 0x67, 0x69, 0x64, 0x5f, 0x79, 0x5f, 0x65, 0x6e, 0xc3, 0xaa, 0x2e, 0x74, 0x67, 0x69, 0x64, 0x5f,
    0x7a, 0x5f, 0x65, 0x6e, 0xc2, 0xab, 0x2e, 0x74, 0x67, 0x5f, 0x73, 0x69, 0x7a, 0x65, 0x5f, 0x65, 0x6e, 0xc2, 0xb0,
    0x2e, 0x64, 0x79, 0x6e, 0x61, 0x6d, 0x69, 0x63, 0x5f, 0x76, 0x67, 0x70, 0x72, 0x5f, 0x65, 0x6e, 0xc2, 0xad, 0x2e,
    0x78, 0x5f, 0x69, 0x6e, 0x74, 0x65, 0x72, 0x6c, 0x65, 0x61, 0x76, 0x65, 0x00, 0xad, 0x2e, 0x79, 0x5f, 0x69, 0x6e,
    0x74, 0x65, 0x72, 0x6c, 0x65, 0x61, 0x76, 0x65, 0x00, 0xa4, 0x2e, 0x61, 0x70, 0x69, 0xa7, 0x73, 0x63, 0x70, 0x63,
    0x42, 0x6c, 0x64, 0x00, 0x00, 0x00, 0x00, 0x00, 0x00, 0x00, 0x00, 0x00, 0x00, 0x00, 0x00, 0x00, 0x00, 0x00, 0x00,
    0x00, 0x00, 0x00, 0x00, 0x00, 0x00, 0x00, 0x00, 0x00, 0x00, 0x00, 0x00, 0x00, 0x00, 0x00, 0x00, 0x00, 0x00, 0x00,
    0x00, 0x00, 0x00, 0x00, 0x00, 0x00, 0x00, 0x00, 0x00, 0x00, 0x00, 0x00, 0x00, 0x00, 0x00, 0x00, 0x00, 0x00, 0x00,
    0x00, 0x00, 0x00, 0x00, 0x00, 0x00, 0x00, 0x00, 0x00, 0x00, 0x00, 0x00, 0x00, 0x01, 0x00, 0x00, 0x00, 0x03, 0x00,
    0x00, 0x00, 0x00, 0x00, 0x00, 0x00, 0x00, 0x00, 0x00, 0x00, 0x00, 0x00, 0x00, 0x00, 0x00, 0x00, 0x00, 0x00, 0x40,
    0x00, 0x00, 0x00, 0x00, 0x00, 0x00, 0x00, 0x36, 0x00, 0x00, 0x00, 0x00, 0x00, 0x00, 0x00, 0x00, 0x00, 0x00, 0x00,
    0x00, 0x00, 0x00, 0x00, 0x00, 0x00, 0x00, 0x00, 0x00, 0x00, 0x00, 0x00, 0x00, 0x00, 0x00, 0x00, 0x00, 0x00, 0x00,
    0x00, 0x0b, 0x00, 0x00, 0x00, 0x01, 0x00, 0x00, 0x00, 0x06, 0x00, 0x00, 0x00, 0x00, 0x00, 0x00, 0x00, 0x00, 0x00,
    0x00, 0x00, 0x00, 0x00, 0x00, 0x00, 0x76, 0x00, 0x00, 0x00, 0x00, 0x00, 0x00, 0x00, 0x00, 0x0b, 0x00, 0x00, 0x00,
    0x00, 0x00, 0x00, 0x00, 0x00, 0x00, 0x00, 0x00, 0x00, 0x00, 0x00, 0x00, 0x01, 0x00, 0x00, 0x00, 0x00, 0x00, 0x00,
    0x00, 0x00, 0x00, 0x00, 0x00, 0x00, 0x00, 0x00, 0x11, 0x00, 0x00, 0x00, 0x01, 0x00, 0x00, 0x00, 0x03, 0x00, 0x00,
    0x00, 0x00, 0x00, 0x00, 0x00, 0x00, 0x00, 0x00, 0x00, 0x00, 0x00, 0x00, 0x00, 0x76, 0x0b, 0x00, 0x00, 0x00, 0x00,
    0x00, 0x00, 0x10, 0x00, 0x00, 0x00, 0x00, 0x00, 0x00, 0x00, 0x00, 0x00, 0x00, 0x00, 0x00, 0x00, 0x00, 0x00, 0x20,
    0x00, 0x00, 0x00, 0x00, 0x00, 0x00, 0x00, 0x00, 0x00, 0x00, 0x00, 0x00, 0x00, 0x00, 0x00, 0x17, 0x00, 0x00, 0x00,
    0x01, 0x00, 0x00, 0x00, 0x00, 0x00, 0x00, 0x00, 0x00, 0x00, 0x00, 0x00, 0x00, 0x00, 0x00, 0x00, 0x00, 0x00, 0x00,
    0x00, 0x86, 0x0b, 0x00, 0x00, 0x00, 0x00, 0x00, 0x00, 0x50, 0x00, 0x00, 0x00, 0x00, 0x00, 0x00, 0x00, 0x00, 0x00,
    0x00, 0x00, 0x00, 0x00, 0x00, 0x00, 0x00, 0x00, 0x00, 0x00, 0x00, 0x00, 0x00, 0x00, 0x00, 0x00, 0x00, 0x00, 0x00,
    0x00, 0x00, 0x00, 0x20, 0x00, 0x00, 0x00, 0x03, 0x00, 0x00, 0x00, 0x00, 0x00, 0x00, 0x00, 0x00, 0x00, 0x00, 0x00,
    0x00, 0x00, 0x00, 0x00, 0x00, 0x00, 0x00, 0x00, 0xd6, 0x0b, 0x00, 0x00, 0x00, 0x00, 0x00, 0x00, 0x2b, 0x00, 0x00,
    0x00, 0x00, 0x00, 0x00, 0x00, 0x00, 0x00, 0x00, 0x00, 0x00, 0x00, 0x00, 0x00, 0x00, 0x00, 0x00, 0x00, 0x00, 0x00,
    0x00, 0x00, 0x00, 0x00, 0x00, 0x00, 0x00, 0x00, 0x00, 0x00, 0x28, 0x00, 0x00, 0x00, 0x02, 0x00, 0x00, 0x00, 0x00,
    0x00, 0x00, 0x00, 0x00, 0x00, 0x00, 0x00, 0x00, 0x00, 0x00, 0x00, 0x00, 0x00, 0x00, 0x00, 0x01, 0x0c, 0x00, 0x00,
    0x00, 0x00, 0x00, 0x00, 0x48, 0x00, 0x00, 0x00, 0x00, 0x00, 0x00, 0x00, 0x05, 0x00, 0x00, 0x00, 0x00, 0x00, 0x00,
    0x00, 0x00, 0x00, 0x00, 0x00, 0x00, 0x00, 0x00, 0x00, 0x18, 0x00, 0x00, 0x00, 0x00, 0x00, 0x00, 0x00, 0x30, 0x00,
    0x00, 0x00, 0x07, 0x00, 0x00, 0x00, 0x00, 0x00, 0x00, 0x00, 0x00, 0x00, 0x00, 0x00, 0x00, 0x00, 0x00, 0x00, 0x00,
    0x00, 0x00, 0x00, 0x49, 0x0c, 0x00, 0x00, 0x00, 0x00, 0x00, 0x00, 0x80, 0x04, 0x00, 0x00, 0x00, 0x00, 0x00, 0x00,
    0x00, 0x00, 0x00, 0x00, 0x00, 0x00, 0x00, 0x00, 0x00, 0x00, 0x00, 0x00, 0x00, 0x00, 0x00, 0x00, 0x00, 0x00, 0x00,
    0x00, 0x00, 0x00, 0x00, 0x00,
};

// Mlaa Final Blend Fast compute shader binary
inline constexpr Util::uint8 MlaaFinalBlendFast_Cs_4AC1E1C2[] =
{
    0x7f, 0x45, 0x4c, 0x46, 0x02, 0x01, 0x01, 0x41, 0x00, 0x00, 0x00, 0x00, 0x00, 0x00, 0x00, 0x00, 0x01, 0x00, 0xe0,
    0x00, 0x01, 0x00, 0x00, 0x00, 0x00, 0x00, 0x00, 0x00, 0x00, 0x00, 0x00, 0x00, 0x00, 0x00, 0x00, 0x00, 0x00, 0x00,
    0x00, 0x00, 0xb4, 0x11, 0x00, 0x00, 0x00, 0x00, 0x00, 0x00, 0x48, 0x05, 0x00, 0x00, 0x40, 0x00, 0x00, 0x00, 0x00,
    0x00, 0x40, 0x00, 0x08, 0x00, 0x01, 0x00, 0x00, 0x2e, 0x73, 0x68, 0x73, 0x74, 0x72, 0x74, 0x61, 0x62, 0x00, 0x2e,
    0x74, 0x65, 0x78, 0x74, 0x00, 0x2e, 0x64, 0x61, 0x74, 0x61, 0x00, 0x2e, 0x63, 0x6f, 0x6d, 0x6d, 0x65, 0x6e, 0x74,
    0x00, 0x2e, 0x73, 0x74, 0x72, 0x74, 0x61, 0x62, 0x00, 0x2e, 0x73, 0x79, 0x6d, 0x74, 0x61, 0x62, 0x00, 0x2e, 0x6e,
    0x6f, 0x74, 0x65, 0x00, 0x09, 0x20, 0x80, 0xb0, 0x80, 0x47, 0x84, 0xbe, 0x09, 0x00, 0x87, 0xbf, 0x05, 0x0f, 0x81,
    0xbe, 0x02, 0x00, 0x80, 0xbe, 0x80, 0x20, 0x00, 0xf4, 0x64, 0x00, 0x00, 0xf8, 0xff, 0x00, 0x02, 0x36, 0xff, 0x03,
    0x00, 0x00, 0x00, 0x00, 0x10, 0xd6, 0x00, 0x15, 0x29, 0x02, 0x73, 0xff, 0x04, 0x8b, 0xff, 0xff, 0x00, 0x00, 0x12,
    0x01, 0x87, 0xbf, 0x01, 0x00, 0x0b, 0xd6, 0x75, 0x10, 0x05, 0x04, 0x00, 0x00, 0x0b, 0xd6, 0x04, 0x10, 0x01, 0x04,
    0x00, 0x00, 0xc7, 0xbf, 0x12, 0x01, 0x87, 0xbf, 0x04, 0x00, 0x4e, 0xd4, 0x02, 0x02, 0x02, 0x00, 0x03, 0x00, 0x9c,
    0x7c, 0x04, 0x6a, 0xea, 0x8b, 0x09, 0x00, 0x87, 0xbf, 0x6a, 0x21, 0x84, 0xbe, 0x9b, 0x02, 0xa5, 0xbf, 0x00, 0x62,
    0x00, 0xf4, 0x20, 0x00, 0x00, 0xf8, 0x00, 0x64, 0x00, 0xf4, 0x40, 0x00, 0x00, 0xf8, 0x02, 0x02, 0x04, 0x22, 0x03,
    0x00, 0x08, 0x22, 0x00, 0x00, 0xc7, 0xbf, 0x01, 0x00, 0xc0, 0xd3, 0x20, 0x10, 0x00, 0x00, 0x02, 0x04, 0x00, 0x00,
    0x01, 0x00, 0xc0, 0xd0, 0x0a, 0x20, 0x00, 0x00, 0x02, 0x04, 0x00, 0x00, 0x7e, 0x01, 0x86, 0xbe, 0x00, 0xa0, 0x04,
    0xf4, 0x9b, 0x00, 0x00, 0xf8, 0x00, 0x00, 0xc0, 0xbf, 0x7e, 0x00, 0xcd, 0xd4, 0x0a, 0x01, 0x01, 0x00, 0x97, 0x00,
    0xa5, 0xbf, 0xff, 0x14, 0x06, 0x36, 0x80, 0x00, 0x00, 0x00, 0x0e, 0x00, 0x10, 0xd6, 0x0a, 0x09, 0x0d, 0x02, 0x03,
    0x00, 0x20, 0x26, 0x93, 0x01, 0x87, 0xbf, 0x80, 0x06, 0x8a, 0x7c, 0x88, 0x1c, 0x0a, 0x02, 0x88, 0x14, 0x18, 0x36,
    0x87, 0x14, 0x1a, 0x36, 0x23, 0x02, 0x87, 0xbf, 0x81, 0x0a, 0x06, 0x4a, 0x01, 0x0b, 0x1e, 0x4c, 0x80, 0x18, 0x8a,
    0x7c, 0x93, 0x01, 0x87, 0xbf, 0x01, 0x07, 0x06, 0x4c, 0x02, 0x1e, 0x1e, 0x26, 0x9d, 0xff, 0x88, 0xbf, 0x88, 0x1a,
    0x14, 0x02, 0xa3, 0x01, 0x87, 0xbf, 0x02, 0x06, 0x06, 0x26, 0xc1, 0x00, 0x18, 0x4a, 0x01, 0x15, 0x22, 0x4a, 0x12,
    0x00, 0x55, 0xd6, 0x0a, 0x03, 0x06, 0x02, 0x93, 0x01, 0x87, 0xbf, 0x0c, 0x00, 0x64, 0xd6, 0x0c, 0x01, 0x0d, 0x00,
    0x02, 0x22, 0x26, 0x26, 0x03, 0x00, 0x87, 0xbf, 0x02, 0x24, 0x24, 0x26, 0x04, 0x00, 0x85, 0xbf, 0x01, 0x00, 0xc0,
    0xd1, 0x14, 0x10, 0x00, 0x00, 0x02, 0x0c, 0x00, 0x00, 0x01, 0x00, 0xc0, 0xd1, 0x17, 0x10, 0x00, 0x00, 0x0f, 0x10,
    0x00, 0x00, 0x01, 0x00, 0xc0, 0xd1, 0x1a, 0x10, 0x00, 0x00, 0x03, 0x10, 0x00, 0x00, 0x01, 0x00, 0xc0, 0xd1, 0x1d,
    0x10, 0x00, 0x00, 0x13, 0x10, 0x00, 0x00, 0x01, 0x00, 0xc0, 0xd1, 0x10, 0x10, 0x00, 0x00, 0x12, 0x10, 0x00, 0x00,
    0x03, 0x00, 0x55, 0xd6, 0x05, 0x15, 0x06, 0x02, 0x05, 0x0d, 0x1e, 0x7e, 0x02, 0x00, 0x87, 0xbf, 0x03, 0x0d, 0x18,
    0x7e, 0x02, 0x00, 0xc0, 0xbf, 0x17, 0x35, 0x06, 0x08, 0x18, 0x37, 0x14, 0x08, 0x19, 0x39, 0x0a, 0x08, 0x00, 0x00,
    0xc0, 0xbf, 0x1d, 0x21, 0x20, 0x08, 0x14, 0x02, 0x87, 0xbf, 0x18, 0x01, 0x14, 0xd4, 0x03, 0xff, 0x01, 0x00, 0x00,
    0x00, 0x80, 0x3d, 0x1a, 0x01, 0x14, 0xd4, 0x0a, 0xff, 0x01, 0x00, 0x00, 0x00, 0x80, 0x3d, 0x04, 0x00, 0x87, 0xbf,
    0x1c, 0x01, 0x14, 0xd4, 0x05, 0xff, 0x01, 0x00, 0x00, 0x00, 0x80, 0x3d, 0x1e, 0x23, 0x22, 0x08, 0x1f, 0x25, 0x24,
    0x08, 0x0c, 0x55, 0x06, 0x7e, 0x0c, 0x1f, 0x0a, 0x08, 0xf0, 0x18, 0x18, 0x10, 0x92, 0x02, 0x87, 0xbf, 0xf3, 0x0a,
    0x30, 0x06, 0x05, 0x00, 0x13, 0xd6, 0x03, 0x0b, 0xc6, 0x03, 0x18, 0x1a, 0xea, 0x8c, 0x9e, 0xff, 0x88, 0xbf, 0x1c,
    0x6a, 0xea, 0x8c, 0x18, 0x01, 0x14, 0xd4, 0x11, 0xff, 0x01, 0x00, 0x00, 0x00, 0x80, 0x3d, 0x1c, 0x01, 0x14, 0xd4,
    0x10, 0xff, 0x01, 0x00, 0x00, 0x00, 0x80, 0x3d, 0x1a, 0x01, 0x14, 0xd4, 0x12, 0xff, 0x01, 0x00, 0x00, 0x00, 0x80,
    0x3d, 0x9e, 0xff, 0x88, 0xbf, 0x0a, 0x00, 0x01, 0xd5, 0x80, 0x82, 0xa9, 0x01, 0x21, 0x2b, 0x20, 0x0a, 0x22, 0x2d,
    0x22, 0x0a, 0xc3, 0x01, 0x87, 0xbf, 0x19, 0x00, 0x12, 0xd6, 0x81, 0x14, 0x0a, 0x02, 0x0a, 0x00, 0x13, 0xd6, 0x03,
    0x31, 0xc6, 0x03, 0x03, 0x00, 0x01, 0xd5, 0x80, 0x02, 0xa9, 0x01, 0x10, 0x43, 0x0c, 0x58, 0x00, 0x00, 0x00, 0x3e,
    0x05, 0x03, 0x03, 0xd5, 0x05, 0x15, 0x02, 0x18, 0x20, 0x29, 0x14, 0x0a, 0x1c, 0x18, 0xea, 0x8c, 0x9e, 0xff, 0x88,
    0xbf, 0x1a, 0x6a, 0xea, 0x8c, 0x9e, 0xff, 0x88, 0xbf, 0xb4, 0x01, 0x87, 0xbf, 0x03, 0x33, 0x06, 0x02, 0x1a, 0x00,
    0x16, 0xd4, 0x0f, 0x19, 0x02, 0x00, 0x0c, 0x1f, 0x2c, 0x7c, 0x18, 0x00, 0x42, 0xd4, 0x03, 0x05, 0x01, 0x00, 0x1c,
    0x00, 0x42, 0xd4, 0x03, 0x03, 0x01, 0x00, 0x0c, 0x00, 0x13, 0xd6, 0x05, 0x15, 0x82, 0x04, 0x0f, 0x00, 0x13, 0xd6,
    0x05, 0x21, 0x86, 0x04, 0x05, 0x00, 0x13, 0xd6, 0x05, 0x23, 0x8a, 0x04, 0x0a, 0x41, 0x10, 0x58, 0x00, 0x00, 0x00,
    0x3e, 0x18, 0x1a, 0x98, 0x8b, 0x1c, 0x6a, 0xea, 0x8b, 0x9e, 0xff, 0x88, 0xbf, 0x18, 0x6a, 0x98, 0x8c, 0x83, 0x06,
    0x84, 0x7c, 0x0e, 0x1b, 0x06, 0x4a, 0x6a, 0x18, 0xea, 0x8c, 0x01, 0x00, 0x87, 0xbf, 0x18, 0x00, 0x45, 0xd4, 0x03,
    0x01, 0x01, 0x00, 0x9e, 0xff, 0x88, 0xbf, 0x20, 0x19, 0x1c, 0x02, 0x22, 0x0b, 0x0a, 0x02, 0x21, 0x1f, 0x18, 0x02,
    0x11, 0x45, 0x06, 0x58, 0x00, 0x00, 0x00, 0x3e, 0x21, 0x02, 0x87, 0xbf, 0x22, 0x00, 0x01, 0xd5, 0x03, 0x0b, 0x62,
    0x00, 0x20, 0x00, 0x01, 0xd5, 0x08, 0x1d, 0x62, 0x00, 0x21, 0x00, 0x01, 0xd5, 0x06, 0x19, 0x62, 0x00, 0x06, 0x01,
    0xfe, 0xbe, 0x81, 0x00, 0x0c, 0x4a, 0x01, 0x00, 0x87, 0xbf, 0x03, 0x0c, 0x18, 0x22, 0x01, 0x00, 0x40, 0xd0, 0x07,
    0x20, 0x00, 0x00, 0x02, 0x0c, 0x00, 0x00, 0x00, 0xa0, 0x04, 0xf4, 0x9b, 0x00, 0x00, 0xf8, 0x00, 0x00, 0xc0, 0xbf,
    0x80, 0x0e, 0x9a, 0x7c, 0x06, 0x6a, 0xfe, 0x8b, 0x00, 0xa0, 0x04, 0xf4, 0x34, 0x01, 0x00, 0xf8, 0x95, 0x00, 0xa5,
    0xbf, 0xff, 0x0e, 0x14, 0x36, 0x80, 0x00, 0x00, 0x00, 0x0d, 0x00, 0x10, 0xd6, 0x07, 0x09, 0x0d, 0x02, 0x03, 0x0c,
    0x22, 0x26, 0xa3, 0x01, 0x87, 0xbf, 0x80, 0x14, 0x8a, 0x7c, 0x9d, 0xff, 0x88, 0xbf, 0x88, 0x1a, 0x20, 0x02, 0x88,
    0x0e, 0x1c, 0x36, 0x87, 0x0e, 0x0e, 0x36, 0x23, 0x02, 0x87, 0xbf, 0x81, 0x20, 0x14, 0x4a, 0x01, 0x21, 0x1e, 0x4c,
    0x80, 0x1c, 0x8a, 0x7c, 0x93, 0x01, 0x87, 0xbf, 0x01, 0x15, 0x14, 0x4c, 0x02, 0x1e, 0x1e, 0x26, 0x9d, 0xff, 0x88,
    0xbf, 0x88, 0x0e, 0x1c, 0x02, 0x13, 0x01, 0x87, 0xbf, 0x02, 0x14, 0x14, 0x26, 0x01, 0x1d, 0x0c, 0x4a, 0x12, 0x00,
    0x55, 0xd6, 0x0e, 0x03, 0x06, 0x02, 0x12, 0x01, 0x87, 0xbf, 0x02, 0x0c, 0x0c, 0x26, 0x02, 0x24, 0x24, 0x26, 0x04,
    0x00, 0x85, 0xbf, 0x01, 0x00, 0xc0, 0xd1, 0x14, 0x10, 0x00, 0x00, 0x02, 0x0c, 0x00, 0x00, 0x01, 0x00, 0xc0, 0xd1,
    0x17, 0x10, 0x00, 0x00, 0x0f, 0x11, 0x00, 0x00, 0x01, 0x00, 0xc0, 0xd1, 0x1a, 0x10, 0x00, 0x00, 0x0a, 0x11, 0x00,
    0x00, 0x01, 0x00, 0xc0, 0xd1, 0x1d, 0x10, 0x00, 0x00, 0x06, 0x11, 0x00, 0x00, 0x01, 0x00, 0xc0, 0xd1, 0x11, 0x10,
    0x00, 0x00, 0x12, 0x11, 0x00, 0x00, 0x02, 0x00, 0x55, 0xd6, 0x0e, 0x21, 0x06, 0x02, 0x10, 0x0d, 0x18, 0x7e, 0x92,
    0x00, 0x87, 0xbf, 0x02, 0x0d, 0x04, 0x7e, 0x02, 0x19, 0x20, 0x08, 0x02, 0x00, 0xc0, 0xbf, 0x19, 0x39, 0x1c, 0x08,
    0x17, 0x35, 0x0c, 0x08, 0x18, 0x37, 0x14, 0x08, 0x04, 0x00, 0x87, 0xbf, 0xf3, 0x20, 0x30, 0x06, 0x00, 0x00, 0xc0,
    0xbf, 0x1e, 0x25, 0x1e, 0x08, 0x1c, 0x01, 0x14, 0xd4, 0x0e, 0xff, 0x01, 0x00, 0x00, 0x00, 0x80, 0x3d, 0x18, 0x01,
    0x14, 0xd4, 0x06, 0xff, 0x01, 0x00, 0x00, 0x00, 0x80, 0x3d, 0x1a, 0x01, 0x14, 0xd4, 0x0a, 0xff, 0x01, 0x00, 0x00,
    0x00, 0x80, 0x3d, 0x1d, 0x23, 0x1c, 0x08, 0x1f, 0x27, 0x22, 0x08, 0x02, 0x55, 0x0c, 0x7e, 0xf0, 0x04, 0x04, 0x10,
    0x05, 0x00, 0x87, 0xbf, 0x10, 0x00, 0x13, 0xd6, 0x06, 0x21, 0xc6, 0x03, 0x18, 0x1a, 0xea, 0x8c, 0x9e, 0xff, 0x88,
    0xbf, 0x1c, 0x6a, 0xea, 0x8c, 0x18, 0x01, 0x14, 0xd4, 0x0f, 0xff, 0x01, 0x00, 0x00, 0x00, 0x80, 0x3d, 0x1c, 0x01,
    0x14, 0xd4, 0x0e, 0xff, 0x01, 0x00, 0x00, 0x00, 0x80, 0x3d, 0x1a, 0x01, 0x14, 0xd4, 0x11, 0xff, 0x01, 0x00, 0x00,
    0x00, 0x80, 0x3d, 0x9e, 0xff, 0x88, 0xbf, 0x0a, 0x00, 0x01, 0xd5, 0x80, 0x82, 0xa9, 0x01, 0x11, 0x00, 0x01, 0xd5,
    0x80, 0x02, 0xa9, 0x01, 0x0f, 0x00, 0x13, 0xd6, 0x06, 0x31, 0xc6, 0x03, 0x20, 0x29, 0x1c, 0x0a, 0x94, 0x01, 0x87,
    0xbf, 0x0a, 0x00, 0x12, 0xd6, 0x81, 0x14, 0x0a, 0x02, 0x06, 0x03, 0x03, 0xd5, 0x10, 0x1f, 0x02, 0x18, 0x21, 0x2b,
    0x1e, 0x0a, 0x22, 0x2d, 0x20, 0x0a, 0x0e, 0x41, 0x0a, 0x58, 0x00, 0x00, 0x00, 0x3e, 0x1c, 0x18, 0xea, 0x8c, 0x9e,
    0xff, 0x88, 0xbf, 0x1a, 0x6a, 0xea, 0x8c, 0x9e, 0xff, 0x88, 0xbf, 0x11, 0x15, 0x14, 0x02, 0x1a, 0x00, 0x16, 0xd4,
    0x02, 0x19, 0x02, 0x00, 0x0c, 0x05, 0x2c, 0x7c, 0x03, 0x00, 0x87, 0xbf, 0x18, 0x00, 0x42, 0xd4, 0x0a, 0x05, 0x01,
    0x00, 0x1c, 0x00, 0x42, 0xd4, 0x0a, 0x03, 0x01, 0x00, 0x02, 0x00, 0x13, 0xd6, 0x06, 0x1d, 0x82, 0x04, 0x12, 0x00,
    0x13, 0xd6, 0x06, 0x1f, 0x86, 0x04, 0x0c, 0x00, 0x13, 0xd6, 0x06, 0x21, 0x8a, 0x04, 0x0d, 0x0f, 0x0c, 0x4a, 0x10,
    0x45, 0x06, 0x58, 0x00, 0x00, 0x00, 0x3e, 0x18, 0x1a, 0x98, 0x8b, 0x1c, 0x6a, 0xea, 0x8b, 0x9e, 0xff, 0x88, 0xbf,
    0x18, 0x6a, 0x98, 0x8c, 0x80, 0x14, 0x84, 0x7c, 0x9e, 0xff, 0x88, 0xbf, 0x6a, 0x18, 0xea, 0x8c, 0x03, 0x00, 0x87,
    0xbf, 0x18, 0x00, 0x45, 0xd4, 0x06, 0x01, 0x01, 0x00, 0x9e, 0xff, 0x88, 0xbf, 0x20, 0x05, 0x04, 0x02, 0x22, 0x19,
    0x18, 0x02, 0x21, 0x25, 0x1a, 0x02, 0x0f, 0x43, 0x0c, 0x58, 0x00, 0x00, 0x00, 0x3e, 0x9f, 0xf1, 0x88, 0xbf, 0xa3,
    0x01, 0x87, 0xbf, 0x22, 0x00, 0x01, 0xd5, 0x03, 0x19, 0x62, 0x00, 0x20, 0x00, 0x01, 0xd5, 0x05, 0x05, 0x62, 0x00,
    0x21, 0x00, 0x01, 0xd5, 0x06, 0x1b, 0x62, 0x00, 0x06, 0x01, 0xfe, 0xbe, 0x80, 0x16, 0x9a, 0x7c, 0x06, 0x6a, 0xfe,
    0x8b, 0x9a, 0x00, 0xa5, 0xbf, 0xff, 0x16, 0x0c, 0x36, 0x80, 0x00, 0x00, 0x00, 0x07, 0x00, 0x10, 0xd6, 0x0b, 0x09,
    0x0d, 0x02, 0x88, 0x16, 0x10, 0x36, 0xa3, 0x01, 0x87, 0xbf, 0x80, 0x0c, 0x8a, 0x7c, 0x9d, 0xff, 0x88, 0xbf, 0x88,
    0x0e, 0x0c, 0x02, 0xa3, 0x01, 0x87, 0xbf, 0x80, 0x10, 0x8a, 0x7c, 0x87, 0x16, 0x10, 0x36, 0x00, 0x0d, 0x16, 0x4a,
    0x0c, 0x00, 0x55, 0xd6, 0x06, 0x01, 0x06, 0x02, 0x02, 0x02, 0x1c, 0x26, 0x93, 0x01, 0x87, 0xbf, 0x03, 0x16, 0x1a,
    0x26, 0x03, 0x18, 0x18, 0x26, 0x9d, 0xff, 0x88, 0xbf, 0x88, 0x10, 0x14, 0x02, 0x81, 0x02, 0x16, 0x4a, 0xa2, 0x01,
    0x87, 0xbf, 0x81, 0x14, 0x1e, 0x4a, 0x00, 0x15, 0x20, 0x4c, 0x02, 0x16, 0x16, 0x22, 0x93, 0x01, 0x87, 0xbf, 0x00,
    0x1f, 0x1e, 0x4c, 0x03, 0x20, 0x20, 0x26, 0x02, 0x00, 0x87, 0xbf, 0x03, 0x1e, 0x22, 0x26, 0x04, 0x00, 0x85, 0xbf,
    0x01, 0x00, 0xc0, 0xd1, 0x14, 0x10, 0x00, 0x00, 0x0b, 0x04, 0x00, 0x00, 0x01, 0x00, 0xc0, 0xd1, 0x18, 0x10, 0x00,
    0x00, 0x0e, 0x0d, 0x00, 0x00, 0x01, 0x00, 0xc0, 0xd1, 0x1c, 0x10, 0x00, 0x00, 0x0e, 0x0c, 0x00, 0x00, 0x01, 0x00,
    0xc0, 0xd1, 0x0b, 0x10, 0x00, 0x00, 0x0e, 0x10, 0x00, 0x00, 0x01, 0x00, 0xc0, 0xd1, 0x0e, 0x10, 0x00, 0x00, 0x0e,
    0x11, 0x00, 0x00, 0x0a, 0x00, 0x55, 0xd6, 0x0a, 0x0d, 0x06, 0x02, 0x06, 0x0d, 0x0c, 0x7e, 0x07, 0x11, 0x0e, 0x4a,
    0x53, 0x02, 0x87, 0xbf, 0x0a, 0x0d, 0x22, 0x7e, 0x02, 0x00, 0xc0, 0xbf, 0x18, 0x39, 0x14, 0x08, 0x19, 0x3b, 0x24,
    0x08, 0x1a, 0x3d, 0x26, 0x08, 0x11, 0x55, 0x30, 0x7e, 0x00, 0x00, 0xc0, 0xbf, 0x0b, 0x1d, 0x16, 0x08, 0x14, 0x02,
    0x87, 0xbf, 0x18, 0x01, 0x14, 0xd4, 0x0a, 0xff, 0x01, 0x00, 0x00, 0x00, 0x80, 0x3d, 0x1a, 0x01, 0x14, 0xd4, 0x12,
    0xff, 0x01, 0x00, 0x00, 0x00, 0x80, 0x3d, 0xc4, 0x00, 0x87, 0xbf, 0x1c, 0x01, 0x14, 0xd4, 0x13, 0xff, 0x01, 0x00,
    0x00, 0x00, 0x80, 0x3d, 0x0c, 0x1f, 0x18, 0x08, 0x0d, 0x21, 0x1a, 0x08, 0x11, 0x0d, 0x14, 0x08, 0xf3, 0x14, 0x1c,
    0x06, 0x05, 0x00, 0x87, 0xbf, 0x0a, 0x00, 0x13, 0xd6, 0x18, 0x15, 0xc6, 0x03, 0x18, 0x1a, 0xea, 0x8c, 0x9e, 0xff,
    0x88, 0xbf, 0x1c, 0x6a, 0xea, 0x8c, 0x18, 0x01, 0x14, 0xd4, 0x0c, 0xff, 0x01, 0x00, 0x00, 0x00, 0x80, 0x3d, 0x1c,
    0x01, 0x14, 0xd4, 0x0b, 0xff, 0x01, 0x00, 0x00, 0x00, 0x80, 0x3d, 0x1a, 0x01, 0x14, 0xd4, 0x0d, 0xff, 0x01, 0x00,
    0x00, 0x00, 0x80, 0x3d, 0x9e, 0xff, 0x88, 0xbf, 0x12, 0x00, 0x01, 0xd5, 0x80, 0x82, 0xa9, 0x01, 0x0b, 0x00, 0x01,
    0xd5, 0x80, 0x02, 0xa9, 0x01, 0x0c, 0x00, 0x13, 0xd6, 0x18, 0x1d, 0xc6, 0x03, 0x20, 0x29, 0x1a, 0x0a, 0x22, 0x2d,
    0x28, 0x0a, 0x10, 0x00, 0x12, 0xd6, 0x81, 0x24, 0x0a, 0x02, 0x04, 0x00, 0x87, 0xbf, 0x0c, 0x03, 0x03, 0xd5, 0x0a,
    0x19, 0x02, 0x18, 0x21, 0x2b, 0x14, 0x0a, 0x0d, 0x41, 0x04, 0x58, 0x00, 0x00, 0x00, 0x3e, 0x1c, 0x18, 0xea, 0x8c,
    0x9e, 0xff, 0x88, 0xbf, 0x1a, 0x6a, 0xea, 0x8c, 0x9e, 0xff, 0x88, 0xbf, 0x24, 0x02, 0x87, 0xbf, 0x0b, 0x21, 0x16,
    0x02, 0xf0, 0x22, 0x20, 0x10, 0x0a, 0x43, 0x06, 0x58, 0x00, 0x00, 0x00, 0x3e, 0x93, 0x01, 0x87, 0xbf, 0x18, 0x00,
    0x42, 0xd4, 0x0b, 0x05, 0x01, 0x00, 0x1a, 0x00, 0x16, 0xd4, 0x06, 0x21, 0x02, 0x00, 0x1c, 0x00, 0x42, 0xd4, 0x0b,
    0x03, 0x01, 0x00, 0x10, 0x0d, 0x2c, 0x7c, 0x10, 0x00, 0x13, 0xd6, 0x0c, 0x1b, 0x82, 0x04, 0x06, 0x00, 0x13, 0xd6,
    0x0c, 0x15, 0x86, 0x04, 0x0c, 0x00, 0x13, 0xd6, 0x0c, 0x29, 0x8a, 0x04, 0x18, 0x1a, 0x98, 0x8b, 0x1c, 0x6a, 0xea,
    0x8b, 0x9e, 0xff, 0x88, 0xbf, 0x18, 0x6a, 0x98, 0x8c, 0x83, 0x16, 0x84, 0x7c, 0x9e, 0xff, 0x88, 0xbf, 0x6a, 0x18,
    0xea, 0x8c, 0x18, 0x00, 0x45, 0xd4, 0x07, 0x01, 0x01, 0x00, 0x9e, 0xff, 0x88, 0xbf, 0x20, 0x21, 0x10, 0x02, 0xc4,
    0x00, 0x87, 0xbf, 0x22, 0x19, 0x0e, 0x02, 0x21, 0x0d, 0x1a, 0x02, 0x14, 0x45, 0x18, 0x58, 0x00, 0x00, 0x00, 0x3e,
    0x9f, 0xf1, 0x88, 0xbf, 0x22, 0x00, 0x01, 0xd5, 0x0c, 0x0f, 0x62, 0x00, 0x20, 0x00, 0x01, 0xd5, 0x02, 0x11, 0x62,
    0x00, 0x04, 0x00, 0x87, 0xbf, 0x21, 0x00, 0x01, 0xd5, 0x03, 0x1b, 0x62, 0x00, 0x06, 0x01, 0xfe, 0xbe, 0xc1, 0x02,
    0x0c, 0x4a, 0x01, 0x00, 0x87, 0xbf, 0x07, 0x00, 0x64, 0xd6, 0x06, 0x01, 0x09, 0x00, 0x01, 0x00, 0x80, 0xd0, 0x08,
    0x20, 0x00, 0x00, 0x07, 0x04, 0x00, 0x00, 0x00, 0xa0, 0x04, 0xf4, 0x9d, 0x00, 0x00, 0xf8, 0x00, 0x00, 0xc0, 0xbf,
    0x80, 0x10, 0x9a, 0x7c, 0x06, 0x6a, 0xfe, 0x8b, 0x99, 0x00, 0xa5, 0xbf, 0xff, 0x10, 0x14, 0x36, 0x80, 0x00, 0x00,
    0x00, 0x0b, 0x00, 0x10, 0xd6, 0x08, 0x09, 0x0d, 0x02, 0x88, 0x10, 0x18, 0x36, 0xa3, 0x01, 0x87, 0xbf, 0x80, 0x14,
    0x8a, 0x7c, 0x9d, 0xff, 0x88, 0xbf, 0x88, 0x16, 0x14, 0x02, 0x87, 0x10, 0x10, 0x36, 0x94, 0x01, 0x87, 0xbf, 0x80,
    0x18, 0x8a, 0x7c, 0x0e, 0x00, 0x55, 0xd6, 0x0a, 0x01, 0x06, 0x02, 0x9d, 0xff, 0x88, 0xbf, 0xa3, 0x01, 0x87, 0xbf,
    0x88, 0x10, 0x18, 0x02, 0x00, 0x15, 0x1a, 0x4a, 0x03, 0x1c, 0x20, 0x26, 0x23, 0x02, 0x87, 0xbf, 0x81, 0x18, 0x1c,
    0x4a, 0x02, 0x0c, 0x0c, 0x26, 0x03, 0x1a, 0x1a, 0x26, 0x00, 0x19, 0x1e, 0x4c, 0x14, 0x01, 0x87, 0xbf, 0x00, 0x1d,
    0x1c, 0x4c, 0x03, 0x1e, 0x22, 0x26, 0x02, 0x00, 0x87, 0xbf, 0x03, 0x1c, 0x28, 0x26, 0x04, 0x00, 0x85, 0xbf, 0x01,
    0x00, 0xc0, 0xd1, 0x15, 0x10, 0x00, 0x00, 0x07, 0x04, 0x00, 0x00, 0x01, 0x00, 0xc0, 0xd1, 0x0d, 0x10, 0x00, 0x00,
    0x06, 0x0d, 0x00, 0x00, 0x01, 0x00, 0xc0, 0xd1, 0x18, 0x10, 0x00, 0x00, 0x06, 0x10, 0x00, 0x00, 0x01, 0x00, 0xc0,
    0xd1, 0x1b, 0x10, 0x00, 0x00, 0x06, 0x11, 0x00, 0x00, 0x01, 0x00, 0xc0, 0xd1, 0x12, 0x10, 0x00, 0x00, 0x06, 0x14,
    0x00, 0x00, 0x04, 0x00, 0x55, 0xd6, 0x0a, 0x19, 0x06, 0x02, 0x0a, 0x0d, 0x14, 0x7e, 0x02, 0x00, 0x87, 0xbf, 0x04,
    0x0d, 0x08, 0x7e, 0x02, 0x00, 0xc0, 0xbf, 0x0d, 0x31, 0x0c, 0x08, 0x0e, 0x33, 0x0e, 0x08, 0x0f, 0x35, 0x18, 0x08,
    0x00, 0x00, 0xc0, 0xbf, 0x1b, 0x25, 0x1a, 0x08, 0x14, 0x02, 0x87, 0xbf, 0x02, 0x01, 0x14, 0xd4, 0x06, 0xff, 0x01,
    0x00, 0x00, 0x00, 0x80, 0x3d, 0x08, 0x01, 0x14, 0xd4, 0x07, 0xff, 0x01, 0x00, 0x00, 0x00, 0x80, 0x3d, 0x04, 0x00,
    0x87, 0xbf, 0x0a, 0x01, 0x14, 0xd4, 0x0c, 0xff, 0x01, 0x00, 0x00, 0x00, 0x80, 0x3d, 0x1c, 0x27, 0x1c, 0x08, 0x1d,
    0x29, 0x1e, 0x08, 0x04, 0x55, 0x18, 0x7e, 0x04, 0x15, 0x0c, 0x08, 0xf0, 0x08, 0x08, 0x10, 0x02, 0x00, 0x87, 0xbf,
    0xf3, 0x0c, 0x24, 0x06, 0x85, 0x00, 0x87, 0xbf, 0x11, 0x00, 0x13, 0xd6, 0x0c, 0x25, 0xc6, 0x03, 0x02, 0x08, 0xea,
    0x8c, 0x9e, 0xff, 0x88, 0xbf, 0x0a, 0x6a, 0xea, 0x8c, 0x02, 0x01, 0x14, 0xd4, 0x0e, 0xff, 0x01, 0x00, 0x00, 0x00,
    0x80, 0x3d, 0x0a, 0x01, 0x14, 0xd4, 0x0d, 0xff, 0x01, 0x00, 0x00, 0x00, 0x80, 0x3d, 0x08, 0x01, 0x14, 0xd4, 0x0f,
    0xff, 0x01, 0x00, 0x00, 0x00, 0x80, 0x3d, 0x9e, 0xff, 0x88, 0xbf, 0x07, 0x00, 0x01, 0xd5, 0x80, 0x82, 0xa9, 0x01,
    0x06, 0x00, 0x13, 0xd6, 0x0c, 0x0d, 0xc6, 0x03, 0x20, 0x2b, 0x1a, 0x0a, 0x23, 0x02, 0x87, 0xbf, 0x10, 0x00, 0x12,
    0xd6, 0x81, 0x0e, 0x0a, 0x02, 0x07, 0x00, 0x01, 0xd5, 0x80, 0x02, 0xa9, 0x01, 0x0c, 0x03, 0x03, 0xd5, 0x06, 0x23,
    0x02, 0x18, 0x21, 0x2d, 0x0c, 0x0a, 0x22, 0x2f, 0x22, 0x0a, 0x0d, 0x41, 0x04, 0x58, 0x00, 0x00, 0x00, 0x3e, 0x0a,
    0x02, 0xea, 0x8c, 0x9e, 0xff, 0x88, 0xbf, 0x08, 0x6a, 0xea, 0x8c, 0x9e, 0xff, 0x88, 0xbf, 0x07, 0x21, 0x0e, 0x02,
    0x08, 0x00, 0x16, 0xd4, 0x04, 0x15, 0x02, 0x00, 0x0a, 0x09, 0x2c, 0x7c, 0x03, 0x00, 0x87, 0xbf, 0x02, 0x00, 0x42,
    0xd4, 0x07, 0x05, 0x01, 0x00, 0x0a, 0x00, 0x42, 0xd4, 0x07, 0x03, 0x01, 0x00, 0x04, 0x00, 0x13, 0xd6, 0x0c, 0x1b,
    0x82, 0x04, 0x0a, 0x00, 0x13, 0xd6, 0x0c, 0x0d, 0x86, 0x04, 0x0c, 0x00, 0x13, 0xd6, 0x0c, 0x23, 0x8a, 0x04, 0x06,
    0x43, 0x06, 0x58, 0x00, 0x00, 0x00, 0x3e, 0x02, 0x08, 0x82, 0x8b, 0x0a, 0x6a, 0xea, 0x8b, 0x9e, 0xff, 0x88, 0xbf,
    0x02, 0x6a, 0x82, 0x8c, 0x80, 0x0e, 0x84, 0x7c, 0x0b, 0x11, 0x0e, 0x4a, 0x11, 0x45, 0x10, 0x58, 0x00, 0x00, 0x00,
    0x3e, 0x9e, 0xff, 0x88, 0xbf, 0x6a, 0x02, 0xea, 0x8c, 0x02, 0x00, 0x87, 0xbf, 0x02, 0x00, 0x45, 0xd4, 0x07, 0x01,
    0x01, 0x00, 0x9e, 0xff, 0x88, 0xbf, 0x20, 0x09, 0x08, 0x02, 0x22, 0x19, 0x0e, 0x02, 0x21, 0x15, 0x18, 0x02, 0x9f,
    0xf1, 0x88, 0xbf, 0x12, 0x02, 0x87, 0xbf, 0x22, 0x00, 0x01, 0xd5, 0x08, 0x0f, 0x0a, 0x00, 0x20, 0x00, 0x01, 0xd5,
    0x02, 0x09, 0x0a, 0x00, 0x03, 0x00, 0x87, 0xbf, 0x21, 0x00, 0x01, 0xd5, 0x03, 0x19, 0x0a, 0x00, 0x06, 0x01, 0xfe,
    0xbe, 0x00, 0x62, 0x00, 0xf4, 0x00, 0x00, 0x00, 0xf8, 0x00, 0x00, 0xc7, 0xbf, 0x01, 0x80, 0xc1, 0xd3, 0x20, 0x10,
    0x08, 0x00, 0x01, 0x00, 0x00, 0x00, 0x00, 0x00, 0x80, 0xbf, 0x03, 0x00, 0xb6, 0xbf, 0x00, 0x00, 0xb0, 0xbf, 0x00,
    0x00, 0x9f, 0xbf, 0x00, 0x00, 0x9f, 0xbf, 0x00, 0x00, 0x9f, 0xbf, 0x00, 0x00, 0x9f, 0xbf, 0x00, 0x00, 0x9f, 0xbf,
    0x00, 0x00, 0x9f, 0xbf, 0x00, 0x00, 0x9f, 0xbf, 0x00, 0x00, 0x9f, 0xbf, 0x00, 0x00, 0x9f, 0xbf, 0x00, 0x00, 0x9f,
    0xbf, 0x00, 0x00, 0x9f, 0xbf, 0x00, 0x00, 0x9f, 0xbf, 0x00, 0x00, 0x9f, 0xbf, 0x00, 0x00, 0x9f, 0xbf, 0x00, 0x00,
    0x9f, 0xbf, 0x00, 0x00, 0x9f, 0xbf, 0x00, 0x00, 0x9f, 0xbf, 0x00, 0x00, 0x9f, 0xbf, 0x00, 0x00, 0x9f, 0xbf, 0x00,
    0x00, 0x9f, 0xbf, 0x00, 0x00, 0x9f, 0xbf, 0x00, 0x00, 0x9f, 0xbf, 0x00, 0x00, 0x9f, 0xbf, 0x00, 0x00, 0x9f, 0xbf,
    0x00, 0x00, 0x9f, 0xbf, 0x00, 0x00, 0x9f, 0xbf, 0x00, 0x00, 0x9f, 0xbf, 0x00, 0x00, 0x9f, 0xbf, 0x00, 0x00, 0x9f,
    0xbf, 0x00, 0x00, 0x9f, 0xbf, 0x00, 0x00, 0x9f, 0xbf, 0x00, 0x00, 0x9f, 0xbf, 0x00, 0x00, 0x9f, 0xbf, 0x00, 0x00,
    0x9f, 0xbf, 0x00, 0x00, 0x9f, 0xbf, 0x00, 0x00, 0x9f, 0xbf, 0x00, 0x00, 0x9f, 0xbf, 0x00, 0x00, 0x9f, 0xbf, 0x00,
    0x00, 0x9f, 0xbf, 0x00, 0x00, 0x9f, 0xbf, 0x00, 0x00, 0x9f, 0xbf, 0x00, 0x00, 0x9f, 0xbf, 0x00, 0x00, 0x9f, 0xbf,
    0x00, 0x00, 0x9f, 0xbf, 0x00, 0x00, 0x9f, 0xbf, 0x00, 0x00, 0x9f, 0xbf, 0x00, 0x00, 0x9f, 0xbf, 0x00, 0x00, 0x9f,
    0xbf, 0x00, 0x00, 0x9f, 0xbf, 0x00, 0x00, 0x9f, 0xbf, 0x00, 0x00, 0x9f, 0xbf, 0x00, 0x00, 0x9f, 0xbf, 0x00, 0x00,
    0x9f, 0xbf, 0x00, 0x00, 0x9f, 0xbf, 0x00, 0x00, 0x9f, 0xbf, 0x00, 0x00, 0x9f, 0xbf, 0x00, 0x00, 0x9f, 0xbf, 0x00,
    0x00, 0x9f, 0xbf, 0x00, 0x00, 0x9f, 0xbf, 0x00, 0x00, 0x9f, 0xbf, 0x00, 0x00, 0x9f, 0xbf, 0x00, 0x00, 0x9f, 0xbf,
    0x00, 0x00, 0x9f, 0xbf, 0x00, 0x00, 0x9f, 0xbf, 0x00, 0x00, 0x00, 0x00, 0x00, 0x00, 0x10, 0x00, 0x00, 0x00, 0x00,
    0x00, 0xac, 0xdf, 0x03, 0x10, 0x47, 0x65, 0x6e, 0x65, 0x72, 0x61, 0x74, 0x65, 0x64, 0x20, 0x62, 0x79, 0x20, 0x74,
    0x68, 0x65, 0x20, 0x41, 0x64, 0x76, 0x61, 0x6e, 0x63, 0x65, 0x64, 0x20, 0x4d, 0x69, 0x63, 0x72, 0x6f, 0x20, 0x44,
    0x65, 0x76, 0x69, 0x63, 0x65, 0x73, 0x2c, 0x20, 0x49, 0x6e, 0x63, 0x2e, 0x2c, 0x20, 0x50, 0x72, 0x6f, 0x70, 0x72,
    0x69, 0x65, 0x74, 0x61, 0x72, 0x79, 0x20, 0x47, 0x50, 0x55, 0x20, 0x53, 0x68, 0x61, 0x64, 0x65, 0x72, 0x20, 0x43,
    0x6f, 0x6d, 0x70, 0x69, 0x6c, 0x65, 0x72, 0x2e, 0x00, 0x00, 0x5f, 0x61, 0x6d, 0x64, 0x67, 0x70, 0x75, 0x5f, 0x63,
    0x73, 0x5f, 0x6d, 0x61, 0x69, 0x6e, 0x00, 0x5f, 0x61, 0x6d, 0x64, 0x67, 0x70, 0x75, 0x5f, 0x63, 0x73, 0x5f, 0x73,
    0x68, 0x64, 0x72, 0x5f, 0x69, 0x6e, 0x74, 0x72, 0x6c, 0x5f, 0x74, 0x62, 0x6c, 0x00, 0x00, 0x00, 0x00, 0x00, 0x00,
    0x00, 0x00, 0x00, 0x00, 0x00, 0x00, 0x00, 0x00, 0x00, 0x00, 0x00, 0x00, 0x00, 0x00, 0x00, 0x00, 0x00, 0x00, 0x00,
    0x01, 0x00, 0x00, 0x00, 0x12, 0x00, 0x02, 0x00, 0x00, 0x00, 0x00, 0x00, 0x00, 0x00, 0x00, 0x00, 0xe4, 0x0b, 0x00,
    0x00, 0x00, 0x00, 0x00, 0x00, 0x11, 0x00, 0x00, 0x00, 0x11, 0x00, 0x03, 0x00, 0x00, 0x00, 0x00, 0x00, 0x00, 0x00,
    0x00, 0x00, 0x10, 0x00, 0x00, 0x00, 0x00, 0x00, 0x00, 0x00, 0x07, 0x00, 0x00, 0x00, 0x70, 0x04, 0x00, 0x00, 0x20,
    0x00, 0x00, 0x00, 0x41, 0x4d, 0x44, 0x47, 0x50, 0x55, 0x00, 0x00, 0x82, 0xae, 0x61, 0x6d, 0x64, 0x70, 0x61, 0x6c,
    0x2e, 0x76, 0x65, 0x72, 0x73, 0x69, 0x6f, 0x6e, 0x92, 0x03, 0x06, 0xb0, 0x61, 0x6d, 0x64, 0x70, 0x61, 0x6c, 0x2e,
    0x70, 0x69, 0x70, 0x65, 0x6c, 0x69, 0x6e, 0x65, 0x73, 0x91, 0x8b, 0xa5, 0x2e, 0x74, 0x79, 0x70, 0x65, 0xa2, 0x43,
    0x73, 0xae, 0x2e, 0x72, 0x65, 0x73, 0x6f, 0x75, 0x72, 0x63, 0x65, 0x5f, 0x68, 0x61, 0x73, 0x68, 0xcf, 0x72, 0xca,
    0x76, 0xf7, 0x66, 0xe5, 0xac, 0x79, 0xb0, 0x2e, 0x73, 0x70, 0x69, 0x6c, 0x6c, 0x5f, 0x74, 0x68, 0x72, 0x65, 0x73,
    0x68, 0x6f, 0x6c, 0x64, 0xcd, 0xff, 0xff, 0xb0, 0x2e, 0x75, 0x73, 0x65, 0x72, 0x5f, 0x64, 0x61, 0x74, 0x61, 0x5f,
    0x6c, 0x69, 0x6d, 0x69, 0x74, 0x01, 0xa8, 0x2e, 0x73, 0x68, 0x61, 0x64, 0x65, 0x72, 0x73, 0x81, 0xa8, 0x2e, 0x63,
    0x6f, 0x6d, 0x70, 0x75, 0x74, 0x65, 0x83, 0xb0, 0x2e, 0x61, 0x70, 0x69, 0x5f, 0x73, 0x68, 0x61, 0x64, 0x65, 0x72,
    0x5f, 0x68, 0x61, 0x73, 0x68, 0x92, 0xcf, 0x08, 0xc5, 0xab, 0x4a, 0x96, 0xa2, 0x76, 0x23, 0xcf, 0x6f, 0x86, 0xd9,
    0xda, 0xcb, 0x99, 0xb6, 0x93, 0xb1, 0x2e, 0x68, 0x61, 0x72, 0x64, 0x77, 0x61, 0x72, 0x65, 0x5f, 0x6d, 0x61, 0x70,
    0x70, 0x69, 0x6e, 0x67, 0x91, 0xa3, 0x2e, 0x63, 0x73, 0xaf, 0x2e, 0x73, 0x68, 0x61, 0x64, 0x65, 0x72, 0x5f, 0x73,
    0x75, 0x62, 0x74, 0x79, 0x70, 0x65, 0xa7, 0x55, 0x6e, 0x6b, 0x6e, 0x6f, 0x77, 0x6e, 0xb0, 0x2e, 0x68, 0x61, 0x72,
    0x64, 0x77, 0x61, 0x72, 0x65, 0x5f, 0x73, 0x74, 0x61, 0x67, 0x65, 0x73, 0x81, 0xa3, 0x2e, 0x63, 0x73, 0xde, 0x00,
    0x1d, 0xb3, 0x2e, 0x65, 0x6e, 0x74, 0x72, 0x79, 0x5f, 0x70, 0x6f, 0x69, 0x6e, 0x74, 0x5f, 0x73, 0x79, 0x6d, 0x62,
    0x6f, 0x6c, 0xaf, 0x5f, 0x61, 0x6d, 0x64, 0x67, 0x70, 0x75, 0x5f, 0x63, 0x73, 0x5f, 0x6d, 0x61, 0x69, 0x6e, 0xab,
    0x2e, 0x73, 0x67, 0x70, 0x72, 0x5f, 0x63, 0x6f, 0x75, 0x6e, 0x74, 0x1e, 0xab, 0x2e, 0x76, 0x67, 0x70, 0x72, 0x5f,
    0x63, 0x6f, 0x75, 0x6e, 0x74, 0x24, 0xa9, 0x2e, 0x6c, 0x64, 0x73, 0x5f, 0x73, 0x69, 0x7a, 0x65, 0x00, 0xb4, 0x2e,
    0x73, 0x63, 0x72, 0x61, 0x74, 0x63, 0x68, 0x5f, 0x6d, 0x65, 0x6d, 0x6f, 0x72, 0x79, 0x5f, 0x73, 0x69, 0x7a, 0x65,
    0x00, 0xb4, 0x2e, 0x66, 0x72, 0x6f, 0x6e, 0x74, 0x65, 0x6e, 0x64, 0x5f, 0x73, 0x74, 0x61, 0x63, 0x6b, 0x5f, 0x73,
    0x69, 0x7a, 0x65, 0x00, 0xb3, 0x2e, 0x62, 0x61, 0x63, 0x6b, 0x65, 0x6e, 0x64, 0x5f, 0x73, 0x74, 0x61, 0x63, 0x6b,
    0x5f, 0x73, 0x69, 0x7a, 0x65, 0x00, 0xb6, 0x2e, 0x70, 0x65, 0x72, 0x66, 0x5f, 0x64, 0x61, 0x74, 0x61, 0x5f, 0x62,
    0x75, 0x66, 0x66, 0x65, 0x72, 0x5f, 0x73, 0x69, 0x7a, 0x65, 0x00, 0xaa, 0x2e, 0x75, 0x73, 0x65, 0x73, 0x5f, 0x75,
    0x61, 0x76, 0x73, 0xc3, 0xac, 0x2e, 0x77, 0x72, 0x69, 0x74, 0x65, 0x73, 0x5f, 0x75, 0x61, 0x76, 0x73, 0xc3, 0xb4,
    0x2e, 0x75, 0x73, 0x65, 0x73, 0x5f, 0x61, 0x70, 0x70, 0x65, 0x6e, 0x64, 0x5f, 0x63, 0x6f, 0x6e, 0x73, 0x75, 0x6d,
    0x65, 0xc2, 0xaf, 0x2e, 0x77, 0x61, 0x76, 0x65, 0x66, 0x72, 0x6f, 0x6e, 0x74, 0x5f, 0x73, 0x69, 0x7a, 0x65, 0x40,
    0xb2, 0x2e, 0x75, 0x73, 0x65, 0x72, 0x5f, 0x64, 0x61, 0x74, 0x61, 0x5f, 0x72, 0x65, 0x67, 0x5f, 0x6d, 0x61, 0x70,
    0xdc, 0x00, 0x20, 0xce, 0xff, 0xff, 0xff, 0xff, 0xce, 0xff, 0xff, 0xff, 0xff, 0x00, 0xce, 0xff, 0xff, 0xff, 0xff,
    0xce, 0xff, 0xff, 0xff, 0xff, 0xce, 0xff, 0xff, 0xff, 0xff, 0xce, 0xff, 0xff, 0xff, 0xff, 0xce, 0xff, 0xff, 0xff,
    0xff, 0xce, 0xff, 0xff, 0xff, 0xff, 0xce, 0xff, 0xff, 0xff, 0xff, 0xce, 0xff, 0xff, 0xff, 0xff, 0xce, 0xff, 0xff,
    0xff, 0xff, 0xce, 0xff, 0xff, 0xff, 0xff, 0xce, 0xff, 0xff, 0xff, 0xff, 0xce, 0xff, 0xff, 0xff, 0xff, 0xce, 0xff,
    0xff, 0xff, 0xff, 0xce, 0xff, 0xff, 0xff, 0xff, 0xce, 0xff, 0xff, 0xff, 0xff, 0xce, 0xff, 0xff, 0xff, 0xff, 0xce,
    0xff, 0xff, 0xff, 0xff, 0xce, 0xff, 0xff, 0xff, 0xff, 0xce, 0xff, 0xff, 0xff, 0xff, 0xce, 0xff, 0xff, 0xff, 0xff,
    0xce, 0xff, 0xff, 0xff, 0xff, 0xce, 0xff, 0xff, 0xff, 0xff, 0xce, 0xff, 0xff, 0xff, 0xff, 0xce, 0xff, 0xff, 0xff,
    0xff, 0xce, 0xff, 0xff, 0xff, 0xff, 0xce, 0xff, 0xff, 0xff, 0xff, 0xce, 0xff, 0xff, 0xff, 0xff, 0xce, 0xff, 0xff,
    0xff, 0xff, 0xce, 0xff, 0xff, 0xff, 0xff, 0xb7, 0x2e, 0x74, 0x68, 0x72, 0x65, 0x61, 0x64, 0x67, 0x72, 0x6f, 0x75,
    0x70, 0x5f, 0x64, 0x69, 0x6d, 0x65, 0x6e, 0x73, 0x69, 0x6f, 0x6e, 0x73, 0x93, 0x08, 0x08, 0x01, 0xab, 0x2e, 0x66,
    0x6c, 0x6f, 0x61, 0x74, 0x5f, 0x6d, 0x6f, 0x64, 0x65, 0xcc, 0xc0, 0xae, 0x2e, 0x66, 0x70, 0x31, 0x36, 0x5f, 0x6f,
    0x76, 0x65, 0x72, 0x66, 0x6c, 0x6f, 0x77, 0xc2, 0xaa, 0x2e, 0x69, 0x65, 0x65, 0x65, 0x5f, 0x6d, 0x6f, 0x64, 0x65,
    0xc2, 0xb9, 0x2e, 0x64, 0x79, 0x6e, 0x61, 0x6d, 0x69, 0x63, 0x5f, 0x76, 0x67, 0x70, 0x72, 0x5f, 0x73, 0x61, 0x76,
    0x65, 0x64, 0x5f, 0x63, 0x6f, 0x75, 0x6e, 0x74, 0x00, 0xa9, 0x2e, 0x77, 0x67, 0x70, 0x5f, 0x6d, 0x6f, 0x64, 0x65,
    0xc2, 0xac, 0x2e, 0x6d, 0x65, 0x6d, 0x5f, 0x6f, 0x72, 0x64, 0x65, 0x72, 0x65, 0x64, 0xc2, 0xb1, 0x2e, 0x66, 0x6f,
    0x72, 0x77, 0x61, 0x72, 0x64, 0x5f, 0x70, 0x72, 0x6f, 0x67, 0x72, 0x65, 0x73, 0x73, 0xc2, 0xaf, 0x2e, 0x77, 0x67,
    0x5f, 0x72, 0x6f, 0x75, 0x6e, 0x64, 0x5f, 0x72, 0x6f, 0x62, 0x69, 0x6e, 0xc2, 0xab, 0x2e, 0x75, 0x73, 0x65, 0x72,
    0x5f, 0x73, 0x67, 0x70, 0x72, 0x73, 0x03, 0xa8, 0x2e, 0x65, 0x78, 0x63, 0x70, 0x5f, 0x65, 0x6e, 0x00, 0xab, 0x2e,
    0x73, 0x63, 0x72, 0x61, 0x74, 0x63, 0x68, 0x5f, 0x65, 0x6e, 0xc2, 0xad, 0x2e, 0x74, 0x72, 0x61, 0x70, 0x5f, 0x70,
    0x72, 0x65, 0x73, 0x65, 0x6e, 0x74, 0xc2, 0xb0, 0x2e, 0x73, 0x68, 0x61, 0x72, 0x65, 0x64, 0x5f, 0x76, 0x67, 0x70,
    0x72, 0x5f, 0x63, 0x6e, 0x74, 0x00, 0xad, 0x2e, 0x77, 0x61, 0x76, 0x65, 0x73, 0x5f, 0x70, 0x65, 0x72, 0x5f, 0x73,
    0x65, 0x00, 0xaf, 0x2e, 0x63, 0x68, 0x65, 0x63, 0x6b, 0x73, 0x75, 0x6d, 0x5f, 0x76, 0x61, 0x6c, 0x75, 0x65, 0xce,
    0x3a, 0x78, 0xb2, 0x20, 0xaa, 0x2e, 0x72, 0x65, 0x67, 0x69, 0x73, 0x74, 0x65, 0x72, 0x73, 0x81, 0xcd, 0x2e, 0x42,
    0x00, 0xa5, 0x2e, 0x6e, 0x61, 0x6d, 0x65, 0xb2, 0x4d, 0x6c, 0x61, 0x61, 0x46, 0x69, 0x6e, 0x61, 0x6c, 0x42, 0x6c,
    0x65, 0x6e, 0x64, 0x46, 0x61, 0x73, 0x74, 0xb7, 0x2e, 0x69, 0x6e, 0x74, 0x65, 0x72, 0x6e, 0x61, 0x6c, 0x5f, 0x70,
    0x69, 0x70, 0x65, 0x6c, 0x69, 0x6e, 0x65, 0x5f, 0x68, 0x61, 0x73, 0x68, 0x92, 0xcf, 0x70, 0x98, 0xee, 0x9f, 0x80,
    0x13, 0x4b, 0x84, 0xcf, 0x5d, 0x59, 0x57, 0x9a, 0xf5, 0x2d, 0x19, 0x5c, 0xb2, 0x2e, 0x63, 0x6f, 0x6d, 0x70, 0x75,
    0x74, 0x65, 0x5f, 0x72, 0x65, 0x67, 0x69, 0x73, 0x74, 0x65, 0x72, 0x73, 0x88, 0xaf, 0x2e, 0x74, 0x69, 0x64, 0x69,
    0x67, 0x5f, 0x63, 0x6f, 0x6d, 0x70, 0x5f, 0x63, 0x6e, 0x74, 0x01, 0xaa, 0x2e, 0x74, 0x67, 0x69, 0x64, 0x5f, 0x78,
    0x5f, 0x65, 0x6e, 0xc3, 0xaa, 0x2e, 0x74, 0x67, 0x69, 0x64, 0x5f, 0x79, 0x5f, 0x65, 0x6e, 0xc3, 0xaa, 0x2e, 0x74,
    0x67, 0x69, 0x64, 0x5f, 0x7a, 0x5f, 0x65, 0x6e, 0xc2, 0xab, 0x2e, 0x74, 0x67, 0x5f, 0x73, 0x69, 0x7a, 0x65, 0x5f,
    0x65, 0x6e, 0xc2, 0xb0, 0x2e, 0x64, 0x79, 0x6e, 0x61, 0x6d, 0x69, 0x63, 0x5f, 0x76, 0x67, 0x70, 0x72, 0x5f, 0x65,
    0x6e, 0xc2, 0xad, 0x2e, 0x78, 0x5f, 0x69, 0x6e, 0x74, 0x65, 0x72, 0x6c, 0x65, 0x61, 0x76, 0x65, 0x00, 0xad, 0x2e,
    0x79, 0x5f, 0x69, 0x6e, 0x74, 0x65, 0x72, 0x6c, 0x65, 0x61, 0x76, 0x65, 0x00, 0xa4, 0x2e, 0x61, 0x70, 0x69, 0xa7,
    0x73, 0x63, 0x70, 0x63, 0x42, 0x6c, 0x64, 0x00, 0x00, 0x00, 0x00, 0x00, 0x00, 0x00, 0x00, 0x00, 0x00, 0x00, 0x00,
    0x00, 0x00, 0x00, 0x00, 0x00, 0x00, 0x00, 0x00, 0x00, 0x00, 0x00, 0x00, 0x00, 0x00, 0x00, 0x00, 0x00, 0x00, 0x00,
    0x00, 0x00, 0x00, 0x00, 0x00, 0x00, 0x00, 0x00, 0x00, 0x00, 0x00, 0x00, 0x00, 0x00, 0x00, 0x00, 0x00, 0x00, 0x00,
    0x00, 0x00, 0x00, 0x00, 0x00, 0x00, 0x00, 0x00, 0x00, 0x00, 0x00, 0x00, 0x00, 0x00, 0x00, 0x00, 0x00, 0x01, 0x00,
    0x00, 0x00, 0x03, 0x00, 0x00, 0x00, 0x00, 0x00, 0x00, 0x00, 0x00, 0x00, 0x00, 0x00, 0x00, 0x00, 0x00, 0x00, 0x00,
    0x00, 0x00, 0x00, 0x40, 0x00, 0x00, 0x00, 0x00, 0x00, 0x00, 0x00, 0x36, 0x00, 0x00, 0x00, 0x00, 0x00, 0x00, 0x00,
    0x00, 0x00, 0x00, 0x00, 0x00, 0x00, 0x00, 0x00, 0x00, 0x00, 0x00, 0x00, 0x00, 0x00, 0x00, 0x00, 0x00, 0x00, 0x00,
    0x00, 0x00, 0x00, 0x00, 0x00, 0x0b, 0x00, 0x00, 0x00, 0x01, 0x00, 0x00, 0x00, 0x06, 0x00, 0x00, 0x00, 0x00, 0x00,
    0x00, 0x00, 0x00, 0x00, 0x00, 0x00, 0x00, 0x00, 0x00, 0x00, 0x76, 0x00, 0x00, 0x00, 0x00, 0x00, 0x00, 0x00, 0xe4,
    0x0b, 0x00, 0x00, 0x00, 0x00, 0x00, 0x00, 0x00, 0x00, 0x00, 0x00, 0x00, 0x00, 0x00, 0x00, 0x00, 0x01, 0x00, 0x00,
    0x00, 0x00, 0x00, 0x00, 0x00, 0x00, 0x00, 0x00, 0x00, 0x00, 0x00, 0x00, 0x11, 0x00, 0x00, 0x00, 0x01, 0x00, 0x00,
    0x00, 0x03, 0x00, 0x00, 0x00, 0x00, 0x00, 0x00, 0x00, 0x00, 0x00, 0x00, 0x00, 0x00, 0x00, 0x00, 0x00, 0x5a, 0x0c,
    0x00, 0x00, 0x00, 0x00, 0x00, 0x00, 0x10, 0x00, 0x00, 0x00, 0x00, 0x00, 0x00, 0x00, 0x00, 0x00, 0x00, 0x00, 0x00,
    0x00, 0x00, 0x00, 0x20, 0x00, 0x00, 0x00, 0x00, 0x00, 0x00, 0x00, 0x00, 0x00, 0x00, 0x00, 0x00, 0x00, 0x00, 0x00,
    0x17, 0x00, 0x00, 0x00, 0x01, 0x00, 0x00, 0x00, 0x00, 0x00, 0x00, 0x00, 0x00, 0x00, 0x00, 0x00, 0x00, 0x00, 0x00,
    0x00, 0x00, 0x00, 0x00, 0x00, 0x6a, 0x0c, 0x00, 0x00, 0x00, 0x00, 0x00, 0x00, 0x50, 0x00, 0x00, 0x00, 0x00, 0x00,
    0x00, 0x00, 0x00, 0x00, 0x00, 0x00, 0x00, 0x00, 0x00, 0x00, 0x00, 0x00, 0x00, 0x00, 0x00, 0x00, 0x00, 0x00, 0x00,
    0x00, 0x00, 0x00, 0x00, 0x00, 0x00, 0x00, 0x20, 0x00, 0x00, 0x00, 0x03, 0x00, 0x00, 0x00, 0x00, 0x00, 0x00, 0x00,
    0x00, 0x00, 0x00, 0x00, 0x00, 0x00, 0x00, 0x00, 0x00, 0x00, 0x00, 0x00, 0xba, 0x0c, 0x00, 0x00, 0x00, 0x00, 0x00,
    0x00, 0x2b, 0x00, 0x00, 0x00, 0x00, 0x00, 0x00, 0x00, 0x00, 0x00, 0x00, 0x00, 0x00, 0x00, 0x00, 0x00, 0x00, 0x00,
    0x00, 0x00, 0x00, 0x00, 0x00, 0x00, 0x00, 0x00, 0x00, 0x00, 0x00, 0x00, 0x00, 0x00, 0x28, 0x00, 0x00, 0x00, 0x02,
    0x00, 0x00, 0x00, 0x00, 0x00, 0x00, 0x00, 0x00, 0x00, 0x00, 0x00, 0x00, 0x00, 0x00, 0x00, 0x00, 0x00, 0x00, 0x00,
    0xe5, 0x0c, 0x00, 0x00, 0x00, 0x00, 0x00, 0x00, 0x48, 0x00, 0x00, 0x00, 0x00, 0x00, 0x00, 0x00, 0x05, 0x00, 0x00,
    0x00, 0x00, 0x00, 0x00, 0x00, 0x00, 0x00, 0x00, 0x00, 0x00, 0x00, 0x00, 0x00, 0x18, 0x00, 0x00, 0x00, 0x00, 0x00,
    0x00, 0x00, 0x30, 0x00, 0x00, 0x00, 0x07, 0x00, 0x00, 0x00, 0x00, 0x00, 0x00, 0x00, 0x00, 0x00, 0x00, 0x00, 0x00,
    0x00, 0x00, 0x00, 0x00, 0x00, 0x00, 0x00, 0x2d, 0x0d, 0x00, 0x00, 0x00, 0x00, 0x00, 0x00, 0x84, 0x04, 0x00, 0x00,
    0x00, 0x00, 0x00, 0x00, 0x00, 0x00, 0x00, 0x00, 0x00, 0x00, 0x00, 0x00, 0x00, 0x00, 0x00, 0x00, 0x00, 0x00, 0x00,
    0x00, 0x00, 0x00, 0x00, 0x00, 0x00, 0x00, 0x00, 0x00,
};

// Mlaa Find Sep Edge compute shader binary
inline constexpr Util::uint8 MlaaFindSepEdge_Cs_4AC1E1C2[] =
{
    0x7f, 0x45, 0x4c, 0x46, 0x02, 0x01, 0x01, 0x41, 0x00, 0x00, 0x00, 0x00, 0x00, 0x00, 0x00, 0x00, 0x01, 0x00, 0xe0,
    0x00, 0x01, 0x00, 0x00, 0x00, 0x00, 0x00, 0x00, 0x00, 0x00, 0x00, 0x00, 0x00, 0x00, 0x00, 0x00, 0x00, 0x00, 0x00,
    0x00, 0x00, 0x60, 0x08, 0x00, 0x00, 0x00, 0x00, 0x00, 0x00, 0x48, 0x05, 0x00, 0x00, 0x40, 0x00, 0x00, 0x00, 0x00,
    0x00, 0x40, 0x00, 0x08, 0x00, 0x01, 0x00, 0x00, 0x2e, 0x73, 0x68, 0x73, 0x74, 0x72, 0x74, 0x61, 0x62, 0x00, 0x2e,
    0x74, 0x65, 0x78, 0x74, 0x00, 0x2e, 0x64, 0x61, 0x74, 0x61, 0x00, 0x2e, 0x63, 0x6f, 0x6d, 0x6d, 0x65, 0x6e, 0x74,
    0x00, 0x2e, 0x73, 0x74, 0x72, 0x74, 0x61, 0x62, 0x00, 0x2e, 0x73, 0x79, 0x6d, 0x74, 0x61, 0x62, 0x00, 0x2e, 0x6e,
    0x6f, 0x74, 0x65, 0x00, 0x09, 0x20, 0x80, 0xb0, 0x80, 0x47, 0x84, 0xbe, 0x09, 0x00, 0x87, 0xbf, 0x05, 0x0f, 0x81,
    0xbe, 0x02, 0x00, 0x80, 0xbe, 0x80, 0x20, 0x00, 0xf4, 0x44, 0x00, 0x00, 0xf8, 0xff, 0x00, 0x02, 0x36, 0xff, 0x03,
    0x00, 0x00, 0x00, 0x00, 0x10, 0xd6, 0x00, 0x15, 0x29, 0x02, 0x73, 0xff, 0x04, 0x8b, 0xff, 0xff, 0x00, 0x00, 0x12,
    0x01, 0x87, 0xbf, 0x01, 0x00, 0x0b, 0xd6, 0x75, 0x10, 0x05, 0x04, 0x02, 0x00, 0x0b, 0xd6, 0x04, 0x10, 0x01, 0x04,
    0x00, 0x00, 0xc7, 0xbf, 0x12, 0x01, 0x87, 0xbf, 0x04, 0x00, 0x4e, 0xd4, 0x02, 0x02, 0x02, 0x00, 0x03, 0x04, 0x9c,
    0x7c, 0x04, 0x6a, 0xea, 0x8b, 0x09, 0x00, 0x87, 0xbf, 0x6a, 0x21, 0x84, 0xbe, 0x46, 0x00, 0xa5, 0xbf, 0x00, 0x62,
    0x00, 0xf4, 0x20, 0x00, 0x00, 0xf8, 0x00, 0x64, 0x00, 0xf4, 0x00, 0x00, 0x00, 0xf8, 0xc1, 0x04, 0x00, 0x4a, 0x02,
    0x02, 0x08, 0x22, 0x03, 0x04, 0x06, 0x22, 0xa3, 0x00, 0x87, 0xbf, 0x06, 0x00, 0x64, 0xd6, 0x00, 0x01, 0x0d, 0x00,
    0x81, 0x02, 0x00, 0x4a, 0x02, 0x00, 0x00, 0x22, 0x00, 0x00, 0xc7, 0xbf, 0x02, 0x00, 0x85, 0xbf, 0x01, 0x00, 0xc0,
    0xd1, 0x08, 0x10, 0x00, 0x00, 0x04, 0x03, 0x00, 0x00, 0x01, 0x00, 0xc0, 0xd1, 0x04, 0x10, 0x00, 0x00, 0x04, 0x06,
    0x00, 0x00, 0x01, 0x00, 0xc0, 0xd1, 0x0b, 0x10, 0x00, 0x00, 0x00, 0x03, 0x00, 0x00, 0x01, 0x00, 0xc0, 0xbf, 0x08,
    0x09, 0x00, 0x08, 0x09, 0x0b, 0x06, 0x08, 0x0a, 0x0d, 0x08, 0x08, 0x13, 0x01, 0x87, 0xbf, 0x00, 0x01, 0x14, 0xd4,
    0x00, 0xff, 0x01, 0x00, 0x00, 0x00, 0x80, 0x3d, 0x02, 0x01, 0x14, 0xd4, 0x04, 0xff, 0x01, 0x00, 0x00, 0x00, 0x80,
    0x3d, 0xa4, 0x04, 0x87, 0xbf, 0x6a, 0x01, 0x14, 0xd4, 0x03, 0xff, 0x01, 0x00, 0x00, 0x00, 0x80, 0x3d, 0x00, 0x6a,
    0xea, 0x8c, 0x02, 0x6a, 0xea, 0x8c, 0x09, 0x00, 0x87, 0xbf, 0x00, 0x00, 0x01, 0xd5, 0x80, 0x82, 0xa9, 0x01, 0x00,
    0x00, 0xc0, 0xbf, 0x08, 0x17, 0x06, 0x08, 0x09, 0x19, 0x08, 0x08, 0x0a, 0x1b, 0x0a, 0x08, 0x08, 0x00, 0x01, 0xd5,
    0x80, 0x02, 0xa9, 0x01, 0x06, 0x00, 0x12, 0xd6, 0x81, 0x00, 0x0a, 0x02, 0x14, 0x02, 0x87, 0xbf, 0x00, 0x01, 0x14,
    0xd4, 0x04, 0xff, 0x01, 0x00, 0x00, 0x00, 0x80, 0x3d, 0x02, 0x01, 0x14, 0xd4, 0x05, 0xff, 0x01, 0x00, 0x00, 0x00,
    0x80, 0x3d, 0x6a, 0x01, 0x14, 0xd4, 0x03, 0xff, 0x01, 0x00, 0x00, 0x00, 0x80, 0x3d, 0x6a, 0x00, 0xea, 0x8c, 0x9e,
    0xff, 0x88, 0xbf, 0x02, 0x6a, 0xea, 0x8c, 0x9e, 0xff, 0x88, 0xbf, 0x04, 0x00, 0x87, 0xbf, 0x08, 0x0d, 0x00, 0x02,
    0x01, 0x80, 0x41, 0xd0, 0x00, 0x20, 0x08, 0x00, 0x01, 0x02, 0x00, 0x00, 0x00, 0x00, 0x80, 0xbf, 0x03, 0x00, 0xb6,
    0xbf, 0x00, 0x00, 0xb0, 0xbf, 0x00, 0x00, 0x9f, 0xbf, 0x00, 0x00, 0x9f, 0xbf, 0x00, 0x00, 0x9f, 0xbf, 0x00, 0x00,
    0x9f, 0xbf, 0x00, 0x00, 0x9f, 0xbf, 0x00, 0x00, 0x9f, 0xbf, 0x00, 0x00, 0x9f, 0xbf, 0x00, 0x00, 0x9f, 0xbf, 0x00,
    0x00, 0x9f, 0xbf, 0x00, 0x00, 0x9f, 0xbf, 0x00, 0x00, 0x9f, 0xbf, 0x00, 0x00, 0x9f, 0xbf, 0x00, 0x00, 0x9f, 0xbf,
    0x00, 0x00, 0x9f, 0xbf, 0x00, 0x00, 0x9f, 0xbf, 0x00, 0x00, 0x9f, 0xbf, 0x00, 0x00, 0x9f, 0xbf, 0x00, 0x00, 0x9f,
    0xbf, 0x00, 0x00, 0x9f, 0xbf, 0x00, 0x00, 0x9f, 0xbf, 0x00, 0x00, 0x9f, 0xbf, 0x00, 0x00, 0x9f, 0xbf, 0x00, 0x00,
    0x9f, 0xbf, 0x00, 0x00, 0x9f, 0xbf, 0x00, 0x00, 0x9f, 0xbf, 0x00, 0x00, 0x9f, 0xbf, 0x00, 0x00, 0x9f, 0xbf, 0x00,
    0x00, 0x9f, 0xbf, 0x00, 0x00, 0x9f, 0xbf, 0x00, 0x00, 0x9f, 0xbf, 0x00, 0x00, 0x9f, 0xbf, 0x00, 0x00, 0x9f, 0xbf,
    0x00, 0x00, 0x9f, 0xbf, 0x00, 0x00, 0x9f, 0xbf, 0x00, 0x00, 0x9f, 0xbf, 0x00, 0x00, 0x9f, 0xbf, 0x00, 0x00, 0x9f,
    0xbf, 0x00, 0x00, 0x9f, 0xbf, 0x00, 0x00, 0x9f, 0xbf, 0x00, 0x00, 0x9f, 0xbf, 0x00, 0x00, 0x9f, 0xbf, 0x00, 0x00,
    0x9f, 0xbf, 0x00, 0x00, 0x9f, 0xbf, 0x00, 0x00, 0x9f, 0xbf, 0x00, 0x00, 0x9f, 0xbf, 0x00, 0x00, 0x9f, 0xbf, 0x00,
    0x00, 0x9f, 0xbf, 0x00, 0x00, 0x9f, 0xbf, 0x00, 0x00, 0x9f, 0xbf, 0x00, 0x00, 0x9f, 0xbf, 0x00, 0x00, 0x9f, 0xbf,
    0x00, 0x00, 0x9f, 0xbf, 0x00, 0x00, 0x9f, 0xbf, 0x00, 0x00, 0x9f, 0xbf, 0x00, 0x00, 0x9f, 0xbf, 0x00, 0x00, 0x9f,
    0xbf, 0x00, 0x00, 0x9f, 0xbf, 0x00, 0x00, 0x9f, 0xbf, 0x00, 0x00, 0x9f, 0xbf, 0x00, 0x00, 0x9f, 0xbf, 0x00, 0x00,
    0x9f, 0xbf, 0x00, 0x00, 0x9f, 0xbf, 0x00, 0x00, 0x9f, 0xbf, 0x00, 0x00, 0x9f, 0xbf, 0x00, 0x00, 0x00, 0x00, 0x00,
    0x00, 0x10, 0x00, 0x00, 0x00, 0x00, 0x00, 0xac, 0xdf, 0x03, 0x10, 0x47, 0x65, 0x6e, 0x65, 0x72, 0x61, 0x74, 0x65,
    0x64, 0x20, 0x62, 0x79, 0x20, 0x74, 0x68, 0x65, 0x20, 0x41, 0x64, 0x76, 0x61, 0x6e, 0x63, 0x65, 0x64, 0x20, 0x4d,
    0x69, 0x63, 0x72, 0x6f, 0x20, 0x44, 0x65, 0x76, 0x69, 0x63, 0x65, 0x73, 0x2c, 0x20, 0x49, 0x6e, 0x63, 0x2e, 0x2c,
    0x20, 0x50, 0x72, 0x6f, 0x70, 0x72, 0x69, 0x65, 0x74, 0x61, 0x72, 0x79, 0x20, 0x47, 0x50, 0x55, 0x20, 0x53, 0x68,
    0x61, 0x64, 0x65, 0x72, 0x20, 0x43, 0x6f, 0x6d, 0x70, 0x69, 0x6c, 0x65, 0x72, 0x2e, 0x00, 0x00, 0x5f, 0x61, 0x6d,
    0x64, 0x67, 0x70, 0x75, 0x5f, 0x63, 0x73, 0x5f, 0x6d, 0x61, 0x69, 0x6e, 0x00, 0x5f, 0x61, 0x6d, 0x64, 0x67, 0x70,
    0x75, 0x5f, 0x63, 0x73, 0x5f, 0x73, 0x68, 0x64, 0x72, 0x5f, 0x69, 0x6e, 0x74, 0x72, 0x6c, 0x5f, 0x74, 0x62, 0x6c,
    0x00, 0x00, 0x00, 0x00, 0x00, 0x00, 0x00, 0x00, 0x00, 0x00, 0x00, 0x00, 0x00, 0x00, 0x00, 0x00, 0x00, 0x00, 0x00,
    0x00, 0x00, 0x00, 0x00, 0x00, 0x00, 0x01, 0x00, 0x00, 0x00, 0x12, 0x00, 0x02, 0x00, 0x00, 0x00, 0x00, 0x00, 0x00,
    0x00, 0x00, 0x00, 0x90, 0x02, 0x00, 0x00, 0x00, 0x00, 0x00, 0x00, 0x11, 0x00, 0x00, 0x00, 0x11, 0x00, 0x03, 0x00,
    0x00, 0x00, 0x00, 0x00, 0x00, 0x00, 0x00, 0x00, 0x10, 0x00, 0x00, 0x00, 0x00, 0x00, 0x00, 0x00, 0x07, 0x00, 0x00,
    0x00, 0x6d, 0x04, 0x00, 0x00, 0x20, 0x00, 0x00, 0x00, 0x41, 0x4d, 0x44, 0x47, 0x50, 0x55, 0x00, 0x00, 0x82, 0xae,
    0x61, 0x6d, 0x64, 0x70, 0x61, 0x6c, 0x2e, 0x76, 0x65, 0x72, 0x73, 0x69, 0x6f, 0x6e, 0x92, 0x03, 0x06, 0xb0, 0x61,
    0x6d, 0x64, 0x70, 0x61, 0x6c, 0x2e, 0x70, 0x69, 0x70, 0x65, 0x6c, 0x69, 0x6e, 0x65, 0x73, 0x91, 0x8b, 0xa5, 0x2e,
    0x74, 0x79, 0x70, 0x65, 0xa2, 0x43, 0x73, 0xae, 0x2e, 0x72, 0x65, 0x73, 0x6f, 0x75, 0x72, 0x63, 0x65, 0x5f, 0x68,
    0x61, 0x73, 0x68, 0xcf, 0x9d, 0xab, 0x92, 0x5d, 0x0a, 0x7a, 0xaf, 0x2a, 0xb0, 0x2e, 0x73, 0x70, 0x69, 0x6c, 0x6c,
    0x5f, 0x74, 0x68, 0x72, 0x65, 0x73, 0x68, 0x6f, 0x6c, 0x64, 0xcd, 0xff, 0xff, 0xb0, 0x2e, 0x75, 0x73, 0x65, 0x72,
    0x5f, 0x64, 0x61, 0x74, 0x61, 0x5f, 0x6c, 0x69, 0x6d, 0x69, 0x74, 0x01, 0xa8, 0x2e, 0x73, 0x68, 0x61, 0x64, 0x65,
    0x72, 0x73, 0x81, 0xa8, 0x2e, 0x63, 0x6f, 0x6d, 0x70, 0x75, 0x74, 0x65, 0x83, 0xb0, 0x2e, 0x61, 0x70, 0x69, 0x5f,
    0x73, 0x68, 0x61, 0x64, 0x65, 0x72, 0x5f, 0x68, 0x61, 0x73, 0x68, 0x92, 0xcf, 0xe2, 0xc3, 0xfc, 0x66, 0xc2, 0xf3,
    0xc5, 0x82, 0xcf, 0xe7, 0xf0, 0xaa, 0xac, 0xd5, 0x4e, 0x46, 0x5e, 0xb1, 0x2e, 0x68, 0x61, 0x72, 0x64, 0x77, 0x61,
    0x72, 0x65, 0x5f, 0x6d, 0x61, 0x70, 0x70, 0x69, 0x6e, 0x67, 0x91, 0xa3, 0x2e, 0x63, 0x73, 0xaf, 0x2e, 0x73, 0x68,
    0x61, 0x64, 0x65, 0x72, 0x5f, 0x73, 0x75, 0x62, 0x74, 0x79, 0x70, 0x65, 0xa7, 0x55, 0x6e, 0x6b, 0x6e, 0x6f, 0x77,
    0x6e, 0xb0, 0x2e, 0x68, 0x61, 0x72, 0x64, 0x77, 0x61, 0x72, 0x65, 0x5f, 0x73, 0x74, 0x61, 0x67, 0x65, 0x73, 0x81,
    0xa3, 0x2e, 0x63, 0x73, 0xde, 0x00, 0x1d, 0xb3, 0x2e, 0x65, 0x6e, 0x74, 0x72, 0x79, 0x5f, 0x70, 0x6f, 0x69, 0x6e,
    0x74, 0x5f, 0x73, 0x79, 0x6d, 0x62, 0x6f, 0x6c, 0xaf, 0x5f, 0x61, 0x6d, 0x64, 0x67, 0x70, 0x75, 0x5f, 0x63, 0x73,
    0x5f, 0x6d, 0x61, 0x69, 0x6e, 0xab, 0x2e, 0x73, 0x67, 0x70, 0x72, 0x5f, 0x63, 0x6f, 0x75, 0x6e, 0x74, 0x18, 0xab,
    0x2e, 0x76, 0x67, 0x70, 0x72, 0x5f, 0x63, 0x6f, 0x75, 0x6e, 0x74, 0x0e, 0xa9, 0x2e, 0x6c, 0x64, 0x73, 0x5f, 0x73,
    0x69, 0x7a, 0x65, 0x00, 0xb4, 0x2e, 0x73, 0x63, 0x72, 0x61, 0x74, 0x63, 0x68, 0x5f, 0x6d, 0x65, 0x6d, 0x6f, 0x72,
    0x79, 0x5f, 0x73, 0x69, 0x7a, 0x65, 0x00, 0xb4, 0x2e, 0x66, 0x72, 0x6f, 0x6e, 0x74, 0x65, 0x6e, 0x64, 0x5f, 0x73,
    0x74, 0x61, 0x63, 0x6b, 0x5f, 0x73, 0x69, 0x7a, 0x65, 0x00, 0xb3, 0x2e, 0x62, 0x61, 0x63, 0x6b, 0x65, 0x6e, 0x64,
    0x5f, 0x73, 0x74, 0x61, 0x63, 0x6b, 0x5f, 0x73, 0x69, 0x7a, 0x65, 0x00, 0xb6, 0x2e, 0x70, 0x65, 0x72, 0x66, 0x5f,
    0x64, 0x61, 0x74, 0x61, 0x5f, 0x62, 0x75, 0x66, 0x66, 0x65, 0x72, 0x5f, 0x73, 0x69, 0x7a, 0x65, 0x00, 0xaa, 0x2e,
    0x75, 0x73, 0x65, 0x73, 0x5f, 0x75, 0x61, 0x76, 0x73, 0xc3, 0xac, 0x2e, 0x77, 0x72, 0x69, 0x74, 0x65, 0x73, 0x5f,
    0x75, 0x61, 0x76, 0x73, 0xc3, 0xb4, 0x2e, 0x75, 0x73, 0x65, 0x73, 0x5f, 0x61, 0x70, 0x70, 0x65, 0x6e, 0x64, 0x5f,
    0x63, 0x6f, 0x6e, 0x73, 0x75, 0x6d, 0x65, 0xc2, 0xaf, 0x2e, 0x77, 0x61, 0x76, 0x65, 0x66, 0x72, 0x6f, 0x6e, 0x74,
    0x5f, 0x73, 0x69, 0x7a, 0x65, 0x40, 0xb2, 0x2e, 0x75, 0x73, 0x65, 0x72, 0x5f, 0x64, 0x61, 0x74, 0x61, 0x5f, 0x72,
    0x65, 0x67, 0x5f, 0x6d, 0x61, 0x70, 0xdc, 0x00, 0x20, 0xce, 0xff, 0xff, 0xff, 0xff, 0xce, 0xff, 0xff, 0xff, 0xff,
    0x00, 0xce, 0xff, 0xff, 0xff, 0xff, 0xce, 0xff, 0xff, 0xff, 0xff, 0xce, 0xff, 0xff, 0xff, 0xff, 0xce, 0xff, 0xff,
    0xff, 0xff, 0xce, 0xff, 0xff, 0xff, 0xff, 0xce, 0xff, 0xff, 0xff, 0xff, 0xce, 0xff, 0xff, 0xff, 0xff, 0xce, 0xff,
    0xff, 0xff, 0xff, 0xce, 0xff, 0xff, 0xff, 0xff, 0xce, 0xff, 0xff, 0xff, 0xff, 0xce, 0xff, 0xff, 0xff, 0xff, 0xce,
    0xff, 0xff, 0xff, 0xff, 0xce, 0xff, 0xff, 0xff, 0xff, 0xce, 0xff, 0xff, 0xff, 0xff, 0xce, 0xff, 0xff, 0xff, 0xff,
    0xce, 0xff, 0xff, 0xff, 0xff, 0xce, 0xff, 0xff, 0xff, 0xff, 0xce, 0xff, 0xff, 0xff, 0xff, 0xce, 0xff, 0xff, 0xff,
    0xff, 0xce, 0xff, 0xff, 0xff, 0xff, 0xce, 0xff, 0xff, 0xff, 0xff, 0xce, 0xff, 0xff, 0xff, 0xff, 0xce, 0xff, 0xff,
    0xff, 0xff, 0xce, 0xff, 0xff, 0xff, 0xff, 0xce, 0xff, 0xff, 0xff, 0xff, 0xce, 0xff, 0xff, 0xff, 0xff, 0xce, 0xff,
    0xff, 0xff, 0xff, 0xce, 0xff, 0xff, 0xff, 0xff, 0xce, 0xff, 0xff, 0xff, 0xff, 0xb7, 0x2e, 0x74, 0x68, 0x72, 0x65,
    0x61, 0x64, 0x67, 0x72, 0x6f, 0x75, 0x70, 0x5f, 0x64, 0x69, 0x6d, 0x65, 0x6e, 0x73, 0x69, 0x6f, 0x6e, 0x73, 0x93,
    0x08, 0x08, 0x01, 0xab, 0x2e, 0x66, 0x6c, 0x6f, 0x61, 0x74, 0x5f, 0x6d, 0x6f, 0x64, 0x65, 0xcc, 0xc0, 0xae, 0x2e,
    0x66, 0x70, 0x31, 0x36, 0x5f, 0x6f, 0x76, 0x65, 0x72, 0x66, 0x6c, 0x6f, 0x77, 0xc2, 0xaa, 0x2e, 0x69, 0x65, 0x65,
    0x65, 0x5f, 0x6d, 0x6f, 0x64, 0x65, 0xc2, 0xb9, 0x2e, 0x64, 0x79, 0x6e, 0x61, 0x6d, 0x69, 0x63, 0x5f, 0x76, 0x67,
    0x70, 0x72, 0x5f, 0x73, 0x61, 0x76, 0x65, 0x64, 0x5f, 0x63, 0x6f, 0x75, 0x6e, 0x74, 0x00, 0xa9, 0x2e, 0x77, 0x67,
    0x70, 0x5f, 0x6d, 0x6f, 0x64, 0x65, 0xc2, 0xac, 0x2e, 0x6d, 0x65, 0x6d, 0x5f, 0x6f, 0x72, 0x64, 0x65, 0x72, 0x65,
    0x64, 0xc2, 0xb1, 0x2e, 0x66, 0x6f, 0x72, 0x77, 0x61, 0x72, 0x64, 0x5f, 0x70, 0x72, 0x6f, 0x67, 0x72, 0x65, 0x73,
    0x73, 0xc2, 0xaf, 0x2e, 0x77, 0x67, 0x5f, 0x72, 0x6f, 0x75, 0x6e, 0x64, 0x5f, 0x72, 0x6f, 0x62, 0x69, 0x6e, 0xc2,
    0xab, 0x2e, 0x75, 0x73, 0x65, 0x72, 0x5f, 0x73, 0x67, 0x70, 0x72, 0x73, 0x03, 0xa8, 0x2e, 0x65, 0x78, 0x63, 0x70,
    0x5f, 0x65, 0x6e, 0x00, 0xab, 0x2e, 0x73, 0x63, 0x72, 0x61, 0x74, 0x63, 0x68, 0x5f, 0x65, 0x6e, 0xc2, 0xad, 0x2e,
    0x74, 0x72, 0x61, 0x70, 0x5f, 0x70, 0x72, 0x65, 0x73, 0x65, 0x6e, 0x74, 0xc2, 0xb0, 0x2e, 0x73, 0x68, 0x61, 0x72,
    0x65, 0x64, 0x5f, 0x76, 0x67, 0x70, 0x72, 0x5f, 0x63, 0x6e, 0x74, 0x00, 0xad, 0x2e, 0x77, 0x61, 0x76, 0x65, 0x73,
    0x5f, 0x70, 0x65, 0x72, 0x5f, 0x73, 0x65, 0x00, 0xaf, 0x2e, 0x63, 0x68, 0x65, 0x63, 0x6b, 0x73, 0x75, 0x6d, 0x5f,
    0x76, 0x61, 0x6c, 0x75, 0x65, 0xce, 0x12, 0x8e, 0xd5, 0x16, 0xaa, 0x2e, 0x72, 0x65, 0x67, 0x69, 0x73, 0x74, 0x65,
    0x72, 0x73, 0x81, 0xcd, 0x2e, 0x42, 0x00, 0xa5, 0x2e, 0x6e, 0x61, 0x6d, 0x65, 0xaf, 0x4d, 0x6c, 0x61, 0x61, 0x46,
    0x69, 0x6e, 0x64, 0x53, 0x65, 0x70, 0x45, 0x64, 0x67, 0x65, 0xb7, 0x2e, 0x69, 0x6e, 0x74, 0x65, 0x72, 0x6e, 0x61,
    0x6c, 0x5f, 0x70, 0x69, 0x70, 0x65, 0x6c, 0x69, 0x6e, 0x65, 0x5f, 0x68, 0x61, 0x73, 0x68, 0x92, 0xcf, 0xff, 0x85,
    0xe9, 0x25, 0x15, 0xfa, 0xf1, 0x04, 0xcf, 0xa5, 0xc5, 0x6d, 0xfa, 0xb3, 0xda, 0xfc, 0xf9, 0xb2, 0x2e, 0x63, 0x6f,
    0x6d, 0x70, 0x75, 0x74, 0x65, 0x5f, 0x72, 0x65, 0x67, 0x69, 0x73, 0x74, 0x65, 0x72, 0x73, 0x88, 0xaf, 0x2e, 0x74,
    0x69, 0x64, 0x69, 0x67, 0x5f, 0x63, 0x6f, 0x6d, 0x70, 0x5f, 0x63, 0x6e, 0x74, 0x01, 0xaa, 0x2e, 0x74, 0x67, 0x69,
    0x64, 0x5f, 0x78, 0x5f, 0x65, 0x6e, 0xc3, 0xaa, 0x2e, 0x74, 0x67, 0x69, 0x64, 0x5f, 0x79, 0x5f, 0x65, 0x6e, 0xc3,
    0xaa, 0x2e, 0x74, 0x67, 0x69, 0x64, 0x5f, 0x7a, 0x5f, 0x65, 0x6e, 0xc2, 0xab, 0x2e, 0x74, 0x67, 0x5f, 0x73, 0x69,
    0x7a, 0x65, 0x5f, 0x65, 0x6e, 0xc2, 0xb0, 0x2e, 0x64, 0x79, 0x6e, 0x61, 0x6d, 0x69, 0x63, 0x5f, 0x76, 0x67, 0x70,
    0x72, 0x5f, 0x65, 0x6e, 0xc2, 0xad, 0x2e, 0x78, 0x5f, 0x69, 0x6e, 0x74, 0x65, 0x72, 0x6c, 0x65, 0x61, 0x76, 0x65,
    0x00, 0xad, 0x2e, 0x79, 0x5f, 0x69, 0x6e, 0x74, 0x65, 0x72, 0x6c, 0x65, 0x61, 0x76, 0x65, 0x00, 0xa4, 0x2e, 0x61,
    0x70, 0x69, 0xa7, 0x73, 0x63, 0x70, 0x63, 0x42, 0x6c, 0x64, 0x00, 0x00, 0x00, 0x00, 0x00, 0x00, 0x00, 0x00, 0x00,
    0x00, 0x00, 0x00, 0x00, 0x00, 0x00, 0x00, 0x00, 0x00, 0x00, 0x00, 0x00, 0x00, 0x00, 0x00, 0x00, 0x00, 0x00, 0x00,
    0x00, 0x00, 0x00, 0x00, 0x00, 0x00, 0x00, 0x00, 0x00, 0x00, 0x00, 0x00, 0x00, 0x00, 0x00, 0x00, 0x00, 0x00, 0x00,
    0x00, 0x00, 0x00, 0x00, 0x00, 0x00, 0x00, 0x00, 0x00, 0x00, 0x00, 0x00, 0x00, 0x00, 0x00, 0x00, 0x00, 0x00, 0x00,
    0x00, 0x00, 0x00, 0x00, 0x01, 0x00, 0x00, 0x00, 0x03, 0x00, 0x00, 0x00, 0x00, 0x00, 0x00, 0x00, 0x00, 0x00, 0x00,
    0x00, 0x00, 0x00, 0x00, 0x00, 0x00, 0x00, 0x00, 0x00, 0x40, 0x00, 0x00, 0x00, 0x00, 0x00, 0x00, 0x00, 0x36, 0x00,
    0x00, 0x00, 0x00, 0x00, 0x00, 0x00, 0x00, 0x00, 0x00, 0x00, 0x00, 0x00, 0x00, 0x00, 0x00, 0x00, 0x00, 0x00, 0x00,
    0x00, 0x00, 0x00, 0x00, 0x00, 0x00, 0x00, 0x00, 0x00, 0x00, 0x00, 0x0b, 0x00, 0x00, 0x00, 0x01, 0x00, 0x00, 0x00,
    0x06, 0x00, 0x00, 0x00, 0x00, 0x00, 0x00, 0x00, 0x00, 0x00, 0x00, 0x00, 0x00, 0x00, 0x00, 0x00, 0x76, 0x00, 0x00,
    0x00, 0x00, 0x00, 0x00, 0x00, 0x90, 0x02, 0x00, 0x00, 0x00, 0x00, 0x00, 0x00, 0x00, 0x00, 0x00, 0x00, 0x00, 0x00,
    0x00, 0x00, 0x00, 0x01, 0x00, 0x00, 0x00, 0x00, 0x00, 0x00, 0x00, 0x00, 0x00, 0x00, 0x00, 0x00, 0x00, 0x00, 0x11,
    0x00, 0x00, 0x00, 0x01, 0x00, 0x00, 0x00, 0x03, 0x00, 0x00, 0x00, 0x00, 0x00, 0x00, 0x00, 0x00, 0x00, 0x00, 0x00,
    0x00, 0x00, 0x00, 0x00, 0x06, 0x03, 0x00, 0x00, 0x00, 0x00, 0x00, 0x00, 0x10, 0x00, 0x00, 0x00, 0x00, 0x00, 0x00,
    0x00, 0x00, 0x00, 0x00, 0x00, 0x00, 0x00, 0x00, 0x00, 0x20, 0x00, 0x00, 0x00, 0x00, 0x00, 0x00, 0x00, 0x00, 0x00,
    0x00, 0x00, 0x00, 0x00, 0x00, 0x00, 0x17, 0x00, 0x00, 0x00, 0x01, 0x00, 0x00, 0x00, 0x00, 0x00, 0x00, 0x00, 0x00,
    0x00, 0x00, 0x00, 0x00, 0x00, 0x00, 0x00, 0x00, 0x00, 0x00, 0x00, 0x16, 0x03, 0x00, 0x00, 0x00, 0x00, 0x00, 0x00,
    0x50, 0x00, 0x00, 0x00, 0x00, 0x00, 0x00, 0x00, 0x00, 0x00, 0x00, 0x00, 0x00, 0x00, 0x00, 0x00, 0x00, 0x00, 0x00,
    0x00, 0x00, 0x00, 0x00, 0x00, 0x00, 0x00, 0x00, 0x00, 0x00, 0x00, 0x00, 0x00, 0x20, 0x00, 0x00, 0x00, 0x03, 0x00,
    0x00, 0x00, 0x00, 0x00, 0x00, 0x00, 0x00, 0x00, 0x00, 0x00, 0x00, 0x00, 0x00, 0x00, 0x00, 0x00, 0x00, 0x00, 0x66,
    0x03, 0x00, 0x00, 0x00, 0x00, 0x00, 0x00, 0x2b, 0x00, 0x00, 0x00, 0x00, 0x00, 0x00, 0x00, 0x00, 0x00, 0x00, 0x00,
    0x00, 0x00, 0x00, 0x00, 0x00, 0x00, 0x00, 0x00, 0x00, 0x00, 0x00, 0x00, 0x00, 0x00, 0x00, 0x00, 0x00, 0x00, 0x00,
    0x00, 0x28, 0x00, 0x00, 0x00, 0x02, 0x00, 0x00, 0x00, 0x00, 0x00, 0x00, 0x00, 0x00, 0x00, 0x00, 0x00, 0x00, 0x00,
    0x00, 0x00, 0x00, 0x00, 0x00, 0x00, 0x91, 0x03, 0x00, 0x00, 0x00, 0x00, 0x00, 0x00, 0x48, 0x00, 0x00, 0x00, 0x00,
    0x00, 0x00, 0x00, 0x05, 0x00, 0x00, 0x00, 0x00, 0x00, 0x00, 0x00, 0x00, 0x00, 0x00, 0x00, 0x00, 0x00, 0x00, 0x00,
    0x18, 0x00, 0x00, 0x00, 0x00, 0x00, 0x00, 0x00, 0x30, 0x00, 0x00, 0x00, 0x07, 0x00, 0x00, 0x00, 0x00, 0x00, 0x00,
    0x00, 0x00, 0x00, 0x00, 0x00, 0x00, 0x00, 0x00, 0x00, 0x00, 0x00, 0x00, 0x00, 0xd9, 0x03, 0x00, 0x00, 0x00, 0x00,
    0x00, 0x00, 0x84, 0x04, 0x00, 0x00, 0x00, 0x00, 0x00, 0x00, 0x00, 0x00, 0x00, 0x00, 0x00, 0x00, 0x00, 0x00, 0x00,
    0x00, 0x00, 0x00, 0x00, 0x00, 0x00, 0x00, 0x00, 0x00, 0x00, 0x00, 0x00, 0x00, 0x00, 0x00,
};
#endif

#if (PAL_BUILD_GFX12&& 0) || (PAL_BUILD_GFX12&& PAL_BUILD_NAVI44) || (PAL_BUILD_GFX12&& (PAL_BUILD_NAVI44&& 0)) || (PAL_BUILD_GFX12&& (0 && 0))
// Mlaa Calc Sep Edge Length compute shader binary for Navi 44
inline constexpr Util::uint8 MlaaCalcSepSomething[] =
{
  0x03, 0x02, 0x23, 0x07, 0x00, 0x00, 0x01, 0x00, 0x0b, 0x00, 0x08, 0x00,
  0x22, 0x00, 0x00, 0x00, 0x00, 0x00, 0x00, 0x00, 0x11, 0x00, 0x02, 0x00,
  0x01, 0x00, 0x00, 0x00, 0x0b, 0x00, 0x06, 0x00, 0x01, 0x00, 0x00, 0x00,
  0x47, 0x4c, 0x53, 0x4c, 0x2e, 0x73, 0x74, 0x64, 0x2e, 0x34, 0x35, 0x30,
  0x00, 0x00, 0x00, 0x00, 0x0e, 0x00, 0x03, 0x00, 0x00, 0x00, 0x00, 0x00,
  0x01, 0x00, 0x00, 0x00, 0x0f, 0x00, 0x06, 0x00, 0x05, 0x00, 0x00, 0x00,
  0x04, 0x00, 0x00, 0x00, 0x6d, 0x61, 0x69, 0x6e, 0x00, 0x00, 0x00, 0x00,
  0x0b, 0x00, 0x00, 0x00, 0x10, 0x00, 0x06, 0x00, 0x04, 0x00, 0x00, 0x00,
  0x11, 0x00, 0x00, 0x00, 0x01, 0x00, 0x00, 0x00, 0x01, 0x00, 0x00, 0x00,
  0x01, 0x00, 0x00, 0x00, 0x03, 0x00, 0x03, 0x00, 0x02, 0x00, 0x00, 0x00,
  0xc2, 0x01, 0x00, 0x00, 0x05, 0x00, 0x04, 0x00, 0x04, 0x00, 0x00, 0x00,
  0x6d, 0x61, 0x69, 0x6e, 0x00, 0x00, 0x00, 0x00, 0x05, 0x00, 0x03, 0x00,
  0x08, 0x00, 0x00, 0x00, 0x69, 0x64, 0x78, 0x00, 0x05, 0x00, 0x08, 0x00,
  0x0b, 0x00, 0x00, 0x00, 0x67, 0x6c, 0x5f, 0x47, 0x6c, 0x6f, 0x62, 0x61,
  0x6c, 0x49, 0x6e, 0x76, 0x6f, 0x63, 0x61, 0x74, 0x69, 0x6f, 0x6e, 0x49,
  0x44, 0x00, 0x00, 0x00, 0x05, 0x00, 0x05, 0x00, 0x11, 0x00, 0x00, 0x00,
  0x4f, 0x75, 0x74, 0x70, 0x75, 0x74, 0x44, 0x61, 0x74, 0x61, 0x00, 0x00,
  0x06, 0x00, 0x06, 0x00, 0x11, 0x00, 0x00, 0x00, 0x00, 0x00, 0x00, 0x00,
  0x6f, 0x75, 0x74, 0x70, 0x75, 0x74, 0x44, 0x61, 0x74, 0x61, 0x00, 0x00,
  0x05, 0x00, 0x03, 0x00, 0x13, 0x00, 0x00, 0x00, 0x00, 0x00, 0x00, 0x00,
  0x05, 0x00, 0x05, 0x00, 0x18, 0x00, 0x00, 0x00, 0x49, 0x6e, 0x70, 0x75,
  0x74, 0x44, 0x61, 0x74, 0x61, 0x00, 0x00, 0x00, 0x06, 0x00, 0x06, 0x00,
  0x18, 0x00, 0x00, 0x00, 0x00, 0x00, 0x00, 0x00, 0x69, 0x6e, 0x70, 0x75,
  0x74, 0x44, 0x61, 0x74, 0x61, 0x00, 0x00, 0x00, 0x05, 0x00, 0x03, 0x00,
  0x1a, 0x00, 0x00, 0x00, 0x00, 0x00, 0x00, 0x00, 0x47, 0x00, 0x04, 0x00,
  0x0b, 0x00, 0x00, 0x00, 0x0b, 0x00, 0x00, 0x00, 0x1c, 0x00, 0x00, 0x00,
  0x47, 0x00, 0x04, 0x00, 0x10, 0x00, 0x00, 0x00, 0x06, 0x00, 0x00, 0x00,
  0x04, 0x00, 0x00, 0x00, 0x48, 0x00, 0x05, 0x00, 0x11, 0x00, 0x00, 0x00,
  0x00, 0x00, 0x00, 0x00, 0x23, 0x00, 0x00, 0x00, 0x00, 0x00, 0x00, 0x00,
  0x47, 0x00, 0x03, 0x00, 0x11, 0x00, 0x00, 0x00, 0x03, 0x00, 0x00, 0x00,
  0x47, 0x00, 0x04, 0x00, 0x13, 0x00, 0x00, 0x00, 0x22, 0x00, 0x00, 0x00,
  0x00, 0x00, 0x00, 0x00, 0x47, 0x00, 0x04, 0x00, 0x13, 0x00, 0x00, 0x00,
  0x21, 0x00, 0x00, 0x00, 0x01, 0x00, 0x00, 0x00, 0x47, 0x00, 0x04, 0x00,
  0x17, 0x00, 0x00, 0x00, 0x06, 0x00, 0x00, 0x00, 0x04, 0x00, 0x00, 0x00,
  0x48, 0x00, 0x05, 0x00, 0x18, 0x00, 0x00, 0x00, 0x00, 0x00, 0x00, 0x00,
  0x23, 0x00, 0x00, 0x00, 0x00, 0x00, 0x00, 0x00, 0x47, 0x00, 0x03, 0x00,
  0x18, 0x00, 0x00, 0x00, 0x03, 0x00, 0x00, 0x00, 0x47, 0x00, 0x04, 0x00,
  0x1a, 0x00, 0x00, 0x00, 0x22, 0x00, 0x00, 0x00, 0x00, 0x00, 0x00, 0x00,
  0x47, 0x00, 0x04, 0x00, 0x1a, 0x00, 0x00, 0x00, 0x21, 0x00, 0x00, 0x00,
  0x00, 0x00, 0x00, 0x00, 0x13, 0x00, 0x02, 0x00, 0x02, 0x00, 0x00, 0x00,
  0x21, 0x00, 0x03, 0x00, 0x03, 0x00, 0x00, 0x00, 0x02, 0x00, 0x00, 0x00,
  0x15, 0x00, 0x04, 0x00, 0x06, 0x00, 0x00, 0x00, 0x20, 0x00, 0x00, 0x00,
  0x00, 0x00, 0x00, 0x00, 0x20, 0x00, 0x04, 0x00, 0x07, 0x00, 0x00, 0x00,
  0x07, 0x00, 0x00, 0x00, 0x06, 0x00, 0x00, 0x00, 0x17, 0x00, 0x04, 0x00,
  0x09, 0x00, 0x00, 0x00, 0x06, 0x00, 0x00, 0x00, 0x03, 0x00, 0x00, 0x00,
  0x20, 0x00, 0x04, 0x00, 0x0a, 0x00, 0x00, 0x00, 0x01, 0x00, 0x00, 0x00,
  0x09, 0x00, 0x00, 0x00, 0x3b, 0x00, 0x04, 0x00, 0x0a, 0x00, 0x00, 0x00,
  0x0b, 0x00, 0x00, 0x00, 0x01, 0x00, 0x00, 0x00, 0x2b, 0x00, 0x04, 0x00,
  0x06, 0x00, 0x00, 0x00, 0x0c, 0x00, 0x00, 0x00, 0x00, 0x00, 0x00, 0x00,
  0x20, 0x00, 0x04, 0x00, 0x0d, 0x00, 0x00, 0x00, 0x01, 0x00, 0x00, 0x00,
  0x06, 0x00, 0x00, 0x00, 0x1d, 0x00, 0x03, 0x00, 0x10, 0x00, 0x00, 0x00,
  0x06, 0x00, 0x00, 0x00, 0x1e, 0x00, 0x03, 0x00, 0x11, 0x00, 0x00, 0x00,
  0x10, 0x00, 0x00, 0x00, 0x20, 0x00, 0x04, 0x00, 0x12, 0x00, 0x00, 0x00,
  0x02, 0x00, 0x00, 0x00, 0x11, 0x00, 0x00, 0x00, 0x3b, 0x00, 0x04, 0x00,
  0x12, 0x00, 0x00, 0x00, 0x13, 0x00, 0x00, 0x00, 0x02, 0x00, 0x00, 0x00,
  0x15, 0x00, 0x04, 0x00, 0x14, 0x00, 0x00, 0x00, 0x20, 0x00, 0x00, 0x00,
  0x01, 0x00, 0x00, 0x00, 0x2b, 0x00, 0x04, 0x00, 0x14, 0x00, 0x00, 0x00,
  0x15, 0x00, 0x00, 0x00, 0x00, 0x00, 0x00, 0x00, 0x1d, 0x00, 0x03, 0x00,
  0x17, 0x00, 0x00, 0x00, 0x06, 0x00, 0x00, 0x00, 0x1e, 0x00, 0x03, 0x00,
  0x18, 0x00, 0x00, 0x00, 0x17, 0x00, 0x00, 0x00, 0x20, 0x00, 0x04, 0x00,
  0x19, 0x00, 0x00, 0x00, 0x02, 0x00, 0x00, 0x00, 0x18, 0x00, 0x00, 0x00,
  0x3b, 0x00, 0x04, 0x00, 0x19, 0x00, 0x00, 0x00, 0x1a, 0x00, 0x00, 0x00,
  0x02, 0x00, 0x00, 0x00, 0x20, 0x00, 0x04, 0x00, 0x1c, 0x00, 0x00, 0x00,
  0x02, 0x00, 0x00, 0x00, 0x06, 0x00, 0x00, 0x00, 0x2b, 0x00, 0x04, 0x00,
  0x06, 0x00, 0x00, 0x00, 0x1f, 0x00, 0x00, 0x00, 0x02, 0x00, 0x00, 0x00,
  0x36, 0x00, 0x05, 0x00, 0x02, 0x00, 0x00, 0x00, 0x04, 0x00, 0x00, 0x00,
  0x00, 0x00, 0x00, 0x00, 0x03, 0x00, 0x00, 0x00, 0xf8, 0x00, 0x02, 0x00,
  0x05, 0x00, 0x00, 0x00, 0x3b, 0x00, 0x04, 0x00, 0x07, 0x00, 0x00, 0x00,
  0x08, 0x00, 0x00, 0x00, 0x07, 0x00, 0x00, 0x00, 0x41, 0x00, 0x05, 0x00,
  0x0d, 0x00, 0x00, 0x00, 0x0e, 0x00, 0x00, 0x00, 0x0b, 0x00, 0x00, 0x00,
  0x0c, 0x00, 0x00, 0x00, 0x3d, 0x00, 0x04, 0x00, 0x06, 0x00, 0x00, 0x00,
  0x0f, 0x00, 0x00, 0x00, 0x0e, 0x00, 0x00, 0x00, 0x3e, 0x00, 0x03, 0x00,
  0x08, 0x00, 0x00, 0x00, 0x0f, 0x00, 0x00, 0x00, 0x3d, 0x00, 0x04, 0x00,
  0x06, 0x00, 0x00, 0x00, 0x16, 0x00, 0x00, 0x00, 0x08, 0x00, 0x00, 0x00,
  0x3d, 0x00, 0x04, 0x00, 0x06, 0x00, 0x00, 0x00, 0x1b, 0x00, 0x00, 0x00,
  0x08, 0x00, 0x00, 0x00, 0x41, 0x00, 0x06, 0x00, 0x1c, 0x00, 0x00, 0x00,
  0x1d, 0x00, 0x00, 0x00, 0x1a, 0x00, 0x00, 0x00, 0x15, 0x00, 0x00, 0x00,
  0x1b, 0x00, 0x00, 0x00, 0x3d, 0x00, 0x04, 0x00, 0x06, 0x00, 0x00, 0x00,
  0x1e, 0x00, 0x00, 0x00, 0x1d, 0x00, 0x00, 0x00, 0x84, 0x00, 0x05, 0x00,
  0x06, 0x00, 0x00, 0x00, 0x20, 0x00, 0x00, 0x00, 0x1e, 0x00, 0x00, 0x00,
  0x1f, 0x00, 0x00, 0x00, 0x41, 0x00, 0x06, 0x00, 0x1c, 0x00, 0x00, 0x00,
  0x21, 0x00, 0x00, 0x00, 0x13, 0x00, 0x00, 0x00, 0x15, 0x00, 0x00, 0x00,
  0x16, 0x00, 0x00, 0x00, 0x3e, 0x00, 0x03, 0x00, 0x21, 0x00, 0x00, 0x00,
  0x20, 0x00, 0x00, 0x00, 0xfd, 0x00, 0x01, 0x00, 0x38, 0x00, 0x01, 0x00
};
#endif

// Table of compute pipeline binaries for 10_1_0
inline constexpr PipelineBinary mlaaComputeBinaryTable10_1_0[] =
{
    {MlaaCalcSepEdgeLength_Cs_0DCD1401,         sizeof(MlaaCalcSepEdgeLength_Cs_0DCD1401)},
    {MlaaCalcSepEdgeLengthFast_Cs_0DCD1401,     sizeof(MlaaCalcSepEdgeLengthFast_Cs_0DCD1401)},
    {MlaaCalcSepEdgeLengthInitial_Cs_0DCD1401,  sizeof(MlaaCalcSepEdgeLengthInitial_Cs_0DCD1401)},
    {MlaaFinalBlend_Cs_0DCD1401,                sizeof(MlaaFinalBlend_Cs_0DCD1401)},
    {MlaaFinalBlendFast_Cs_0DCD1401,            sizeof(MlaaFinalBlendFast_Cs_0DCD1401)},
    {MlaaFindSepEdge_Cs_0DCD1401,               sizeof(MlaaFindSepEdge_Cs_0DCD1401)},
};

// Table of compute pipeline binaries for 10_3_0
inline constexpr PipelineBinary mlaaComputeBinaryTable10_3_0[] =
{
    {MlaaCalcSepEdgeLength_Cs_857A9C8A,         sizeof(MlaaCalcSepEdgeLength_Cs_857A9C8A)},
    {MlaaCalcSepEdgeLengthFast_Cs_857A9C8A,     sizeof(MlaaCalcSepEdgeLengthFast_Cs_857A9C8A)},
    {MlaaCalcSepEdgeLengthInitial_Cs_857A9C8A,  sizeof(MlaaCalcSepEdgeLengthInitial_Cs_857A9C8A)},
    {MlaaFinalBlend_Cs_857A9C8A,                sizeof(MlaaFinalBlend_Cs_857A9C8A)},
    {MlaaFinalBlendFast_Cs_857A9C8A,            sizeof(MlaaFinalBlendFast_Cs_857A9C8A)},
    {MlaaFindSepEdge_Cs_857A9C8A,               sizeof(MlaaFindSepEdge_Cs_857A9C8A)},
};

// Table of compute pipeline binaries for 11_0_0
inline constexpr PipelineBinary mlaaComputeBinaryTable11_0_0[] =
{
    {MlaaCalcSepEdgeLength_Cs_F3CDD6F8,         sizeof(MlaaCalcSepEdgeLength_Cs_F3CDD6F8)},
    {MlaaCalcSepEdgeLengthFast_Cs_F3CDD6F8,     sizeof(MlaaCalcSepEdgeLengthFast_Cs_F3CDD6F8)},
    {MlaaCalcSepEdgeLengthInitial_Cs_F3CDD6F8,  sizeof(MlaaCalcSepEdgeLengthInitial_Cs_F3CDD6F8)},
    {MlaaFinalBlend_Cs_F3CDD6F8,                sizeof(MlaaFinalBlend_Cs_F3CDD6F8)},
    {MlaaFinalBlendFast_Cs_F3CDD6F8,            sizeof(MlaaFinalBlendFast_Cs_F3CDD6F8)},
    {MlaaFindSepEdge_Cs_F3CDD6F8,               sizeof(MlaaFindSepEdge_Cs_F3CDD6F8)},
};

// Table of compute pipeline binaries for 11_0_2
inline constexpr PipelineBinary mlaaComputeBinaryTable11_0_2[] =
{
    {MlaaCalcSepEdgeLength_Cs_A52D0E1A,         sizeof(MlaaCalcSepEdgeLength_Cs_A52D0E1A)},
    {MlaaCalcSepEdgeLengthFast_Cs_A52D0E1A,     sizeof(MlaaCalcSepEdgeLengthFast_Cs_A52D0E1A)},
    {MlaaCalcSepEdgeLengthInitial_Cs_F3CDD6F8,  sizeof(MlaaCalcSepEdgeLengthInitial_Cs_F3CDD6F8)},
    {MlaaFinalBlend_Cs_F3CDD6F8,                sizeof(MlaaFinalBlend_Cs_F3CDD6F8)},
    {MlaaFinalBlendFast_Cs_A52D0E1A,            sizeof(MlaaFinalBlendFast_Cs_A52D0E1A)},
    {MlaaFindSepEdge_Cs_F3CDD6F8,               sizeof(MlaaFindSepEdge_Cs_F3CDD6F8)},
};

// Table of compute pipeline binaries for 11_0_3
inline constexpr PipelineBinary mlaaComputeBinaryTable11_0_3[] =
{
    {MlaaCalcSepEdgeLength_Cs_519251A5,         sizeof(MlaaCalcSepEdgeLength_Cs_519251A5)},
    {MlaaCalcSepEdgeLengthFast_Cs_519251A5,     sizeof(MlaaCalcSepEdgeLengthFast_Cs_519251A5)},
    {MlaaCalcSepEdgeLengthInitial_Cs_519251A5,  sizeof(MlaaCalcSepEdgeLengthInitial_Cs_519251A5)},
    {MlaaFinalBlend_Cs_519251A5,                sizeof(MlaaFinalBlend_Cs_519251A5)},
    {MlaaFinalBlendFast_Cs_519251A5,            sizeof(MlaaFinalBlendFast_Cs_519251A5)},
    {MlaaFindSepEdge_Cs_519251A5,               sizeof(MlaaFindSepEdge_Cs_519251A5)},
};

// Table of compute pipeline binaries for 11_5_0
inline constexpr PipelineBinary mlaaComputeBinaryTable11_5_0[] =
{
    {MlaaCalcSepEdgeLength_Cs_20DE282F,         sizeof(MlaaCalcSepEdgeLength_Cs_20DE282F)},
    {MlaaCalcSepEdgeLengthFast_Cs_20DE282F,     sizeof(MlaaCalcSepEdgeLengthFast_Cs_20DE282F)},
    {MlaaCalcSepEdgeLengthInitial_Cs_20DE282F,  sizeof(MlaaCalcSepEdgeLengthInitial_Cs_20DE282F)},
    {MlaaFinalBlend_Cs_20DE282F,                sizeof(MlaaFinalBlend_Cs_20DE282F)},
    {MlaaFinalBlendFast_Cs_20DE282F,            sizeof(MlaaFinalBlendFast_Cs_20DE282F)},
    {MlaaFindSepEdge_Cs_20DE282F,               sizeof(MlaaFindSepEdge_Cs_20DE282F)},
};

#if  PAL_BUILD_STRIX_HALO
// Table of compute pipeline binaries for 11_5_1
inline constexpr PipelineBinary mlaaComputeBinaryTable11_5_1[] =
{
    {MlaaCalcSepEdgeLength_Cs_762C24EF,         sizeof(MlaaCalcSepEdgeLength_Cs_762C24EF)},
    {MlaaCalcSepEdgeLengthFast_Cs_762C24EF,     sizeof(MlaaCalcSepEdgeLengthFast_Cs_762C24EF)},
    {MlaaCalcSepEdgeLengthInitial_Cs_20DE282F,  sizeof(MlaaCalcSepEdgeLengthInitial_Cs_20DE282F)},
    {MlaaFinalBlend_Cs_20DE282F,                sizeof(MlaaFinalBlend_Cs_20DE282F)},
    {MlaaFinalBlendFast_Cs_762C24EF,            sizeof(MlaaFinalBlendFast_Cs_762C24EF)},
    {MlaaFindSepEdge_Cs_20DE282F,               sizeof(MlaaFindSepEdge_Cs_20DE282F)},
};
#endif

#if PAL_BUILD_GFX12 && PAL_BUILD_NAVI48
// Table of compute pipeline binaries for 12_0_1
inline constexpr PipelineBinary mlaaComputeBinaryTable12_0_1[] =
{
    {MlaaCalcSepEdgeLength_Cs_4AC1E1C2,         sizeof(MlaaCalcSepEdgeLength_Cs_4AC1E1C2)},
    {MlaaCalcSepEdgeLengthFast_Cs_4AC1E1C2,     sizeof(MlaaCalcSepEdgeLengthFast_Cs_4AC1E1C2)},
    {MlaaCalcSepEdgeLengthInitial_Cs_4AC1E1C2,  sizeof(MlaaCalcSepEdgeLengthInitial_Cs_4AC1E1C2)},
    {MlaaFinalBlend_Cs_4AC1E1C2,                sizeof(MlaaFinalBlend_Cs_4AC1E1C2)},
    {MlaaFinalBlendFast_Cs_4AC1E1C2,            sizeof(MlaaFinalBlendFast_Cs_4AC1E1C2)},
    {MlaaFindSepEdge_Cs_4AC1E1C2,               sizeof(MlaaFindSepEdge_Cs_4AC1E1C2)},
};
#endif

#if PAL_BUILD_GFX12 && PAL_BUILD_NAVI44
// Table of compute pipeline binaries for 12_1_1
inline constexpr PipelineBinary mlaaComputeBinaryTable12_0_0[] =
{
    {MlaaCalcSepSomething,         sizeof(MlaaCalcSepSomething)},
};
#endif

} // Mlaa
} // GpuUtil
